[run_all] /home/redafrix/miniconda3/envs/simvla/bin/python /home/dean/fiper_uncertainty_collection/realtime_deployment/ood_gate_experiments_20260610/src/run_policy_matrix_selected_cap.py --config /home/dean/fiper_uncertainty_collection/realtime_deployment/ood_gate_experiments_20260610/selected_cap_t03_c04_10ep_20260610/configs/task0_modified_simvla.json --policy simvla_only
[robosuite WARNING] No private macro file found! (__init__.py:7)
[robosuite WARNING] It is recommended to use a private macro file (__init__.py:8)
[robosuite WARNING] To setup, run: python /home/dean/.local/lib/python3.10/site-packages/robosuite/scripts/setup_macros.py (__init__.py:9)
Gym has been unmaintained since 2022 and does not support NumPy 2.0 amongst other critical functionality.
Please upgrade to Gymnasium, the maintained drop-in replacement of Gym, or contact the authors of your software and request that they upgrade.
See the migration guide at https://gymnasium.farama.org/introduction/migration_guide/ for additional information.
[startup] policy=simvla_only config=/home/dean/fiper_uncertainty_collection/realtime_deployment/ood_gate_experiments_20260610/selected_cap_t03_c04_10ep_20260610/configs/task0_modified_simvla.json checkpoint=/home/dean/checkpoints/simvla_libero_uncertainty/ckpt-60000
`torch_dtype` is deprecated! Use `dtype` instead!
[LiberoJointActionSpace] Loaded state norm stats, dim=8
[LiberoJointActionSpace] Loaded actions norm stats, dim=7
[resume] skipping completed episode 0
/home/redafrix/miniconda3/envs/simvla/lib/python3.10/site-packages/torch/nn/modules/linear.py:125: UserWarning: Deterministic behavior was enabled with either `torch.use_deterministic_algorithms(True)` or `at::Context::setDeterministicAlgorithms(true)`, but this operation is not deterministic because it uses CuBLAS and you have CUDA >= 10.2. To enable deterministic behavior in this case, you must set an environment variable before running your PyTorch application: CUBLAS_WORKSPACE_CONFIG=:4096:8 or CUBLAS_WORKSPACE_CONFIG=:16:8. For more information, go to https://docs.nvidia.com/cuda/cublas/index.html#results-reproducibility (Triggered internally at /pytorch/aten/src/ATen/Context.cpp:217.)
  return F.linear(input, self.weight, self.bias)
/home/redafrix/miniconda3/envs/simvla/lib/python3.10/site-packages/transformers/models/llama/modeling_llama.py:101: UserWarning: Deterministic behavior was enabled with either `torch.use_deterministic_algorithms(True)` or `at::Context::setDeterministicAlgorithms(true)`, but this operation is not deterministic because it uses CuBLAS and you have CUDA >= 10.2. To enable deterministic behavior in this case, you must set an environment variable before running your PyTorch application: CUBLAS_WORKSPACE_CONFIG=:4096:8 or CUBLAS_WORKSPACE_CONFIG=:16:8. For more information, go to https://docs.nvidia.com/cuda/cublas/index.html#results-reproducibility (Triggered internally at /pytorch/aten/src/ATen/Context.cpp:217.)
  freqs = (inv_freq_expanded.float() @ position_ids_expanded.float()).transpose(1, 2)
/home/redafrix/miniconda3/envs/simvla/lib/python3.10/site-packages/transformers/integrations/sdpa_attention.py:96: UserWarning: Deterministic behavior was enabled with either `torch.use_deterministic_algorithms(True)` or `at::Context::setDeterministicAlgorithms(true)`, but this operation is not deterministic because it uses CuBLAS and you have CUDA >= 10.2. To enable deterministic behavior in this case, you must set an environment variable before running your PyTorch application: CUBLAS_WORKSPACE_CONFIG=:4096:8 or CUBLAS_WORKSPACE_CONFIG=:16:8. For more information, go to https://docs.nvidia.com/cuda/cublas/index.html#results-reproducibility (Triggered internally at /pytorch/aten/src/ATen/Context.cpp:217.)
  attn_output = torch.nn.functional.scaled_dot_product_attention(
[info] Using default task order for benchmark 'libero_goal_object_ood' (18 tasks).
[Warning]: datasets path /home/redafrix/LIBERO-PRO/libero/libero/../datasets does not exist!
[Warning]: datasets path /home/redafrix/LIBERO-PRO/libero/libero/../datasets does not exist!
[episode] policy=simvla_only ep=1 seed=201 outcome=success steps=122 mods=0 time=5.9s
[info] Using default task order for benchmark 'libero_goal_object_ood' (18 tasks).
[Warning]: datasets path /home/redafrix/LIBERO-PRO/libero/libero/../datasets does not exist!
[Warning]: datasets path /home/redafrix/LIBERO-PRO/libero/libero/../datasets does not exist!
[episode] policy=simvla_only ep=2 seed=202 outcome=failure_or_timeout steps=300 mods=0 time=9.9s
[info] Using default task order for benchmark 'libero_goal_object_ood' (18 tasks).
[Warning]: datasets path /home/redafrix/LIBERO-PRO/libero/libero/../datasets does not exist!
[Warning]: datasets path /home/redafrix/LIBERO-PRO/libero/libero/../datasets does not exist!
[episode] policy=simvla_only ep=3 seed=203 outcome=success steps=126 mods=0 time=4.9s
[info] Using default task order for benchmark 'libero_goal_object_ood' (18 tasks).
[Warning]: datasets path /home/redafrix/LIBERO-PRO/libero/libero/../datasets does not exist!
[Warning]: datasets path /home/redafrix/LIBERO-PRO/libero/libero/../datasets does not exist!
[episode] policy=simvla_only ep=4 seed=204 outcome=success steps=123 mods=0 time=4.9s
[info] Using default task order for benchmark 'libero_goal_object_ood' (18 tasks).
[Warning]: datasets path /home/redafrix/LIBERO-PRO/libero/libero/../datasets does not exist!
[Warning]: datasets path /home/redafrix/LIBERO-PRO/libero/libero/../datasets does not exist!
[episode] policy=simvla_only ep=5 seed=205 outcome=success steps=120 mods=0 time=4.7s
[info] Using default task order for benchmark 'libero_goal_object_ood' (18 tasks).
[Warning]: datasets path /home/redafrix/LIBERO-PRO/libero/libero/../datasets does not exist!
[Warning]: datasets path /home/redafrix/LIBERO-PRO/libero/libero/../datasets does not exist!
[episode] policy=simvla_only ep=6 seed=206 outcome=success steps=116 mods=0 time=4.7s
[info] Using default task order for benchmark 'libero_goal_object_ood' (18 tasks).
[Warning]: datasets path /home/redafrix/LIBERO-PRO/libero/libero/../datasets does not exist!
[Warning]: datasets path /home/redafrix/LIBERO-PRO/libero/libero/../datasets does not exist!
[episode] policy=simvla_only ep=7 seed=207 outcome=success steps=218 mods=0 time=7.7s
[info] Using default task order for benchmark 'libero_goal_object_ood' (18 tasks).
[Warning]: datasets path /home/redafrix/LIBERO-PRO/libero/libero/../datasets does not exist!
[Warning]: datasets path /home/redafrix/LIBERO-PRO/libero/libero/../datasets does not exist!
[episode] policy=simvla_only ep=8 seed=208 outcome=success steps=119 mods=0 time=4.7s
[info] Using default task order for benchmark 'libero_goal_object_ood' (18 tasks).
[Warning]: datasets path /home/redafrix/LIBERO-PRO/libero/libero/../datasets does not exist!
[Warning]: datasets path /home/redafrix/LIBERO-PRO/libero/libero/../datasets does not exist!
[episode] policy=simvla_only ep=9 seed=209 outcome=success steps=120 mods=0 time=4.7s
[run_all] /home/redafrix/miniconda3/envs/simvla/bin/python /home/dean/fiper_uncertainty_collection/realtime_deployment/ood_gate_experiments_20260610/src/run_policy_matrix_selected_cap.py --config /home/dean/fiper_uncertainty_collection/realtime_deployment/ood_gate_experiments_20260610/selected_cap_t03_c04_10ep_20260610/configs/task0_risk_topk8_selected_cap.json --policy risk_topk8
[robosuite WARNING] No private macro file found! (__init__.py:7)
[robosuite WARNING] It is recommended to use a private macro file (__init__.py:8)
[robosuite WARNING] To setup, run: python /home/dean/.local/lib/python3.10/site-packages/robosuite/scripts/setup_macros.py (__init__.py:9)
Gym has been unmaintained since 2022 and does not support NumPy 2.0 amongst other critical functionality.
Please upgrade to Gymnasium, the maintained drop-in replacement of Gym, or contact the authors of your software and request that they upgrade.
See the migration guide at https://gymnasium.farama.org/introduction/migration_guide/ for additional information.
[startup] policy=risk_topk8 config=/home/dean/fiper_uncertainty_collection/realtime_deployment/ood_gate_experiments_20260610/selected_cap_t03_c04_10ep_20260610/configs/task0_risk_topk8_selected_cap.json checkpoint=/home/dean/checkpoints/simvla_libero_uncertainty/ckpt-60000
`torch_dtype` is deprecated! Use `dtype` instead!
[LiberoJointActionSpace] Loaded state norm stats, dim=8
[LiberoJointActionSpace] Loaded actions norm stats, dim=7
[resume] skipping completed episode 0
/home/redafrix/miniconda3/envs/simvla/lib/python3.10/site-packages/torch/nn/modules/linear.py:125: UserWarning: Deterministic behavior was enabled with either `torch.use_deterministic_algorithms(True)` or `at::Context::setDeterministicAlgorithms(true)`, but this operation is not deterministic because it uses CuBLAS and you have CUDA >= 10.2. To enable deterministic behavior in this case, you must set an environment variable before running your PyTorch application: CUBLAS_WORKSPACE_CONFIG=:4096:8 or CUBLAS_WORKSPACE_CONFIG=:16:8. For more information, go to https://docs.nvidia.com/cuda/cublas/index.html#results-reproducibility (Triggered internally at /pytorch/aten/src/ATen/Context.cpp:217.)
  return F.linear(input, self.weight, self.bias)
/home/redafrix/miniconda3/envs/simvla/lib/python3.10/site-packages/transformers/models/llama/modeling_llama.py:101: UserWarning: Deterministic behavior was enabled with either `torch.use_deterministic_algorithms(True)` or `at::Context::setDeterministicAlgorithms(true)`, but this operation is not deterministic because it uses CuBLAS and you have CUDA >= 10.2. To enable deterministic behavior in this case, you must set an environment variable before running your PyTorch application: CUBLAS_WORKSPACE_CONFIG=:4096:8 or CUBLAS_WORKSPACE_CONFIG=:16:8. For more information, go to https://docs.nvidia.com/cuda/cublas/index.html#results-reproducibility (Triggered internally at /pytorch/aten/src/ATen/Context.cpp:217.)
  freqs = (inv_freq_expanded.float() @ position_ids_expanded.float()).transpose(1, 2)
/home/redafrix/miniconda3/envs/simvla/lib/python3.10/site-packages/transformers/integrations/sdpa_attention.py:96: UserWarning: Deterministic behavior was enabled with either `torch.use_deterministic_algorithms(True)` or `at::Context::setDeterministicAlgorithms(true)`, but this operation is not deterministic because it uses CuBLAS and you have CUDA >= 10.2. To enable deterministic behavior in this case, you must set an environment variable before running your PyTorch application: CUBLAS_WORKSPACE_CONFIG=:4096:8 or CUBLAS_WORKSPACE_CONFIG=:16:8. For more information, go to https://docs.nvidia.com/cuda/cublas/index.html#results-reproducibility (Triggered internally at /pytorch/aten/src/ATen/Context.cpp:217.)
  attn_output = torch.nn.functional.scaled_dot_product_attention(
[info] Using default task order for benchmark 'libero_goal_object_ood' (18 tasks).
[Warning]: datasets path /home/redafrix/LIBERO-PRO/libero/libero/../datasets does not exist!
[Warning]: datasets path /home/redafrix/LIBERO-PRO/libero/libero/../datasets does not exist!
[episode] policy=risk_topk8 ep=1 seed=201 outcome=success steps=122 mods=0 time=14.9s
[info] Using default task order for benchmark 'libero_goal_object_ood' (18 tasks).
[Warning]: datasets path /home/redafrix/LIBERO-PRO/libero/libero/../datasets does not exist!
[Warning]: datasets path /home/redafrix/LIBERO-PRO/libero/libero/../datasets does not exist!
[episode] policy=risk_topk8 ep=2 seed=202 outcome=success steps=246 mods=6 time=25.8s
[info] Using default task order for benchmark 'libero_goal_object_ood' (18 tasks).
[Warning]: datasets path /home/redafrix/LIBERO-PRO/libero/libero/../datasets does not exist!
[Warning]: datasets path /home/redafrix/LIBERO-PRO/libero/libero/../datasets does not exist!
[episode] policy=risk_topk8 ep=3 seed=203 outcome=success steps=155 mods=2 time=17.2s
[info] Using default task order for benchmark 'libero_goal_object_ood' (18 tasks).
[Warning]: datasets path /home/redafrix/LIBERO-PRO/libero/libero/../datasets does not exist!
[Warning]: datasets path /home/redafrix/LIBERO-PRO/libero/libero/../datasets does not exist!
[episode] policy=risk_topk8 ep=4 seed=204 outcome=success steps=121 mods=1 time=14.2s
[info] Using default task order for benchmark 'libero_goal_object_ood' (18 tasks).
[Warning]: datasets path /home/redafrix/LIBERO-PRO/libero/libero/../datasets does not exist!
[Warning]: datasets path /home/redafrix/LIBERO-PRO/libero/libero/../datasets does not exist!
[episode] policy=risk_topk8 ep=5 seed=205 outcome=success steps=120 mods=1 time=13.3s
[info] Using default task order for benchmark 'libero_goal_object_ood' (18 tasks).
[Warning]: datasets path /home/redafrix/LIBERO-PRO/libero/libero/../datasets does not exist!
[Warning]: datasets path /home/redafrix/LIBERO-PRO/libero/libero/../datasets does not exist!
[episode] policy=risk_topk8 ep=6 seed=206 outcome=success steps=112 mods=2 time=13.2s
[info] Using default task order for benchmark 'libero_goal_object_ood' (18 tasks).
[Warning]: datasets path /home/redafrix/LIBERO-PRO/libero/libero/../datasets does not exist!
[Warning]: datasets path /home/redafrix/LIBERO-PRO/libero/libero/../datasets does not exist!
[episode] policy=risk_topk8 ep=7 seed=207 outcome=success steps=191 mods=4 time=21.2s
[info] Using default task order for benchmark 'libero_goal_object_ood' (18 tasks).
[Warning]: datasets path /home/redafrix/LIBERO-PRO/libero/libero/../datasets does not exist!
[Warning]: datasets path /home/redafrix/LIBERO-PRO/libero/libero/../datasets does not exist!
[episode] policy=risk_topk8 ep=8 seed=208 outcome=success steps=119 mods=0 time=13.3s
[info] Using default task order for benchmark 'libero_goal_object_ood' (18 tasks).
[Warning]: datasets path /home/redafrix/LIBERO-PRO/libero/libero/../datasets does not exist!
[Warning]: datasets path /home/redafrix/LIBERO-PRO/libero/libero/../datasets does not exist!
[episode] policy=risk_topk8 ep=9 seed=209 outcome=success steps=120 mods=0 time=13.3s
[run_all] /home/redafrix/miniconda3/envs/simvla/bin/python /home/dean/fiper_uncertainty_collection/realtime_deployment/ood_gate_experiments_20260610/src/run_policy_matrix_selected_cap.py --config /home/dean/fiper_uncertainty_collection/realtime_deployment/ood_gate_experiments_20260610/selected_cap_t03_c04_10ep_20260610/configs/task1_modified_simvla.json --policy simvla_only
[robosuite WARNING] No private macro file found! (__init__.py:7)
[robosuite WARNING] It is recommended to use a private macro file (__init__.py:8)
[robosuite WARNING] To setup, run: python /home/dean/.local/lib/python3.10/site-packages/robosuite/scripts/setup_macros.py (__init__.py:9)
Gym has been unmaintained since 2022 and does not support NumPy 2.0 amongst other critical functionality.
Please upgrade to Gymnasium, the maintained drop-in replacement of Gym, or contact the authors of your software and request that they upgrade.
See the migration guide at https://gymnasium.farama.org/introduction/migration_guide/ for additional information.
[startup] policy=simvla_only config=/home/dean/fiper_uncertainty_collection/realtime_deployment/ood_gate_experiments_20260610/selected_cap_t03_c04_10ep_20260610/configs/task1_modified_simvla.json checkpoint=/home/dean/checkpoints/simvla_libero_uncertainty/ckpt-60000
`torch_dtype` is deprecated! Use `dtype` instead!
/home/redafrix/miniconda3/envs/simvla/lib/python3.10/site-packages/torch/nn/modules/linear.py:125: UserWarning: Deterministic behavior was enabled with either `torch.use_deterministic_algorithms(True)` or `at::Context::setDeterministicAlgorithms(true)`, but this operation is not deterministic because it uses CuBLAS and you have CUDA >= 10.2. To enable deterministic behavior in this case, you must set an environment variable before running your PyTorch application: CUBLAS_WORKSPACE_CONFIG=:4096:8 or CUBLAS_WORKSPACE_CONFIG=:16:8. For more information, go to https://docs.nvidia.com/cuda/cublas/index.html#results-reproducibility (Triggered internally at /pytorch/aten/src/ATen/Context.cpp:217.)
  return F.linear(input, self.weight, self.bias)
/home/redafrix/miniconda3/envs/simvla/lib/python3.10/site-packages/transformers/models/llama/modeling_llama.py:101: UserWarning: Deterministic behavior was enabled with either `torch.use_deterministic_algorithms(True)` or `at::Context::setDeterministicAlgorithms(true)`, but this operation is not deterministic because it uses CuBLAS and you have CUDA >= 10.2. To enable deterministic behavior in this case, you must set an environment variable before running your PyTorch application: CUBLAS_WORKSPACE_CONFIG=:4096:8 or CUBLAS_WORKSPACE_CONFIG=:16:8. For more information, go to https://docs.nvidia.com/cuda/cublas/index.html#results-reproducibility (Triggered internally at /pytorch/aten/src/ATen/Context.cpp:217.)
  freqs = (inv_freq_expanded.float() @ position_ids_expanded.float()).transpose(1, 2)
/home/redafrix/miniconda3/envs/simvla/lib/python3.10/site-packages/transformers/integrations/sdpa_attention.py:96: UserWarning: Deterministic behavior was enabled with either `torch.use_deterministic_algorithms(True)` or `at::Context::setDeterministicAlgorithms(true)`, but this operation is not deterministic because it uses CuBLAS and you have CUDA >= 10.2. To enable deterministic behavior in this case, you must set an environment variable before running your PyTorch application: CUBLAS_WORKSPACE_CONFIG=:4096:8 or CUBLAS_WORKSPACE_CONFIG=:16:8. For more information, go to https://docs.nvidia.com/cuda/cublas/index.html#results-reproducibility (Triggered internally at /pytorch/aten/src/ATen/Context.cpp:217.)
  attn_output = torch.nn.functional.scaled_dot_product_attention(
[LiberoJointActionSpace] Loaded state norm stats, dim=8
[LiberoJointActionSpace] Loaded actions norm stats, dim=7
[info] Using default task order for benchmark 'libero_goal_object_ood' (18 tasks).
[Warning]: datasets path /home/redafrix/LIBERO-PRO/libero/libero/../datasets does not exist!
[Warning]: datasets path /home/redafrix/LIBERO-PRO/libero/libero/../datasets does not exist!
[episode] policy=simvla_only ep=0 seed=200 outcome=success steps=163 mods=0 time=6.9s
[info] Using default task order for benchmark 'libero_goal_object_ood' (18 tasks).
[Warning]: datasets path /home/redafrix/LIBERO-PRO/libero/libero/../datasets does not exist!
[Warning]: datasets path /home/redafrix/LIBERO-PRO/libero/libero/../datasets does not exist!
[episode] policy=simvla_only ep=1 seed=201 outcome=success steps=169 mods=0 time=6.1s
[info] Using default task order for benchmark 'libero_goal_object_ood' (18 tasks).
[Warning]: datasets path /home/redafrix/LIBERO-PRO/libero/libero/../datasets does not exist!
[Warning]: datasets path /home/redafrix/LIBERO-PRO/libero/libero/../datasets does not exist!
[episode] policy=simvla_only ep=2 seed=202 outcome=success steps=172 mods=0 time=6.3s
[info] Using default task order for benchmark 'libero_goal_object_ood' (18 tasks).
[Warning]: datasets path /home/redafrix/LIBERO-PRO/libero/libero/../datasets does not exist!
[Warning]: datasets path /home/redafrix/LIBERO-PRO/libero/libero/../datasets does not exist!
[episode] policy=simvla_only ep=3 seed=203 outcome=success steps=169 mods=0 time=6.1s
[info] Using default task order for benchmark 'libero_goal_object_ood' (18 tasks).
[Warning]: datasets path /home/redafrix/LIBERO-PRO/libero/libero/../datasets does not exist!
[Warning]: datasets path /home/redafrix/LIBERO-PRO/libero/libero/../datasets does not exist!
[episode] policy=simvla_only ep=4 seed=204 outcome=success steps=166 mods=0 time=6.1s
[info] Using default task order for benchmark 'libero_goal_object_ood' (18 tasks).
[Warning]: datasets path /home/redafrix/LIBERO-PRO/libero/libero/../datasets does not exist!
[Warning]: datasets path /home/redafrix/LIBERO-PRO/libero/libero/../datasets does not exist!
[episode] policy=simvla_only ep=5 seed=205 outcome=success steps=173 mods=0 time=6.4s
[info] Using default task order for benchmark 'libero_goal_object_ood' (18 tasks).
[Warning]: datasets path /home/redafrix/LIBERO-PRO/libero/libero/../datasets does not exist!
[Warning]: datasets path /home/redafrix/LIBERO-PRO/libero/libero/../datasets does not exist!
[episode] policy=simvla_only ep=6 seed=206 outcome=success steps=162 mods=0 time=6.0s
[info] Using default task order for benchmark 'libero_goal_object_ood' (18 tasks).
[Warning]: datasets path /home/redafrix/LIBERO-PRO/libero/libero/../datasets does not exist!
[Warning]: datasets path /home/redafrix/LIBERO-PRO/libero/libero/../datasets does not exist!
[episode] policy=simvla_only ep=7 seed=207 outcome=success steps=168 mods=0 time=6.1s
[info] Using default task order for benchmark 'libero_goal_object_ood' (18 tasks).
[Warning]: datasets path /home/redafrix/LIBERO-PRO/libero/libero/../datasets does not exist!
[Warning]: datasets path /home/redafrix/LIBERO-PRO/libero/libero/../datasets does not exist!
[episode] policy=simvla_only ep=8 seed=208 outcome=success steps=163 mods=0 time=6.1s
[info] Using default task order for benchmark 'libero_goal_object_ood' (18 tasks).
[Warning]: datasets path /home/redafrix/LIBERO-PRO/libero/libero/../datasets does not exist!
[Warning]: datasets path /home/redafrix/LIBERO-PRO/libero/libero/../datasets does not exist!
[episode] policy=simvla_only ep=9 seed=209 outcome=success steps=162 mods=0 time=6.0s
[run_all] /home/redafrix/miniconda3/envs/simvla/bin/python /home/dean/fiper_uncertainty_collection/realtime_deployment/ood_gate_experiments_20260610/src/run_policy_matrix_selected_cap.py --config /home/dean/fiper_uncertainty_collection/realtime_deployment/ood_gate_experiments_20260610/selected_cap_t03_c04_10ep_20260610/configs/task1_risk_topk8_selected_cap.json --policy risk_topk8
[robosuite WARNING] No private macro file found! (__init__.py:7)
[robosuite WARNING] It is recommended to use a private macro file (__init__.py:8)
[robosuite WARNING] To setup, run: python /home/dean/.local/lib/python3.10/site-packages/robosuite/scripts/setup_macros.py (__init__.py:9)
Gym has been unmaintained since 2022 and does not support NumPy 2.0 amongst other critical functionality.
Please upgrade to Gymnasium, the maintained drop-in replacement of Gym, or contact the authors of your software and request that they upgrade.
See the migration guide at https://gymnasium.farama.org/introduction/migration_guide/ for additional information.
[startup] policy=risk_topk8 config=/home/dean/fiper_uncertainty_collection/realtime_deployment/ood_gate_experiments_20260610/selected_cap_t03_c04_10ep_20260610/configs/task1_risk_topk8_selected_cap.json checkpoint=/home/dean/checkpoints/simvla_libero_uncertainty/ckpt-60000
`torch_dtype` is deprecated! Use `dtype` instead!
/home/redafrix/miniconda3/envs/simvla/lib/python3.10/site-packages/torch/nn/modules/linear.py:125: UserWarning: Deterministic behavior was enabled with either `torch.use_deterministic_algorithms(True)` or `at::Context::setDeterministicAlgorithms(true)`, but this operation is not deterministic because it uses CuBLAS and you have CUDA >= 10.2. To enable deterministic behavior in this case, you must set an environment variable before running your PyTorch application: CUBLAS_WORKSPACE_CONFIG=:4096:8 or CUBLAS_WORKSPACE_CONFIG=:16:8. For more information, go to https://docs.nvidia.com/cuda/cublas/index.html#results-reproducibility (Triggered internally at /pytorch/aten/src/ATen/Context.cpp:217.)
  return F.linear(input, self.weight, self.bias)
/home/redafrix/miniconda3/envs/simvla/lib/python3.10/site-packages/transformers/models/llama/modeling_llama.py:101: UserWarning: Deterministic behavior was enabled with either `torch.use_deterministic_algorithms(True)` or `at::Context::setDeterministicAlgorithms(true)`, but this operation is not deterministic because it uses CuBLAS and you have CUDA >= 10.2. To enable deterministic behavior in this case, you must set an environment variable before running your PyTorch application: CUBLAS_WORKSPACE_CONFIG=:4096:8 or CUBLAS_WORKSPACE_CONFIG=:16:8. For more information, go to https://docs.nvidia.com/cuda/cublas/index.html#results-reproducibility (Triggered internally at /pytorch/aten/src/ATen/Context.cpp:217.)
  freqs = (inv_freq_expanded.float() @ position_ids_expanded.float()).transpose(1, 2)
/home/redafrix/miniconda3/envs/simvla/lib/python3.10/site-packages/transformers/integrations/sdpa_attention.py:96: UserWarning: Deterministic behavior was enabled with either `torch.use_deterministic_algorithms(True)` or `at::Context::setDeterministicAlgorithms(true)`, but this operation is not deterministic because it uses CuBLAS and you have CUDA >= 10.2. To enable deterministic behavior in this case, you must set an environment variable before running your PyTorch application: CUBLAS_WORKSPACE_CONFIG=:4096:8 or CUBLAS_WORKSPACE_CONFIG=:16:8. For more information, go to https://docs.nvidia.com/cuda/cublas/index.html#results-reproducibility (Triggered internally at /pytorch/aten/src/ATen/Context.cpp:217.)
  attn_output = torch.nn.functional.scaled_dot_product_attention(
[LiberoJointActionSpace] Loaded state norm stats, dim=8
[LiberoJointActionSpace] Loaded actions norm stats, dim=7
[info] Using default task order for benchmark 'libero_goal_object_ood' (18 tasks).
[Warning]: datasets path /home/redafrix/LIBERO-PRO/libero/libero/../datasets does not exist!
[Warning]: datasets path /home/redafrix/LIBERO-PRO/libero/libero/../datasets does not exist!
[episode] policy=risk_topk8 ep=0 seed=200 outcome=success steps=163 mods=0 time=18.6s
[info] Using default task order for benchmark 'libero_goal_object_ood' (18 tasks).
[Warning]: datasets path /home/redafrix/LIBERO-PRO/libero/libero/../datasets does not exist!
[Warning]: datasets path /home/redafrix/LIBERO-PRO/libero/libero/../datasets does not exist!
[episode] policy=risk_topk8 ep=1 seed=201 outcome=success steps=169 mods=0 time=18.1s
[info] Using default task order for benchmark 'libero_goal_object_ood' (18 tasks).
[Warning]: datasets path /home/redafrix/LIBERO-PRO/libero/libero/../datasets does not exist!
[Warning]: datasets path /home/redafrix/LIBERO-PRO/libero/libero/../datasets does not exist!
[episode] policy=risk_topk8 ep=2 seed=202 outcome=success steps=172 mods=0 time=19.0s
[info] Using default task order for benchmark 'libero_goal_object_ood' (18 tasks).
[Warning]: datasets path /home/redafrix/LIBERO-PRO/libero/libero/../datasets does not exist!
[Warning]: datasets path /home/redafrix/LIBERO-PRO/libero/libero/../datasets does not exist!
[episode] policy=risk_topk8 ep=3 seed=203 outcome=success steps=169 mods=0 time=18.1s
[info] Using default task order for benchmark 'libero_goal_object_ood' (18 tasks).
[Warning]: datasets path /home/redafrix/LIBERO-PRO/libero/libero/../datasets does not exist!
[Warning]: datasets path /home/redafrix/LIBERO-PRO/libero/libero/../datasets does not exist!
[episode] policy=risk_topk8 ep=4 seed=204 outcome=success steps=166 mods=1 time=18.2s
[info] Using default task order for benchmark 'libero_goal_object_ood' (18 tasks).
[Warning]: datasets path /home/redafrix/LIBERO-PRO/libero/libero/../datasets does not exist!
[Warning]: datasets path /home/redafrix/LIBERO-PRO/libero/libero/../datasets does not exist!
[episode] policy=risk_topk8 ep=5 seed=205 outcome=success steps=173 mods=1 time=19.2s
[info] Using default task order for benchmark 'libero_goal_object_ood' (18 tasks).
[Warning]: datasets path /home/redafrix/LIBERO-PRO/libero/libero/../datasets does not exist!
[Warning]: datasets path /home/redafrix/LIBERO-PRO/libero/libero/../datasets does not exist!
[episode] policy=risk_topk8 ep=6 seed=206 outcome=success steps=164 mods=1 time=18.2s
[info] Using default task order for benchmark 'libero_goal_object_ood' (18 tasks).
[Warning]: datasets path /home/redafrix/LIBERO-PRO/libero/libero/../datasets does not exist!
[Warning]: datasets path /home/redafrix/LIBERO-PRO/libero/libero/../datasets does not exist!
[episode] policy=risk_topk8 ep=7 seed=207 outcome=success steps=168 mods=0 time=18.3s
[info] Using default task order for benchmark 'libero_goal_object_ood' (18 tasks).
[Warning]: datasets path /home/redafrix/LIBERO-PRO/libero/libero/../datasets does not exist!
[Warning]: datasets path /home/redafrix/LIBERO-PRO/libero/libero/../datasets does not exist!
[episode] policy=risk_topk8 ep=8 seed=208 outcome=success steps=163 mods=0 time=18.3s
[info] Using default task order for benchmark 'libero_goal_object_ood' (18 tasks).
[Warning]: datasets path /home/redafrix/LIBERO-PRO/libero/libero/../datasets does not exist!
[Warning]: datasets path /home/redafrix/LIBERO-PRO/libero/libero/../datasets does not exist!
[episode] policy=risk_topk8 ep=9 seed=209 outcome=success steps=162 mods=0 time=18.2s
[run_all] /home/redafrix/miniconda3/envs/simvla/bin/python /home/dean/fiper_uncertainty_collection/realtime_deployment/ood_gate_experiments_20260610/src/run_policy_matrix_selected_cap.py --config /home/dean/fiper_uncertainty_collection/realtime_deployment/ood_gate_experiments_20260610/selected_cap_t03_c04_10ep_20260610/configs/task2_modified_simvla.json --policy simvla_only
[robosuite WARNING] No private macro file found! (__init__.py:7)
[robosuite WARNING] It is recommended to use a private macro file (__init__.py:8)
[robosuite WARNING] To setup, run: python /home/dean/.local/lib/python3.10/site-packages/robosuite/scripts/setup_macros.py (__init__.py:9)
Gym has been unmaintained since 2022 and does not support NumPy 2.0 amongst other critical functionality.
Please upgrade to Gymnasium, the maintained drop-in replacement of Gym, or contact the authors of your software and request that they upgrade.
See the migration guide at https://gymnasium.farama.org/introduction/migration_guide/ for additional information.
[startup] policy=simvla_only config=/home/dean/fiper_uncertainty_collection/realtime_deployment/ood_gate_experiments_20260610/selected_cap_t03_c04_10ep_20260610/configs/task2_modified_simvla.json checkpoint=/home/dean/checkpoints/simvla_libero_uncertainty/ckpt-60000
`torch_dtype` is deprecated! Use `dtype` instead!
/home/redafrix/miniconda3/envs/simvla/lib/python3.10/site-packages/torch/nn/modules/linear.py:125: UserWarning: Deterministic behavior was enabled with either `torch.use_deterministic_algorithms(True)` or `at::Context::setDeterministicAlgorithms(true)`, but this operation is not deterministic because it uses CuBLAS and you have CUDA >= 10.2. To enable deterministic behavior in this case, you must set an environment variable before running your PyTorch application: CUBLAS_WORKSPACE_CONFIG=:4096:8 or CUBLAS_WORKSPACE_CONFIG=:16:8. For more information, go to https://docs.nvidia.com/cuda/cublas/index.html#results-reproducibility (Triggered internally at /pytorch/aten/src/ATen/Context.cpp:217.)
  return F.linear(input, self.weight, self.bias)
/home/redafrix/miniconda3/envs/simvla/lib/python3.10/site-packages/transformers/models/llama/modeling_llama.py:101: UserWarning: Deterministic behavior was enabled with either `torch.use_deterministic_algorithms(True)` or `at::Context::setDeterministicAlgorithms(true)`, but this operation is not deterministic because it uses CuBLAS and you have CUDA >= 10.2. To enable deterministic behavior in this case, you must set an environment variable before running your PyTorch application: CUBLAS_WORKSPACE_CONFIG=:4096:8 or CUBLAS_WORKSPACE_CONFIG=:16:8. For more information, go to https://docs.nvidia.com/cuda/cublas/index.html#results-reproducibility (Triggered internally at /pytorch/aten/src/ATen/Context.cpp:217.)
  freqs = (inv_freq_expanded.float() @ position_ids_expanded.float()).transpose(1, 2)
/home/redafrix/miniconda3/envs/simvla/lib/python3.10/site-packages/transformers/integrations/sdpa_attention.py:96: UserWarning: Deterministic behavior was enabled with either `torch.use_deterministic_algorithms(True)` or `at::Context::setDeterministicAlgorithms(true)`, but this operation is not deterministic because it uses CuBLAS and you have CUDA >= 10.2. To enable deterministic behavior in this case, you must set an environment variable before running your PyTorch application: CUBLAS_WORKSPACE_CONFIG=:4096:8 or CUBLAS_WORKSPACE_CONFIG=:16:8. For more information, go to https://docs.nvidia.com/cuda/cublas/index.html#results-reproducibility (Triggered internally at /pytorch/aten/src/ATen/Context.cpp:217.)
  attn_output = torch.nn.functional.scaled_dot_product_attention(
[LiberoJointActionSpace] Loaded state norm stats, dim=8
[LiberoJointActionSpace] Loaded actions norm stats, dim=7
[info] Using default task order for benchmark 'libero_goal_object_ood' (18 tasks).
[Warning]: datasets path /home/redafrix/LIBERO-PRO/libero/libero/../datasets does not exist!
[Warning]: datasets path /home/redafrix/LIBERO-PRO/libero/libero/../datasets does not exist!
[episode] policy=simvla_only ep=0 seed=200 outcome=success steps=167 mods=0 time=7.4s
[info] Using default task order for benchmark 'libero_goal_object_ood' (18 tasks).
[Warning]: datasets path /home/redafrix/LIBERO-PRO/libero/libero/../datasets does not exist!
[Warning]: datasets path /home/redafrix/LIBERO-PRO/libero/libero/../datasets does not exist!
[episode] policy=simvla_only ep=1 seed=201 outcome=success steps=169 mods=0 time=6.4s
[info] Using default task order for benchmark 'libero_goal_object_ood' (18 tasks).
[Warning]: datasets path /home/redafrix/LIBERO-PRO/libero/libero/../datasets does not exist!
[Warning]: datasets path /home/redafrix/LIBERO-PRO/libero/libero/../datasets does not exist!
[episode] policy=simvla_only ep=2 seed=202 outcome=failure_or_timeout steps=300 mods=0 time=10.6s
[info] Using default task order for benchmark 'libero_goal_object_ood' (18 tasks).
[Warning]: datasets path /home/redafrix/LIBERO-PRO/libero/libero/../datasets does not exist!
[Warning]: datasets path /home/redafrix/LIBERO-PRO/libero/libero/../datasets does not exist!
[episode] policy=simvla_only ep=3 seed=203 outcome=success steps=169 mods=0 time=6.4s
[info] Using default task order for benchmark 'libero_goal_object_ood' (18 tasks).
[Warning]: datasets path /home/redafrix/LIBERO-PRO/libero/libero/../datasets does not exist!
[Warning]: datasets path /home/redafrix/LIBERO-PRO/libero/libero/../datasets does not exist!
[episode] policy=simvla_only ep=4 seed=204 outcome=success steps=168 mods=0 time=6.4s
[info] Using default task order for benchmark 'libero_goal_object_ood' (18 tasks).
[Warning]: datasets path /home/redafrix/LIBERO-PRO/libero/libero/../datasets does not exist!
[Warning]: datasets path /home/redafrix/LIBERO-PRO/libero/libero/../datasets does not exist!
[episode] policy=simvla_only ep=5 seed=205 outcome=success steps=168 mods=0 time=6.4s
[info] Using default task order for benchmark 'libero_goal_object_ood' (18 tasks).
[Warning]: datasets path /home/redafrix/LIBERO-PRO/libero/libero/../datasets does not exist!
[Warning]: datasets path /home/redafrix/LIBERO-PRO/libero/libero/../datasets does not exist!
[episode] policy=simvla_only ep=6 seed=206 outcome=success steps=170 mods=0 time=6.4s
[info] Using default task order for benchmark 'libero_goal_object_ood' (18 tasks).
[Warning]: datasets path /home/redafrix/LIBERO-PRO/libero/libero/../datasets does not exist!
[Warning]: datasets path /home/redafrix/LIBERO-PRO/libero/libero/../datasets does not exist!
[episode] policy=simvla_only ep=7 seed=207 outcome=success steps=247 mods=0 time=9.0s
[info] Using default task order for benchmark 'libero_goal_object_ood' (18 tasks).
[Warning]: datasets path /home/redafrix/LIBERO-PRO/libero/libero/../datasets does not exist!
[Warning]: datasets path /home/redafrix/LIBERO-PRO/libero/libero/../datasets does not exist!
[episode] policy=simvla_only ep=8 seed=208 outcome=success steps=160 mods=0 time=6.1s
[info] Using default task order for benchmark 'libero_goal_object_ood' (18 tasks).
[Warning]: datasets path /home/redafrix/LIBERO-PRO/libero/libero/../datasets does not exist!
[Warning]: datasets path /home/redafrix/LIBERO-PRO/libero/libero/../datasets does not exist!
[episode] policy=simvla_only ep=9 seed=209 outcome=success steps=167 mods=0 time=6.5s
[run_all] /home/redafrix/miniconda3/envs/simvla/bin/python /home/dean/fiper_uncertainty_collection/realtime_deployment/ood_gate_experiments_20260610/src/run_policy_matrix_selected_cap.py --config /home/dean/fiper_uncertainty_collection/realtime_deployment/ood_gate_experiments_20260610/selected_cap_t03_c04_10ep_20260610/configs/task2_risk_topk8_selected_cap.json --policy risk_topk8
[robosuite WARNING] No private macro file found! (__init__.py:7)
[robosuite WARNING] It is recommended to use a private macro file (__init__.py:8)
[robosuite WARNING] To setup, run: python /home/dean/.local/lib/python3.10/site-packages/robosuite/scripts/setup_macros.py (__init__.py:9)
Gym has been unmaintained since 2022 and does not support NumPy 2.0 amongst other critical functionality.
Please upgrade to Gymnasium, the maintained drop-in replacement of Gym, or contact the authors of your software and request that they upgrade.
See the migration guide at https://gymnasium.farama.org/introduction/migration_guide/ for additional information.
[startup] policy=risk_topk8 config=/home/dean/fiper_uncertainty_collection/realtime_deployment/ood_gate_experiments_20260610/selected_cap_t03_c04_10ep_20260610/configs/task2_risk_topk8_selected_cap.json checkpoint=/home/dean/checkpoints/simvla_libero_uncertainty/ckpt-60000
`torch_dtype` is deprecated! Use `dtype` instead!
/home/redafrix/miniconda3/envs/simvla/lib/python3.10/site-packages/torch/nn/modules/linear.py:125: UserWarning: Deterministic behavior was enabled with either `torch.use_deterministic_algorithms(True)` or `at::Context::setDeterministicAlgorithms(true)`, but this operation is not deterministic because it uses CuBLAS and you have CUDA >= 10.2. To enable deterministic behavior in this case, you must set an environment variable before running your PyTorch application: CUBLAS_WORKSPACE_CONFIG=:4096:8 or CUBLAS_WORKSPACE_CONFIG=:16:8. For more information, go to https://docs.nvidia.com/cuda/cublas/index.html#results-reproducibility (Triggered internally at /pytorch/aten/src/ATen/Context.cpp:217.)
  return F.linear(input, self.weight, self.bias)
/home/redafrix/miniconda3/envs/simvla/lib/python3.10/site-packages/transformers/models/llama/modeling_llama.py:101: UserWarning: Deterministic behavior was enabled with either `torch.use_deterministic_algorithms(True)` or `at::Context::setDeterministicAlgorithms(true)`, but this operation is not deterministic because it uses CuBLAS and you have CUDA >= 10.2. To enable deterministic behavior in this case, you must set an environment variable before running your PyTorch application: CUBLAS_WORKSPACE_CONFIG=:4096:8 or CUBLAS_WORKSPACE_CONFIG=:16:8. For more information, go to https://docs.nvidia.com/cuda/cublas/index.html#results-reproducibility (Triggered internally at /pytorch/aten/src/ATen/Context.cpp:217.)
  freqs = (inv_freq_expanded.float() @ position_ids_expanded.float()).transpose(1, 2)
/home/redafrix/miniconda3/envs/simvla/lib/python3.10/site-packages/transformers/integrations/sdpa_attention.py:96: UserWarning: Deterministic behavior was enabled with either `torch.use_deterministic_algorithms(True)` or `at::Context::setDeterministicAlgorithms(true)`, but this operation is not deterministic because it uses CuBLAS and you have CUDA >= 10.2. To enable deterministic behavior in this case, you must set an environment variable before running your PyTorch application: CUBLAS_WORKSPACE_CONFIG=:4096:8 or CUBLAS_WORKSPACE_CONFIG=:16:8. For more information, go to https://docs.nvidia.com/cuda/cublas/index.html#results-reproducibility (Triggered internally at /pytorch/aten/src/ATen/Context.cpp:217.)
  attn_output = torch.nn.functional.scaled_dot_product_attention(
[LiberoJointActionSpace] Loaded state norm stats, dim=8
[LiberoJointActionSpace] Loaded actions norm stats, dim=7
[info] Using default task order for benchmark 'libero_goal_object_ood' (18 tasks).
[Warning]: datasets path /home/redafrix/LIBERO-PRO/libero/libero/../datasets does not exist!
[Warning]: datasets path /home/redafrix/LIBERO-PRO/libero/libero/../datasets does not exist!
[episode] policy=risk_topk8 ep=0 seed=200 outcome=success steps=168 mods=1 time=19.1s
[info] Using default task order for benchmark 'libero_goal_object_ood' (18 tasks).
[Warning]: datasets path /home/redafrix/LIBERO-PRO/libero/libero/../datasets does not exist!
[Warning]: datasets path /home/redafrix/LIBERO-PRO/libero/libero/../datasets does not exist!
[episode] policy=risk_topk8 ep=1 seed=201 outcome=success steps=169 mods=1 time=18.3s
[info] Using default task order for benchmark 'libero_goal_object_ood' (18 tasks).
[Warning]: datasets path /home/redafrix/LIBERO-PRO/libero/libero/../datasets does not exist!
[Warning]: datasets path /home/redafrix/LIBERO-PRO/libero/libero/../datasets does not exist!
[episode] policy=risk_topk8 ep=2 seed=202 outcome=failure_or_timeout steps=300 mods=1 time=31.8s
[info] Using default task order for benchmark 'libero_goal_object_ood' (18 tasks).
[Warning]: datasets path /home/redafrix/LIBERO-PRO/libero/libero/../datasets does not exist!
[Warning]: datasets path /home/redafrix/LIBERO-PRO/libero/libero/../datasets does not exist!
[episode] policy=risk_topk8 ep=3 seed=203 outcome=success steps=169 mods=0 time=18.5s
[info] Using default task order for benchmark 'libero_goal_object_ood' (18 tasks).
[Warning]: datasets path /home/redafrix/LIBERO-PRO/libero/libero/../datasets does not exist!
[Warning]: datasets path /home/redafrix/LIBERO-PRO/libero/libero/../datasets does not exist!
[episode] policy=risk_topk8 ep=4 seed=204 outcome=success steps=166 mods=1 time=18.5s
[info] Using default task order for benchmark 'libero_goal_object_ood' (18 tasks).
[Warning]: datasets path /home/redafrix/LIBERO-PRO/libero/libero/../datasets does not exist!
[Warning]: datasets path /home/redafrix/LIBERO-PRO/libero/libero/../datasets does not exist!
[episode] policy=risk_topk8 ep=5 seed=205 outcome=success steps=168 mods=1 time=18.5s
[info] Using default task order for benchmark 'libero_goal_object_ood' (18 tasks).
[Warning]: datasets path /home/redafrix/LIBERO-PRO/libero/libero/../datasets does not exist!
[Warning]: datasets path /home/redafrix/LIBERO-PRO/libero/libero/../datasets does not exist!
[episode] policy=risk_topk8 ep=6 seed=206 outcome=success steps=170 mods=0 time=18.6s
[info] Using default task order for benchmark 'libero_goal_object_ood' (18 tasks).
[Warning]: datasets path /home/redafrix/LIBERO-PRO/libero/libero/../datasets does not exist!
[Warning]: datasets path /home/redafrix/LIBERO-PRO/libero/libero/../datasets does not exist!
[episode] policy=risk_topk8 ep=7 seed=207 outcome=success steps=247 mods=0 time=26.8s
[info] Using default task order for benchmark 'libero_goal_object_ood' (18 tasks).
[Warning]: datasets path /home/redafrix/LIBERO-PRO/libero/libero/../datasets does not exist!
[Warning]: datasets path /home/redafrix/LIBERO-PRO/libero/libero/../datasets does not exist!
[episode] policy=risk_topk8 ep=8 seed=208 outcome=success steps=162 mods=1 time=18.5s
[info] Using default task order for benchmark 'libero_goal_object_ood' (18 tasks).
[Warning]: datasets path /home/redafrix/LIBERO-PRO/libero/libero/../datasets does not exist!
[Warning]: datasets path /home/redafrix/LIBERO-PRO/libero/libero/../datasets does not exist!
[episode] policy=risk_topk8 ep=9 seed=209 outcome=success steps=167 mods=0 time=18.6s
[run_all] /home/redafrix/miniconda3/envs/simvla/bin/python /home/dean/fiper_uncertainty_collection/realtime_deployment/ood_gate_experiments_20260610/src/run_policy_matrix_selected_cap.py --config /home/dean/fiper_uncertainty_collection/realtime_deployment/ood_gate_experiments_20260610/selected_cap_t03_c04_10ep_20260610/configs/task3_modified_simvla.json --policy simvla_only
[robosuite WARNING] No private macro file found! (__init__.py:7)
[robosuite WARNING] It is recommended to use a private macro file (__init__.py:8)
[robosuite WARNING] To setup, run: python /home/dean/.local/lib/python3.10/site-packages/robosuite/scripts/setup_macros.py (__init__.py:9)
Gym has been unmaintained since 2022 and does not support NumPy 2.0 amongst other critical functionality.
Please upgrade to Gymnasium, the maintained drop-in replacement of Gym, or contact the authors of your software and request that they upgrade.
See the migration guide at https://gymnasium.farama.org/introduction/migration_guide/ for additional information.
[startup] policy=simvla_only config=/home/dean/fiper_uncertainty_collection/realtime_deployment/ood_gate_experiments_20260610/selected_cap_t03_c04_10ep_20260610/configs/task3_modified_simvla.json checkpoint=/home/dean/checkpoints/simvla_libero_uncertainty/ckpt-60000
`torch_dtype` is deprecated! Use `dtype` instead!
/home/redafrix/miniconda3/envs/simvla/lib/python3.10/site-packages/torch/nn/modules/linear.py:125: UserWarning: Deterministic behavior was enabled with either `torch.use_deterministic_algorithms(True)` or `at::Context::setDeterministicAlgorithms(true)`, but this operation is not deterministic because it uses CuBLAS and you have CUDA >= 10.2. To enable deterministic behavior in this case, you must set an environment variable before running your PyTorch application: CUBLAS_WORKSPACE_CONFIG=:4096:8 or CUBLAS_WORKSPACE_CONFIG=:16:8. For more information, go to https://docs.nvidia.com/cuda/cublas/index.html#results-reproducibility (Triggered internally at /pytorch/aten/src/ATen/Context.cpp:217.)
  return F.linear(input, self.weight, self.bias)
/home/redafrix/miniconda3/envs/simvla/lib/python3.10/site-packages/transformers/models/llama/modeling_llama.py:101: UserWarning: Deterministic behavior was enabled with either `torch.use_deterministic_algorithms(True)` or `at::Context::setDeterministicAlgorithms(true)`, but this operation is not deterministic because it uses CuBLAS and you have CUDA >= 10.2. To enable deterministic behavior in this case, you must set an environment variable before running your PyTorch application: CUBLAS_WORKSPACE_CONFIG=:4096:8 or CUBLAS_WORKSPACE_CONFIG=:16:8. For more information, go to https://docs.nvidia.com/cuda/cublas/index.html#results-reproducibility (Triggered internally at /pytorch/aten/src/ATen/Context.cpp:217.)
  freqs = (inv_freq_expanded.float() @ position_ids_expanded.float()).transpose(1, 2)
/home/redafrix/miniconda3/envs/simvla/lib/python3.10/site-packages/transformers/integrations/sdpa_attention.py:96: UserWarning: Deterministic behavior was enabled with either `torch.use_deterministic_algorithms(True)` or `at::Context::setDeterministicAlgorithms(true)`, but this operation is not deterministic because it uses CuBLAS and you have CUDA >= 10.2. To enable deterministic behavior in this case, you must set an environment variable before running your PyTorch application: CUBLAS_WORKSPACE_CONFIG=:4096:8 or CUBLAS_WORKSPACE_CONFIG=:16:8. For more information, go to https://docs.nvidia.com/cuda/cublas/index.html#results-reproducibility (Triggered internally at /pytorch/aten/src/ATen/Context.cpp:217.)
  attn_output = torch.nn.functional.scaled_dot_product_attention(
[LiberoJointActionSpace] Loaded state norm stats, dim=8
[LiberoJointActionSpace] Loaded actions norm stats, dim=7
[info] Using default task order for benchmark 'libero_goal_object_ood' (18 tasks).
[Warning]: datasets path /home/redafrix/LIBERO-PRO/libero/libero/../datasets does not exist!
[Warning]: datasets path /home/redafrix/LIBERO-PRO/libero/libero/../datasets does not exist!
[episode] policy=simvla_only ep=0 seed=200 outcome=success steps=126 mods=0 time=5.8s
[info] Using default task order for benchmark 'libero_goal_object_ood' (18 tasks).
[Warning]: datasets path /home/redafrix/LIBERO-PRO/libero/libero/../datasets does not exist!
[Warning]: datasets path /home/redafrix/LIBERO-PRO/libero/libero/../datasets does not exist!
[episode] policy=simvla_only ep=1 seed=201 outcome=success steps=121 mods=0 time=4.9s
[info] Using default task order for benchmark 'libero_goal_object_ood' (18 tasks).
[Warning]: datasets path /home/redafrix/LIBERO-PRO/libero/libero/../datasets does not exist!
[Warning]: datasets path /home/redafrix/LIBERO-PRO/libero/libero/../datasets does not exist!
[episode] policy=simvla_only ep=2 seed=202 outcome=success steps=135 mods=0 time=5.3s
[info] Using default task order for benchmark 'libero_goal_object_ood' (18 tasks).
[Warning]: datasets path /home/redafrix/LIBERO-PRO/libero/libero/../datasets does not exist!
[Warning]: datasets path /home/redafrix/LIBERO-PRO/libero/libero/../datasets does not exist!
[episode] policy=simvla_only ep=3 seed=203 outcome=success steps=108 mods=0 time=4.4s
[info] Using default task order for benchmark 'libero_goal_object_ood' (18 tasks).
[Warning]: datasets path /home/redafrix/LIBERO-PRO/libero/libero/../datasets does not exist!
[Warning]: datasets path /home/redafrix/LIBERO-PRO/libero/libero/../datasets does not exist!
[episode] policy=simvla_only ep=4 seed=204 outcome=success steps=138 mods=0 time=5.3s
[info] Using default task order for benchmark 'libero_goal_object_ood' (18 tasks).
[Warning]: datasets path /home/redafrix/LIBERO-PRO/libero/libero/../datasets does not exist!
[Warning]: datasets path /home/redafrix/LIBERO-PRO/libero/libero/../datasets does not exist!
[episode] policy=simvla_only ep=5 seed=205 outcome=success steps=118 mods=0 time=4.7s
[info] Using default task order for benchmark 'libero_goal_object_ood' (18 tasks).
[Warning]: datasets path /home/redafrix/LIBERO-PRO/libero/libero/../datasets does not exist!
[Warning]: datasets path /home/redafrix/LIBERO-PRO/libero/libero/../datasets does not exist!
[episode] policy=simvla_only ep=6 seed=206 outcome=success steps=122 mods=0 time=5.0s
[info] Using default task order for benchmark 'libero_goal_object_ood' (18 tasks).
[Warning]: datasets path /home/redafrix/LIBERO-PRO/libero/libero/../datasets does not exist!
[Warning]: datasets path /home/redafrix/LIBERO-PRO/libero/libero/../datasets does not exist!
[episode] policy=simvla_only ep=7 seed=207 outcome=success steps=287 mods=0 time=9.7s
[info] Using default task order for benchmark 'libero_goal_object_ood' (18 tasks).
[Warning]: datasets path /home/redafrix/LIBERO-PRO/libero/libero/../datasets does not exist!
[Warning]: datasets path /home/redafrix/LIBERO-PRO/libero/libero/../datasets does not exist!
[episode] policy=simvla_only ep=8 seed=208 outcome=success steps=115 mods=0 time=4.7s
[info] Using default task order for benchmark 'libero_goal_object_ood' (18 tasks).
[Warning]: datasets path /home/redafrix/LIBERO-PRO/libero/libero/../datasets does not exist!
[Warning]: datasets path /home/redafrix/LIBERO-PRO/libero/libero/../datasets does not exist!
[episode] policy=simvla_only ep=9 seed=209 outcome=success steps=113 mods=0 time=4.7s
[run_all] /home/redafrix/miniconda3/envs/simvla/bin/python /home/dean/fiper_uncertainty_collection/realtime_deployment/ood_gate_experiments_20260610/src/run_policy_matrix_selected_cap.py --config /home/dean/fiper_uncertainty_collection/realtime_deployment/ood_gate_experiments_20260610/selected_cap_t03_c04_10ep_20260610/configs/task3_risk_topk8_selected_cap.json --policy risk_topk8
[robosuite WARNING] No private macro file found! (__init__.py:7)
[robosuite WARNING] It is recommended to use a private macro file (__init__.py:8)
[robosuite WARNING] To setup, run: python /home/dean/.local/lib/python3.10/site-packages/robosuite/scripts/setup_macros.py (__init__.py:9)
Gym has been unmaintained since 2022 and does not support NumPy 2.0 amongst other critical functionality.
Please upgrade to Gymnasium, the maintained drop-in replacement of Gym, or contact the authors of your software and request that they upgrade.
See the migration guide at https://gymnasium.farama.org/introduction/migration_guide/ for additional information.
[startup] policy=risk_topk8 config=/home/dean/fiper_uncertainty_collection/realtime_deployment/ood_gate_experiments_20260610/selected_cap_t03_c04_10ep_20260610/configs/task3_risk_topk8_selected_cap.json checkpoint=/home/dean/checkpoints/simvla_libero_uncertainty/ckpt-60000
`torch_dtype` is deprecated! Use `dtype` instead!
/home/redafrix/miniconda3/envs/simvla/lib/python3.10/site-packages/torch/nn/modules/linear.py:125: UserWarning: Deterministic behavior was enabled with either `torch.use_deterministic_algorithms(True)` or `at::Context::setDeterministicAlgorithms(true)`, but this operation is not deterministic because it uses CuBLAS and you have CUDA >= 10.2. To enable deterministic behavior in this case, you must set an environment variable before running your PyTorch application: CUBLAS_WORKSPACE_CONFIG=:4096:8 or CUBLAS_WORKSPACE_CONFIG=:16:8. For more information, go to https://docs.nvidia.com/cuda/cublas/index.html#results-reproducibility (Triggered internally at /pytorch/aten/src/ATen/Context.cpp:217.)
  return F.linear(input, self.weight, self.bias)
/home/redafrix/miniconda3/envs/simvla/lib/python3.10/site-packages/transformers/models/llama/modeling_llama.py:101: UserWarning: Deterministic behavior was enabled with either `torch.use_deterministic_algorithms(True)` or `at::Context::setDeterministicAlgorithms(true)`, but this operation is not deterministic because it uses CuBLAS and you have CUDA >= 10.2. To enable deterministic behavior in this case, you must set an environment variable before running your PyTorch application: CUBLAS_WORKSPACE_CONFIG=:4096:8 or CUBLAS_WORKSPACE_CONFIG=:16:8. For more information, go to https://docs.nvidia.com/cuda/cublas/index.html#results-reproducibility (Triggered internally at /pytorch/aten/src/ATen/Context.cpp:217.)
  freqs = (inv_freq_expanded.float() @ position_ids_expanded.float()).transpose(1, 2)
/home/redafrix/miniconda3/envs/simvla/lib/python3.10/site-packages/transformers/integrations/sdpa_attention.py:96: UserWarning: Deterministic behavior was enabled with either `torch.use_deterministic_algorithms(True)` or `at::Context::setDeterministicAlgorithms(true)`, but this operation is not deterministic because it uses CuBLAS and you have CUDA >= 10.2. To enable deterministic behavior in this case, you must set an environment variable before running your PyTorch application: CUBLAS_WORKSPACE_CONFIG=:4096:8 or CUBLAS_WORKSPACE_CONFIG=:16:8. For more information, go to https://docs.nvidia.com/cuda/cublas/index.html#results-reproducibility (Triggered internally at /pytorch/aten/src/ATen/Context.cpp:217.)
  attn_output = torch.nn.functional.scaled_dot_product_attention(
[LiberoJointActionSpace] Loaded state norm stats, dim=8
[LiberoJointActionSpace] Loaded actions norm stats, dim=7
[info] Using default task order for benchmark 'libero_goal_object_ood' (18 tasks).
[Warning]: datasets path /home/redafrix/LIBERO-PRO/libero/libero/../datasets does not exist!
[Warning]: datasets path /home/redafrix/LIBERO-PRO/libero/libero/../datasets does not exist!
[episode] policy=risk_topk8 ep=0 seed=200 outcome=success steps=126 mods=0 time=14.8s
[info] Using default task order for benchmark 'libero_goal_object_ood' (18 tasks).
[Warning]: datasets path /home/redafrix/LIBERO-PRO/libero/libero/../datasets does not exist!
[Warning]: datasets path /home/redafrix/LIBERO-PRO/libero/libero/../datasets does not exist!
[episode] policy=risk_topk8 ep=1 seed=201 outcome=success steps=121 mods=1 time=14.0s
[info] Using default task order for benchmark 'libero_goal_object_ood' (18 tasks).
[Warning]: datasets path /home/redafrix/LIBERO-PRO/libero/libero/../datasets does not exist!
[Warning]: datasets path /home/redafrix/LIBERO-PRO/libero/libero/../datasets does not exist!
[episode] policy=risk_topk8 ep=2 seed=202 outcome=success steps=135 mods=0 time=15.2s
[info] Using default task order for benchmark 'libero_goal_object_ood' (18 tasks).
[Warning]: datasets path /home/redafrix/LIBERO-PRO/libero/libero/../datasets does not exist!
[Warning]: datasets path /home/redafrix/LIBERO-PRO/libero/libero/../datasets does not exist!
[episode] policy=risk_topk8 ep=3 seed=203 outcome=success steps=108 mods=0 time=12.2s
[info] Using default task order for benchmark 'libero_goal_object_ood' (18 tasks).
[Warning]: datasets path /home/redafrix/LIBERO-PRO/libero/libero/../datasets does not exist!
[Warning]: datasets path /home/redafrix/LIBERO-PRO/libero/libero/../datasets does not exist!
[episode] policy=risk_topk8 ep=4 seed=204 outcome=success steps=138 mods=0 time=15.3s
[info] Using default task order for benchmark 'libero_goal_object_ood' (18 tasks).
[Warning]: datasets path /home/redafrix/LIBERO-PRO/libero/libero/../datasets does not exist!
[Warning]: datasets path /home/redafrix/LIBERO-PRO/libero/libero/../datasets does not exist!
[episode] policy=risk_topk8 ep=5 seed=205 outcome=success steps=118 mods=0 time=13.3s
[info] Using default task order for benchmark 'libero_goal_object_ood' (18 tasks).
[Warning]: datasets path /home/redafrix/LIBERO-PRO/libero/libero/../datasets does not exist!
[Warning]: datasets path /home/redafrix/LIBERO-PRO/libero/libero/../datasets does not exist!
[episode] policy=risk_topk8 ep=6 seed=206 outcome=success steps=122 mods=0 time=14.2s
[info] Using default task order for benchmark 'libero_goal_object_ood' (18 tasks).
[Warning]: datasets path /home/redafrix/LIBERO-PRO/libero/libero/../datasets does not exist!
[Warning]: datasets path /home/redafrix/LIBERO-PRO/libero/libero/../datasets does not exist!
[episode] policy=risk_topk8 ep=7 seed=207 outcome=success steps=176 mods=2 time=19.3s
[info] Using default task order for benchmark 'libero_goal_object_ood' (18 tasks).
[Warning]: datasets path /home/redafrix/LIBERO-PRO/libero/libero/../datasets does not exist!
[Warning]: datasets path /home/redafrix/LIBERO-PRO/libero/libero/../datasets does not exist!
[episode] policy=risk_topk8 ep=8 seed=208 outcome=success steps=115 mods=0 time=13.2s
[info] Using default task order for benchmark 'libero_goal_object_ood' (18 tasks).
[Warning]: datasets path /home/redafrix/LIBERO-PRO/libero/libero/../datasets does not exist!
[Warning]: datasets path /home/redafrix/LIBERO-PRO/libero/libero/../datasets does not exist!
[episode] policy=risk_topk8 ep=9 seed=209 outcome=success steps=113 mods=0 time=13.2s
[run_all] /home/redafrix/miniconda3/envs/simvla/bin/python /home/dean/fiper_uncertainty_collection/realtime_deployment/ood_gate_experiments_20260610/src/run_policy_matrix_selected_cap.py --config /home/dean/fiper_uncertainty_collection/realtime_deployment/ood_gate_experiments_20260610/selected_cap_t03_c04_10ep_20260610/configs/task4_modified_simvla.json --policy simvla_only
[robosuite WARNING] No private macro file found! (__init__.py:7)
[robosuite WARNING] It is recommended to use a private macro file (__init__.py:8)
[robosuite WARNING] To setup, run: python /home/dean/.local/lib/python3.10/site-packages/robosuite/scripts/setup_macros.py (__init__.py:9)
Gym has been unmaintained since 2022 and does not support NumPy 2.0 amongst other critical functionality.
Please upgrade to Gymnasium, the maintained drop-in replacement of Gym, or contact the authors of your software and request that they upgrade.
See the migration guide at https://gymnasium.farama.org/introduction/migration_guide/ for additional information.
[startup] policy=simvla_only config=/home/dean/fiper_uncertainty_collection/realtime_deployment/ood_gate_experiments_20260610/selected_cap_t03_c04_10ep_20260610/configs/task4_modified_simvla.json checkpoint=/home/dean/checkpoints/simvla_libero_uncertainty/ckpt-60000
`torch_dtype` is deprecated! Use `dtype` instead!
/home/redafrix/miniconda3/envs/simvla/lib/python3.10/site-packages/torch/nn/modules/linear.py:125: UserWarning: Deterministic behavior was enabled with either `torch.use_deterministic_algorithms(True)` or `at::Context::setDeterministicAlgorithms(true)`, but this operation is not deterministic because it uses CuBLAS and you have CUDA >= 10.2. To enable deterministic behavior in this case, you must set an environment variable before running your PyTorch application: CUBLAS_WORKSPACE_CONFIG=:4096:8 or CUBLAS_WORKSPACE_CONFIG=:16:8. For more information, go to https://docs.nvidia.com/cuda/cublas/index.html#results-reproducibility (Triggered internally at /pytorch/aten/src/ATen/Context.cpp:217.)
  return F.linear(input, self.weight, self.bias)
/home/redafrix/miniconda3/envs/simvla/lib/python3.10/site-packages/transformers/models/llama/modeling_llama.py:101: UserWarning: Deterministic behavior was enabled with either `torch.use_deterministic_algorithms(True)` or `at::Context::setDeterministicAlgorithms(true)`, but this operation is not deterministic because it uses CuBLAS and you have CUDA >= 10.2. To enable deterministic behavior in this case, you must set an environment variable before running your PyTorch application: CUBLAS_WORKSPACE_CONFIG=:4096:8 or CUBLAS_WORKSPACE_CONFIG=:16:8. For more information, go to https://docs.nvidia.com/cuda/cublas/index.html#results-reproducibility (Triggered internally at /pytorch/aten/src/ATen/Context.cpp:217.)
  freqs = (inv_freq_expanded.float() @ position_ids_expanded.float()).transpose(1, 2)
/home/redafrix/miniconda3/envs/simvla/lib/python3.10/site-packages/transformers/integrations/sdpa_attention.py:96: UserWarning: Deterministic behavior was enabled with either `torch.use_deterministic_algorithms(True)` or `at::Context::setDeterministicAlgorithms(true)`, but this operation is not deterministic because it uses CuBLAS and you have CUDA >= 10.2. To enable deterministic behavior in this case, you must set an environment variable before running your PyTorch application: CUBLAS_WORKSPACE_CONFIG=:4096:8 or CUBLAS_WORKSPACE_CONFIG=:16:8. For more information, go to https://docs.nvidia.com/cuda/cublas/index.html#results-reproducibility (Triggered internally at /pytorch/aten/src/ATen/Context.cpp:217.)
  attn_output = torch.nn.functional.scaled_dot_product_attention(
[LiberoJointActionSpace] Loaded state norm stats, dim=8
[LiberoJointActionSpace] Loaded actions norm stats, dim=7
[info] Using default task order for benchmark 'libero_goal_object_ood' (18 tasks).
[Warning]: datasets path /home/redafrix/LIBERO-PRO/libero/libero/../datasets does not exist!
[Warning]: datasets path /home/redafrix/LIBERO-PRO/libero/libero/../datasets does not exist!
[episode] policy=simvla_only ep=0 seed=200 outcome=failure_or_timeout steps=300 mods=0 time=11.2s
[info] Using default task order for benchmark 'libero_goal_object_ood' (18 tasks).
[Warning]: datasets path /home/redafrix/LIBERO-PRO/libero/libero/../datasets does not exist!
[Warning]: datasets path /home/redafrix/LIBERO-PRO/libero/libero/../datasets does not exist!
[episode] policy=simvla_only ep=1 seed=201 outcome=success steps=127 mods=0 time=5.2s
[info] Using default task order for benchmark 'libero_goal_object_ood' (18 tasks).
[Warning]: datasets path /home/redafrix/LIBERO-PRO/libero/libero/../datasets does not exist!
[Warning]: datasets path /home/redafrix/LIBERO-PRO/libero/libero/../datasets does not exist!
[episode] policy=simvla_only ep=2 seed=202 outcome=success steps=109 mods=0 time=4.6s
[info] Using default task order for benchmark 'libero_goal_object_ood' (18 tasks).
[Warning]: datasets path /home/redafrix/LIBERO-PRO/libero/libero/../datasets does not exist!
[Warning]: datasets path /home/redafrix/LIBERO-PRO/libero/libero/../datasets does not exist!
[episode] policy=simvla_only ep=3 seed=203 outcome=success steps=122 mods=0 time=5.1s
[info] Using default task order for benchmark 'libero_goal_object_ood' (18 tasks).
[Warning]: datasets path /home/redafrix/LIBERO-PRO/libero/libero/../datasets does not exist!
[Warning]: datasets path /home/redafrix/LIBERO-PRO/libero/libero/../datasets does not exist!
[episode] policy=simvla_only ep=4 seed=204 outcome=success steps=128 mods=0 time=5.2s
[info] Using default task order for benchmark 'libero_goal_object_ood' (18 tasks).
[Warning]: datasets path /home/redafrix/LIBERO-PRO/libero/libero/../datasets does not exist!
[Warning]: datasets path /home/redafrix/LIBERO-PRO/libero/libero/../datasets does not exist!
[episode] policy=simvla_only ep=5 seed=205 outcome=success steps=118 mods=0 time=4.9s
[info] Using default task order for benchmark 'libero_goal_object_ood' (18 tasks).
[Warning]: datasets path /home/redafrix/LIBERO-PRO/libero/libero/../datasets does not exist!
[Warning]: datasets path /home/redafrix/LIBERO-PRO/libero/libero/../datasets does not exist!
[episode] policy=simvla_only ep=6 seed=206 outcome=success steps=119 mods=0 time=4.9s
[info] Using default task order for benchmark 'libero_goal_object_ood' (18 tasks).
[Warning]: datasets path /home/redafrix/LIBERO-PRO/libero/libero/../datasets does not exist!
[Warning]: datasets path /home/redafrix/LIBERO-PRO/libero/libero/../datasets does not exist!
[episode] policy=simvla_only ep=7 seed=207 outcome=success steps=109 mods=0 time=4.6s
[info] Using default task order for benchmark 'libero_goal_object_ood' (18 tasks).
[Warning]: datasets path /home/redafrix/LIBERO-PRO/libero/libero/../datasets does not exist!
[Warning]: datasets path /home/redafrix/LIBERO-PRO/libero/libero/../datasets does not exist!
[episode] policy=simvla_only ep=8 seed=208 outcome=success steps=123 mods=0 time=5.1s
[info] Using default task order for benchmark 'libero_goal_object_ood' (18 tasks).
[Warning]: datasets path /home/redafrix/LIBERO-PRO/libero/libero/../datasets does not exist!
[Warning]: datasets path /home/redafrix/LIBERO-PRO/libero/libero/../datasets does not exist!
[episode] policy=simvla_only ep=9 seed=209 outcome=success steps=108 mods=0 time=4.6s
[run_all] /home/redafrix/miniconda3/envs/simvla/bin/python /home/dean/fiper_uncertainty_collection/realtime_deployment/ood_gate_experiments_20260610/src/run_policy_matrix_selected_cap.py --config /home/dean/fiper_uncertainty_collection/realtime_deployment/ood_gate_experiments_20260610/selected_cap_t03_c04_10ep_20260610/configs/task4_risk_topk8_selected_cap.json --policy risk_topk8
[robosuite WARNING] No private macro file found! (__init__.py:7)
[robosuite WARNING] It is recommended to use a private macro file (__init__.py:8)
[robosuite WARNING] To setup, run: python /home/dean/.local/lib/python3.10/site-packages/robosuite/scripts/setup_macros.py (__init__.py:9)
Gym has been unmaintained since 2022 and does not support NumPy 2.0 amongst other critical functionality.
Please upgrade to Gymnasium, the maintained drop-in replacement of Gym, or contact the authors of your software and request that they upgrade.
See the migration guide at https://gymnasium.farama.org/introduction/migration_guide/ for additional information.
[startup] policy=risk_topk8 config=/home/dean/fiper_uncertainty_collection/realtime_deployment/ood_gate_experiments_20260610/selected_cap_t03_c04_10ep_20260610/configs/task4_risk_topk8_selected_cap.json checkpoint=/home/dean/checkpoints/simvla_libero_uncertainty/ckpt-60000
`torch_dtype` is deprecated! Use `dtype` instead!
/home/redafrix/miniconda3/envs/simvla/lib/python3.10/site-packages/torch/nn/modules/linear.py:125: UserWarning: Deterministic behavior was enabled with either `torch.use_deterministic_algorithms(True)` or `at::Context::setDeterministicAlgorithms(true)`, but this operation is not deterministic because it uses CuBLAS and you have CUDA >= 10.2. To enable deterministic behavior in this case, you must set an environment variable before running your PyTorch application: CUBLAS_WORKSPACE_CONFIG=:4096:8 or CUBLAS_WORKSPACE_CONFIG=:16:8. For more information, go to https://docs.nvidia.com/cuda/cublas/index.html#results-reproducibility (Triggered internally at /pytorch/aten/src/ATen/Context.cpp:217.)
  return F.linear(input, self.weight, self.bias)
/home/redafrix/miniconda3/envs/simvla/lib/python3.10/site-packages/transformers/models/llama/modeling_llama.py:101: UserWarning: Deterministic behavior was enabled with either `torch.use_deterministic_algorithms(True)` or `at::Context::setDeterministicAlgorithms(true)`, but this operation is not deterministic because it uses CuBLAS and you have CUDA >= 10.2. To enable deterministic behavior in this case, you must set an environment variable before running your PyTorch application: CUBLAS_WORKSPACE_CONFIG=:4096:8 or CUBLAS_WORKSPACE_CONFIG=:16:8. For more information, go to https://docs.nvidia.com/cuda/cublas/index.html#results-reproducibility (Triggered internally at /pytorch/aten/src/ATen/Context.cpp:217.)
  freqs = (inv_freq_expanded.float() @ position_ids_expanded.float()).transpose(1, 2)
/home/redafrix/miniconda3/envs/simvla/lib/python3.10/site-packages/transformers/integrations/sdpa_attention.py:96: UserWarning: Deterministic behavior was enabled with either `torch.use_deterministic_algorithms(True)` or `at::Context::setDeterministicAlgorithms(true)`, but this operation is not deterministic because it uses CuBLAS and you have CUDA >= 10.2. To enable deterministic behavior in this case, you must set an environment variable before running your PyTorch application: CUBLAS_WORKSPACE_CONFIG=:4096:8 or CUBLAS_WORKSPACE_CONFIG=:16:8. For more information, go to https://docs.nvidia.com/cuda/cublas/index.html#results-reproducibility (Triggered internally at /pytorch/aten/src/ATen/Context.cpp:217.)
  attn_output = torch.nn.functional.scaled_dot_product_attention(
[LiberoJointActionSpace] Loaded state norm stats, dim=8
[LiberoJointActionSpace] Loaded actions norm stats, dim=7
[info] Using default task order for benchmark 'libero_goal_object_ood' (18 tasks).
[Warning]: datasets path /home/redafrix/LIBERO-PRO/libero/libero/../datasets does not exist!
[Warning]: datasets path /home/redafrix/LIBERO-PRO/libero/libero/../datasets does not exist!
[episode] policy=risk_topk8 ep=0 seed=200 outcome=success steps=196 mods=1 time=22.1s
[info] Using default task order for benchmark 'libero_goal_object_ood' (18 tasks).
[Warning]: datasets path /home/redafrix/LIBERO-PRO/libero/libero/../datasets does not exist!
[Warning]: datasets path /home/redafrix/LIBERO-PRO/libero/libero/../datasets does not exist!
[episode] policy=risk_topk8 ep=1 seed=201 outcome=success steps=127 mods=0 time=14.3s
[info] Using default task order for benchmark 'libero_goal_object_ood' (18 tasks).
[Warning]: datasets path /home/redafrix/LIBERO-PRO/libero/libero/../datasets does not exist!
[Warning]: datasets path /home/redafrix/LIBERO-PRO/libero/libero/../datasets does not exist!
[episode] policy=risk_topk8 ep=2 seed=202 outcome=success steps=109 mods=0 time=12.4s
[info] Using default task order for benchmark 'libero_goal_object_ood' (18 tasks).
[Warning]: datasets path /home/redafrix/LIBERO-PRO/libero/libero/../datasets does not exist!
[Warning]: datasets path /home/redafrix/LIBERO-PRO/libero/libero/../datasets does not exist!
[episode] policy=risk_topk8 ep=3 seed=203 outcome=success steps=122 mods=0 time=14.4s
[info] Using default task order for benchmark 'libero_goal_object_ood' (18 tasks).
[Warning]: datasets path /home/redafrix/LIBERO-PRO/libero/libero/../datasets does not exist!
[Warning]: datasets path /home/redafrix/LIBERO-PRO/libero/libero/../datasets does not exist!
[episode] policy=risk_topk8 ep=4 seed=204 outcome=success steps=128 mods=0 time=14.5s
[info] Using default task order for benchmark 'libero_goal_object_ood' (18 tasks).
[Warning]: datasets path /home/redafrix/LIBERO-PRO/libero/libero/../datasets does not exist!
[Warning]: datasets path /home/redafrix/LIBERO-PRO/libero/libero/../datasets does not exist!
[episode] policy=risk_topk8 ep=5 seed=205 outcome=success steps=118 mods=0 time=13.5s
[info] Using default task order for benchmark 'libero_goal_object_ood' (18 tasks).
[Warning]: datasets path /home/redafrix/LIBERO-PRO/libero/libero/../datasets does not exist!
[Warning]: datasets path /home/redafrix/LIBERO-PRO/libero/libero/../datasets does not exist!
[episode] policy=risk_topk8 ep=6 seed=206 outcome=success steps=119 mods=0 time=13.5s
[info] Using default task order for benchmark 'libero_goal_object_ood' (18 tasks).
[Warning]: datasets path /home/redafrix/LIBERO-PRO/libero/libero/../datasets does not exist!
[Warning]: datasets path /home/redafrix/LIBERO-PRO/libero/libero/../datasets does not exist!
[episode] policy=risk_topk8 ep=7 seed=207 outcome=success steps=109 mods=0 time=12.4s
[info] Using default task order for benchmark 'libero_goal_object_ood' (18 tasks).
[Warning]: datasets path /home/redafrix/LIBERO-PRO/libero/libero/../datasets does not exist!
[Warning]: datasets path /home/redafrix/LIBERO-PRO/libero/libero/../datasets does not exist!
[episode] policy=risk_topk8 ep=8 seed=208 outcome=success steps=123 mods=0 time=14.5s
[info] Using default task order for benchmark 'libero_goal_object_ood' (18 tasks).
[Warning]: datasets path /home/redafrix/LIBERO-PRO/libero/libero/../datasets does not exist!
[Warning]: datasets path /home/redafrix/LIBERO-PRO/libero/libero/../datasets does not exist!
[episode] policy=risk_topk8 ep=9 seed=209 outcome=success steps=108 mods=0 time=12.5s
[run_all] /home/redafrix/miniconda3/envs/simvla/bin/python /home/dean/fiper_uncertainty_collection/realtime_deployment/ood_gate_experiments_20260610/src/run_policy_matrix_selected_cap.py --config /home/dean/fiper_uncertainty_collection/realtime_deployment/ood_gate_experiments_20260610/selected_cap_t03_c04_10ep_20260610/configs/task5_modified_simvla.json --policy simvla_only
[robosuite WARNING] No private macro file found! (__init__.py:7)
[robosuite WARNING] It is recommended to use a private macro file (__init__.py:8)
[robosuite WARNING] To setup, run: python /home/dean/.local/lib/python3.10/site-packages/robosuite/scripts/setup_macros.py (__init__.py:9)
Gym has been unmaintained since 2022 and does not support NumPy 2.0 amongst other critical functionality.
Please upgrade to Gymnasium, the maintained drop-in replacement of Gym, or contact the authors of your software and request that they upgrade.
See the migration guide at https://gymnasium.farama.org/introduction/migration_guide/ for additional information.
[startup] policy=simvla_only config=/home/dean/fiper_uncertainty_collection/realtime_deployment/ood_gate_experiments_20260610/selected_cap_t03_c04_10ep_20260610/configs/task5_modified_simvla.json checkpoint=/home/dean/checkpoints/simvla_libero_uncertainty/ckpt-60000
`torch_dtype` is deprecated! Use `dtype` instead!
/home/redafrix/miniconda3/envs/simvla/lib/python3.10/site-packages/torch/nn/modules/linear.py:125: UserWarning: Deterministic behavior was enabled with either `torch.use_deterministic_algorithms(True)` or `at::Context::setDeterministicAlgorithms(true)`, but this operation is not deterministic because it uses CuBLAS and you have CUDA >= 10.2. To enable deterministic behavior in this case, you must set an environment variable before running your PyTorch application: CUBLAS_WORKSPACE_CONFIG=:4096:8 or CUBLAS_WORKSPACE_CONFIG=:16:8. For more information, go to https://docs.nvidia.com/cuda/cublas/index.html#results-reproducibility (Triggered internally at /pytorch/aten/src/ATen/Context.cpp:217.)
  return F.linear(input, self.weight, self.bias)
/home/redafrix/miniconda3/envs/simvla/lib/python3.10/site-packages/transformers/models/llama/modeling_llama.py:101: UserWarning: Deterministic behavior was enabled with either `torch.use_deterministic_algorithms(True)` or `at::Context::setDeterministicAlgorithms(true)`, but this operation is not deterministic because it uses CuBLAS and you have CUDA >= 10.2. To enable deterministic behavior in this case, you must set an environment variable before running your PyTorch application: CUBLAS_WORKSPACE_CONFIG=:4096:8 or CUBLAS_WORKSPACE_CONFIG=:16:8. For more information, go to https://docs.nvidia.com/cuda/cublas/index.html#results-reproducibility (Triggered internally at /pytorch/aten/src/ATen/Context.cpp:217.)
  freqs = (inv_freq_expanded.float() @ position_ids_expanded.float()).transpose(1, 2)
/home/redafrix/miniconda3/envs/simvla/lib/python3.10/site-packages/transformers/integrations/sdpa_attention.py:96: UserWarning: Deterministic behavior was enabled with either `torch.use_deterministic_algorithms(True)` or `at::Context::setDeterministicAlgorithms(true)`, but this operation is not deterministic because it uses CuBLAS and you have CUDA >= 10.2. To enable deterministic behavior in this case, you must set an environment variable before running your PyTorch application: CUBLAS_WORKSPACE_CONFIG=:4096:8 or CUBLAS_WORKSPACE_CONFIG=:16:8. For more information, go to https://docs.nvidia.com/cuda/cublas/index.html#results-reproducibility (Triggered internally at /pytorch/aten/src/ATen/Context.cpp:217.)
  attn_output = torch.nn.functional.scaled_dot_product_attention(
[LiberoJointActionSpace] Loaded state norm stats, dim=8
[LiberoJointActionSpace] Loaded actions norm stats, dim=7
[info] Using default task order for benchmark 'libero_goal_object_ood' (18 tasks).
[Warning]: datasets path /home/redafrix/LIBERO-PRO/libero/libero/../datasets does not exist!
[Warning]: datasets path /home/redafrix/LIBERO-PRO/libero/libero/../datasets does not exist!
[episode] policy=simvla_only ep=0 seed=200 outcome=success steps=88 mods=0 time=4.7s
[info] Using default task order for benchmark 'libero_goal_object_ood' (18 tasks).
[Warning]: datasets path /home/redafrix/LIBERO-PRO/libero/libero/../datasets does not exist!
[Warning]: datasets path /home/redafrix/LIBERO-PRO/libero/libero/../datasets does not exist!
[episode] policy=simvla_only ep=1 seed=201 outcome=success steps=90 mods=0 time=3.8s
[info] Using default task order for benchmark 'libero_goal_object_ood' (18 tasks).
[Warning]: datasets path /home/redafrix/LIBERO-PRO/libero/libero/../datasets does not exist!
[Warning]: datasets path /home/redafrix/LIBERO-PRO/libero/libero/../datasets does not exist!
[episode] policy=simvla_only ep=2 seed=202 outcome=success steps=143 mods=0 time=5.5s
[info] Using default task order for benchmark 'libero_goal_object_ood' (18 tasks).
[Warning]: datasets path /home/redafrix/LIBERO-PRO/libero/libero/../datasets does not exist!
[Warning]: datasets path /home/redafrix/LIBERO-PRO/libero/libero/../datasets does not exist!
[episode] policy=simvla_only ep=3 seed=203 outcome=success steps=81 mods=0 time=3.7s
[info] Using default task order for benchmark 'libero_goal_object_ood' (18 tasks).
[Warning]: datasets path /home/redafrix/LIBERO-PRO/libero/libero/../datasets does not exist!
[Warning]: datasets path /home/redafrix/LIBERO-PRO/libero/libero/../datasets does not exist!
[episode] policy=simvla_only ep=4 seed=204 outcome=success steps=90 mods=0 time=3.8s
[info] Using default task order for benchmark 'libero_goal_object_ood' (18 tasks).
[Warning]: datasets path /home/redafrix/LIBERO-PRO/libero/libero/../datasets does not exist!
[Warning]: datasets path /home/redafrix/LIBERO-PRO/libero/libero/../datasets does not exist!
[episode] policy=simvla_only ep=5 seed=205 outcome=success steps=92 mods=0 time=4.1s
[info] Using default task order for benchmark 'libero_goal_object_ood' (18 tasks).
[Warning]: datasets path /home/redafrix/LIBERO-PRO/libero/libero/../datasets does not exist!
[Warning]: datasets path /home/redafrix/LIBERO-PRO/libero/libero/../datasets does not exist!
[episode] policy=simvla_only ep=6 seed=206 outcome=success steps=82 mods=0 time=3.7s
[info] Using default task order for benchmark 'libero_goal_object_ood' (18 tasks).
[Warning]: datasets path /home/redafrix/LIBERO-PRO/libero/libero/../datasets does not exist!
[Warning]: datasets path /home/redafrix/LIBERO-PRO/libero/libero/../datasets does not exist!
[episode] policy=simvla_only ep=7 seed=207 outcome=success steps=86 mods=0 time=3.8s
[info] Using default task order for benchmark 'libero_goal_object_ood' (18 tasks).
[Warning]: datasets path /home/redafrix/LIBERO-PRO/libero/libero/../datasets does not exist!
[Warning]: datasets path /home/redafrix/LIBERO-PRO/libero/libero/../datasets does not exist!
[episode] policy=simvla_only ep=8 seed=208 outcome=success steps=85 mods=0 time=3.8s
[info] Using default task order for benchmark 'libero_goal_object_ood' (18 tasks).
[Warning]: datasets path /home/redafrix/LIBERO-PRO/libero/libero/../datasets does not exist!
[Warning]: datasets path /home/redafrix/LIBERO-PRO/libero/libero/../datasets does not exist!
[episode] policy=simvla_only ep=9 seed=209 outcome=success steps=82 mods=0 time=3.8s
[run_all] /home/redafrix/miniconda3/envs/simvla/bin/python /home/dean/fiper_uncertainty_collection/realtime_deployment/ood_gate_experiments_20260610/src/run_policy_matrix_selected_cap.py --config /home/dean/fiper_uncertainty_collection/realtime_deployment/ood_gate_experiments_20260610/selected_cap_t03_c04_10ep_20260610/configs/task5_risk_topk8_selected_cap.json --policy risk_topk8
[robosuite WARNING] No private macro file found! (__init__.py:7)
[robosuite WARNING] It is recommended to use a private macro file (__init__.py:8)
[robosuite WARNING] To setup, run: python /home/dean/.local/lib/python3.10/site-packages/robosuite/scripts/setup_macros.py (__init__.py:9)
Gym has been unmaintained since 2022 and does not support NumPy 2.0 amongst other critical functionality.
Please upgrade to Gymnasium, the maintained drop-in replacement of Gym, or contact the authors of your software and request that they upgrade.
See the migration guide at https://gymnasium.farama.org/introduction/migration_guide/ for additional information.
[startup] policy=risk_topk8 config=/home/dean/fiper_uncertainty_collection/realtime_deployment/ood_gate_experiments_20260610/selected_cap_t03_c04_10ep_20260610/configs/task5_risk_topk8_selected_cap.json checkpoint=/home/dean/checkpoints/simvla_libero_uncertainty/ckpt-60000
`torch_dtype` is deprecated! Use `dtype` instead!
/home/redafrix/miniconda3/envs/simvla/lib/python3.10/site-packages/torch/nn/modules/linear.py:125: UserWarning: Deterministic behavior was enabled with either `torch.use_deterministic_algorithms(True)` or `at::Context::setDeterministicAlgorithms(true)`, but this operation is not deterministic because it uses CuBLAS and you have CUDA >= 10.2. To enable deterministic behavior in this case, you must set an environment variable before running your PyTorch application: CUBLAS_WORKSPACE_CONFIG=:4096:8 or CUBLAS_WORKSPACE_CONFIG=:16:8. For more information, go to https://docs.nvidia.com/cuda/cublas/index.html#results-reproducibility (Triggered internally at /pytorch/aten/src/ATen/Context.cpp:217.)
  return F.linear(input, self.weight, self.bias)
/home/redafrix/miniconda3/envs/simvla/lib/python3.10/site-packages/transformers/models/llama/modeling_llama.py:101: UserWarning: Deterministic behavior was enabled with either `torch.use_deterministic_algorithms(True)` or `at::Context::setDeterministicAlgorithms(true)`, but this operation is not deterministic because it uses CuBLAS and you have CUDA >= 10.2. To enable deterministic behavior in this case, you must set an environment variable before running your PyTorch application: CUBLAS_WORKSPACE_CONFIG=:4096:8 or CUBLAS_WORKSPACE_CONFIG=:16:8. For more information, go to https://docs.nvidia.com/cuda/cublas/index.html#results-reproducibility (Triggered internally at /pytorch/aten/src/ATen/Context.cpp:217.)
  freqs = (inv_freq_expanded.float() @ position_ids_expanded.float()).transpose(1, 2)
/home/redafrix/miniconda3/envs/simvla/lib/python3.10/site-packages/transformers/integrations/sdpa_attention.py:96: UserWarning: Deterministic behavior was enabled with either `torch.use_deterministic_algorithms(True)` or `at::Context::setDeterministicAlgorithms(true)`, but this operation is not deterministic because it uses CuBLAS and you have CUDA >= 10.2. To enable deterministic behavior in this case, you must set an environment variable before running your PyTorch application: CUBLAS_WORKSPACE_CONFIG=:4096:8 or CUBLAS_WORKSPACE_CONFIG=:16:8. For more information, go to https://docs.nvidia.com/cuda/cublas/index.html#results-reproducibility (Triggered internally at /pytorch/aten/src/ATen/Context.cpp:217.)
  attn_output = torch.nn.functional.scaled_dot_product_attention(
[LiberoJointActionSpace] Loaded state norm stats, dim=8
[LiberoJointActionSpace] Loaded actions norm stats, dim=7
[info] Using default task order for benchmark 'libero_goal_object_ood' (18 tasks).
[Warning]: datasets path /home/redafrix/LIBERO-PRO/libero/libero/../datasets does not exist!
[Warning]: datasets path /home/redafrix/LIBERO-PRO/libero/libero/../datasets does not exist!
[episode] policy=risk_topk8 ep=0 seed=200 outcome=success steps=87 mods=1 time=10.8s
[info] Using default task order for benchmark 'libero_goal_object_ood' (18 tasks).
[Warning]: datasets path /home/redafrix/LIBERO-PRO/libero/libero/../datasets does not exist!
[Warning]: datasets path /home/redafrix/LIBERO-PRO/libero/libero/../datasets does not exist!
[episode] policy=risk_topk8 ep=1 seed=201 outcome=success steps=90 mods=0 time=10.0s
[info] Using default task order for benchmark 'libero_goal_object_ood' (18 tasks).
[Warning]: datasets path /home/redafrix/LIBERO-PRO/libero/libero/../datasets does not exist!
[Warning]: datasets path /home/redafrix/LIBERO-PRO/libero/libero/../datasets does not exist!
[episode] policy=risk_topk8 ep=2 seed=202 outcome=success steps=137 mods=2 time=15.2s
[info] Using default task order for benchmark 'libero_goal_object_ood' (18 tasks).
[Warning]: datasets path /home/redafrix/LIBERO-PRO/libero/libero/../datasets does not exist!
[Warning]: datasets path /home/redafrix/LIBERO-PRO/libero/libero/../datasets does not exist!
[episode] policy=risk_topk8 ep=3 seed=203 outcome=success steps=81 mods=0 time=10.1s
[info] Using default task order for benchmark 'libero_goal_object_ood' (18 tasks).
[Warning]: datasets path /home/redafrix/LIBERO-PRO/libero/libero/../datasets does not exist!
[Warning]: datasets path /home/redafrix/LIBERO-PRO/libero/libero/../datasets does not exist!
[episode] policy=risk_topk8 ep=4 seed=204 outcome=success steps=90 mods=0 time=10.2s
[info] Using default task order for benchmark 'libero_goal_object_ood' (18 tasks).
[Warning]: datasets path /home/redafrix/LIBERO-PRO/libero/libero/../datasets does not exist!
[Warning]: datasets path /home/redafrix/LIBERO-PRO/libero/libero/../datasets does not exist!
[episode] policy=risk_topk8 ep=5 seed=205 outcome=success steps=92 mods=0 time=11.2s
[info] Using default task order for benchmark 'libero_goal_object_ood' (18 tasks).
[Warning]: datasets path /home/redafrix/LIBERO-PRO/libero/libero/../datasets does not exist!
[Warning]: datasets path /home/redafrix/LIBERO-PRO/libero/libero/../datasets does not exist!
[episode] policy=risk_topk8 ep=6 seed=206 outcome=success steps=82 mods=0 time=10.1s
[info] Using default task order for benchmark 'libero_goal_object_ood' (18 tasks).
[Warning]: datasets path /home/redafrix/LIBERO-PRO/libero/libero/../datasets does not exist!
[Warning]: datasets path /home/redafrix/LIBERO-PRO/libero/libero/../datasets does not exist!
[episode] policy=risk_topk8 ep=7 seed=207 outcome=success steps=86 mods=0 time=10.2s
[info] Using default task order for benchmark 'libero_goal_object_ood' (18 tasks).
[Warning]: datasets path /home/redafrix/LIBERO-PRO/libero/libero/../datasets does not exist!
[Warning]: datasets path /home/redafrix/LIBERO-PRO/libero/libero/../datasets does not exist!
[episode] policy=risk_topk8 ep=8 seed=208 outcome=success steps=85 mods=0 time=10.2s
[info] Using default task order for benchmark 'libero_goal_object_ood' (18 tasks).
[Warning]: datasets path /home/redafrix/LIBERO-PRO/libero/libero/../datasets does not exist!
[Warning]: datasets path /home/redafrix/LIBERO-PRO/libero/libero/../datasets does not exist!
[episode] policy=risk_topk8 ep=9 seed=209 outcome=success steps=82 mods=0 time=10.2s
[run_all] /home/redafrix/miniconda3/envs/simvla/bin/python /home/dean/fiper_uncertainty_collection/realtime_deployment/ood_gate_experiments_20260610/src/run_policy_matrix_selected_cap.py --config /home/dean/fiper_uncertainty_collection/realtime_deployment/ood_gate_experiments_20260610/selected_cap_t03_c04_10ep_20260610/configs/task6_modified_simvla.json --policy simvla_only
[robosuite WARNING] No private macro file found! (__init__.py:7)
[robosuite WARNING] It is recommended to use a private macro file (__init__.py:8)
[robosuite WARNING] To setup, run: python /home/dean/.local/lib/python3.10/site-packages/robosuite/scripts/setup_macros.py (__init__.py:9)
Gym has been unmaintained since 2022 and does not support NumPy 2.0 amongst other critical functionality.
Please upgrade to Gymnasium, the maintained drop-in replacement of Gym, or contact the authors of your software and request that they upgrade.
See the migration guide at https://gymnasium.farama.org/introduction/migration_guide/ for additional information.
[startup] policy=simvla_only config=/home/dean/fiper_uncertainty_collection/realtime_deployment/ood_gate_experiments_20260610/selected_cap_t03_c04_10ep_20260610/configs/task6_modified_simvla.json checkpoint=/home/dean/checkpoints/simvla_libero_uncertainty/ckpt-60000
`torch_dtype` is deprecated! Use `dtype` instead!
/home/redafrix/miniconda3/envs/simvla/lib/python3.10/site-packages/torch/nn/modules/linear.py:125: UserWarning: Deterministic behavior was enabled with either `torch.use_deterministic_algorithms(True)` or `at::Context::setDeterministicAlgorithms(true)`, but this operation is not deterministic because it uses CuBLAS and you have CUDA >= 10.2. To enable deterministic behavior in this case, you must set an environment variable before running your PyTorch application: CUBLAS_WORKSPACE_CONFIG=:4096:8 or CUBLAS_WORKSPACE_CONFIG=:16:8. For more information, go to https://docs.nvidia.com/cuda/cublas/index.html#results-reproducibility (Triggered internally at /pytorch/aten/src/ATen/Context.cpp:217.)
  return F.linear(input, self.weight, self.bias)
/home/redafrix/miniconda3/envs/simvla/lib/python3.10/site-packages/transformers/models/llama/modeling_llama.py:101: UserWarning: Deterministic behavior was enabled with either `torch.use_deterministic_algorithms(True)` or `at::Context::setDeterministicAlgorithms(true)`, but this operation is not deterministic because it uses CuBLAS and you have CUDA >= 10.2. To enable deterministic behavior in this case, you must set an environment variable before running your PyTorch application: CUBLAS_WORKSPACE_CONFIG=:4096:8 or CUBLAS_WORKSPACE_CONFIG=:16:8. For more information, go to https://docs.nvidia.com/cuda/cublas/index.html#results-reproducibility (Triggered internally at /pytorch/aten/src/ATen/Context.cpp:217.)
  freqs = (inv_freq_expanded.float() @ position_ids_expanded.float()).transpose(1, 2)
/home/redafrix/miniconda3/envs/simvla/lib/python3.10/site-packages/transformers/integrations/sdpa_attention.py:96: UserWarning: Deterministic behavior was enabled with either `torch.use_deterministic_algorithms(True)` or `at::Context::setDeterministicAlgorithms(true)`, but this operation is not deterministic because it uses CuBLAS and you have CUDA >= 10.2. To enable deterministic behavior in this case, you must set an environment variable before running your PyTorch application: CUBLAS_WORKSPACE_CONFIG=:4096:8 or CUBLAS_WORKSPACE_CONFIG=:16:8. For more information, go to https://docs.nvidia.com/cuda/cublas/index.html#results-reproducibility (Triggered internally at /pytorch/aten/src/ATen/Context.cpp:217.)
  attn_output = torch.nn.functional.scaled_dot_product_attention(
[LiberoJointActionSpace] Loaded state norm stats, dim=8
[LiberoJointActionSpace] Loaded actions norm stats, dim=7
[info] Using default task order for benchmark 'libero_goal_object_ood' (18 tasks).
[Warning]: datasets path /home/redafrix/LIBERO-PRO/libero/libero/../datasets does not exist!
[Warning]: datasets path /home/redafrix/LIBERO-PRO/libero/libero/../datasets does not exist!
[episode] policy=simvla_only ep=0 seed=200 outcome=success steps=82 mods=0 time=4.4s
[info] Using default task order for benchmark 'libero_goal_object_ood' (18 tasks).
[Warning]: datasets path /home/redafrix/LIBERO-PRO/libero/libero/../datasets does not exist!
[Warning]: datasets path /home/redafrix/LIBERO-PRO/libero/libero/../datasets does not exist!
[episode] policy=simvla_only ep=1 seed=201 outcome=success steps=78 mods=0 time=3.5s
[info] Using default task order for benchmark 'libero_goal_object_ood' (18 tasks).
[Warning]: datasets path /home/redafrix/LIBERO-PRO/libero/libero/../datasets does not exist!
[Warning]: datasets path /home/redafrix/LIBERO-PRO/libero/libero/../datasets does not exist!
[episode] policy=simvla_only ep=2 seed=202 outcome=success steps=81 mods=0 time=3.7s
[info] Using default task order for benchmark 'libero_goal_object_ood' (18 tasks).
[Warning]: datasets path /home/redafrix/LIBERO-PRO/libero/libero/../datasets does not exist!
[Warning]: datasets path /home/redafrix/LIBERO-PRO/libero/libero/../datasets does not exist!
[episode] policy=simvla_only ep=3 seed=203 outcome=success steps=78 mods=0 time=3.5s
[info] Using default task order for benchmark 'libero_goal_object_ood' (18 tasks).
[Warning]: datasets path /home/redafrix/LIBERO-PRO/libero/libero/../datasets does not exist!
[Warning]: datasets path /home/redafrix/LIBERO-PRO/libero/libero/../datasets does not exist!
[episode] policy=simvla_only ep=4 seed=204 outcome=success steps=85 mods=0 time=3.8s
[info] Using default task order for benchmark 'libero_goal_object_ood' (18 tasks).
[Warning]: datasets path /home/redafrix/LIBERO-PRO/libero/libero/../datasets does not exist!
[Warning]: datasets path /home/redafrix/LIBERO-PRO/libero/libero/../datasets does not exist!
[episode] policy=simvla_only ep=5 seed=205 outcome=success steps=87 mods=0 time=3.8s
[info] Using default task order for benchmark 'libero_goal_object_ood' (18 tasks).
[Warning]: datasets path /home/redafrix/LIBERO-PRO/libero/libero/../datasets does not exist!
[Warning]: datasets path /home/redafrix/LIBERO-PRO/libero/libero/../datasets does not exist!
[episode] policy=simvla_only ep=6 seed=206 outcome=success steps=83 mods=0 time=3.7s
[info] Using default task order for benchmark 'libero_goal_object_ood' (18 tasks).
[Warning]: datasets path /home/redafrix/LIBERO-PRO/libero/libero/../datasets does not exist!
[Warning]: datasets path /home/redafrix/LIBERO-PRO/libero/libero/../datasets does not exist!
[episode] policy=simvla_only ep=7 seed=207 outcome=success steps=86 mods=0 time=3.7s
[info] Using default task order for benchmark 'libero_goal_object_ood' (18 tasks).
[Warning]: datasets path /home/redafrix/LIBERO-PRO/libero/libero/../datasets does not exist!
[Warning]: datasets path /home/redafrix/LIBERO-PRO/libero/libero/../datasets does not exist!
[episode] policy=simvla_only ep=8 seed=208 outcome=success steps=79 mods=0 time=3.4s
[info] Using default task order for benchmark 'libero_goal_object_ood' (18 tasks).
[Warning]: datasets path /home/redafrix/LIBERO-PRO/libero/libero/../datasets does not exist!
[Warning]: datasets path /home/redafrix/LIBERO-PRO/libero/libero/../datasets does not exist!
[episode] policy=simvla_only ep=9 seed=209 outcome=success steps=81 mods=0 time=3.7s
[run_all] /home/redafrix/miniconda3/envs/simvla/bin/python /home/dean/fiper_uncertainty_collection/realtime_deployment/ood_gate_experiments_20260610/src/run_policy_matrix_selected_cap.py --config /home/dean/fiper_uncertainty_collection/realtime_deployment/ood_gate_experiments_20260610/selected_cap_t03_c04_10ep_20260610/configs/task6_risk_topk8_selected_cap.json --policy risk_topk8
[robosuite WARNING] No private macro file found! (__init__.py:7)
[robosuite WARNING] It is recommended to use a private macro file (__init__.py:8)
[robosuite WARNING] To setup, run: python /home/dean/.local/lib/python3.10/site-packages/robosuite/scripts/setup_macros.py (__init__.py:9)
Gym has been unmaintained since 2022 and does not support NumPy 2.0 amongst other critical functionality.
Please upgrade to Gymnasium, the maintained drop-in replacement of Gym, or contact the authors of your software and request that they upgrade.
See the migration guide at https://gymnasium.farama.org/introduction/migration_guide/ for additional information.
[startup] policy=risk_topk8 config=/home/dean/fiper_uncertainty_collection/realtime_deployment/ood_gate_experiments_20260610/selected_cap_t03_c04_10ep_20260610/configs/task6_risk_topk8_selected_cap.json checkpoint=/home/dean/checkpoints/simvla_libero_uncertainty/ckpt-60000
`torch_dtype` is deprecated! Use `dtype` instead!
/home/redafrix/miniconda3/envs/simvla/lib/python3.10/site-packages/torch/nn/modules/linear.py:125: UserWarning: Deterministic behavior was enabled with either `torch.use_deterministic_algorithms(True)` or `at::Context::setDeterministicAlgorithms(true)`, but this operation is not deterministic because it uses CuBLAS and you have CUDA >= 10.2. To enable deterministic behavior in this case, you must set an environment variable before running your PyTorch application: CUBLAS_WORKSPACE_CONFIG=:4096:8 or CUBLAS_WORKSPACE_CONFIG=:16:8. For more information, go to https://docs.nvidia.com/cuda/cublas/index.html#results-reproducibility (Triggered internally at /pytorch/aten/src/ATen/Context.cpp:217.)
  return F.linear(input, self.weight, self.bias)
/home/redafrix/miniconda3/envs/simvla/lib/python3.10/site-packages/transformers/models/llama/modeling_llama.py:101: UserWarning: Deterministic behavior was enabled with either `torch.use_deterministic_algorithms(True)` or `at::Context::setDeterministicAlgorithms(true)`, but this operation is not deterministic because it uses CuBLAS and you have CUDA >= 10.2. To enable deterministic behavior in this case, you must set an environment variable before running your PyTorch application: CUBLAS_WORKSPACE_CONFIG=:4096:8 or CUBLAS_WORKSPACE_CONFIG=:16:8. For more information, go to https://docs.nvidia.com/cuda/cublas/index.html#results-reproducibility (Triggered internally at /pytorch/aten/src/ATen/Context.cpp:217.)
  freqs = (inv_freq_expanded.float() @ position_ids_expanded.float()).transpose(1, 2)
/home/redafrix/miniconda3/envs/simvla/lib/python3.10/site-packages/transformers/integrations/sdpa_attention.py:96: UserWarning: Deterministic behavior was enabled with either `torch.use_deterministic_algorithms(True)` or `at::Context::setDeterministicAlgorithms(true)`, but this operation is not deterministic because it uses CuBLAS and you have CUDA >= 10.2. To enable deterministic behavior in this case, you must set an environment variable before running your PyTorch application: CUBLAS_WORKSPACE_CONFIG=:4096:8 or CUBLAS_WORKSPACE_CONFIG=:16:8. For more information, go to https://docs.nvidia.com/cuda/cublas/index.html#results-reproducibility (Triggered internally at /pytorch/aten/src/ATen/Context.cpp:217.)
  attn_output = torch.nn.functional.scaled_dot_product_attention(
[LiberoJointActionSpace] Loaded state norm stats, dim=8
[LiberoJointActionSpace] Loaded actions norm stats, dim=7
[info] Using default task order for benchmark 'libero_goal_object_ood' (18 tasks).
[Warning]: datasets path /home/redafrix/LIBERO-PRO/libero/libero/../datasets does not exist!
[Warning]: datasets path /home/redafrix/LIBERO-PRO/libero/libero/../datasets does not exist!
[episode] policy=risk_topk8 ep=0 seed=200 outcome=success steps=82 mods=0 time=10.7s
[info] Using default task order for benchmark 'libero_goal_object_ood' (18 tasks).
[Warning]: datasets path /home/redafrix/LIBERO-PRO/libero/libero/../datasets does not exist!
[Warning]: datasets path /home/redafrix/LIBERO-PRO/libero/libero/../datasets does not exist!
[episode] policy=risk_topk8 ep=1 seed=201 outcome=success steps=78 mods=0 time=9.0s
[info] Using default task order for benchmark 'libero_goal_object_ood' (18 tasks).
[Warning]: datasets path /home/redafrix/LIBERO-PRO/libero/libero/../datasets does not exist!
[Warning]: datasets path /home/redafrix/LIBERO-PRO/libero/libero/../datasets does not exist!
[episode] policy=risk_topk8 ep=2 seed=202 outcome=success steps=81 mods=1 time=10.0s
[info] Using default task order for benchmark 'libero_goal_object_ood' (18 tasks).
[Warning]: datasets path /home/redafrix/LIBERO-PRO/libero/libero/../datasets does not exist!
[Warning]: datasets path /home/redafrix/LIBERO-PRO/libero/libero/../datasets does not exist!
[episode] policy=risk_topk8 ep=3 seed=203 outcome=success steps=78 mods=0 time=9.1s
[info] Using default task order for benchmark 'libero_goal_object_ood' (18 tasks).
[Warning]: datasets path /home/redafrix/LIBERO-PRO/libero/libero/../datasets does not exist!
[Warning]: datasets path /home/redafrix/LIBERO-PRO/libero/libero/../datasets does not exist!
[episode] policy=risk_topk8 ep=4 seed=204 outcome=success steps=83 mods=1 time=10.0s
[info] Using default task order for benchmark 'libero_goal_object_ood' (18 tasks).
[Warning]: datasets path /home/redafrix/LIBERO-PRO/libero/libero/../datasets does not exist!
[Warning]: datasets path /home/redafrix/LIBERO-PRO/libero/libero/../datasets does not exist!
[episode] policy=risk_topk8 ep=5 seed=205 outcome=success steps=87 mods=0 time=10.2s
[info] Using default task order for benchmark 'libero_goal_object_ood' (18 tasks).
[Warning]: datasets path /home/redafrix/LIBERO-PRO/libero/libero/../datasets does not exist!
[Warning]: datasets path /home/redafrix/LIBERO-PRO/libero/libero/../datasets does not exist!
[episode] policy=risk_topk8 ep=6 seed=206 outcome=success steps=83 mods=0 time=10.1s
[info] Using default task order for benchmark 'libero_goal_object_ood' (18 tasks).
[Warning]: datasets path /home/redafrix/LIBERO-PRO/libero/libero/../datasets does not exist!
[Warning]: datasets path /home/redafrix/LIBERO-PRO/libero/libero/../datasets does not exist!
[episode] policy=risk_topk8 ep=7 seed=207 outcome=success steps=86 mods=0 time=10.1s
[info] Using default task order for benchmark 'libero_goal_object_ood' (18 tasks).
[Warning]: datasets path /home/redafrix/LIBERO-PRO/libero/libero/../datasets does not exist!
[Warning]: datasets path /home/redafrix/LIBERO-PRO/libero/libero/../datasets does not exist!
[episode] policy=risk_topk8 ep=8 seed=208 outcome=success steps=79 mods=1 time=9.2s
[info] Using default task order for benchmark 'libero_goal_object_ood' (18 tasks).
[Warning]: datasets path /home/redafrix/LIBERO-PRO/libero/libero/../datasets does not exist!
[Warning]: datasets path /home/redafrix/LIBERO-PRO/libero/libero/../datasets does not exist!
[episode] policy=risk_topk8 ep=9 seed=209 outcome=success steps=81 mods=0 time=10.1s
[run_all] /home/redafrix/miniconda3/envs/simvla/bin/python /home/dean/fiper_uncertainty_collection/realtime_deployment/ood_gate_experiments_20260610/src/run_policy_matrix_selected_cap.py --config /home/dean/fiper_uncertainty_collection/realtime_deployment/ood_gate_experiments_20260610/selected_cap_t03_c04_10ep_20260610/configs/task7_modified_simvla.json --policy simvla_only
[robosuite WARNING] No private macro file found! (__init__.py:7)
[robosuite WARNING] It is recommended to use a private macro file (__init__.py:8)
[robosuite WARNING] To setup, run: python /home/dean/.local/lib/python3.10/site-packages/robosuite/scripts/setup_macros.py (__init__.py:9)
Gym has been unmaintained since 2022 and does not support NumPy 2.0 amongst other critical functionality.
Please upgrade to Gymnasium, the maintained drop-in replacement of Gym, or contact the authors of your software and request that they upgrade.
See the migration guide at https://gymnasium.farama.org/introduction/migration_guide/ for additional information.
[startup] policy=simvla_only config=/home/dean/fiper_uncertainty_collection/realtime_deployment/ood_gate_experiments_20260610/selected_cap_t03_c04_10ep_20260610/configs/task7_modified_simvla.json checkpoint=/home/dean/checkpoints/simvla_libero_uncertainty/ckpt-60000
`torch_dtype` is deprecated! Use `dtype` instead!
/home/redafrix/miniconda3/envs/simvla/lib/python3.10/site-packages/torch/nn/modules/linear.py:125: UserWarning: Deterministic behavior was enabled with either `torch.use_deterministic_algorithms(True)` or `at::Context::setDeterministicAlgorithms(true)`, but this operation is not deterministic because it uses CuBLAS and you have CUDA >= 10.2. To enable deterministic behavior in this case, you must set an environment variable before running your PyTorch application: CUBLAS_WORKSPACE_CONFIG=:4096:8 or CUBLAS_WORKSPACE_CONFIG=:16:8. For more information, go to https://docs.nvidia.com/cuda/cublas/index.html#results-reproducibility (Triggered internally at /pytorch/aten/src/ATen/Context.cpp:217.)
  return F.linear(input, self.weight, self.bias)
/home/redafrix/miniconda3/envs/simvla/lib/python3.10/site-packages/transformers/models/llama/modeling_llama.py:101: UserWarning: Deterministic behavior was enabled with either `torch.use_deterministic_algorithms(True)` or `at::Context::setDeterministicAlgorithms(true)`, but this operation is not deterministic because it uses CuBLAS and you have CUDA >= 10.2. To enable deterministic behavior in this case, you must set an environment variable before running your PyTorch application: CUBLAS_WORKSPACE_CONFIG=:4096:8 or CUBLAS_WORKSPACE_CONFIG=:16:8. For more information, go to https://docs.nvidia.com/cuda/cublas/index.html#results-reproducibility (Triggered internally at /pytorch/aten/src/ATen/Context.cpp:217.)
  freqs = (inv_freq_expanded.float() @ position_ids_expanded.float()).transpose(1, 2)
/home/redafrix/miniconda3/envs/simvla/lib/python3.10/site-packages/transformers/integrations/sdpa_attention.py:96: UserWarning: Deterministic behavior was enabled with either `torch.use_deterministic_algorithms(True)` or `at::Context::setDeterministicAlgorithms(true)`, but this operation is not deterministic because it uses CuBLAS and you have CUDA >= 10.2. To enable deterministic behavior in this case, you must set an environment variable before running your PyTorch application: CUBLAS_WORKSPACE_CONFIG=:4096:8 or CUBLAS_WORKSPACE_CONFIG=:16:8. For more information, go to https://docs.nvidia.com/cuda/cublas/index.html#results-reproducibility (Triggered internally at /pytorch/aten/src/ATen/Context.cpp:217.)
  attn_output = torch.nn.functional.scaled_dot_product_attention(
[LiberoJointActionSpace] Loaded state norm stats, dim=8
[LiberoJointActionSpace] Loaded actions norm stats, dim=7
[info] Using default task order for benchmark 'libero_goal_object_ood' (18 tasks).
[Warning]: datasets path /home/redafrix/LIBERO-PRO/libero/libero/../datasets does not exist!
[Warning]: datasets path /home/redafrix/LIBERO-PRO/libero/libero/../datasets does not exist!
[episode] policy=simvla_only ep=0 seed=200 outcome=success steps=91 mods=0 time=4.8s
[info] Using default task order for benchmark 'libero_goal_object_ood' (18 tasks).
[Warning]: datasets path /home/redafrix/LIBERO-PRO/libero/libero/../datasets does not exist!
[Warning]: datasets path /home/redafrix/LIBERO-PRO/libero/libero/../datasets does not exist!
[episode] policy=simvla_only ep=1 seed=201 outcome=failure_or_timeout steps=300 mods=0 time=10.0s
[info] Using default task order for benchmark 'libero_goal_object_ood' (18 tasks).
[Warning]: datasets path /home/redafrix/LIBERO-PRO/libero/libero/../datasets does not exist!
[Warning]: datasets path /home/redafrix/LIBERO-PRO/libero/libero/../datasets does not exist!
[episode] policy=simvla_only ep=2 seed=202 outcome=success steps=93 mods=0 time=4.0s
[info] Using default task order for benchmark 'libero_goal_object_ood' (18 tasks).
[Warning]: datasets path /home/redafrix/LIBERO-PRO/libero/libero/../datasets does not exist!
[Warning]: datasets path /home/redafrix/LIBERO-PRO/libero/libero/../datasets does not exist!
[episode] policy=simvla_only ep=3 seed=203 outcome=success steps=81 mods=0 time=3.7s
[info] Using default task order for benchmark 'libero_goal_object_ood' (18 tasks).
[Warning]: datasets path /home/redafrix/LIBERO-PRO/libero/libero/../datasets does not exist!
[Warning]: datasets path /home/redafrix/LIBERO-PRO/libero/libero/../datasets does not exist!
[episode] policy=simvla_only ep=4 seed=204 outcome=success steps=87 mods=0 time=3.8s
[info] Using default task order for benchmark 'libero_goal_object_ood' (18 tasks).
[Warning]: datasets path /home/redafrix/LIBERO-PRO/libero/libero/../datasets does not exist!
[Warning]: datasets path /home/redafrix/LIBERO-PRO/libero/libero/../datasets does not exist!
[episode] policy=simvla_only ep=5 seed=205 outcome=success steps=92 mods=0 time=4.0s
[info] Using default task order for benchmark 'libero_goal_object_ood' (18 tasks).
[Warning]: datasets path /home/redafrix/LIBERO-PRO/libero/libero/../datasets does not exist!
[Warning]: datasets path /home/redafrix/LIBERO-PRO/libero/libero/../datasets does not exist!
[episode] policy=simvla_only ep=6 seed=206 outcome=success steps=83 mods=0 time=3.7s
[info] Using default task order for benchmark 'libero_goal_object_ood' (18 tasks).
[Warning]: datasets path /home/redafrix/LIBERO-PRO/libero/libero/../datasets does not exist!
[Warning]: datasets path /home/redafrix/LIBERO-PRO/libero/libero/../datasets does not exist!
[episode] policy=simvla_only ep=7 seed=207 outcome=success steps=91 mods=0 time=4.0s
[info] Using default task order for benchmark 'libero_goal_object_ood' (18 tasks).
[Warning]: datasets path /home/redafrix/LIBERO-PRO/libero/libero/../datasets does not exist!
[Warning]: datasets path /home/redafrix/LIBERO-PRO/libero/libero/../datasets does not exist!
[episode] policy=simvla_only ep=8 seed=208 outcome=failure_or_timeout steps=300 mods=0 time=10.0s
[info] Using default task order for benchmark 'libero_goal_object_ood' (18 tasks).
[Warning]: datasets path /home/redafrix/LIBERO-PRO/libero/libero/../datasets does not exist!
[Warning]: datasets path /home/redafrix/LIBERO-PRO/libero/libero/../datasets does not exist!
[episode] policy=simvla_only ep=9 seed=209 outcome=success steps=85 mods=0 time=3.8s
[run_all] /home/redafrix/miniconda3/envs/simvla/bin/python /home/dean/fiper_uncertainty_collection/realtime_deployment/ood_gate_experiments_20260610/src/run_policy_matrix_selected_cap.py --config /home/dean/fiper_uncertainty_collection/realtime_deployment/ood_gate_experiments_20260610/selected_cap_t03_c04_10ep_20260610/configs/task7_risk_topk8_selected_cap.json --policy risk_topk8
[robosuite WARNING] No private macro file found! (__init__.py:7)
[robosuite WARNING] It is recommended to use a private macro file (__init__.py:8)
[robosuite WARNING] To setup, run: python /home/dean/.local/lib/python3.10/site-packages/robosuite/scripts/setup_macros.py (__init__.py:9)
Gym has been unmaintained since 2022 and does not support NumPy 2.0 amongst other critical functionality.
Please upgrade to Gymnasium, the maintained drop-in replacement of Gym, or contact the authors of your software and request that they upgrade.
See the migration guide at https://gymnasium.farama.org/introduction/migration_guide/ for additional information.
[startup] policy=risk_topk8 config=/home/dean/fiper_uncertainty_collection/realtime_deployment/ood_gate_experiments_20260610/selected_cap_t03_c04_10ep_20260610/configs/task7_risk_topk8_selected_cap.json checkpoint=/home/dean/checkpoints/simvla_libero_uncertainty/ckpt-60000
`torch_dtype` is deprecated! Use `dtype` instead!
/home/redafrix/miniconda3/envs/simvla/lib/python3.10/site-packages/torch/nn/modules/linear.py:125: UserWarning: Deterministic behavior was enabled with either `torch.use_deterministic_algorithms(True)` or `at::Context::setDeterministicAlgorithms(true)`, but this operation is not deterministic because it uses CuBLAS and you have CUDA >= 10.2. To enable deterministic behavior in this case, you must set an environment variable before running your PyTorch application: CUBLAS_WORKSPACE_CONFIG=:4096:8 or CUBLAS_WORKSPACE_CONFIG=:16:8. For more information, go to https://docs.nvidia.com/cuda/cublas/index.html#results-reproducibility (Triggered internally at /pytorch/aten/src/ATen/Context.cpp:217.)
  return F.linear(input, self.weight, self.bias)
/home/redafrix/miniconda3/envs/simvla/lib/python3.10/site-packages/transformers/models/llama/modeling_llama.py:101: UserWarning: Deterministic behavior was enabled with either `torch.use_deterministic_algorithms(True)` or `at::Context::setDeterministicAlgorithms(true)`, but this operation is not deterministic because it uses CuBLAS and you have CUDA >= 10.2. To enable deterministic behavior in this case, you must set an environment variable before running your PyTorch application: CUBLAS_WORKSPACE_CONFIG=:4096:8 or CUBLAS_WORKSPACE_CONFIG=:16:8. For more information, go to https://docs.nvidia.com/cuda/cublas/index.html#results-reproducibility (Triggered internally at /pytorch/aten/src/ATen/Context.cpp:217.)
  freqs = (inv_freq_expanded.float() @ position_ids_expanded.float()).transpose(1, 2)
/home/redafrix/miniconda3/envs/simvla/lib/python3.10/site-packages/transformers/integrations/sdpa_attention.py:96: UserWarning: Deterministic behavior was enabled with either `torch.use_deterministic_algorithms(True)` or `at::Context::setDeterministicAlgorithms(true)`, but this operation is not deterministic because it uses CuBLAS and you have CUDA >= 10.2. To enable deterministic behavior in this case, you must set an environment variable before running your PyTorch application: CUBLAS_WORKSPACE_CONFIG=:4096:8 or CUBLAS_WORKSPACE_CONFIG=:16:8. For more information, go to https://docs.nvidia.com/cuda/cublas/index.html#results-reproducibility (Triggered internally at /pytorch/aten/src/ATen/Context.cpp:217.)
  attn_output = torch.nn.functional.scaled_dot_product_attention(
[LiberoJointActionSpace] Loaded state norm stats, dim=8
[LiberoJointActionSpace] Loaded actions norm stats, dim=7
[info] Using default task order for benchmark 'libero_goal_object_ood' (18 tasks).
[Warning]: datasets path /home/redafrix/LIBERO-PRO/libero/libero/../datasets does not exist!
[Warning]: datasets path /home/redafrix/LIBERO-PRO/libero/libero/../datasets does not exist!
[episode] policy=risk_topk8 ep=0 seed=200 outcome=success steps=91 mods=0 time=11.7s
[info] Using default task order for benchmark 'libero_goal_object_ood' (18 tasks).
[Warning]: datasets path /home/redafrix/LIBERO-PRO/libero/libero/../datasets does not exist!
[Warning]: datasets path /home/redafrix/LIBERO-PRO/libero/libero/../datasets does not exist!
[episode] policy=risk_topk8 ep=1 seed=201 outcome=failure_or_timeout steps=300 mods=0 time=31.2s
[info] Using default task order for benchmark 'libero_goal_object_ood' (18 tasks).
[Warning]: datasets path /home/redafrix/LIBERO-PRO/libero/libero/../datasets does not exist!
[Warning]: datasets path /home/redafrix/LIBERO-PRO/libero/libero/../datasets does not exist!
[episode] policy=risk_topk8 ep=2 seed=202 outcome=success steps=93 mods=0 time=11.1s
[info] Using default task order for benchmark 'libero_goal_object_ood' (18 tasks).
[Warning]: datasets path /home/redafrix/LIBERO-PRO/libero/libero/../datasets does not exist!
[Warning]: datasets path /home/redafrix/LIBERO-PRO/libero/libero/../datasets does not exist!
[episode] policy=risk_topk8 ep=3 seed=203 outcome=success steps=81 mods=0 time=10.1s
[info] Using default task order for benchmark 'libero_goal_object_ood' (18 tasks).
[Warning]: datasets path /home/redafrix/LIBERO-PRO/libero/libero/../datasets does not exist!
[Warning]: datasets path /home/redafrix/LIBERO-PRO/libero/libero/../datasets does not exist!
[episode] policy=risk_topk8 ep=4 seed=204 outcome=success steps=87 mods=0 time=10.2s
[info] Using default task order for benchmark 'libero_goal_object_ood' (18 tasks).
[Warning]: datasets path /home/redafrix/LIBERO-PRO/libero/libero/../datasets does not exist!
[Warning]: datasets path /home/redafrix/LIBERO-PRO/libero/libero/../datasets does not exist!
[episode] policy=risk_topk8 ep=5 seed=205 outcome=success steps=91 mods=1 time=11.1s
[info] Using default task order for benchmark 'libero_goal_object_ood' (18 tasks).
[Warning]: datasets path /home/redafrix/LIBERO-PRO/libero/libero/../datasets does not exist!
[Warning]: datasets path /home/redafrix/LIBERO-PRO/libero/libero/../datasets does not exist!
[episode] policy=risk_topk8 ep=6 seed=206 outcome=success steps=83 mods=0 time=10.2s
[info] Using default task order for benchmark 'libero_goal_object_ood' (18 tasks).
[Warning]: datasets path /home/redafrix/LIBERO-PRO/libero/libero/../datasets does not exist!
[Warning]: datasets path /home/redafrix/LIBERO-PRO/libero/libero/../datasets does not exist!
[episode] policy=risk_topk8 ep=7 seed=207 outcome=success steps=89 mods=1 time=10.2s
[info] Using default task order for benchmark 'libero_goal_object_ood' (18 tasks).
[Warning]: datasets path /home/redafrix/LIBERO-PRO/libero/libero/../datasets does not exist!
[Warning]: datasets path /home/redafrix/LIBERO-PRO/libero/libero/../datasets does not exist!
[episode] policy=risk_topk8 ep=8 seed=208 outcome=failure_or_timeout steps=300 mods=0 time=31.5s
[info] Using default task order for benchmark 'libero_goal_object_ood' (18 tasks).
[Warning]: datasets path /home/redafrix/LIBERO-PRO/libero/libero/../datasets does not exist!
[Warning]: datasets path /home/redafrix/LIBERO-PRO/libero/libero/../datasets does not exist!
[episode] policy=risk_topk8 ep=9 seed=209 outcome=success steps=85 mods=0 time=10.2s
[run_all] /home/redafrix/miniconda3/envs/simvla/bin/python /home/dean/fiper_uncertainty_collection/realtime_deployment/ood_gate_experiments_20260610/src/run_policy_matrix_selected_cap.py --config /home/dean/fiper_uncertainty_collection/realtime_deployment/ood_gate_experiments_20260610/selected_cap_t03_c04_10ep_20260610/configs/task8_modified_simvla.json --policy simvla_only
[robosuite WARNING] No private macro file found! (__init__.py:7)
[robosuite WARNING] It is recommended to use a private macro file (__init__.py:8)
[robosuite WARNING] To setup, run: python /home/dean/.local/lib/python3.10/site-packages/robosuite/scripts/setup_macros.py (__init__.py:9)
Gym has been unmaintained since 2022 and does not support NumPy 2.0 amongst other critical functionality.
Please upgrade to Gymnasium, the maintained drop-in replacement of Gym, or contact the authors of your software and request that they upgrade.
See the migration guide at https://gymnasium.farama.org/introduction/migration_guide/ for additional information.
[startup] policy=simvla_only config=/home/dean/fiper_uncertainty_collection/realtime_deployment/ood_gate_experiments_20260610/selected_cap_t03_c04_10ep_20260610/configs/task8_modified_simvla.json checkpoint=/home/dean/checkpoints/simvla_libero_uncertainty/ckpt-60000
`torch_dtype` is deprecated! Use `dtype` instead!
/home/redafrix/miniconda3/envs/simvla/lib/python3.10/site-packages/torch/nn/modules/linear.py:125: UserWarning: Deterministic behavior was enabled with either `torch.use_deterministic_algorithms(True)` or `at::Context::setDeterministicAlgorithms(true)`, but this operation is not deterministic because it uses CuBLAS and you have CUDA >= 10.2. To enable deterministic behavior in this case, you must set an environment variable before running your PyTorch application: CUBLAS_WORKSPACE_CONFIG=:4096:8 or CUBLAS_WORKSPACE_CONFIG=:16:8. For more information, go to https://docs.nvidia.com/cuda/cublas/index.html#results-reproducibility (Triggered internally at /pytorch/aten/src/ATen/Context.cpp:217.)
  return F.linear(input, self.weight, self.bias)
/home/redafrix/miniconda3/envs/simvla/lib/python3.10/site-packages/transformers/models/llama/modeling_llama.py:101: UserWarning: Deterministic behavior was enabled with either `torch.use_deterministic_algorithms(True)` or `at::Context::setDeterministicAlgorithms(true)`, but this operation is not deterministic because it uses CuBLAS and you have CUDA >= 10.2. To enable deterministic behavior in this case, you must set an environment variable before running your PyTorch application: CUBLAS_WORKSPACE_CONFIG=:4096:8 or CUBLAS_WORKSPACE_CONFIG=:16:8. For more information, go to https://docs.nvidia.com/cuda/cublas/index.html#results-reproducibility (Triggered internally at /pytorch/aten/src/ATen/Context.cpp:217.)
  freqs = (inv_freq_expanded.float() @ position_ids_expanded.float()).transpose(1, 2)
/home/redafrix/miniconda3/envs/simvla/lib/python3.10/site-packages/transformers/integrations/sdpa_attention.py:96: UserWarning: Deterministic behavior was enabled with either `torch.use_deterministic_algorithms(True)` or `at::Context::setDeterministicAlgorithms(true)`, but this operation is not deterministic because it uses CuBLAS and you have CUDA >= 10.2. To enable deterministic behavior in this case, you must set an environment variable before running your PyTorch application: CUBLAS_WORKSPACE_CONFIG=:4096:8 or CUBLAS_WORKSPACE_CONFIG=:16:8. For more information, go to https://docs.nvidia.com/cuda/cublas/index.html#results-reproducibility (Triggered internally at /pytorch/aten/src/ATen/Context.cpp:217.)
  attn_output = torch.nn.functional.scaled_dot_product_attention(
[LiberoJointActionSpace] Loaded state norm stats, dim=8
[LiberoJointActionSpace] Loaded actions norm stats, dim=7
[info] Using default task order for benchmark 'libero_goal_object_ood' (18 tasks).
[Warning]: datasets path /home/redafrix/LIBERO-PRO/libero/libero/../datasets does not exist!
[Warning]: datasets path /home/redafrix/LIBERO-PRO/libero/libero/../datasets does not exist!
[episode] policy=simvla_only ep=0 seed=200 outcome=success steps=96 mods=0 time=5.3s
[info] Using default task order for benchmark 'libero_goal_object_ood' (18 tasks).
[Warning]: datasets path /home/redafrix/LIBERO-PRO/libero/libero/../datasets does not exist!
[Warning]: datasets path /home/redafrix/LIBERO-PRO/libero/libero/../datasets does not exist!
[episode] policy=simvla_only ep=1 seed=201 outcome=success steps=88 mods=0 time=4.0s
[info] Using default task order for benchmark 'libero_goal_object_ood' (18 tasks).
[Warning]: datasets path /home/redafrix/LIBERO-PRO/libero/libero/../datasets does not exist!
[Warning]: datasets path /home/redafrix/LIBERO-PRO/libero/libero/../datasets does not exist!
[episode] policy=simvla_only ep=2 seed=202 outcome=success steps=89 mods=0 time=4.0s
[info] Using default task order for benchmark 'libero_goal_object_ood' (18 tasks).
[Warning]: datasets path /home/redafrix/LIBERO-PRO/libero/libero/../datasets does not exist!
[Warning]: datasets path /home/redafrix/LIBERO-PRO/libero/libero/../datasets does not exist!
[episode] policy=simvla_only ep=3 seed=203 outcome=success steps=78 mods=0 time=3.7s
[info] Using default task order for benchmark 'libero_goal_object_ood' (18 tasks).
[Warning]: datasets path /home/redafrix/LIBERO-PRO/libero/libero/../datasets does not exist!
[Warning]: datasets path /home/redafrix/LIBERO-PRO/libero/libero/../datasets does not exist!
[episode] policy=simvla_only ep=4 seed=204 outcome=success steps=86 mods=0 time=4.0s
[info] Using default task order for benchmark 'libero_goal_object_ood' (18 tasks).
[Warning]: datasets path /home/redafrix/LIBERO-PRO/libero/libero/../datasets does not exist!
[Warning]: datasets path /home/redafrix/LIBERO-PRO/libero/libero/../datasets does not exist!
[episode] policy=simvla_only ep=5 seed=205 outcome=success steps=86 mods=0 time=4.0s
[info] Using default task order for benchmark 'libero_goal_object_ood' (18 tasks).
[Warning]: datasets path /home/redafrix/LIBERO-PRO/libero/libero/../datasets does not exist!
[Warning]: datasets path /home/redafrix/LIBERO-PRO/libero/libero/../datasets does not exist!
[episode] policy=simvla_only ep=6 seed=206 outcome=success steps=86 mods=0 time=4.0s
[info] Using default task order for benchmark 'libero_goal_object_ood' (18 tasks).
[Warning]: datasets path /home/redafrix/LIBERO-PRO/libero/libero/../datasets does not exist!
[Warning]: datasets path /home/redafrix/LIBERO-PRO/libero/libero/../datasets does not exist!
[episode] policy=simvla_only ep=7 seed=207 outcome=success steps=85 mods=0 time=4.0s
[info] Using default task order for benchmark 'libero_goal_object_ood' (18 tasks).
[Warning]: datasets path /home/redafrix/LIBERO-PRO/libero/libero/../datasets does not exist!
[Warning]: datasets path /home/redafrix/LIBERO-PRO/libero/libero/../datasets does not exist!
[episode] policy=simvla_only ep=8 seed=208 outcome=success steps=85 mods=0 time=3.9s
[info] Using default task order for benchmark 'libero_goal_object_ood' (18 tasks).
[Warning]: datasets path /home/redafrix/LIBERO-PRO/libero/libero/../datasets does not exist!
[Warning]: datasets path /home/redafrix/LIBERO-PRO/libero/libero/../datasets does not exist!
[episode] policy=simvla_only ep=9 seed=209 outcome=success steps=83 mods=0 time=4.0s
[run_all] /home/redafrix/miniconda3/envs/simvla/bin/python /home/dean/fiper_uncertainty_collection/realtime_deployment/ood_gate_experiments_20260610/src/run_policy_matrix_selected_cap.py --config /home/dean/fiper_uncertainty_collection/realtime_deployment/ood_gate_experiments_20260610/selected_cap_t03_c04_10ep_20260610/configs/task8_risk_topk8_selected_cap.json --policy risk_topk8
[robosuite WARNING] No private macro file found! (__init__.py:7)
[robosuite WARNING] It is recommended to use a private macro file (__init__.py:8)
[robosuite WARNING] To setup, run: python /home/dean/.local/lib/python3.10/site-packages/robosuite/scripts/setup_macros.py (__init__.py:9)
Gym has been unmaintained since 2022 and does not support NumPy 2.0 amongst other critical functionality.
Please upgrade to Gymnasium, the maintained drop-in replacement of Gym, or contact the authors of your software and request that they upgrade.
See the migration guide at https://gymnasium.farama.org/introduction/migration_guide/ for additional information.
[startup] policy=risk_topk8 config=/home/dean/fiper_uncertainty_collection/realtime_deployment/ood_gate_experiments_20260610/selected_cap_t03_c04_10ep_20260610/configs/task8_risk_topk8_selected_cap.json checkpoint=/home/dean/checkpoints/simvla_libero_uncertainty/ckpt-60000
`torch_dtype` is deprecated! Use `dtype` instead!
/home/redafrix/miniconda3/envs/simvla/lib/python3.10/site-packages/torch/nn/modules/linear.py:125: UserWarning: Deterministic behavior was enabled with either `torch.use_deterministic_algorithms(True)` or `at::Context::setDeterministicAlgorithms(true)`, but this operation is not deterministic because it uses CuBLAS and you have CUDA >= 10.2. To enable deterministic behavior in this case, you must set an environment variable before running your PyTorch application: CUBLAS_WORKSPACE_CONFIG=:4096:8 or CUBLAS_WORKSPACE_CONFIG=:16:8. For more information, go to https://docs.nvidia.com/cuda/cublas/index.html#results-reproducibility (Triggered internally at /pytorch/aten/src/ATen/Context.cpp:217.)
  return F.linear(input, self.weight, self.bias)
/home/redafrix/miniconda3/envs/simvla/lib/python3.10/site-packages/transformers/models/llama/modeling_llama.py:101: UserWarning: Deterministic behavior was enabled with either `torch.use_deterministic_algorithms(True)` or `at::Context::setDeterministicAlgorithms(true)`, but this operation is not deterministic because it uses CuBLAS and you have CUDA >= 10.2. To enable deterministic behavior in this case, you must set an environment variable before running your PyTorch application: CUBLAS_WORKSPACE_CONFIG=:4096:8 or CUBLAS_WORKSPACE_CONFIG=:16:8. For more information, go to https://docs.nvidia.com/cuda/cublas/index.html#results-reproducibility (Triggered internally at /pytorch/aten/src/ATen/Context.cpp:217.)
  freqs = (inv_freq_expanded.float() @ position_ids_expanded.float()).transpose(1, 2)
/home/redafrix/miniconda3/envs/simvla/lib/python3.10/site-packages/transformers/integrations/sdpa_attention.py:96: UserWarning: Deterministic behavior was enabled with either `torch.use_deterministic_algorithms(True)` or `at::Context::setDeterministicAlgorithms(true)`, but this operation is not deterministic because it uses CuBLAS and you have CUDA >= 10.2. To enable deterministic behavior in this case, you must set an environment variable before running your PyTorch application: CUBLAS_WORKSPACE_CONFIG=:4096:8 or CUBLAS_WORKSPACE_CONFIG=:16:8. For more information, go to https://docs.nvidia.com/cuda/cublas/index.html#results-reproducibility (Triggered internally at /pytorch/aten/src/ATen/Context.cpp:217.)
  attn_output = torch.nn.functional.scaled_dot_product_attention(
[LiberoJointActionSpace] Loaded state norm stats, dim=8
[LiberoJointActionSpace] Loaded actions norm stats, dim=7
[info] Using default task order for benchmark 'libero_goal_object_ood' (18 tasks).
[Warning]: datasets path /home/redafrix/LIBERO-PRO/libero/libero/../datasets does not exist!
[Warning]: datasets path /home/redafrix/LIBERO-PRO/libero/libero/../datasets does not exist!
[episode] policy=risk_topk8 ep=0 seed=200 outcome=success steps=97 mods=1 time=12.2s
[info] Using default task order for benchmark 'libero_goal_object_ood' (18 tasks).
[Warning]: datasets path /home/redafrix/LIBERO-PRO/libero/libero/../datasets does not exist!
[Warning]: datasets path /home/redafrix/LIBERO-PRO/libero/libero/../datasets does not exist!
[episode] policy=risk_topk8 ep=1 seed=201 outcome=success steps=88 mods=0 time=10.2s
[info] Using default task order for benchmark 'libero_goal_object_ood' (18 tasks).
[Warning]: datasets path /home/redafrix/LIBERO-PRO/libero/libero/../datasets does not exist!
[Warning]: datasets path /home/redafrix/LIBERO-PRO/libero/libero/../datasets does not exist!
[episode] policy=risk_topk8 ep=2 seed=202 outcome=success steps=89 mods=0 time=10.3s
[info] Using default task order for benchmark 'libero_goal_object_ood' (18 tasks).
[Warning]: datasets path /home/redafrix/LIBERO-PRO/libero/libero/../datasets does not exist!
[Warning]: datasets path /home/redafrix/LIBERO-PRO/libero/libero/../datasets does not exist!
[episode] policy=risk_topk8 ep=3 seed=203 outcome=success steps=78 mods=0 time=9.3s
[info] Using default task order for benchmark 'libero_goal_object_ood' (18 tasks).
[Warning]: datasets path /home/redafrix/LIBERO-PRO/libero/libero/../datasets does not exist!
[Warning]: datasets path /home/redafrix/LIBERO-PRO/libero/libero/../datasets does not exist!
[episode] policy=risk_topk8 ep=4 seed=204 outcome=success steps=86 mods=0 time=10.3s
[info] Using default task order for benchmark 'libero_goal_object_ood' (18 tasks).
[Warning]: datasets path /home/redafrix/LIBERO-PRO/libero/libero/../datasets does not exist!
[Warning]: datasets path /home/redafrix/LIBERO-PRO/libero/libero/../datasets does not exist!
[episode] policy=risk_topk8 ep=5 seed=205 outcome=success steps=86 mods=0 time=10.4s
[info] Using default task order for benchmark 'libero_goal_object_ood' (18 tasks).
[Warning]: datasets path /home/redafrix/LIBERO-PRO/libero/libero/../datasets does not exist!
[Warning]: datasets path /home/redafrix/LIBERO-PRO/libero/libero/../datasets does not exist!
[episode] policy=risk_topk8 ep=6 seed=206 outcome=success steps=86 mods=0 time=10.4s
[info] Using default task order for benchmark 'libero_goal_object_ood' (18 tasks).
[Warning]: datasets path /home/redafrix/LIBERO-PRO/libero/libero/../datasets does not exist!
[Warning]: datasets path /home/redafrix/LIBERO-PRO/libero/libero/../datasets does not exist!
[episode] policy=risk_topk8 ep=7 seed=207 outcome=success steps=85 mods=0 time=10.4s
[info] Using default task order for benchmark 'libero_goal_object_ood' (18 tasks).
[Warning]: datasets path /home/redafrix/LIBERO-PRO/libero/libero/../datasets does not exist!
[Warning]: datasets path /home/redafrix/LIBERO-PRO/libero/libero/../datasets does not exist!
[episode] policy=risk_topk8 ep=8 seed=208 outcome=success steps=85 mods=0 time=10.4s
[info] Using default task order for benchmark 'libero_goal_object_ood' (18 tasks).
[Warning]: datasets path /home/redafrix/LIBERO-PRO/libero/libero/../datasets does not exist!
[Warning]: datasets path /home/redafrix/LIBERO-PRO/libero/libero/../datasets does not exist!
[episode] policy=risk_topk8 ep=9 seed=209 outcome=success steps=83 mods=0 time=10.4s
[run_all] /home/redafrix/miniconda3/envs/simvla/bin/python /home/dean/fiper_uncertainty_collection/realtime_deployment/ood_gate_experiments_20260610/src/run_policy_matrix_selected_cap.py --config /home/dean/fiper_uncertainty_collection/realtime_deployment/ood_gate_experiments_20260610/selected_cap_t03_c04_10ep_20260610/configs/task9_modified_simvla.json --policy simvla_only
[robosuite WARNING] No private macro file found! (__init__.py:7)
[robosuite WARNING] It is recommended to use a private macro file (__init__.py:8)
[robosuite WARNING] To setup, run: python /home/dean/.local/lib/python3.10/site-packages/robosuite/scripts/setup_macros.py (__init__.py:9)
Gym has been unmaintained since 2022 and does not support NumPy 2.0 amongst other critical functionality.
Please upgrade to Gymnasium, the maintained drop-in replacement of Gym, or contact the authors of your software and request that they upgrade.
See the migration guide at https://gymnasium.farama.org/introduction/migration_guide/ for additional information.
[startup] policy=simvla_only config=/home/dean/fiper_uncertainty_collection/realtime_deployment/ood_gate_experiments_20260610/selected_cap_t03_c04_10ep_20260610/configs/task9_modified_simvla.json checkpoint=/home/dean/checkpoints/simvla_libero_uncertainty/ckpt-60000
`torch_dtype` is deprecated! Use `dtype` instead!
/home/redafrix/miniconda3/envs/simvla/lib/python3.10/site-packages/torch/nn/modules/linear.py:125: UserWarning: Deterministic behavior was enabled with either `torch.use_deterministic_algorithms(True)` or `at::Context::setDeterministicAlgorithms(true)`, but this operation is not deterministic because it uses CuBLAS and you have CUDA >= 10.2. To enable deterministic behavior in this case, you must set an environment variable before running your PyTorch application: CUBLAS_WORKSPACE_CONFIG=:4096:8 or CUBLAS_WORKSPACE_CONFIG=:16:8. For more information, go to https://docs.nvidia.com/cuda/cublas/index.html#results-reproducibility (Triggered internally at /pytorch/aten/src/ATen/Context.cpp:217.)
  return F.linear(input, self.weight, self.bias)
/home/redafrix/miniconda3/envs/simvla/lib/python3.10/site-packages/transformers/models/llama/modeling_llama.py:101: UserWarning: Deterministic behavior was enabled with either `torch.use_deterministic_algorithms(True)` or `at::Context::setDeterministicAlgorithms(true)`, but this operation is not deterministic because it uses CuBLAS and you have CUDA >= 10.2. To enable deterministic behavior in this case, you must set an environment variable before running your PyTorch application: CUBLAS_WORKSPACE_CONFIG=:4096:8 or CUBLAS_WORKSPACE_CONFIG=:16:8. For more information, go to https://docs.nvidia.com/cuda/cublas/index.html#results-reproducibility (Triggered internally at /pytorch/aten/src/ATen/Context.cpp:217.)
  freqs = (inv_freq_expanded.float() @ position_ids_expanded.float()).transpose(1, 2)
/home/redafrix/miniconda3/envs/simvla/lib/python3.10/site-packages/transformers/integrations/sdpa_attention.py:96: UserWarning: Deterministic behavior was enabled with either `torch.use_deterministic_algorithms(True)` or `at::Context::setDeterministicAlgorithms(true)`, but this operation is not deterministic because it uses CuBLAS and you have CUDA >= 10.2. To enable deterministic behavior in this case, you must set an environment variable before running your PyTorch application: CUBLAS_WORKSPACE_CONFIG=:4096:8 or CUBLAS_WORKSPACE_CONFIG=:16:8. For more information, go to https://docs.nvidia.com/cuda/cublas/index.html#results-reproducibility (Triggered internally at /pytorch/aten/src/ATen/Context.cpp:217.)
  attn_output = torch.nn.functional.scaled_dot_product_attention(
[LiberoJointActionSpace] Loaded state norm stats, dim=8
[LiberoJointActionSpace] Loaded actions norm stats, dim=7
[info] Using default task order for benchmark 'libero_goal_object_ood' (18 tasks).
[Warning]: datasets path /home/redafrix/LIBERO-PRO/libero/libero/../datasets does not exist!
[Warning]: datasets path /home/redafrix/LIBERO-PRO/libero/libero/../datasets does not exist!
[episode] policy=simvla_only ep=0 seed=200 outcome=success steps=88 mods=0 time=4.6s
[info] Using default task order for benchmark 'libero_goal_object_ood' (18 tasks).
[Warning]: datasets path /home/redafrix/LIBERO-PRO/libero/libero/../datasets does not exist!
[Warning]: datasets path /home/redafrix/LIBERO-PRO/libero/libero/../datasets does not exist!
[episode] policy=simvla_only ep=1 seed=201 outcome=success steps=84 mods=0 time=3.8s
[info] Using default task order for benchmark 'libero_goal_object_ood' (18 tasks).
[Warning]: datasets path /home/redafrix/LIBERO-PRO/libero/libero/../datasets does not exist!
[Warning]: datasets path /home/redafrix/LIBERO-PRO/libero/libero/../datasets does not exist!
[episode] policy=simvla_only ep=2 seed=202 outcome=success steps=85 mods=0 time=3.8s
[info] Using default task order for benchmark 'libero_goal_object_ood' (18 tasks).
[Warning]: datasets path /home/redafrix/LIBERO-PRO/libero/libero/../datasets does not exist!
[Warning]: datasets path /home/redafrix/LIBERO-PRO/libero/libero/../datasets does not exist!
[episode] policy=simvla_only ep=3 seed=203 outcome=success steps=86 mods=0 time=3.9s
[info] Using default task order for benchmark 'libero_goal_object_ood' (18 tasks).
[Warning]: datasets path /home/redafrix/LIBERO-PRO/libero/libero/../datasets does not exist!
[Warning]: datasets path /home/redafrix/LIBERO-PRO/libero/libero/../datasets does not exist!
[episode] policy=simvla_only ep=4 seed=204 outcome=success steps=90 mods=0 time=3.8s
[info] Using default task order for benchmark 'libero_goal_object_ood' (18 tasks).
[Warning]: datasets path /home/redafrix/LIBERO-PRO/libero/libero/../datasets does not exist!
[Warning]: datasets path /home/redafrix/LIBERO-PRO/libero/libero/../datasets does not exist!
[episode] policy=simvla_only ep=5 seed=205 outcome=success steps=89 mods=0 time=3.9s
[info] Using default task order for benchmark 'libero_goal_object_ood' (18 tasks).
[Warning]: datasets path /home/redafrix/LIBERO-PRO/libero/libero/../datasets does not exist!
[Warning]: datasets path /home/redafrix/LIBERO-PRO/libero/libero/../datasets does not exist!
[episode] policy=simvla_only ep=6 seed=206 outcome=success steps=79 mods=0 time=3.6s
[info] Using default task order for benchmark 'libero_goal_object_ood' (18 tasks).
[Warning]: datasets path /home/redafrix/LIBERO-PRO/libero/libero/../datasets does not exist!
[Warning]: datasets path /home/redafrix/LIBERO-PRO/libero/libero/../datasets does not exist!
[episode] policy=simvla_only ep=7 seed=207 outcome=success steps=85 mods=0 time=3.8s
[info] Using default task order for benchmark 'libero_goal_object_ood' (18 tasks).
[Warning]: datasets path /home/redafrix/LIBERO-PRO/libero/libero/../datasets does not exist!
[Warning]: datasets path /home/redafrix/LIBERO-PRO/libero/libero/../datasets does not exist!
[episode] policy=simvla_only ep=8 seed=208 outcome=success steps=81 mods=0 time=3.8s
[info] Using default task order for benchmark 'libero_goal_object_ood' (18 tasks).
[Warning]: datasets path /home/redafrix/LIBERO-PRO/libero/libero/../datasets does not exist!
[Warning]: datasets path /home/redafrix/LIBERO-PRO/libero/libero/../datasets does not exist!
[episode] policy=simvla_only ep=9 seed=209 outcome=success steps=80 mods=0 time=3.6s
[run_all] /home/redafrix/miniconda3/envs/simvla/bin/python /home/dean/fiper_uncertainty_collection/realtime_deployment/ood_gate_experiments_20260610/src/run_policy_matrix_selected_cap.py --config /home/dean/fiper_uncertainty_collection/realtime_deployment/ood_gate_experiments_20260610/selected_cap_t03_c04_10ep_20260610/configs/task9_risk_topk8_selected_cap.json --policy risk_topk8
[robosuite WARNING] No private macro file found! (__init__.py:7)
[robosuite WARNING] It is recommended to use a private macro file (__init__.py:8)
[robosuite WARNING] To setup, run: python /home/dean/.local/lib/python3.10/site-packages/robosuite/scripts/setup_macros.py (__init__.py:9)
Gym has been unmaintained since 2022 and does not support NumPy 2.0 amongst other critical functionality.
Please upgrade to Gymnasium, the maintained drop-in replacement of Gym, or contact the authors of your software and request that they upgrade.
See the migration guide at https://gymnasium.farama.org/introduction/migration_guide/ for additional information.
[startup] policy=risk_topk8 config=/home/dean/fiper_uncertainty_collection/realtime_deployment/ood_gate_experiments_20260610/selected_cap_t03_c04_10ep_20260610/configs/task9_risk_topk8_selected_cap.json checkpoint=/home/dean/checkpoints/simvla_libero_uncertainty/ckpt-60000
`torch_dtype` is deprecated! Use `dtype` instead!
/home/redafrix/miniconda3/envs/simvla/lib/python3.10/site-packages/torch/nn/modules/linear.py:125: UserWarning: Deterministic behavior was enabled with either `torch.use_deterministic_algorithms(True)` or `at::Context::setDeterministicAlgorithms(true)`, but this operation is not deterministic because it uses CuBLAS and you have CUDA >= 10.2. To enable deterministic behavior in this case, you must set an environment variable before running your PyTorch application: CUBLAS_WORKSPACE_CONFIG=:4096:8 or CUBLAS_WORKSPACE_CONFIG=:16:8. For more information, go to https://docs.nvidia.com/cuda/cublas/index.html#results-reproducibility (Triggered internally at /pytorch/aten/src/ATen/Context.cpp:217.)
  return F.linear(input, self.weight, self.bias)
/home/redafrix/miniconda3/envs/simvla/lib/python3.10/site-packages/transformers/models/llama/modeling_llama.py:101: UserWarning: Deterministic behavior was enabled with either `torch.use_deterministic_algorithms(True)` or `at::Context::setDeterministicAlgorithms(true)`, but this operation is not deterministic because it uses CuBLAS and you have CUDA >= 10.2. To enable deterministic behavior in this case, you must set an environment variable before running your PyTorch application: CUBLAS_WORKSPACE_CONFIG=:4096:8 or CUBLAS_WORKSPACE_CONFIG=:16:8. For more information, go to https://docs.nvidia.com/cuda/cublas/index.html#results-reproducibility (Triggered internally at /pytorch/aten/src/ATen/Context.cpp:217.)
  freqs = (inv_freq_expanded.float() @ position_ids_expanded.float()).transpose(1, 2)
/home/redafrix/miniconda3/envs/simvla/lib/python3.10/site-packages/transformers/integrations/sdpa_attention.py:96: UserWarning: Deterministic behavior was enabled with either `torch.use_deterministic_algorithms(True)` or `at::Context::setDeterministicAlgorithms(true)`, but this operation is not deterministic because it uses CuBLAS and you have CUDA >= 10.2. To enable deterministic behavior in this case, you must set an environment variable before running your PyTorch application: CUBLAS_WORKSPACE_CONFIG=:4096:8 or CUBLAS_WORKSPACE_CONFIG=:16:8. For more information, go to https://docs.nvidia.com/cuda/cublas/index.html#results-reproducibility (Triggered internally at /pytorch/aten/src/ATen/Context.cpp:217.)
  attn_output = torch.nn.functional.scaled_dot_product_attention(
[LiberoJointActionSpace] Loaded state norm stats, dim=8
[LiberoJointActionSpace] Loaded actions norm stats, dim=7
[info] Using default task order for benchmark 'libero_goal_object_ood' (18 tasks).
[Warning]: datasets path /home/redafrix/LIBERO-PRO/libero/libero/../datasets does not exist!
[Warning]: datasets path /home/redafrix/LIBERO-PRO/libero/libero/../datasets does not exist!
[episode] policy=risk_topk8 ep=0 seed=200 outcome=success steps=89 mods=1 time=10.9s
[info] Using default task order for benchmark 'libero_goal_object_ood' (18 tasks).
[Warning]: datasets path /home/redafrix/LIBERO-PRO/libero/libero/../datasets does not exist!
[Warning]: datasets path /home/redafrix/LIBERO-PRO/libero/libero/../datasets does not exist!
[episode] policy=risk_topk8 ep=1 seed=201 outcome=success steps=82 mods=1 time=10.1s
[info] Using default task order for benchmark 'libero_goal_object_ood' (18 tasks).
[Warning]: datasets path /home/redafrix/LIBERO-PRO/libero/libero/../datasets does not exist!
[Warning]: datasets path /home/redafrix/LIBERO-PRO/libero/libero/../datasets does not exist!
[episode] policy=risk_topk8 ep=2 seed=202 outcome=success steps=84 mods=1 time=10.1s
[info] Using default task order for benchmark 'libero_goal_object_ood' (18 tasks).
[Warning]: datasets path /home/redafrix/LIBERO-PRO/libero/libero/../datasets does not exist!
[Warning]: datasets path /home/redafrix/LIBERO-PRO/libero/libero/../datasets does not exist!
[episode] policy=risk_topk8 ep=3 seed=203 outcome=success steps=86 mods=0 time=10.3s
[info] Using default task order for benchmark 'libero_goal_object_ood' (18 tasks).
[Warning]: datasets path /home/redafrix/LIBERO-PRO/libero/libero/../datasets does not exist!
[Warning]: datasets path /home/redafrix/LIBERO-PRO/libero/libero/../datasets does not exist!
[episode] policy=risk_topk8 ep=4 seed=204 outcome=success steps=91 mods=2 time=11.2s
[info] Using default task order for benchmark 'libero_goal_object_ood' (18 tasks).
[Warning]: datasets path /home/redafrix/LIBERO-PRO/libero/libero/../datasets does not exist!
[Warning]: datasets path /home/redafrix/LIBERO-PRO/libero/libero/../datasets does not exist!
[episode] policy=risk_topk8 ep=5 seed=205 outcome=success steps=89 mods=2 time=10.2s
[info] Using default task order for benchmark 'libero_goal_object_ood' (18 tasks).
[Warning]: datasets path /home/redafrix/LIBERO-PRO/libero/libero/../datasets does not exist!
[Warning]: datasets path /home/redafrix/LIBERO-PRO/libero/libero/../datasets does not exist!
[episode] policy=risk_topk8 ep=6 seed=206 outcome=success steps=79 mods=1 time=9.3s
[info] Using default task order for benchmark 'libero_goal_object_ood' (18 tasks).
[Warning]: datasets path /home/redafrix/LIBERO-PRO/libero/libero/../datasets does not exist!
[Warning]: datasets path /home/redafrix/LIBERO-PRO/libero/libero/../datasets does not exist!
[episode] policy=risk_topk8 ep=7 seed=207 outcome=success steps=85 mods=0 time=10.2s
[info] Using default task order for benchmark 'libero_goal_object_ood' (18 tasks).
[Warning]: datasets path /home/redafrix/LIBERO-PRO/libero/libero/../datasets does not exist!
[Warning]: datasets path /home/redafrix/LIBERO-PRO/libero/libero/../datasets does not exist!
[episode] policy=risk_topk8 ep=8 seed=208 outcome=success steps=81 mods=0 time=10.2s
[info] Using default task order for benchmark 'libero_goal_object_ood' (18 tasks).
[Warning]: datasets path /home/redafrix/LIBERO-PRO/libero/libero/../datasets does not exist!
[Warning]: datasets path /home/redafrix/LIBERO-PRO/libero/libero/../datasets does not exist!
[episode] policy=risk_topk8 ep=9 seed=209 outcome=success steps=80 mods=1 time=9.3s
[run_all] /home/redafrix/miniconda3/envs/simvla/bin/python /home/dean/fiper_uncertainty_collection/realtime_deployment/ood_gate_experiments_20260610/src/run_policy_matrix_selected_cap.py --config /home/dean/fiper_uncertainty_collection/realtime_deployment/ood_gate_experiments_20260610/selected_cap_t03_c04_10ep_20260610/configs/task10_modified_simvla.json --policy simvla_only
[robosuite WARNING] No private macro file found! (__init__.py:7)
[robosuite WARNING] It is recommended to use a private macro file (__init__.py:8)
[robosuite WARNING] To setup, run: python /home/dean/.local/lib/python3.10/site-packages/robosuite/scripts/setup_macros.py (__init__.py:9)
Gym has been unmaintained since 2022 and does not support NumPy 2.0 amongst other critical functionality.
Please upgrade to Gymnasium, the maintained drop-in replacement of Gym, or contact the authors of your software and request that they upgrade.
See the migration guide at https://gymnasium.farama.org/introduction/migration_guide/ for additional information.
[startup] policy=simvla_only config=/home/dean/fiper_uncertainty_collection/realtime_deployment/ood_gate_experiments_20260610/selected_cap_t03_c04_10ep_20260610/configs/task10_modified_simvla.json checkpoint=/home/dean/checkpoints/simvla_libero_uncertainty/ckpt-60000
`torch_dtype` is deprecated! Use `dtype` instead!
/home/redafrix/miniconda3/envs/simvla/lib/python3.10/site-packages/torch/nn/modules/linear.py:125: UserWarning: Deterministic behavior was enabled with either `torch.use_deterministic_algorithms(True)` or `at::Context::setDeterministicAlgorithms(true)`, but this operation is not deterministic because it uses CuBLAS and you have CUDA >= 10.2. To enable deterministic behavior in this case, you must set an environment variable before running your PyTorch application: CUBLAS_WORKSPACE_CONFIG=:4096:8 or CUBLAS_WORKSPACE_CONFIG=:16:8. For more information, go to https://docs.nvidia.com/cuda/cublas/index.html#results-reproducibility (Triggered internally at /pytorch/aten/src/ATen/Context.cpp:217.)
  return F.linear(input, self.weight, self.bias)
/home/redafrix/miniconda3/envs/simvla/lib/python3.10/site-packages/transformers/models/llama/modeling_llama.py:101: UserWarning: Deterministic behavior was enabled with either `torch.use_deterministic_algorithms(True)` or `at::Context::setDeterministicAlgorithms(true)`, but this operation is not deterministic because it uses CuBLAS and you have CUDA >= 10.2. To enable deterministic behavior in this case, you must set an environment variable before running your PyTorch application: CUBLAS_WORKSPACE_CONFIG=:4096:8 or CUBLAS_WORKSPACE_CONFIG=:16:8. For more information, go to https://docs.nvidia.com/cuda/cublas/index.html#results-reproducibility (Triggered internally at /pytorch/aten/src/ATen/Context.cpp:217.)
  freqs = (inv_freq_expanded.float() @ position_ids_expanded.float()).transpose(1, 2)
/home/redafrix/miniconda3/envs/simvla/lib/python3.10/site-packages/transformers/integrations/sdpa_attention.py:96: UserWarning: Deterministic behavior was enabled with either `torch.use_deterministic_algorithms(True)` or `at::Context::setDeterministicAlgorithms(true)`, but this operation is not deterministic because it uses CuBLAS and you have CUDA >= 10.2. To enable deterministic behavior in this case, you must set an environment variable before running your PyTorch application: CUBLAS_WORKSPACE_CONFIG=:4096:8 or CUBLAS_WORKSPACE_CONFIG=:16:8. For more information, go to https://docs.nvidia.com/cuda/cublas/index.html#results-reproducibility (Triggered internally at /pytorch/aten/src/ATen/Context.cpp:217.)
  attn_output = torch.nn.functional.scaled_dot_product_attention(
[LiberoJointActionSpace] Loaded state norm stats, dim=8
[LiberoJointActionSpace] Loaded actions norm stats, dim=7
[info] Using default task order for benchmark 'libero_goal_object_ood' (18 tasks).
[Warning]: datasets path /home/redafrix/LIBERO-PRO/libero/libero/../datasets does not exist!
[Warning]: datasets path /home/redafrix/LIBERO-PRO/libero/libero/../datasets does not exist!
[episode] policy=simvla_only ep=0 seed=200 outcome=success steps=88 mods=0 time=5.1s
[info] Using default task order for benchmark 'libero_goal_object_ood' (18 tasks).
[Warning]: datasets path /home/redafrix/LIBERO-PRO/libero/libero/../datasets does not exist!
[Warning]: datasets path /home/redafrix/LIBERO-PRO/libero/libero/../datasets does not exist!
[episode] policy=simvla_only ep=1 seed=201 outcome=success steps=81 mods=0 time=3.9s
[info] Using default task order for benchmark 'libero_goal_object_ood' (18 tasks).
[Warning]: datasets path /home/redafrix/LIBERO-PRO/libero/libero/../datasets does not exist!
[Warning]: datasets path /home/redafrix/LIBERO-PRO/libero/libero/../datasets does not exist!
[episode] policy=simvla_only ep=2 seed=202 outcome=success steps=86 mods=0 time=4.0s
[info] Using default task order for benchmark 'libero_goal_object_ood' (18 tasks).
[Warning]: datasets path /home/redafrix/LIBERO-PRO/libero/libero/../datasets does not exist!
[Warning]: datasets path /home/redafrix/LIBERO-PRO/libero/libero/../datasets does not exist!
[episode] policy=simvla_only ep=3 seed=203 outcome=success steps=87 mods=0 time=4.0s
[info] Using default task order for benchmark 'libero_goal_object_ood' (18 tasks).
[Warning]: datasets path /home/redafrix/LIBERO-PRO/libero/libero/../datasets does not exist!
[Warning]: datasets path /home/redafrix/LIBERO-PRO/libero/libero/../datasets does not exist!
[episode] policy=simvla_only ep=4 seed=204 outcome=success steps=85 mods=0 time=4.1s
[info] Using default task order for benchmark 'libero_goal_object_ood' (18 tasks).
[Warning]: datasets path /home/redafrix/LIBERO-PRO/libero/libero/../datasets does not exist!
[Warning]: datasets path /home/redafrix/LIBERO-PRO/libero/libero/../datasets does not exist!
[episode] policy=simvla_only ep=5 seed=205 outcome=success steps=82 mods=0 time=4.0s
[info] Using default task order for benchmark 'libero_goal_object_ood' (18 tasks).
[Warning]: datasets path /home/redafrix/LIBERO-PRO/libero/libero/../datasets does not exist!
[Warning]: datasets path /home/redafrix/LIBERO-PRO/libero/libero/../datasets does not exist!
[episode] policy=simvla_only ep=6 seed=206 outcome=success steps=84 mods=0 time=4.0s
[info] Using default task order for benchmark 'libero_goal_object_ood' (18 tasks).
[Warning]: datasets path /home/redafrix/LIBERO-PRO/libero/libero/../datasets does not exist!
[Warning]: datasets path /home/redafrix/LIBERO-PRO/libero/libero/../datasets does not exist!
[episode] policy=simvla_only ep=7 seed=207 outcome=success steps=83 mods=0 time=4.0s
[info] Using default task order for benchmark 'libero_goal_object_ood' (18 tasks).
[Warning]: datasets path /home/redafrix/LIBERO-PRO/libero/libero/../datasets does not exist!
[Warning]: datasets path /home/redafrix/LIBERO-PRO/libero/libero/../datasets does not exist!
[episode] policy=simvla_only ep=8 seed=208 outcome=success steps=81 mods=0 time=4.0s
[info] Using default task order for benchmark 'libero_goal_object_ood' (18 tasks).
[Warning]: datasets path /home/redafrix/LIBERO-PRO/libero/libero/../datasets does not exist!
[Warning]: datasets path /home/redafrix/LIBERO-PRO/libero/libero/../datasets does not exist!
[episode] policy=simvla_only ep=9 seed=209 outcome=success steps=81 mods=0 time=4.0s
[run_all] /home/redafrix/miniconda3/envs/simvla/bin/python /home/dean/fiper_uncertainty_collection/realtime_deployment/ood_gate_experiments_20260610/src/run_policy_matrix_selected_cap.py --config /home/dean/fiper_uncertainty_collection/realtime_deployment/ood_gate_experiments_20260610/selected_cap_t03_c04_10ep_20260610/configs/task10_risk_topk8_selected_cap.json --policy risk_topk8
[robosuite WARNING] No private macro file found! (__init__.py:7)
[robosuite WARNING] It is recommended to use a private macro file (__init__.py:8)
[robosuite WARNING] To setup, run: python /home/dean/.local/lib/python3.10/site-packages/robosuite/scripts/setup_macros.py (__init__.py:9)
Gym has been unmaintained since 2022 and does not support NumPy 2.0 amongst other critical functionality.
Please upgrade to Gymnasium, the maintained drop-in replacement of Gym, or contact the authors of your software and request that they upgrade.
See the migration guide at https://gymnasium.farama.org/introduction/migration_guide/ for additional information.
[startup] policy=risk_topk8 config=/home/dean/fiper_uncertainty_collection/realtime_deployment/ood_gate_experiments_20260610/selected_cap_t03_c04_10ep_20260610/configs/task10_risk_topk8_selected_cap.json checkpoint=/home/dean/checkpoints/simvla_libero_uncertainty/ckpt-60000
`torch_dtype` is deprecated! Use `dtype` instead!
/home/redafrix/miniconda3/envs/simvla/lib/python3.10/site-packages/torch/nn/modules/linear.py:125: UserWarning: Deterministic behavior was enabled with either `torch.use_deterministic_algorithms(True)` or `at::Context::setDeterministicAlgorithms(true)`, but this operation is not deterministic because it uses CuBLAS and you have CUDA >= 10.2. To enable deterministic behavior in this case, you must set an environment variable before running your PyTorch application: CUBLAS_WORKSPACE_CONFIG=:4096:8 or CUBLAS_WORKSPACE_CONFIG=:16:8. For more information, go to https://docs.nvidia.com/cuda/cublas/index.html#results-reproducibility (Triggered internally at /pytorch/aten/src/ATen/Context.cpp:217.)
  return F.linear(input, self.weight, self.bias)
/home/redafrix/miniconda3/envs/simvla/lib/python3.10/site-packages/transformers/models/llama/modeling_llama.py:101: UserWarning: Deterministic behavior was enabled with either `torch.use_deterministic_algorithms(True)` or `at::Context::setDeterministicAlgorithms(true)`, but this operation is not deterministic because it uses CuBLAS and you have CUDA >= 10.2. To enable deterministic behavior in this case, you must set an environment variable before running your PyTorch application: CUBLAS_WORKSPACE_CONFIG=:4096:8 or CUBLAS_WORKSPACE_CONFIG=:16:8. For more information, go to https://docs.nvidia.com/cuda/cublas/index.html#results-reproducibility (Triggered internally at /pytorch/aten/src/ATen/Context.cpp:217.)
  freqs = (inv_freq_expanded.float() @ position_ids_expanded.float()).transpose(1, 2)
/home/redafrix/miniconda3/envs/simvla/lib/python3.10/site-packages/transformers/integrations/sdpa_attention.py:96: UserWarning: Deterministic behavior was enabled with either `torch.use_deterministic_algorithms(True)` or `at::Context::setDeterministicAlgorithms(true)`, but this operation is not deterministic because it uses CuBLAS and you have CUDA >= 10.2. To enable deterministic behavior in this case, you must set an environment variable before running your PyTorch application: CUBLAS_WORKSPACE_CONFIG=:4096:8 or CUBLAS_WORKSPACE_CONFIG=:16:8. For more information, go to https://docs.nvidia.com/cuda/cublas/index.html#results-reproducibility (Triggered internally at /pytorch/aten/src/ATen/Context.cpp:217.)
  attn_output = torch.nn.functional.scaled_dot_product_attention(
[LiberoJointActionSpace] Loaded state norm stats, dim=8
[LiberoJointActionSpace] Loaded actions norm stats, dim=7
[info] Using default task order for benchmark 'libero_goal_object_ood' (18 tasks).
[Warning]: datasets path /home/redafrix/LIBERO-PRO/libero/libero/../datasets does not exist!
[Warning]: datasets path /home/redafrix/LIBERO-PRO/libero/libero/../datasets does not exist!
[episode] policy=risk_topk8 ep=0 seed=200 outcome=success steps=88 mods=0 time=11.3s
[info] Using default task order for benchmark 'libero_goal_object_ood' (18 tasks).
[Warning]: datasets path /home/redafrix/LIBERO-PRO/libero/libero/../datasets does not exist!
[Warning]: datasets path /home/redafrix/LIBERO-PRO/libero/libero/../datasets does not exist!
[episode] policy=risk_topk8 ep=1 seed=201 outcome=success steps=81 mods=0 time=10.2s
[info] Using default task order for benchmark 'libero_goal_object_ood' (18 tasks).
[Warning]: datasets path /home/redafrix/LIBERO-PRO/libero/libero/../datasets does not exist!
[Warning]: datasets path /home/redafrix/LIBERO-PRO/libero/libero/../datasets does not exist!
[episode] policy=risk_topk8 ep=2 seed=202 outcome=success steps=86 mods=0 time=10.3s
[info] Using default task order for benchmark 'libero_goal_object_ood' (18 tasks).
[Warning]: datasets path /home/redafrix/LIBERO-PRO/libero/libero/../datasets does not exist!
[Warning]: datasets path /home/redafrix/LIBERO-PRO/libero/libero/../datasets does not exist!
[episode] policy=risk_topk8 ep=3 seed=203 outcome=success steps=87 mods=0 time=10.4s
[info] Using default task order for benchmark 'libero_goal_object_ood' (18 tasks).
[Warning]: datasets path /home/redafrix/LIBERO-PRO/libero/libero/../datasets does not exist!
[Warning]: datasets path /home/redafrix/LIBERO-PRO/libero/libero/../datasets does not exist!
[episode] policy=risk_topk8 ep=4 seed=204 outcome=success steps=85 mods=0 time=10.4s
[info] Using default task order for benchmark 'libero_goal_object_ood' (18 tasks).
[Warning]: datasets path /home/redafrix/LIBERO-PRO/libero/libero/../datasets does not exist!
[Warning]: datasets path /home/redafrix/LIBERO-PRO/libero/libero/../datasets does not exist!
[episode] policy=risk_topk8 ep=5 seed=205 outcome=success steps=82 mods=0 time=10.4s
[info] Using default task order for benchmark 'libero_goal_object_ood' (18 tasks).
[Warning]: datasets path /home/redafrix/LIBERO-PRO/libero/libero/../datasets does not exist!
[Warning]: datasets path /home/redafrix/LIBERO-PRO/libero/libero/../datasets does not exist!
[episode] policy=risk_topk8 ep=6 seed=206 outcome=success steps=84 mods=0 time=10.4s
[info] Using default task order for benchmark 'libero_goal_object_ood' (18 tasks).
[Warning]: datasets path /home/redafrix/LIBERO-PRO/libero/libero/../datasets does not exist!
[Warning]: datasets path /home/redafrix/LIBERO-PRO/libero/libero/../datasets does not exist!
[episode] policy=risk_topk8 ep=7 seed=207 outcome=success steps=83 mods=0 time=10.4s
[info] Using default task order for benchmark 'libero_goal_object_ood' (18 tasks).
[Warning]: datasets path /home/redafrix/LIBERO-PRO/libero/libero/../datasets does not exist!
[Warning]: datasets path /home/redafrix/LIBERO-PRO/libero/libero/../datasets does not exist!
[episode] policy=risk_topk8 ep=8 seed=208 outcome=success steps=81 mods=0 time=10.4s
[info] Using default task order for benchmark 'libero_goal_object_ood' (18 tasks).
[Warning]: datasets path /home/redafrix/LIBERO-PRO/libero/libero/../datasets does not exist!
[Warning]: datasets path /home/redafrix/LIBERO-PRO/libero/libero/../datasets does not exist!
[episode] policy=risk_topk8 ep=9 seed=209 outcome=success steps=81 mods=0 time=10.4s
[run_all] /home/redafrix/miniconda3/envs/simvla/bin/python /home/dean/fiper_uncertainty_collection/realtime_deployment/ood_gate_experiments_20260610/src/run_policy_matrix_selected_cap.py --config /home/dean/fiper_uncertainty_collection/realtime_deployment/ood_gate_experiments_20260610/selected_cap_t03_c04_10ep_20260610/configs/task11_modified_simvla.json --policy simvla_only
[robosuite WARNING] No private macro file found! (__init__.py:7)
[robosuite WARNING] It is recommended to use a private macro file (__init__.py:8)
[robosuite WARNING] To setup, run: python /home/dean/.local/lib/python3.10/site-packages/robosuite/scripts/setup_macros.py (__init__.py:9)
Gym has been unmaintained since 2022 and does not support NumPy 2.0 amongst other critical functionality.
Please upgrade to Gymnasium, the maintained drop-in replacement of Gym, or contact the authors of your software and request that they upgrade.
See the migration guide at https://gymnasium.farama.org/introduction/migration_guide/ for additional information.
[startup] policy=simvla_only config=/home/dean/fiper_uncertainty_collection/realtime_deployment/ood_gate_experiments_20260610/selected_cap_t03_c04_10ep_20260610/configs/task11_modified_simvla.json checkpoint=/home/dean/checkpoints/simvla_libero_uncertainty/ckpt-60000
`torch_dtype` is deprecated! Use `dtype` instead!
/home/redafrix/miniconda3/envs/simvla/lib/python3.10/site-packages/torch/nn/modules/linear.py:125: UserWarning: Deterministic behavior was enabled with either `torch.use_deterministic_algorithms(True)` or `at::Context::setDeterministicAlgorithms(true)`, but this operation is not deterministic because it uses CuBLAS and you have CUDA >= 10.2. To enable deterministic behavior in this case, you must set an environment variable before running your PyTorch application: CUBLAS_WORKSPACE_CONFIG=:4096:8 or CUBLAS_WORKSPACE_CONFIG=:16:8. For more information, go to https://docs.nvidia.com/cuda/cublas/index.html#results-reproducibility (Triggered internally at /pytorch/aten/src/ATen/Context.cpp:217.)
  return F.linear(input, self.weight, self.bias)
/home/redafrix/miniconda3/envs/simvla/lib/python3.10/site-packages/transformers/models/llama/modeling_llama.py:101: UserWarning: Deterministic behavior was enabled with either `torch.use_deterministic_algorithms(True)` or `at::Context::setDeterministicAlgorithms(true)`, but this operation is not deterministic because it uses CuBLAS and you have CUDA >= 10.2. To enable deterministic behavior in this case, you must set an environment variable before running your PyTorch application: CUBLAS_WORKSPACE_CONFIG=:4096:8 or CUBLAS_WORKSPACE_CONFIG=:16:8. For more information, go to https://docs.nvidia.com/cuda/cublas/index.html#results-reproducibility (Triggered internally at /pytorch/aten/src/ATen/Context.cpp:217.)
  freqs = (inv_freq_expanded.float() @ position_ids_expanded.float()).transpose(1, 2)
/home/redafrix/miniconda3/envs/simvla/lib/python3.10/site-packages/transformers/integrations/sdpa_attention.py:96: UserWarning: Deterministic behavior was enabled with either `torch.use_deterministic_algorithms(True)` or `at::Context::setDeterministicAlgorithms(true)`, but this operation is not deterministic because it uses CuBLAS and you have CUDA >= 10.2. To enable deterministic behavior in this case, you must set an environment variable before running your PyTorch application: CUBLAS_WORKSPACE_CONFIG=:4096:8 or CUBLAS_WORKSPACE_CONFIG=:16:8. For more information, go to https://docs.nvidia.com/cuda/cublas/index.html#results-reproducibility (Triggered internally at /pytorch/aten/src/ATen/Context.cpp:217.)
  attn_output = torch.nn.functional.scaled_dot_product_attention(
[LiberoJointActionSpace] Loaded state norm stats, dim=8
[LiberoJointActionSpace] Loaded actions norm stats, dim=7
[info] Using default task order for benchmark 'libero_goal_object_ood' (18 tasks).
[Warning]: datasets path /home/redafrix/LIBERO-PRO/libero/libero/../datasets does not exist!
[Warning]: datasets path /home/redafrix/LIBERO-PRO/libero/libero/../datasets does not exist!
[episode] policy=simvla_only ep=0 seed=200 outcome=success steps=93 mods=0 time=5.2s
[info] Using default task order for benchmark 'libero_goal_object_ood' (18 tasks).
[Warning]: datasets path /home/redafrix/LIBERO-PRO/libero/libero/../datasets does not exist!
[Warning]: datasets path /home/redafrix/LIBERO-PRO/libero/libero/../datasets does not exist!
[episode] policy=simvla_only ep=1 seed=201 outcome=success steps=91 mods=0 time=4.2s
[info] Using default task order for benchmark 'libero_goal_object_ood' (18 tasks).
[Warning]: datasets path /home/redafrix/LIBERO-PRO/libero/libero/../datasets does not exist!
[Warning]: datasets path /home/redafrix/LIBERO-PRO/libero/libero/../datasets does not exist!
[episode] policy=simvla_only ep=2 seed=202 outcome=success steps=96 mods=0 time=4.3s
[info] Using default task order for benchmark 'libero_goal_object_ood' (18 tasks).
[Warning]: datasets path /home/redafrix/LIBERO-PRO/libero/libero/../datasets does not exist!
[Warning]: datasets path /home/redafrix/LIBERO-PRO/libero/libero/../datasets does not exist!
[episode] policy=simvla_only ep=3 seed=203 outcome=success steps=88 mods=0 time=4.0s
[info] Using default task order for benchmark 'libero_goal_object_ood' (18 tasks).
[Warning]: datasets path /home/redafrix/LIBERO-PRO/libero/libero/../datasets does not exist!
[Warning]: datasets path /home/redafrix/LIBERO-PRO/libero/libero/../datasets does not exist!
[episode] policy=simvla_only ep=4 seed=204 outcome=success steps=91 mods=0 time=4.2s
[info] Using default task order for benchmark 'libero_goal_object_ood' (18 tasks).
[Warning]: datasets path /home/redafrix/LIBERO-PRO/libero/libero/../datasets does not exist!
[Warning]: datasets path /home/redafrix/LIBERO-PRO/libero/libero/../datasets does not exist!
[episode] policy=simvla_only ep=5 seed=205 outcome=success steps=95 mods=0 time=4.2s
[info] Using default task order for benchmark 'libero_goal_object_ood' (18 tasks).
[Warning]: datasets path /home/redafrix/LIBERO-PRO/libero/libero/../datasets does not exist!
[Warning]: datasets path /home/redafrix/LIBERO-PRO/libero/libero/../datasets does not exist!
[episode] policy=simvla_only ep=6 seed=206 outcome=success steps=94 mods=0 time=4.2s
[info] Using default task order for benchmark 'libero_goal_object_ood' (18 tasks).
[Warning]: datasets path /home/redafrix/LIBERO-PRO/libero/libero/../datasets does not exist!
[Warning]: datasets path /home/redafrix/LIBERO-PRO/libero/libero/../datasets does not exist!
[episode] policy=simvla_only ep=7 seed=207 outcome=success steps=100 mods=0 time=4.3s
[info] Using default task order for benchmark 'libero_goal_object_ood' (18 tasks).
[Warning]: datasets path /home/redafrix/LIBERO-PRO/libero/libero/../datasets does not exist!
[Warning]: datasets path /home/redafrix/LIBERO-PRO/libero/libero/../datasets does not exist!
[episode] policy=simvla_only ep=8 seed=208 outcome=success steps=89 mods=0 time=4.0s
[info] Using default task order for benchmark 'libero_goal_object_ood' (18 tasks).
[Warning]: datasets path /home/redafrix/LIBERO-PRO/libero/libero/../datasets does not exist!
[Warning]: datasets path /home/redafrix/LIBERO-PRO/libero/libero/../datasets does not exist!
[episode] policy=simvla_only ep=9 seed=209 outcome=success steps=96 mods=0 time=4.2s
[run_all] /home/redafrix/miniconda3/envs/simvla/bin/python /home/dean/fiper_uncertainty_collection/realtime_deployment/ood_gate_experiments_20260610/src/run_policy_matrix_selected_cap.py --config /home/dean/fiper_uncertainty_collection/realtime_deployment/ood_gate_experiments_20260610/selected_cap_t03_c04_10ep_20260610/configs/task11_risk_topk8_selected_cap.json --policy risk_topk8
[robosuite WARNING] No private macro file found! (__init__.py:7)
[robosuite WARNING] It is recommended to use a private macro file (__init__.py:8)
[robosuite WARNING] To setup, run: python /home/dean/.local/lib/python3.10/site-packages/robosuite/scripts/setup_macros.py (__init__.py:9)
Gym has been unmaintained since 2022 and does not support NumPy 2.0 amongst other critical functionality.
Please upgrade to Gymnasium, the maintained drop-in replacement of Gym, or contact the authors of your software and request that they upgrade.
See the migration guide at https://gymnasium.farama.org/introduction/migration_guide/ for additional information.
[startup] policy=risk_topk8 config=/home/dean/fiper_uncertainty_collection/realtime_deployment/ood_gate_experiments_20260610/selected_cap_t03_c04_10ep_20260610/configs/task11_risk_topk8_selected_cap.json checkpoint=/home/dean/checkpoints/simvla_libero_uncertainty/ckpt-60000
`torch_dtype` is deprecated! Use `dtype` instead!
/home/redafrix/miniconda3/envs/simvla/lib/python3.10/site-packages/torch/nn/modules/linear.py:125: UserWarning: Deterministic behavior was enabled with either `torch.use_deterministic_algorithms(True)` or `at::Context::setDeterministicAlgorithms(true)`, but this operation is not deterministic because it uses CuBLAS and you have CUDA >= 10.2. To enable deterministic behavior in this case, you must set an environment variable before running your PyTorch application: CUBLAS_WORKSPACE_CONFIG=:4096:8 or CUBLAS_WORKSPACE_CONFIG=:16:8. For more information, go to https://docs.nvidia.com/cuda/cublas/index.html#results-reproducibility (Triggered internally at /pytorch/aten/src/ATen/Context.cpp:217.)
  return F.linear(input, self.weight, self.bias)
/home/redafrix/miniconda3/envs/simvla/lib/python3.10/site-packages/transformers/models/llama/modeling_llama.py:101: UserWarning: Deterministic behavior was enabled with either `torch.use_deterministic_algorithms(True)` or `at::Context::setDeterministicAlgorithms(true)`, but this operation is not deterministic because it uses CuBLAS and you have CUDA >= 10.2. To enable deterministic behavior in this case, you must set an environment variable before running your PyTorch application: CUBLAS_WORKSPACE_CONFIG=:4096:8 or CUBLAS_WORKSPACE_CONFIG=:16:8. For more information, go to https://docs.nvidia.com/cuda/cublas/index.html#results-reproducibility (Triggered internally at /pytorch/aten/src/ATen/Context.cpp:217.)
  freqs = (inv_freq_expanded.float() @ position_ids_expanded.float()).transpose(1, 2)
/home/redafrix/miniconda3/envs/simvla/lib/python3.10/site-packages/transformers/integrations/sdpa_attention.py:96: UserWarning: Deterministic behavior was enabled with either `torch.use_deterministic_algorithms(True)` or `at::Context::setDeterministicAlgorithms(true)`, but this operation is not deterministic because it uses CuBLAS and you have CUDA >= 10.2. To enable deterministic behavior in this case, you must set an environment variable before running your PyTorch application: CUBLAS_WORKSPACE_CONFIG=:4096:8 or CUBLAS_WORKSPACE_CONFIG=:16:8. For more information, go to https://docs.nvidia.com/cuda/cublas/index.html#results-reproducibility (Triggered internally at /pytorch/aten/src/ATen/Context.cpp:217.)
  attn_output = torch.nn.functional.scaled_dot_product_attention(
[LiberoJointActionSpace] Loaded state norm stats, dim=8
[LiberoJointActionSpace] Loaded actions norm stats, dim=7
[info] Using default task order for benchmark 'libero_goal_object_ood' (18 tasks).
[Warning]: datasets path /home/redafrix/LIBERO-PRO/libero/libero/../datasets does not exist!
[Warning]: datasets path /home/redafrix/LIBERO-PRO/libero/libero/../datasets does not exist!
[episode] policy=risk_topk8 ep=0 seed=200 outcome=failure_or_timeout steps=300 mods=2 time=32.5s
[info] Using default task order for benchmark 'libero_goal_object_ood' (18 tasks).
[Warning]: datasets path /home/redafrix/LIBERO-PRO/libero/libero/../datasets does not exist!
[Warning]: datasets path /home/redafrix/LIBERO-PRO/libero/libero/../datasets does not exist!
[episode] policy=risk_topk8 ep=1 seed=201 outcome=success steps=88 mods=3 time=10.3s
[info] Using default task order for benchmark 'libero_goal_object_ood' (18 tasks).
[Warning]: datasets path /home/redafrix/LIBERO-PRO/libero/libero/../datasets does not exist!
[Warning]: datasets path /home/redafrix/LIBERO-PRO/libero/libero/../datasets does not exist!
[episode] policy=risk_topk8 ep=2 seed=202 outcome=success steps=95 mods=1 time=11.4s
[info] Using default task order for benchmark 'libero_goal_object_ood' (18 tasks).
[Warning]: datasets path /home/redafrix/LIBERO-PRO/libero/libero/../datasets does not exist!
[Warning]: datasets path /home/redafrix/LIBERO-PRO/libero/libero/../datasets does not exist!
[episode] policy=risk_topk8 ep=3 seed=203 outcome=success steps=86 mods=1 time=10.3s
[info] Using default task order for benchmark 'libero_goal_object_ood' (18 tasks).
[Warning]: datasets path /home/redafrix/LIBERO-PRO/libero/libero/../datasets does not exist!
[Warning]: datasets path /home/redafrix/LIBERO-PRO/libero/libero/../datasets does not exist!
[episode] policy=risk_topk8 ep=4 seed=204 outcome=success steps=98 mods=1 time=11.4s
[info] Using default task order for benchmark 'libero_goal_object_ood' (18 tasks).
[Warning]: datasets path /home/redafrix/LIBERO-PRO/libero/libero/../datasets does not exist!
[Warning]: datasets path /home/redafrix/LIBERO-PRO/libero/libero/../datasets does not exist!
[episode] policy=risk_topk8 ep=5 seed=205 outcome=success steps=98 mods=1 time=11.4s
[info] Using default task order for benchmark 'libero_goal_object_ood' (18 tasks).
[Warning]: datasets path /home/redafrix/LIBERO-PRO/libero/libero/../datasets does not exist!
[Warning]: datasets path /home/redafrix/LIBERO-PRO/libero/libero/../datasets does not exist!
[episode] policy=risk_topk8 ep=6 seed=206 outcome=success steps=94 mods=1 time=11.4s
[info] Using default task order for benchmark 'libero_goal_object_ood' (18 tasks).
[Warning]: datasets path /home/redafrix/LIBERO-PRO/libero/libero/../datasets does not exist!
[Warning]: datasets path /home/redafrix/LIBERO-PRO/libero/libero/../datasets does not exist!
[episode] policy=risk_topk8 ep=7 seed=207 outcome=success steps=99 mods=1 time=11.4s
[info] Using default task order for benchmark 'libero_goal_object_ood' (18 tasks).
[Warning]: datasets path /home/redafrix/LIBERO-PRO/libero/libero/../datasets does not exist!
[Warning]: datasets path /home/redafrix/LIBERO-PRO/libero/libero/../datasets does not exist!
[episode] policy=risk_topk8 ep=8 seed=208 outcome=success steps=91 mods=2 time=11.3s
[info] Using default task order for benchmark 'libero_goal_object_ood' (18 tasks).
[Warning]: datasets path /home/redafrix/LIBERO-PRO/libero/libero/../datasets does not exist!
[Warning]: datasets path /home/redafrix/LIBERO-PRO/libero/libero/../datasets does not exist!
[episode] policy=risk_topk8 ep=9 seed=209 outcome=success steps=91 mods=1 time=11.3s
[run_all] /home/redafrix/miniconda3/envs/simvla/bin/python /home/dean/fiper_uncertainty_collection/realtime_deployment/ood_gate_experiments_20260610/src/run_policy_matrix_selected_cap.py --config /home/dean/fiper_uncertainty_collection/realtime_deployment/ood_gate_experiments_20260610/selected_cap_t03_c04_10ep_20260610/configs/task12_modified_simvla.json --policy simvla_only
[robosuite WARNING] No private macro file found! (__init__.py:7)
[robosuite WARNING] It is recommended to use a private macro file (__init__.py:8)
[robosuite WARNING] To setup, run: python /home/dean/.local/lib/python3.10/site-packages/robosuite/scripts/setup_macros.py (__init__.py:9)
Gym has been unmaintained since 2022 and does not support NumPy 2.0 amongst other critical functionality.
Please upgrade to Gymnasium, the maintained drop-in replacement of Gym, or contact the authors of your software and request that they upgrade.
See the migration guide at https://gymnasium.farama.org/introduction/migration_guide/ for additional information.
[startup] policy=simvla_only config=/home/dean/fiper_uncertainty_collection/realtime_deployment/ood_gate_experiments_20260610/selected_cap_t03_c04_10ep_20260610/configs/task12_modified_simvla.json checkpoint=/home/dean/checkpoints/simvla_libero_uncertainty/ckpt-60000
`torch_dtype` is deprecated! Use `dtype` instead!
/home/redafrix/miniconda3/envs/simvla/lib/python3.10/site-packages/torch/nn/modules/linear.py:125: UserWarning: Deterministic behavior was enabled with either `torch.use_deterministic_algorithms(True)` or `at::Context::setDeterministicAlgorithms(true)`, but this operation is not deterministic because it uses CuBLAS and you have CUDA >= 10.2. To enable deterministic behavior in this case, you must set an environment variable before running your PyTorch application: CUBLAS_WORKSPACE_CONFIG=:4096:8 or CUBLAS_WORKSPACE_CONFIG=:16:8. For more information, go to https://docs.nvidia.com/cuda/cublas/index.html#results-reproducibility (Triggered internally at /pytorch/aten/src/ATen/Context.cpp:217.)
  return F.linear(input, self.weight, self.bias)
/home/redafrix/miniconda3/envs/simvla/lib/python3.10/site-packages/transformers/models/llama/modeling_llama.py:101: UserWarning: Deterministic behavior was enabled with either `torch.use_deterministic_algorithms(True)` or `at::Context::setDeterministicAlgorithms(true)`, but this operation is not deterministic because it uses CuBLAS and you have CUDA >= 10.2. To enable deterministic behavior in this case, you must set an environment variable before running your PyTorch application: CUBLAS_WORKSPACE_CONFIG=:4096:8 or CUBLAS_WORKSPACE_CONFIG=:16:8. For more information, go to https://docs.nvidia.com/cuda/cublas/index.html#results-reproducibility (Triggered internally at /pytorch/aten/src/ATen/Context.cpp:217.)
  freqs = (inv_freq_expanded.float() @ position_ids_expanded.float()).transpose(1, 2)
/home/redafrix/miniconda3/envs/simvla/lib/python3.10/site-packages/transformers/integrations/sdpa_attention.py:96: UserWarning: Deterministic behavior was enabled with either `torch.use_deterministic_algorithms(True)` or `at::Context::setDeterministicAlgorithms(true)`, but this operation is not deterministic because it uses CuBLAS and you have CUDA >= 10.2. To enable deterministic behavior in this case, you must set an environment variable before running your PyTorch application: CUBLAS_WORKSPACE_CONFIG=:4096:8 or CUBLAS_WORKSPACE_CONFIG=:16:8. For more information, go to https://docs.nvidia.com/cuda/cublas/index.html#results-reproducibility (Triggered internally at /pytorch/aten/src/ATen/Context.cpp:217.)
  attn_output = torch.nn.functional.scaled_dot_product_attention(
[LiberoJointActionSpace] Loaded state norm stats, dim=8
[LiberoJointActionSpace] Loaded actions norm stats, dim=7
[info] Using default task order for benchmark 'libero_goal_object_ood' (18 tasks).
[Warning]: datasets path /home/redafrix/LIBERO-PRO/libero/libero/../datasets does not exist!
[Warning]: datasets path /home/redafrix/LIBERO-PRO/libero/libero/../datasets does not exist!
[episode] policy=simvla_only ep=0 seed=200 outcome=success steps=298 mods=0 time=11.2s
[info] Using default task order for benchmark 'libero_goal_object_ood' (18 tasks).
[Warning]: datasets path /home/redafrix/LIBERO-PRO/libero/libero/../datasets does not exist!
[Warning]: datasets path /home/redafrix/LIBERO-PRO/libero/libero/../datasets does not exist!
[episode] policy=simvla_only ep=1 seed=201 outcome=success steps=97 mods=0 time=4.1s
[info] Using default task order for benchmark 'libero_goal_object_ood' (18 tasks).
[Warning]: datasets path /home/redafrix/LIBERO-PRO/libero/libero/../datasets does not exist!
[Warning]: datasets path /home/redafrix/LIBERO-PRO/libero/libero/../datasets does not exist!
[episode] policy=simvla_only ep=2 seed=202 outcome=success steps=94 mods=0 time=4.1s
[info] Using default task order for benchmark 'libero_goal_object_ood' (18 tasks).
[Warning]: datasets path /home/redafrix/LIBERO-PRO/libero/libero/../datasets does not exist!
[Warning]: datasets path /home/redafrix/LIBERO-PRO/libero/libero/../datasets does not exist!
[episode] policy=simvla_only ep=3 seed=203 outcome=success steps=92 mods=0 time=4.1s
[info] Using default task order for benchmark 'libero_goal_object_ood' (18 tasks).
[Warning]: datasets path /home/redafrix/LIBERO-PRO/libero/libero/../datasets does not exist!
[Warning]: datasets path /home/redafrix/LIBERO-PRO/libero/libero/../datasets does not exist!
[episode] policy=simvla_only ep=4 seed=204 outcome=success steps=92 mods=0 time=4.1s
[info] Using default task order for benchmark 'libero_goal_object_ood' (18 tasks).
[Warning]: datasets path /home/redafrix/LIBERO-PRO/libero/libero/../datasets does not exist!
[Warning]: datasets path /home/redafrix/LIBERO-PRO/libero/libero/../datasets does not exist!
[episode] policy=simvla_only ep=5 seed=205 outcome=success steps=103 mods=0 time=4.4s
[info] Using default task order for benchmark 'libero_goal_object_ood' (18 tasks).
[Warning]: datasets path /home/redafrix/LIBERO-PRO/libero/libero/../datasets does not exist!
[Warning]: datasets path /home/redafrix/LIBERO-PRO/libero/libero/../datasets does not exist!
[episode] policy=simvla_only ep=6 seed=206 outcome=success steps=98 mods=0 time=4.1s
[info] Using default task order for benchmark 'libero_goal_object_ood' (18 tasks).
[Warning]: datasets path /home/redafrix/LIBERO-PRO/libero/libero/../datasets does not exist!
[Warning]: datasets path /home/redafrix/LIBERO-PRO/libero/libero/../datasets does not exist!
[episode] policy=simvla_only ep=7 seed=207 outcome=success steps=100 mods=0 time=4.1s
[info] Using default task order for benchmark 'libero_goal_object_ood' (18 tasks).
[Warning]: datasets path /home/redafrix/LIBERO-PRO/libero/libero/../datasets does not exist!
[Warning]: datasets path /home/redafrix/LIBERO-PRO/libero/libero/../datasets does not exist!
[episode] policy=simvla_only ep=8 seed=208 outcome=failure_or_timeout steps=300 mods=0 time=10.2s
[info] Using default task order for benchmark 'libero_goal_object_ood' (18 tasks).
[Warning]: datasets path /home/redafrix/LIBERO-PRO/libero/libero/../datasets does not exist!
[Warning]: datasets path /home/redafrix/LIBERO-PRO/libero/libero/../datasets does not exist!
[episode] policy=simvla_only ep=9 seed=209 outcome=failure_or_timeout steps=300 mods=0 time=10.3s
[run_all] /home/redafrix/miniconda3/envs/simvla/bin/python /home/dean/fiper_uncertainty_collection/realtime_deployment/ood_gate_experiments_20260610/src/run_policy_matrix_selected_cap.py --config /home/dean/fiper_uncertainty_collection/realtime_deployment/ood_gate_experiments_20260610/selected_cap_t03_c04_10ep_20260610/configs/task12_risk_topk8_selected_cap.json --policy risk_topk8
[robosuite WARNING] No private macro file found! (__init__.py:7)
[robosuite WARNING] It is recommended to use a private macro file (__init__.py:8)
[robosuite WARNING] To setup, run: python /home/dean/.local/lib/python3.10/site-packages/robosuite/scripts/setup_macros.py (__init__.py:9)
Gym has been unmaintained since 2022 and does not support NumPy 2.0 amongst other critical functionality.
Please upgrade to Gymnasium, the maintained drop-in replacement of Gym, or contact the authors of your software and request that they upgrade.
See the migration guide at https://gymnasium.farama.org/introduction/migration_guide/ for additional information.
[startup] policy=risk_topk8 config=/home/dean/fiper_uncertainty_collection/realtime_deployment/ood_gate_experiments_20260610/selected_cap_t03_c04_10ep_20260610/configs/task12_risk_topk8_selected_cap.json checkpoint=/home/dean/checkpoints/simvla_libero_uncertainty/ckpt-60000
`torch_dtype` is deprecated! Use `dtype` instead!
/home/redafrix/miniconda3/envs/simvla/lib/python3.10/site-packages/torch/nn/modules/linear.py:125: UserWarning: Deterministic behavior was enabled with either `torch.use_deterministic_algorithms(True)` or `at::Context::setDeterministicAlgorithms(true)`, but this operation is not deterministic because it uses CuBLAS and you have CUDA >= 10.2. To enable deterministic behavior in this case, you must set an environment variable before running your PyTorch application: CUBLAS_WORKSPACE_CONFIG=:4096:8 or CUBLAS_WORKSPACE_CONFIG=:16:8. For more information, go to https://docs.nvidia.com/cuda/cublas/index.html#results-reproducibility (Triggered internally at /pytorch/aten/src/ATen/Context.cpp:217.)
  return F.linear(input, self.weight, self.bias)
/home/redafrix/miniconda3/envs/simvla/lib/python3.10/site-packages/transformers/models/llama/modeling_llama.py:101: UserWarning: Deterministic behavior was enabled with either `torch.use_deterministic_algorithms(True)` or `at::Context::setDeterministicAlgorithms(true)`, but this operation is not deterministic because it uses CuBLAS and you have CUDA >= 10.2. To enable deterministic behavior in this case, you must set an environment variable before running your PyTorch application: CUBLAS_WORKSPACE_CONFIG=:4096:8 or CUBLAS_WORKSPACE_CONFIG=:16:8. For more information, go to https://docs.nvidia.com/cuda/cublas/index.html#results-reproducibility (Triggered internally at /pytorch/aten/src/ATen/Context.cpp:217.)
  freqs = (inv_freq_expanded.float() @ position_ids_expanded.float()).transpose(1, 2)
/home/redafrix/miniconda3/envs/simvla/lib/python3.10/site-packages/transformers/integrations/sdpa_attention.py:96: UserWarning: Deterministic behavior was enabled with either `torch.use_deterministic_algorithms(True)` or `at::Context::setDeterministicAlgorithms(true)`, but this operation is not deterministic because it uses CuBLAS and you have CUDA >= 10.2. To enable deterministic behavior in this case, you must set an environment variable before running your PyTorch application: CUBLAS_WORKSPACE_CONFIG=:4096:8 or CUBLAS_WORKSPACE_CONFIG=:16:8. For more information, go to https://docs.nvidia.com/cuda/cublas/index.html#results-reproducibility (Triggered internally at /pytorch/aten/src/ATen/Context.cpp:217.)
  attn_output = torch.nn.functional.scaled_dot_product_attention(
[LiberoJointActionSpace] Loaded state norm stats, dim=8
[LiberoJointActionSpace] Loaded actions norm stats, dim=7
[info] Using default task order for benchmark 'libero_goal_object_ood' (18 tasks).
[Warning]: datasets path /home/redafrix/LIBERO-PRO/libero/libero/../datasets does not exist!
[Warning]: datasets path /home/redafrix/LIBERO-PRO/libero/libero/../datasets does not exist!
[episode] policy=risk_topk8 ep=0 seed=200 outcome=success steps=96 mods=4 time=11.8s
[info] Using default task order for benchmark 'libero_goal_object_ood' (18 tasks).
[Warning]: datasets path /home/redafrix/LIBERO-PRO/libero/libero/../datasets does not exist!
[Warning]: datasets path /home/redafrix/LIBERO-PRO/libero/libero/../datasets does not exist!
[episode] policy=risk_topk8 ep=1 seed=201 outcome=success steps=94 mods=2 time=11.0s
[info] Using default task order for benchmark 'libero_goal_object_ood' (18 tasks).
[Warning]: datasets path /home/redafrix/LIBERO-PRO/libero/libero/../datasets does not exist!
[Warning]: datasets path /home/redafrix/LIBERO-PRO/libero/libero/../datasets does not exist!
[episode] policy=risk_topk8 ep=2 seed=202 outcome=success steps=94 mods=0 time=11.1s
[info] Using default task order for benchmark 'libero_goal_object_ood' (18 tasks).
[Warning]: datasets path /home/redafrix/LIBERO-PRO/libero/libero/../datasets does not exist!
[Warning]: datasets path /home/redafrix/LIBERO-PRO/libero/libero/../datasets does not exist!
[episode] policy=risk_topk8 ep=3 seed=203 outcome=success steps=87 mods=3 time=10.2s
[info] Using default task order for benchmark 'libero_goal_object_ood' (18 tasks).
[Warning]: datasets path /home/redafrix/LIBERO-PRO/libero/libero/../datasets does not exist!
[Warning]: datasets path /home/redafrix/LIBERO-PRO/libero/libero/../datasets does not exist!
[episode] policy=risk_topk8 ep=4 seed=204 outcome=success steps=92 mods=1 time=11.2s
[info] Using default task order for benchmark 'libero_goal_object_ood' (18 tasks).
[Warning]: datasets path /home/redafrix/LIBERO-PRO/libero/libero/../datasets does not exist!
[Warning]: datasets path /home/redafrix/LIBERO-PRO/libero/libero/../datasets does not exist!
[episode] policy=risk_topk8 ep=5 seed=205 outcome=success steps=96 mods=3 time=11.2s
[info] Using default task order for benchmark 'libero_goal_object_ood' (18 tasks).
[Warning]: datasets path /home/redafrix/LIBERO-PRO/libero/libero/../datasets does not exist!
[Warning]: datasets path /home/redafrix/LIBERO-PRO/libero/libero/../datasets does not exist!
[episode] policy=risk_topk8 ep=6 seed=206 outcome=success steps=93 mods=1 time=11.2s
[info] Using default task order for benchmark 'libero_goal_object_ood' (18 tasks).
[Warning]: datasets path /home/redafrix/LIBERO-PRO/libero/libero/../datasets does not exist!
[Warning]: datasets path /home/redafrix/LIBERO-PRO/libero/libero/../datasets does not exist!
[episode] policy=risk_topk8 ep=7 seed=207 outcome=success steps=100 mods=0 time=11.3s
[info] Using default task order for benchmark 'libero_goal_object_ood' (18 tasks).
[Warning]: datasets path /home/redafrix/LIBERO-PRO/libero/libero/../datasets does not exist!
[Warning]: datasets path /home/redafrix/LIBERO-PRO/libero/libero/../datasets does not exist!
[episode] policy=risk_topk8 ep=8 seed=208 outcome=success steps=89 mods=1 time=10.2s
[info] Using default task order for benchmark 'libero_goal_object_ood' (18 tasks).
[Warning]: datasets path /home/redafrix/LIBERO-PRO/libero/libero/../datasets does not exist!
[Warning]: datasets path /home/redafrix/LIBERO-PRO/libero/libero/../datasets does not exist!
[episode] policy=risk_topk8 ep=9 seed=209 outcome=success steps=92 mods=3 time=11.2s
[run_all] /home/redafrix/miniconda3/envs/simvla/bin/python /home/dean/fiper_uncertainty_collection/realtime_deployment/ood_gate_experiments_20260610/src/run_policy_matrix_selected_cap.py --config /home/dean/fiper_uncertainty_collection/realtime_deployment/ood_gate_experiments_20260610/selected_cap_t03_c04_10ep_20260610/configs/task13_modified_simvla.json --policy simvla_only
[robosuite WARNING] No private macro file found! (__init__.py:7)
[robosuite WARNING] It is recommended to use a private macro file (__init__.py:8)
[robosuite WARNING] To setup, run: python /home/dean/.local/lib/python3.10/site-packages/robosuite/scripts/setup_macros.py (__init__.py:9)
Gym has been unmaintained since 2022 and does not support NumPy 2.0 amongst other critical functionality.
Please upgrade to Gymnasium, the maintained drop-in replacement of Gym, or contact the authors of your software and request that they upgrade.
See the migration guide at https://gymnasium.farama.org/introduction/migration_guide/ for additional information.
[startup] policy=simvla_only config=/home/dean/fiper_uncertainty_collection/realtime_deployment/ood_gate_experiments_20260610/selected_cap_t03_c04_10ep_20260610/configs/task13_modified_simvla.json checkpoint=/home/dean/checkpoints/simvla_libero_uncertainty/ckpt-60000
`torch_dtype` is deprecated! Use `dtype` instead!
/home/redafrix/miniconda3/envs/simvla/lib/python3.10/site-packages/torch/nn/modules/linear.py:125: UserWarning: Deterministic behavior was enabled with either `torch.use_deterministic_algorithms(True)` or `at::Context::setDeterministicAlgorithms(true)`, but this operation is not deterministic because it uses CuBLAS and you have CUDA >= 10.2. To enable deterministic behavior in this case, you must set an environment variable before running your PyTorch application: CUBLAS_WORKSPACE_CONFIG=:4096:8 or CUBLAS_WORKSPACE_CONFIG=:16:8. For more information, go to https://docs.nvidia.com/cuda/cublas/index.html#results-reproducibility (Triggered internally at /pytorch/aten/src/ATen/Context.cpp:217.)
  return F.linear(input, self.weight, self.bias)
/home/redafrix/miniconda3/envs/simvla/lib/python3.10/site-packages/transformers/models/llama/modeling_llama.py:101: UserWarning: Deterministic behavior was enabled with either `torch.use_deterministic_algorithms(True)` or `at::Context::setDeterministicAlgorithms(true)`, but this operation is not deterministic because it uses CuBLAS and you have CUDA >= 10.2. To enable deterministic behavior in this case, you must set an environment variable before running your PyTorch application: CUBLAS_WORKSPACE_CONFIG=:4096:8 or CUBLAS_WORKSPACE_CONFIG=:16:8. For more information, go to https://docs.nvidia.com/cuda/cublas/index.html#results-reproducibility (Triggered internally at /pytorch/aten/src/ATen/Context.cpp:217.)
  freqs = (inv_freq_expanded.float() @ position_ids_expanded.float()).transpose(1, 2)
/home/redafrix/miniconda3/envs/simvla/lib/python3.10/site-packages/transformers/integrations/sdpa_attention.py:96: UserWarning: Deterministic behavior was enabled with either `torch.use_deterministic_algorithms(True)` or `at::Context::setDeterministicAlgorithms(true)`, but this operation is not deterministic because it uses CuBLAS and you have CUDA >= 10.2. To enable deterministic behavior in this case, you must set an environment variable before running your PyTorch application: CUBLAS_WORKSPACE_CONFIG=:4096:8 or CUBLAS_WORKSPACE_CONFIG=:16:8. For more information, go to https://docs.nvidia.com/cuda/cublas/index.html#results-reproducibility (Triggered internally at /pytorch/aten/src/ATen/Context.cpp:217.)
  attn_output = torch.nn.functional.scaled_dot_product_attention(
[LiberoJointActionSpace] Loaded state norm stats, dim=8
[LiberoJointActionSpace] Loaded actions norm stats, dim=7
[info] Using default task order for benchmark 'libero_goal_object_ood' (18 tasks).
[Warning]: datasets path /home/redafrix/LIBERO-PRO/libero/libero/../datasets does not exist!
[Warning]: datasets path /home/redafrix/LIBERO-PRO/libero/libero/../datasets does not exist!
[episode] policy=simvla_only ep=0 seed=200 outcome=success steps=127 mods=0 time=6.2s
[info] Using default task order for benchmark 'libero_goal_object_ood' (18 tasks).
[Warning]: datasets path /home/redafrix/LIBERO-PRO/libero/libero/../datasets does not exist!
[Warning]: datasets path /home/redafrix/LIBERO-PRO/libero/libero/../datasets does not exist!
[episode] policy=simvla_only ep=1 seed=201 outcome=success steps=122 mods=0 time=5.0s
[info] Using default task order for benchmark 'libero_goal_object_ood' (18 tasks).
[Warning]: datasets path /home/redafrix/LIBERO-PRO/libero/libero/../datasets does not exist!
[Warning]: datasets path /home/redafrix/LIBERO-PRO/libero/libero/../datasets does not exist!
[episode] policy=simvla_only ep=2 seed=202 outcome=success steps=138 mods=0 time=5.4s
[info] Using default task order for benchmark 'libero_goal_object_ood' (18 tasks).
[Warning]: datasets path /home/redafrix/LIBERO-PRO/libero/libero/../datasets does not exist!
[Warning]: datasets path /home/redafrix/LIBERO-PRO/libero/libero/../datasets does not exist!
[episode] policy=simvla_only ep=3 seed=203 outcome=success steps=125 mods=0 time=5.1s
[info] Using default task order for benchmark 'libero_goal_object_ood' (18 tasks).
[Warning]: datasets path /home/redafrix/LIBERO-PRO/libero/libero/../datasets does not exist!
[Warning]: datasets path /home/redafrix/LIBERO-PRO/libero/libero/../datasets does not exist!
[episode] policy=simvla_only ep=4 seed=204 outcome=failure_or_timeout steps=300 mods=0 time=10.2s
[info] Using default task order for benchmark 'libero_goal_object_ood' (18 tasks).
[Warning]: datasets path /home/redafrix/LIBERO-PRO/libero/libero/../datasets does not exist!
[Warning]: datasets path /home/redafrix/LIBERO-PRO/libero/libero/../datasets does not exist!
[episode] policy=simvla_only ep=5 seed=205 outcome=success steps=145 mods=0 time=5.7s
[info] Using default task order for benchmark 'libero_goal_object_ood' (18 tasks).
[Warning]: datasets path /home/redafrix/LIBERO-PRO/libero/libero/../datasets does not exist!
[Warning]: datasets path /home/redafrix/LIBERO-PRO/libero/libero/../datasets does not exist!
[episode] policy=simvla_only ep=6 seed=206 outcome=success steps=148 mods=0 time=5.8s
[info] Using default task order for benchmark 'libero_goal_object_ood' (18 tasks).
[Warning]: datasets path /home/redafrix/LIBERO-PRO/libero/libero/../datasets does not exist!
[Warning]: datasets path /home/redafrix/LIBERO-PRO/libero/libero/../datasets does not exist!
[episode] policy=simvla_only ep=7 seed=207 outcome=success steps=132 mods=0 time=5.4s
[info] Using default task order for benchmark 'libero_goal_object_ood' (18 tasks).
[Warning]: datasets path /home/redafrix/LIBERO-PRO/libero/libero/../datasets does not exist!
[Warning]: datasets path /home/redafrix/LIBERO-PRO/libero/libero/../datasets does not exist!
[episode] policy=simvla_only ep=8 seed=208 outcome=success steps=120 mods=0 time=4.9s
[info] Using default task order for benchmark 'libero_goal_object_ood' (18 tasks).
[Warning]: datasets path /home/redafrix/LIBERO-PRO/libero/libero/../datasets does not exist!
[Warning]: datasets path /home/redafrix/LIBERO-PRO/libero/libero/../datasets does not exist!
[episode] policy=simvla_only ep=9 seed=209 outcome=success steps=120 mods=0 time=4.9s
[run_all] /home/redafrix/miniconda3/envs/simvla/bin/python /home/dean/fiper_uncertainty_collection/realtime_deployment/ood_gate_experiments_20260610/src/run_policy_matrix_selected_cap.py --config /home/dean/fiper_uncertainty_collection/realtime_deployment/ood_gate_experiments_20260610/selected_cap_t03_c04_10ep_20260610/configs/task13_risk_topk8_selected_cap.json --policy risk_topk8
[robosuite WARNING] No private macro file found! (__init__.py:7)
[robosuite WARNING] It is recommended to use a private macro file (__init__.py:8)
[robosuite WARNING] To setup, run: python /home/dean/.local/lib/python3.10/site-packages/robosuite/scripts/setup_macros.py (__init__.py:9)
Gym has been unmaintained since 2022 and does not support NumPy 2.0 amongst other critical functionality.
Please upgrade to Gymnasium, the maintained drop-in replacement of Gym, or contact the authors of your software and request that they upgrade.
See the migration guide at https://gymnasium.farama.org/introduction/migration_guide/ for additional information.
[startup] policy=risk_topk8 config=/home/dean/fiper_uncertainty_collection/realtime_deployment/ood_gate_experiments_20260610/selected_cap_t03_c04_10ep_20260610/configs/task13_risk_topk8_selected_cap.json checkpoint=/home/dean/checkpoints/simvla_libero_uncertainty/ckpt-60000
`torch_dtype` is deprecated! Use `dtype` instead!
/home/redafrix/miniconda3/envs/simvla/lib/python3.10/site-packages/torch/nn/modules/linear.py:125: UserWarning: Deterministic behavior was enabled with either `torch.use_deterministic_algorithms(True)` or `at::Context::setDeterministicAlgorithms(true)`, but this operation is not deterministic because it uses CuBLAS and you have CUDA >= 10.2. To enable deterministic behavior in this case, you must set an environment variable before running your PyTorch application: CUBLAS_WORKSPACE_CONFIG=:4096:8 or CUBLAS_WORKSPACE_CONFIG=:16:8. For more information, go to https://docs.nvidia.com/cuda/cublas/index.html#results-reproducibility (Triggered internally at /pytorch/aten/src/ATen/Context.cpp:217.)
  return F.linear(input, self.weight, self.bias)
/home/redafrix/miniconda3/envs/simvla/lib/python3.10/site-packages/transformers/models/llama/modeling_llama.py:101: UserWarning: Deterministic behavior was enabled with either `torch.use_deterministic_algorithms(True)` or `at::Context::setDeterministicAlgorithms(true)`, but this operation is not deterministic because it uses CuBLAS and you have CUDA >= 10.2. To enable deterministic behavior in this case, you must set an environment variable before running your PyTorch application: CUBLAS_WORKSPACE_CONFIG=:4096:8 or CUBLAS_WORKSPACE_CONFIG=:16:8. For more information, go to https://docs.nvidia.com/cuda/cublas/index.html#results-reproducibility (Triggered internally at /pytorch/aten/src/ATen/Context.cpp:217.)
  freqs = (inv_freq_expanded.float() @ position_ids_expanded.float()).transpose(1, 2)
/home/redafrix/miniconda3/envs/simvla/lib/python3.10/site-packages/transformers/integrations/sdpa_attention.py:96: UserWarning: Deterministic behavior was enabled with either `torch.use_deterministic_algorithms(True)` or `at::Context::setDeterministicAlgorithms(true)`, but this operation is not deterministic because it uses CuBLAS and you have CUDA >= 10.2. To enable deterministic behavior in this case, you must set an environment variable before running your PyTorch application: CUBLAS_WORKSPACE_CONFIG=:4096:8 or CUBLAS_WORKSPACE_CONFIG=:16:8. For more information, go to https://docs.nvidia.com/cuda/cublas/index.html#results-reproducibility (Triggered internally at /pytorch/aten/src/ATen/Context.cpp:217.)
  attn_output = torch.nn.functional.scaled_dot_product_attention(
[LiberoJointActionSpace] Loaded state norm stats, dim=8
[LiberoJointActionSpace] Loaded actions norm stats, dim=7
[info] Using default task order for benchmark 'libero_goal_object_ood' (18 tasks).
[Warning]: datasets path /home/redafrix/LIBERO-PRO/libero/libero/../datasets does not exist!
[Warning]: datasets path /home/redafrix/LIBERO-PRO/libero/libero/../datasets does not exist!
[episode] policy=risk_topk8 ep=0 seed=200 outcome=success steps=132 mods=6 time=16.2s
[info] Using default task order for benchmark 'libero_goal_object_ood' (18 tasks).
[Warning]: datasets path /home/redafrix/LIBERO-PRO/libero/libero/../datasets does not exist!
[Warning]: datasets path /home/redafrix/LIBERO-PRO/libero/libero/../datasets does not exist!
[episode] policy=risk_topk8 ep=1 seed=201 outcome=success steps=119 mods=2 time=13.3s
[info] Using default task order for benchmark 'libero_goal_object_ood' (18 tasks).
[Warning]: datasets path /home/redafrix/LIBERO-PRO/libero/libero/../datasets does not exist!
[Warning]: datasets path /home/redafrix/LIBERO-PRO/libero/libero/../datasets does not exist!
[episode] policy=risk_topk8 ep=2 seed=202 outcome=success steps=138 mods=0 time=15.4s
[info] Using default task order for benchmark 'libero_goal_object_ood' (18 tasks).
[Warning]: datasets path /home/redafrix/LIBERO-PRO/libero/libero/../datasets does not exist!
[Warning]: datasets path /home/redafrix/LIBERO-PRO/libero/libero/../datasets does not exist!
[episode] policy=risk_topk8 ep=3 seed=203 outcome=success steps=122 mods=1 time=14.3s
[info] Using default task order for benchmark 'libero_goal_object_ood' (18 tasks).
[Warning]: datasets path /home/redafrix/LIBERO-PRO/libero/libero/../datasets does not exist!
[Warning]: datasets path /home/redafrix/LIBERO-PRO/libero/libero/../datasets does not exist!
[episode] policy=risk_topk8 ep=4 seed=204 outcome=success steps=133 mods=2 time=15.4s
[info] Using default task order for benchmark 'libero_goal_object_ood' (18 tasks).
[Warning]: datasets path /home/redafrix/LIBERO-PRO/libero/libero/../datasets does not exist!
[Warning]: datasets path /home/redafrix/LIBERO-PRO/libero/libero/../datasets does not exist!
[episode] policy=risk_topk8 ep=5 seed=205 outcome=success steps=145 mods=4 time=16.5s
[info] Using default task order for benchmark 'libero_goal_object_ood' (18 tasks).
[Warning]: datasets path /home/redafrix/LIBERO-PRO/libero/libero/../datasets does not exist!
[Warning]: datasets path /home/redafrix/LIBERO-PRO/libero/libero/../datasets does not exist!
[episode] policy=risk_topk8 ep=6 seed=206 outcome=success steps=130 mods=2 time=14.5s
[info] Using default task order for benchmark 'libero_goal_object_ood' (18 tasks).
[Warning]: datasets path /home/redafrix/LIBERO-PRO/libero/libero/../datasets does not exist!
[Warning]: datasets path /home/redafrix/LIBERO-PRO/libero/libero/../datasets does not exist!
[episode] policy=risk_topk8 ep=7 seed=207 outcome=success steps=131 mods=1 time=15.4s
[info] Using default task order for benchmark 'libero_goal_object_ood' (18 tasks).
[Warning]: datasets path /home/redafrix/LIBERO-PRO/libero/libero/../datasets does not exist!
[Warning]: datasets path /home/redafrix/LIBERO-PRO/libero/libero/../datasets does not exist!
[episode] policy=risk_topk8 ep=8 seed=208 outcome=success steps=120 mods=0 time=13.5s
[info] Using default task order for benchmark 'libero_goal_object_ood' (18 tasks).
[Warning]: datasets path /home/redafrix/LIBERO-PRO/libero/libero/../datasets does not exist!
[Warning]: datasets path /home/redafrix/LIBERO-PRO/libero/libero/../datasets does not exist!
[episode] policy=risk_topk8 ep=9 seed=209 outcome=success steps=119 mods=1 time=13.5s
[run_all] /home/redafrix/miniconda3/envs/simvla/bin/python /home/dean/fiper_uncertainty_collection/realtime_deployment/ood_gate_experiments_20260610/src/run_policy_matrix_selected_cap.py --config /home/dean/fiper_uncertainty_collection/realtime_deployment/ood_gate_experiments_20260610/selected_cap_t03_c04_10ep_20260610/configs/task14_modified_simvla.json --policy simvla_only
[robosuite WARNING] No private macro file found! (__init__.py:7)
[robosuite WARNING] It is recommended to use a private macro file (__init__.py:8)
[robosuite WARNING] To setup, run: python /home/dean/.local/lib/python3.10/site-packages/robosuite/scripts/setup_macros.py (__init__.py:9)
Gym has been unmaintained since 2022 and does not support NumPy 2.0 amongst other critical functionality.
Please upgrade to Gymnasium, the maintained drop-in replacement of Gym, or contact the authors of your software and request that they upgrade.
See the migration guide at https://gymnasium.farama.org/introduction/migration_guide/ for additional information.
[startup] policy=simvla_only config=/home/dean/fiper_uncertainty_collection/realtime_deployment/ood_gate_experiments_20260610/selected_cap_t03_c04_10ep_20260610/configs/task14_modified_simvla.json checkpoint=/home/dean/checkpoints/simvla_libero_uncertainty/ckpt-60000
`torch_dtype` is deprecated! Use `dtype` instead!
/home/redafrix/miniconda3/envs/simvla/lib/python3.10/site-packages/torch/nn/modules/linear.py:125: UserWarning: Deterministic behavior was enabled with either `torch.use_deterministic_algorithms(True)` or `at::Context::setDeterministicAlgorithms(true)`, but this operation is not deterministic because it uses CuBLAS and you have CUDA >= 10.2. To enable deterministic behavior in this case, you must set an environment variable before running your PyTorch application: CUBLAS_WORKSPACE_CONFIG=:4096:8 or CUBLAS_WORKSPACE_CONFIG=:16:8. For more information, go to https://docs.nvidia.com/cuda/cublas/index.html#results-reproducibility (Triggered internally at /pytorch/aten/src/ATen/Context.cpp:217.)
  return F.linear(input, self.weight, self.bias)
/home/redafrix/miniconda3/envs/simvla/lib/python3.10/site-packages/transformers/models/llama/modeling_llama.py:101: UserWarning: Deterministic behavior was enabled with either `torch.use_deterministic_algorithms(True)` or `at::Context::setDeterministicAlgorithms(true)`, but this operation is not deterministic because it uses CuBLAS and you have CUDA >= 10.2. To enable deterministic behavior in this case, you must set an environment variable before running your PyTorch application: CUBLAS_WORKSPACE_CONFIG=:4096:8 or CUBLAS_WORKSPACE_CONFIG=:16:8. For more information, go to https://docs.nvidia.com/cuda/cublas/index.html#results-reproducibility (Triggered internally at /pytorch/aten/src/ATen/Context.cpp:217.)
  freqs = (inv_freq_expanded.float() @ position_ids_expanded.float()).transpose(1, 2)
/home/redafrix/miniconda3/envs/simvla/lib/python3.10/site-packages/transformers/integrations/sdpa_attention.py:96: UserWarning: Deterministic behavior was enabled with either `torch.use_deterministic_algorithms(True)` or `at::Context::setDeterministicAlgorithms(true)`, but this operation is not deterministic because it uses CuBLAS and you have CUDA >= 10.2. To enable deterministic behavior in this case, you must set an environment variable before running your PyTorch application: CUBLAS_WORKSPACE_CONFIG=:4096:8 or CUBLAS_WORKSPACE_CONFIG=:16:8. For more information, go to https://docs.nvidia.com/cuda/cublas/index.html#results-reproducibility (Triggered internally at /pytorch/aten/src/ATen/Context.cpp:217.)
  attn_output = torch.nn.functional.scaled_dot_product_attention(
[LiberoJointActionSpace] Loaded state norm stats, dim=8
[LiberoJointActionSpace] Loaded actions norm stats, dim=7
[info] Using default task order for benchmark 'libero_goal_object_ood' (18 tasks).
[Warning]: datasets path /home/redafrix/LIBERO-PRO/libero/libero/../datasets does not exist!
[Warning]: datasets path /home/redafrix/LIBERO-PRO/libero/libero/../datasets does not exist!
[episode] policy=simvla_only ep=0 seed=200 outcome=success steps=134 mods=0 time=6.4s
[info] Using default task order for benchmark 'libero_goal_object_ood' (18 tasks).
[Warning]: datasets path /home/redafrix/LIBERO-PRO/libero/libero/../datasets does not exist!
[Warning]: datasets path /home/redafrix/LIBERO-PRO/libero/libero/../datasets does not exist!
[episode] policy=simvla_only ep=1 seed=201 outcome=success steps=132 mods=0 time=5.3s
[info] Using default task order for benchmark 'libero_goal_object_ood' (18 tasks).
[Warning]: datasets path /home/redafrix/LIBERO-PRO/libero/libero/../datasets does not exist!
[Warning]: datasets path /home/redafrix/LIBERO-PRO/libero/libero/../datasets does not exist!
[episode] policy=simvla_only ep=2 seed=202 outcome=success steps=120 mods=0 time=4.8s
[info] Using default task order for benchmark 'libero_goal_object_ood' (18 tasks).
[Warning]: datasets path /home/redafrix/LIBERO-PRO/libero/libero/../datasets does not exist!
[Warning]: datasets path /home/redafrix/LIBERO-PRO/libero/libero/../datasets does not exist!
[episode] policy=simvla_only ep=3 seed=203 outcome=success steps=124 mods=0 time=5.1s
[info] Using default task order for benchmark 'libero_goal_object_ood' (18 tasks).
[Warning]: datasets path /home/redafrix/LIBERO-PRO/libero/libero/../datasets does not exist!
[Warning]: datasets path /home/redafrix/LIBERO-PRO/libero/libero/../datasets does not exist!
[episode] policy=simvla_only ep=4 seed=204 outcome=success steps=130 mods=0 time=5.1s
[info] Using default task order for benchmark 'libero_goal_object_ood' (18 tasks).
[Warning]: datasets path /home/redafrix/LIBERO-PRO/libero/libero/../datasets does not exist!
[Warning]: datasets path /home/redafrix/LIBERO-PRO/libero/libero/../datasets does not exist!
[episode] policy=simvla_only ep=5 seed=205 outcome=success steps=142 mods=0 time=5.7s
[info] Using default task order for benchmark 'libero_goal_object_ood' (18 tasks).
[Warning]: datasets path /home/redafrix/LIBERO-PRO/libero/libero/../datasets does not exist!
[Warning]: datasets path /home/redafrix/LIBERO-PRO/libero/libero/../datasets does not exist!
[episode] policy=simvla_only ep=6 seed=206 outcome=success steps=136 mods=0 time=5.5s
[info] Using default task order for benchmark 'libero_goal_object_ood' (18 tasks).
[Warning]: datasets path /home/redafrix/LIBERO-PRO/libero/libero/../datasets does not exist!
[Warning]: datasets path /home/redafrix/LIBERO-PRO/libero/libero/../datasets does not exist!
[episode] policy=simvla_only ep=7 seed=207 outcome=failure_or_timeout steps=300 mods=0 time=10.3s
[info] Using default task order for benchmark 'libero_goal_object_ood' (18 tasks).
[Warning]: datasets path /home/redafrix/LIBERO-PRO/libero/libero/../datasets does not exist!
[Warning]: datasets path /home/redafrix/LIBERO-PRO/libero/libero/../datasets does not exist!
[episode] policy=simvla_only ep=8 seed=208 outcome=success steps=122 mods=0 time=5.0s
[info] Using default task order for benchmark 'libero_goal_object_ood' (18 tasks).
[Warning]: datasets path /home/redafrix/LIBERO-PRO/libero/libero/../datasets does not exist!
[Warning]: datasets path /home/redafrix/LIBERO-PRO/libero/libero/../datasets does not exist!
[episode] policy=simvla_only ep=9 seed=209 outcome=success steps=126 mods=0 time=5.1s
[run_all] /home/redafrix/miniconda3/envs/simvla/bin/python /home/dean/fiper_uncertainty_collection/realtime_deployment/ood_gate_experiments_20260610/src/run_policy_matrix_selected_cap.py --config /home/dean/fiper_uncertainty_collection/realtime_deployment/ood_gate_experiments_20260610/selected_cap_t03_c04_10ep_20260610/configs/task14_risk_topk8_selected_cap.json --policy risk_topk8
[robosuite WARNING] No private macro file found! (__init__.py:7)
[robosuite WARNING] It is recommended to use a private macro file (__init__.py:8)
[robosuite WARNING] To setup, run: python /home/dean/.local/lib/python3.10/site-packages/robosuite/scripts/setup_macros.py (__init__.py:9)
Gym has been unmaintained since 2022 and does not support NumPy 2.0 amongst other critical functionality.
Please upgrade to Gymnasium, the maintained drop-in replacement of Gym, or contact the authors of your software and request that they upgrade.
See the migration guide at https://gymnasium.farama.org/introduction/migration_guide/ for additional information.
[startup] policy=risk_topk8 config=/home/dean/fiper_uncertainty_collection/realtime_deployment/ood_gate_experiments_20260610/selected_cap_t03_c04_10ep_20260610/configs/task14_risk_topk8_selected_cap.json checkpoint=/home/dean/checkpoints/simvla_libero_uncertainty/ckpt-60000
`torch_dtype` is deprecated! Use `dtype` instead!
/home/redafrix/miniconda3/envs/simvla/lib/python3.10/site-packages/torch/nn/modules/linear.py:125: UserWarning: Deterministic behavior was enabled with either `torch.use_deterministic_algorithms(True)` or `at::Context::setDeterministicAlgorithms(true)`, but this operation is not deterministic because it uses CuBLAS and you have CUDA >= 10.2. To enable deterministic behavior in this case, you must set an environment variable before running your PyTorch application: CUBLAS_WORKSPACE_CONFIG=:4096:8 or CUBLAS_WORKSPACE_CONFIG=:16:8. For more information, go to https://docs.nvidia.com/cuda/cublas/index.html#results-reproducibility (Triggered internally at /pytorch/aten/src/ATen/Context.cpp:217.)
  return F.linear(input, self.weight, self.bias)
/home/redafrix/miniconda3/envs/simvla/lib/python3.10/site-packages/transformers/models/llama/modeling_llama.py:101: UserWarning: Deterministic behavior was enabled with either `torch.use_deterministic_algorithms(True)` or `at::Context::setDeterministicAlgorithms(true)`, but this operation is not deterministic because it uses CuBLAS and you have CUDA >= 10.2. To enable deterministic behavior in this case, you must set an environment variable before running your PyTorch application: CUBLAS_WORKSPACE_CONFIG=:4096:8 or CUBLAS_WORKSPACE_CONFIG=:16:8. For more information, go to https://docs.nvidia.com/cuda/cublas/index.html#results-reproducibility (Triggered internally at /pytorch/aten/src/ATen/Context.cpp:217.)
  freqs = (inv_freq_expanded.float() @ position_ids_expanded.float()).transpose(1, 2)
/home/redafrix/miniconda3/envs/simvla/lib/python3.10/site-packages/transformers/integrations/sdpa_attention.py:96: UserWarning: Deterministic behavior was enabled with either `torch.use_deterministic_algorithms(True)` or `at::Context::setDeterministicAlgorithms(true)`, but this operation is not deterministic because it uses CuBLAS and you have CUDA >= 10.2. To enable deterministic behavior in this case, you must set an environment variable before running your PyTorch application: CUBLAS_WORKSPACE_CONFIG=:4096:8 or CUBLAS_WORKSPACE_CONFIG=:16:8. For more information, go to https://docs.nvidia.com/cuda/cublas/index.html#results-reproducibility (Triggered internally at /pytorch/aten/src/ATen/Context.cpp:217.)
  attn_output = torch.nn.functional.scaled_dot_product_attention(
[LiberoJointActionSpace] Loaded state norm stats, dim=8
[LiberoJointActionSpace] Loaded actions norm stats, dim=7
[info] Using default task order for benchmark 'libero_goal_object_ood' (18 tasks).
[Warning]: datasets path /home/redafrix/LIBERO-PRO/libero/libero/../datasets does not exist!
[Warning]: datasets path /home/redafrix/LIBERO-PRO/libero/libero/../datasets does not exist!
[episode] policy=risk_topk8 ep=0 seed=200 outcome=success steps=134 mods=0 time=16.1s
[info] Using default task order for benchmark 'libero_goal_object_ood' (18 tasks).
[Warning]: datasets path /home/redafrix/LIBERO-PRO/libero/libero/../datasets does not exist!
[Warning]: datasets path /home/redafrix/LIBERO-PRO/libero/libero/../datasets does not exist!
[episode] policy=risk_topk8 ep=1 seed=201 outcome=success steps=132 mods=0 time=15.2s
[info] Using default task order for benchmark 'libero_goal_object_ood' (18 tasks).
[Warning]: datasets path /home/redafrix/LIBERO-PRO/libero/libero/../datasets does not exist!
[Warning]: datasets path /home/redafrix/LIBERO-PRO/libero/libero/../datasets does not exist!
[episode] policy=risk_topk8 ep=2 seed=202 outcome=success steps=120 mods=0 time=13.3s
[info] Using default task order for benchmark 'libero_goal_object_ood' (18 tasks).
[Warning]: datasets path /home/redafrix/LIBERO-PRO/libero/libero/../datasets does not exist!
[Warning]: datasets path /home/redafrix/LIBERO-PRO/libero/libero/../datasets does not exist!
[episode] policy=risk_topk8 ep=3 seed=203 outcome=success steps=141 mods=3 time=16.5s
[info] Using default task order for benchmark 'libero_goal_object_ood' (18 tasks).
[Warning]: datasets path /home/redafrix/LIBERO-PRO/libero/libero/../datasets does not exist!
[Warning]: datasets path /home/redafrix/LIBERO-PRO/libero/libero/../datasets does not exist!
[episode] policy=risk_topk8 ep=4 seed=204 outcome=success steps=127 mods=1 time=14.4s
[info] Using default task order for benchmark 'libero_goal_object_ood' (18 tasks).
[Warning]: datasets path /home/redafrix/LIBERO-PRO/libero/libero/../datasets does not exist!
[Warning]: datasets path /home/redafrix/LIBERO-PRO/libero/libero/../datasets does not exist!
[episode] policy=risk_topk8 ep=5 seed=205 outcome=success steps=139 mods=3 time=15.5s
[info] Using default task order for benchmark 'libero_goal_object_ood' (18 tasks).
[Warning]: datasets path /home/redafrix/LIBERO-PRO/libero/libero/../datasets does not exist!
[Warning]: datasets path /home/redafrix/LIBERO-PRO/libero/libero/../datasets does not exist!
[episode] policy=risk_topk8 ep=6 seed=206 outcome=success steps=134 mods=1 time=15.5s
[info] Using default task order for benchmark 'libero_goal_object_ood' (18 tasks).
[Warning]: datasets path /home/redafrix/LIBERO-PRO/libero/libero/../datasets does not exist!
[Warning]: datasets path /home/redafrix/LIBERO-PRO/libero/libero/../datasets does not exist!
[episode] policy=risk_topk8 ep=7 seed=207 outcome=success steps=136 mods=3 time=15.6s
[info] Using default task order for benchmark 'libero_goal_object_ood' (18 tasks).
[Warning]: datasets path /home/redafrix/LIBERO-PRO/libero/libero/../datasets does not exist!
[Warning]: datasets path /home/redafrix/LIBERO-PRO/libero/libero/../datasets does not exist!
[episode] policy=risk_topk8 ep=8 seed=208 outcome=success steps=122 mods=1 time=14.4s
[info] Using default task order for benchmark 'libero_goal_object_ood' (18 tasks).
[Warning]: datasets path /home/redafrix/LIBERO-PRO/libero/libero/../datasets does not exist!
[Warning]: datasets path /home/redafrix/LIBERO-PRO/libero/libero/../datasets does not exist!
[episode] policy=risk_topk8 ep=9 seed=209 outcome=success steps=177 mods=5 time=19.5s
[run_all] /home/redafrix/miniconda3/envs/simvla/bin/python /home/dean/fiper_uncertainty_collection/realtime_deployment/ood_gate_experiments_20260610/src/run_policy_matrix_selected_cap.py --config /home/dean/fiper_uncertainty_collection/realtime_deployment/ood_gate_experiments_20260610/selected_cap_t03_c04_10ep_20260610/configs/task15_modified_simvla.json --policy simvla_only
[robosuite WARNING] No private macro file found! (__init__.py:7)
[robosuite WARNING] It is recommended to use a private macro file (__init__.py:8)
[robosuite WARNING] To setup, run: python /home/dean/.local/lib/python3.10/site-packages/robosuite/scripts/setup_macros.py (__init__.py:9)
Gym has been unmaintained since 2022 and does not support NumPy 2.0 amongst other critical functionality.
Please upgrade to Gymnasium, the maintained drop-in replacement of Gym, or contact the authors of your software and request that they upgrade.
See the migration guide at https://gymnasium.farama.org/introduction/migration_guide/ for additional information.
[startup] policy=simvla_only config=/home/dean/fiper_uncertainty_collection/realtime_deployment/ood_gate_experiments_20260610/selected_cap_t03_c04_10ep_20260610/configs/task15_modified_simvla.json checkpoint=/home/dean/checkpoints/simvla_libero_uncertainty/ckpt-60000
`torch_dtype` is deprecated! Use `dtype` instead!
/home/redafrix/miniconda3/envs/simvla/lib/python3.10/site-packages/torch/nn/modules/linear.py:125: UserWarning: Deterministic behavior was enabled with either `torch.use_deterministic_algorithms(True)` or `at::Context::setDeterministicAlgorithms(true)`, but this operation is not deterministic because it uses CuBLAS and you have CUDA >= 10.2. To enable deterministic behavior in this case, you must set an environment variable before running your PyTorch application: CUBLAS_WORKSPACE_CONFIG=:4096:8 or CUBLAS_WORKSPACE_CONFIG=:16:8. For more information, go to https://docs.nvidia.com/cuda/cublas/index.html#results-reproducibility (Triggered internally at /pytorch/aten/src/ATen/Context.cpp:217.)
  return F.linear(input, self.weight, self.bias)
/home/redafrix/miniconda3/envs/simvla/lib/python3.10/site-packages/transformers/models/llama/modeling_llama.py:101: UserWarning: Deterministic behavior was enabled with either `torch.use_deterministic_algorithms(True)` or `at::Context::setDeterministicAlgorithms(true)`, but this operation is not deterministic because it uses CuBLAS and you have CUDA >= 10.2. To enable deterministic behavior in this case, you must set an environment variable before running your PyTorch application: CUBLAS_WORKSPACE_CONFIG=:4096:8 or CUBLAS_WORKSPACE_CONFIG=:16:8. For more information, go to https://docs.nvidia.com/cuda/cublas/index.html#results-reproducibility (Triggered internally at /pytorch/aten/src/ATen/Context.cpp:217.)
  freqs = (inv_freq_expanded.float() @ position_ids_expanded.float()).transpose(1, 2)
/home/redafrix/miniconda3/envs/simvla/lib/python3.10/site-packages/transformers/integrations/sdpa_attention.py:96: UserWarning: Deterministic behavior was enabled with either `torch.use_deterministic_algorithms(True)` or `at::Context::setDeterministicAlgorithms(true)`, but this operation is not deterministic because it uses CuBLAS and you have CUDA >= 10.2. To enable deterministic behavior in this case, you must set an environment variable before running your PyTorch application: CUBLAS_WORKSPACE_CONFIG=:4096:8 or CUBLAS_WORKSPACE_CONFIG=:16:8. For more information, go to https://docs.nvidia.com/cuda/cublas/index.html#results-reproducibility (Triggered internally at /pytorch/aten/src/ATen/Context.cpp:217.)
  attn_output = torch.nn.functional.scaled_dot_product_attention(
[LiberoJointActionSpace] Loaded state norm stats, dim=8
[LiberoJointActionSpace] Loaded actions norm stats, dim=7
[info] Using default task order for benchmark 'libero_goal_object_ood' (18 tasks).
[Warning]: datasets path /home/redafrix/LIBERO-PRO/libero/libero/../datasets does not exist!
[Warning]: datasets path /home/redafrix/LIBERO-PRO/libero/libero/../datasets does not exist!
[episode] policy=simvla_only ep=0 seed=200 outcome=success steps=87 mods=0 time=4.9s
[info] Using default task order for benchmark 'libero_goal_object_ood' (18 tasks).
[Warning]: datasets path /home/redafrix/LIBERO-PRO/libero/libero/../datasets does not exist!
[Warning]: datasets path /home/redafrix/LIBERO-PRO/libero/libero/../datasets does not exist!
[episode] policy=simvla_only ep=1 seed=201 outcome=success steps=93 mods=0 time=4.2s
[info] Using default task order for benchmark 'libero_goal_object_ood' (18 tasks).
[Warning]: datasets path /home/redafrix/LIBERO-PRO/libero/libero/../datasets does not exist!
[Warning]: datasets path /home/redafrix/LIBERO-PRO/libero/libero/../datasets does not exist!
[episode] policy=simvla_only ep=2 seed=202 outcome=success steps=92 mods=0 time=4.2s
[info] Using default task order for benchmark 'libero_goal_object_ood' (18 tasks).
[Warning]: datasets path /home/redafrix/LIBERO-PRO/libero/libero/../datasets does not exist!
[Warning]: datasets path /home/redafrix/LIBERO-PRO/libero/libero/../datasets does not exist!
[episode] policy=simvla_only ep=3 seed=203 outcome=success steps=126 mods=0 time=5.2s
[info] Using default task order for benchmark 'libero_goal_object_ood' (18 tasks).
[Warning]: datasets path /home/redafrix/LIBERO-PRO/libero/libero/../datasets does not exist!
[Warning]: datasets path /home/redafrix/LIBERO-PRO/libero/libero/../datasets does not exist!
[episode] policy=simvla_only ep=4 seed=204 outcome=success steps=100 mods=0 time=4.3s
[info] Using default task order for benchmark 'libero_goal_object_ood' (18 tasks).
[Warning]: datasets path /home/redafrix/LIBERO-PRO/libero/libero/../datasets does not exist!
[Warning]: datasets path /home/redafrix/LIBERO-PRO/libero/libero/../datasets does not exist!
[episode] policy=simvla_only ep=5 seed=205 outcome=success steps=92 mods=0 time=4.2s
[info] Using default task order for benchmark 'libero_goal_object_ood' (18 tasks).
[Warning]: datasets path /home/redafrix/LIBERO-PRO/libero/libero/../datasets does not exist!
[Warning]: datasets path /home/redafrix/LIBERO-PRO/libero/libero/../datasets does not exist!
[episode] policy=simvla_only ep=6 seed=206 outcome=success steps=93 mods=0 time=4.3s
[info] Using default task order for benchmark 'libero_goal_object_ood' (18 tasks).
[Warning]: datasets path /home/redafrix/LIBERO-PRO/libero/libero/../datasets does not exist!
[Warning]: datasets path /home/redafrix/LIBERO-PRO/libero/libero/../datasets does not exist!
[episode] policy=simvla_only ep=7 seed=207 outcome=success steps=91 mods=0 time=4.2s
[info] Using default task order for benchmark 'libero_goal_object_ood' (18 tasks).
[Warning]: datasets path /home/redafrix/LIBERO-PRO/libero/libero/../datasets does not exist!
[Warning]: datasets path /home/redafrix/LIBERO-PRO/libero/libero/../datasets does not exist!
[episode] policy=simvla_only ep=8 seed=208 outcome=success steps=170 mods=0 time=6.4s
[info] Using default task order for benchmark 'libero_goal_object_ood' (18 tasks).
[Warning]: datasets path /home/redafrix/LIBERO-PRO/libero/libero/../datasets does not exist!
[Warning]: datasets path /home/redafrix/LIBERO-PRO/libero/libero/../datasets does not exist!
[episode] policy=simvla_only ep=9 seed=209 outcome=success steps=98 mods=0 time=4.3s
[run_all] /home/redafrix/miniconda3/envs/simvla/bin/python /home/dean/fiper_uncertainty_collection/realtime_deployment/ood_gate_experiments_20260610/src/run_policy_matrix_selected_cap.py --config /home/dean/fiper_uncertainty_collection/realtime_deployment/ood_gate_experiments_20260610/selected_cap_t03_c04_10ep_20260610/configs/task15_risk_topk8_selected_cap.json --policy risk_topk8
[robosuite WARNING] No private macro file found! (__init__.py:7)
[robosuite WARNING] It is recommended to use a private macro file (__init__.py:8)
[robosuite WARNING] To setup, run: python /home/dean/.local/lib/python3.10/site-packages/robosuite/scripts/setup_macros.py (__init__.py:9)
Gym has been unmaintained since 2022 and does not support NumPy 2.0 amongst other critical functionality.
Please upgrade to Gymnasium, the maintained drop-in replacement of Gym, or contact the authors of your software and request that they upgrade.
See the migration guide at https://gymnasium.farama.org/introduction/migration_guide/ for additional information.
[startup] policy=risk_topk8 config=/home/dean/fiper_uncertainty_collection/realtime_deployment/ood_gate_experiments_20260610/selected_cap_t03_c04_10ep_20260610/configs/task15_risk_topk8_selected_cap.json checkpoint=/home/dean/checkpoints/simvla_libero_uncertainty/ckpt-60000
`torch_dtype` is deprecated! Use `dtype` instead!
/home/redafrix/miniconda3/envs/simvla/lib/python3.10/site-packages/torch/nn/modules/linear.py:125: UserWarning: Deterministic behavior was enabled with either `torch.use_deterministic_algorithms(True)` or `at::Context::setDeterministicAlgorithms(true)`, but this operation is not deterministic because it uses CuBLAS and you have CUDA >= 10.2. To enable deterministic behavior in this case, you must set an environment variable before running your PyTorch application: CUBLAS_WORKSPACE_CONFIG=:4096:8 or CUBLAS_WORKSPACE_CONFIG=:16:8. For more information, go to https://docs.nvidia.com/cuda/cublas/index.html#results-reproducibility (Triggered internally at /pytorch/aten/src/ATen/Context.cpp:217.)
  return F.linear(input, self.weight, self.bias)
/home/redafrix/miniconda3/envs/simvla/lib/python3.10/site-packages/transformers/models/llama/modeling_llama.py:101: UserWarning: Deterministic behavior was enabled with either `torch.use_deterministic_algorithms(True)` or `at::Context::setDeterministicAlgorithms(true)`, but this operation is not deterministic because it uses CuBLAS and you have CUDA >= 10.2. To enable deterministic behavior in this case, you must set an environment variable before running your PyTorch application: CUBLAS_WORKSPACE_CONFIG=:4096:8 or CUBLAS_WORKSPACE_CONFIG=:16:8. For more information, go to https://docs.nvidia.com/cuda/cublas/index.html#results-reproducibility (Triggered internally at /pytorch/aten/src/ATen/Context.cpp:217.)
  freqs = (inv_freq_expanded.float() @ position_ids_expanded.float()).transpose(1, 2)
/home/redafrix/miniconda3/envs/simvla/lib/python3.10/site-packages/transformers/integrations/sdpa_attention.py:96: UserWarning: Deterministic behavior was enabled with either `torch.use_deterministic_algorithms(True)` or `at::Context::setDeterministicAlgorithms(true)`, but this operation is not deterministic because it uses CuBLAS and you have CUDA >= 10.2. To enable deterministic behavior in this case, you must set an environment variable before running your PyTorch application: CUBLAS_WORKSPACE_CONFIG=:4096:8 or CUBLAS_WORKSPACE_CONFIG=:16:8. For more information, go to https://docs.nvidia.com/cuda/cublas/index.html#results-reproducibility (Triggered internally at /pytorch/aten/src/ATen/Context.cpp:217.)
  attn_output = torch.nn.functional.scaled_dot_product_attention(
[LiberoJointActionSpace] Loaded state norm stats, dim=8
[LiberoJointActionSpace] Loaded actions norm stats, dim=7
[info] Using default task order for benchmark 'libero_goal_object_ood' (18 tasks).
[Warning]: datasets path /home/redafrix/LIBERO-PRO/libero/libero/../datasets does not exist!
[Warning]: datasets path /home/redafrix/LIBERO-PRO/libero/libero/../datasets does not exist!
[episode] policy=risk_topk8 ep=0 seed=200 outcome=success steps=87 mods=0 time=11.2s
[info] Using default task order for benchmark 'libero_goal_object_ood' (18 tasks).
[Warning]: datasets path /home/redafrix/LIBERO-PRO/libero/libero/../datasets does not exist!
[Warning]: datasets path /home/redafrix/LIBERO-PRO/libero/libero/../datasets does not exist!
[episode] policy=risk_topk8 ep=1 seed=201 outcome=success steps=93 mods=0 time=11.2s
[info] Using default task order for benchmark 'libero_goal_object_ood' (18 tasks).
[Warning]: datasets path /home/redafrix/LIBERO-PRO/libero/libero/../datasets does not exist!
[Warning]: datasets path /home/redafrix/LIBERO-PRO/libero/libero/../datasets does not exist!
[episode] policy=risk_topk8 ep=2 seed=202 outcome=success steps=92 mods=0 time=11.2s
[info] Using default task order for benchmark 'libero_goal_object_ood' (18 tasks).
[Warning]: datasets path /home/redafrix/LIBERO-PRO/libero/libero/../datasets does not exist!
[Warning]: datasets path /home/redafrix/LIBERO-PRO/libero/libero/../datasets does not exist!
[episode] policy=risk_topk8 ep=3 seed=203 outcome=success steps=126 mods=0 time=14.4s
[info] Using default task order for benchmark 'libero_goal_object_ood' (18 tasks).
[Warning]: datasets path /home/redafrix/LIBERO-PRO/libero/libero/../datasets does not exist!
[Warning]: datasets path /home/redafrix/LIBERO-PRO/libero/libero/../datasets does not exist!
[episode] policy=risk_topk8 ep=4 seed=204 outcome=success steps=100 mods=0 time=11.4s
[info] Using default task order for benchmark 'libero_goal_object_ood' (18 tasks).
[Warning]: datasets path /home/redafrix/LIBERO-PRO/libero/libero/../datasets does not exist!
[Warning]: datasets path /home/redafrix/LIBERO-PRO/libero/libero/../datasets does not exist!
[episode] policy=risk_topk8 ep=5 seed=205 outcome=success steps=92 mods=0 time=11.4s
[info] Using default task order for benchmark 'libero_goal_object_ood' (18 tasks).
[Warning]: datasets path /home/redafrix/LIBERO-PRO/libero/libero/../datasets does not exist!
[Warning]: datasets path /home/redafrix/LIBERO-PRO/libero/libero/../datasets does not exist!
[episode] policy=risk_topk8 ep=6 seed=206 outcome=success steps=93 mods=0 time=11.4s
[info] Using default task order for benchmark 'libero_goal_object_ood' (18 tasks).
[Warning]: datasets path /home/redafrix/LIBERO-PRO/libero/libero/../datasets does not exist!
[Warning]: datasets path /home/redafrix/LIBERO-PRO/libero/libero/../datasets does not exist!
[episode] policy=risk_topk8 ep=7 seed=207 outcome=success steps=91 mods=0 time=11.4s
[info] Using default task order for benchmark 'libero_goal_object_ood' (18 tasks).
[Warning]: datasets path /home/redafrix/LIBERO-PRO/libero/libero/../datasets does not exist!
[Warning]: datasets path /home/redafrix/LIBERO-PRO/libero/libero/../datasets does not exist!
[episode] policy=risk_topk8 ep=8 seed=208 outcome=success steps=170 mods=0 time=18.5s
[info] Using default task order for benchmark 'libero_goal_object_ood' (18 tasks).
[Warning]: datasets path /home/redafrix/LIBERO-PRO/libero/libero/../datasets does not exist!
[Warning]: datasets path /home/redafrix/LIBERO-PRO/libero/libero/../datasets does not exist!
[episode] policy=risk_topk8 ep=9 seed=209 outcome=success steps=98 mods=0 time=11.5s
[run_all] /home/redafrix/miniconda3/envs/simvla/bin/python /home/dean/fiper_uncertainty_collection/realtime_deployment/ood_gate_experiments_20260610/src/run_policy_matrix_selected_cap.py --config /home/dean/fiper_uncertainty_collection/realtime_deployment/ood_gate_experiments_20260610/selected_cap_t03_c04_10ep_20260610/configs/task16_modified_simvla.json --policy simvla_only
[robosuite WARNING] No private macro file found! (__init__.py:7)
[robosuite WARNING] It is recommended to use a private macro file (__init__.py:8)
[robosuite WARNING] To setup, run: python /home/dean/.local/lib/python3.10/site-packages/robosuite/scripts/setup_macros.py (__init__.py:9)
Gym has been unmaintained since 2022 and does not support NumPy 2.0 amongst other critical functionality.
Please upgrade to Gymnasium, the maintained drop-in replacement of Gym, or contact the authors of your software and request that they upgrade.
See the migration guide at https://gymnasium.farama.org/introduction/migration_guide/ for additional information.
[startup] policy=simvla_only config=/home/dean/fiper_uncertainty_collection/realtime_deployment/ood_gate_experiments_20260610/selected_cap_t03_c04_10ep_20260610/configs/task16_modified_simvla.json checkpoint=/home/dean/checkpoints/simvla_libero_uncertainty/ckpt-60000
`torch_dtype` is deprecated! Use `dtype` instead!
/home/redafrix/miniconda3/envs/simvla/lib/python3.10/site-packages/torch/nn/modules/linear.py:125: UserWarning: Deterministic behavior was enabled with either `torch.use_deterministic_algorithms(True)` or `at::Context::setDeterministicAlgorithms(true)`, but this operation is not deterministic because it uses CuBLAS and you have CUDA >= 10.2. To enable deterministic behavior in this case, you must set an environment variable before running your PyTorch application: CUBLAS_WORKSPACE_CONFIG=:4096:8 or CUBLAS_WORKSPACE_CONFIG=:16:8. For more information, go to https://docs.nvidia.com/cuda/cublas/index.html#results-reproducibility (Triggered internally at /pytorch/aten/src/ATen/Context.cpp:217.)
  return F.linear(input, self.weight, self.bias)
/home/redafrix/miniconda3/envs/simvla/lib/python3.10/site-packages/transformers/models/llama/modeling_llama.py:101: UserWarning: Deterministic behavior was enabled with either `torch.use_deterministic_algorithms(True)` or `at::Context::setDeterministicAlgorithms(true)`, but this operation is not deterministic because it uses CuBLAS and you have CUDA >= 10.2. To enable deterministic behavior in this case, you must set an environment variable before running your PyTorch application: CUBLAS_WORKSPACE_CONFIG=:4096:8 or CUBLAS_WORKSPACE_CONFIG=:16:8. For more information, go to https://docs.nvidia.com/cuda/cublas/index.html#results-reproducibility (Triggered internally at /pytorch/aten/src/ATen/Context.cpp:217.)
  freqs = (inv_freq_expanded.float() @ position_ids_expanded.float()).transpose(1, 2)
/home/redafrix/miniconda3/envs/simvla/lib/python3.10/site-packages/transformers/integrations/sdpa_attention.py:96: UserWarning: Deterministic behavior was enabled with either `torch.use_deterministic_algorithms(True)` or `at::Context::setDeterministicAlgorithms(true)`, but this operation is not deterministic because it uses CuBLAS and you have CUDA >= 10.2. To enable deterministic behavior in this case, you must set an environment variable before running your PyTorch application: CUBLAS_WORKSPACE_CONFIG=:4096:8 or CUBLAS_WORKSPACE_CONFIG=:16:8. For more information, go to https://docs.nvidia.com/cuda/cublas/index.html#results-reproducibility (Triggered internally at /pytorch/aten/src/ATen/Context.cpp:217.)
  attn_output = torch.nn.functional.scaled_dot_product_attention(
[LiberoJointActionSpace] Loaded state norm stats, dim=8
[LiberoJointActionSpace] Loaded actions norm stats, dim=7
[info] Using default task order for benchmark 'libero_goal_object_ood' (18 tasks).
[Warning]: datasets path /home/redafrix/LIBERO-PRO/libero/libero/../datasets does not exist!
[Warning]: datasets path /home/redafrix/LIBERO-PRO/libero/libero/../datasets does not exist!
[episode] policy=simvla_only ep=0 seed=200 outcome=success steps=87 mods=0 time=5.1s
[info] Using default task order for benchmark 'libero_goal_object_ood' (18 tasks).
[Warning]: datasets path /home/redafrix/LIBERO-PRO/libero/libero/../datasets does not exist!
[Warning]: datasets path /home/redafrix/LIBERO-PRO/libero/libero/../datasets does not exist!
[episode] policy=simvla_only ep=1 seed=201 outcome=success steps=86 mods=0 time=4.0s
[info] Using default task order for benchmark 'libero_goal_object_ood' (18 tasks).
[Warning]: datasets path /home/redafrix/LIBERO-PRO/libero/libero/../datasets does not exist!
[Warning]: datasets path /home/redafrix/LIBERO-PRO/libero/libero/../datasets does not exist!
[episode] policy=simvla_only ep=2 seed=202 outcome=success steps=91 mods=0 time=4.2s
[info] Using default task order for benchmark 'libero_goal_object_ood' (18 tasks).
[Warning]: datasets path /home/redafrix/LIBERO-PRO/libero/libero/../datasets does not exist!
[Warning]: datasets path /home/redafrix/LIBERO-PRO/libero/libero/../datasets does not exist!
[episode] policy=simvla_only ep=3 seed=203 outcome=success steps=87 mods=0 time=4.0s
[info] Using default task order for benchmark 'libero_goal_object_ood' (18 tasks).
[Warning]: datasets path /home/redafrix/LIBERO-PRO/libero/libero/../datasets does not exist!
[Warning]: datasets path /home/redafrix/LIBERO-PRO/libero/libero/../datasets does not exist!
[episode] policy=simvla_only ep=4 seed=204 outcome=success steps=89 mods=0 time=4.0s
[info] Using default task order for benchmark 'libero_goal_object_ood' (18 tasks).
[Warning]: datasets path /home/redafrix/LIBERO-PRO/libero/libero/../datasets does not exist!
[Warning]: datasets path /home/redafrix/LIBERO-PRO/libero/libero/../datasets does not exist!
[episode] policy=simvla_only ep=5 seed=205 outcome=success steps=90 mods=0 time=4.0s
[info] Using default task order for benchmark 'libero_goal_object_ood' (18 tasks).
[Warning]: datasets path /home/redafrix/LIBERO-PRO/libero/libero/../datasets does not exist!
[Warning]: datasets path /home/redafrix/LIBERO-PRO/libero/libero/../datasets does not exist!
[episode] policy=simvla_only ep=6 seed=206 outcome=success steps=91 mods=0 time=4.2s
[info] Using default task order for benchmark 'libero_goal_object_ood' (18 tasks).
[Warning]: datasets path /home/redafrix/LIBERO-PRO/libero/libero/../datasets does not exist!
[Warning]: datasets path /home/redafrix/LIBERO-PRO/libero/libero/../datasets does not exist!
[episode] policy=simvla_only ep=7 seed=207 outcome=success steps=85 mods=0 time=4.0s
[info] Using default task order for benchmark 'libero_goal_object_ood' (18 tasks).
[Warning]: datasets path /home/redafrix/LIBERO-PRO/libero/libero/../datasets does not exist!
[Warning]: datasets path /home/redafrix/LIBERO-PRO/libero/libero/../datasets does not exist!
[episode] policy=simvla_only ep=8 seed=208 outcome=success steps=87 mods=0 time=4.0s
[info] Using default task order for benchmark 'libero_goal_object_ood' (18 tasks).
[Warning]: datasets path /home/redafrix/LIBERO-PRO/libero/libero/../datasets does not exist!
[Warning]: datasets path /home/redafrix/LIBERO-PRO/libero/libero/../datasets does not exist!
[episode] policy=simvla_only ep=9 seed=209 outcome=success steps=86 mods=0 time=4.0s
[run_all] /home/redafrix/miniconda3/envs/simvla/bin/python /home/dean/fiper_uncertainty_collection/realtime_deployment/ood_gate_experiments_20260610/src/run_policy_matrix_selected_cap.py --config /home/dean/fiper_uncertainty_collection/realtime_deployment/ood_gate_experiments_20260610/selected_cap_t03_c04_10ep_20260610/configs/task16_risk_topk8_selected_cap.json --policy risk_topk8
[robosuite WARNING] No private macro file found! (__init__.py:7)
[robosuite WARNING] It is recommended to use a private macro file (__init__.py:8)
[robosuite WARNING] To setup, run: python /home/dean/.local/lib/python3.10/site-packages/robosuite/scripts/setup_macros.py (__init__.py:9)
Gym has been unmaintained since 2022 and does not support NumPy 2.0 amongst other critical functionality.
Please upgrade to Gymnasium, the maintained drop-in replacement of Gym, or contact the authors of your software and request that they upgrade.
See the migration guide at https://gymnasium.farama.org/introduction/migration_guide/ for additional information.
[startup] policy=risk_topk8 config=/home/dean/fiper_uncertainty_collection/realtime_deployment/ood_gate_experiments_20260610/selected_cap_t03_c04_10ep_20260610/configs/task16_risk_topk8_selected_cap.json checkpoint=/home/dean/checkpoints/simvla_libero_uncertainty/ckpt-60000
`torch_dtype` is deprecated! Use `dtype` instead!
/home/redafrix/miniconda3/envs/simvla/lib/python3.10/site-packages/torch/nn/modules/linear.py:125: UserWarning: Deterministic behavior was enabled with either `torch.use_deterministic_algorithms(True)` or `at::Context::setDeterministicAlgorithms(true)`, but this operation is not deterministic because it uses CuBLAS and you have CUDA >= 10.2. To enable deterministic behavior in this case, you must set an environment variable before running your PyTorch application: CUBLAS_WORKSPACE_CONFIG=:4096:8 or CUBLAS_WORKSPACE_CONFIG=:16:8. For more information, go to https://docs.nvidia.com/cuda/cublas/index.html#results-reproducibility (Triggered internally at /pytorch/aten/src/ATen/Context.cpp:217.)
  return F.linear(input, self.weight, self.bias)
/home/redafrix/miniconda3/envs/simvla/lib/python3.10/site-packages/transformers/models/llama/modeling_llama.py:101: UserWarning: Deterministic behavior was enabled with either `torch.use_deterministic_algorithms(True)` or `at::Context::setDeterministicAlgorithms(true)`, but this operation is not deterministic because it uses CuBLAS and you have CUDA >= 10.2. To enable deterministic behavior in this case, you must set an environment variable before running your PyTorch application: CUBLAS_WORKSPACE_CONFIG=:4096:8 or CUBLAS_WORKSPACE_CONFIG=:16:8. For more information, go to https://docs.nvidia.com/cuda/cublas/index.html#results-reproducibility (Triggered internally at /pytorch/aten/src/ATen/Context.cpp:217.)
  freqs = (inv_freq_expanded.float() @ position_ids_expanded.float()).transpose(1, 2)
/home/redafrix/miniconda3/envs/simvla/lib/python3.10/site-packages/transformers/integrations/sdpa_attention.py:96: UserWarning: Deterministic behavior was enabled with either `torch.use_deterministic_algorithms(True)` or `at::Context::setDeterministicAlgorithms(true)`, but this operation is not deterministic because it uses CuBLAS and you have CUDA >= 10.2. To enable deterministic behavior in this case, you must set an environment variable before running your PyTorch application: CUBLAS_WORKSPACE_CONFIG=:4096:8 or CUBLAS_WORKSPACE_CONFIG=:16:8. For more information, go to https://docs.nvidia.com/cuda/cublas/index.html#results-reproducibility (Triggered internally at /pytorch/aten/src/ATen/Context.cpp:217.)
  attn_output = torch.nn.functional.scaled_dot_product_attention(
[LiberoJointActionSpace] Loaded state norm stats, dim=8
[LiberoJointActionSpace] Loaded actions norm stats, dim=7
[info] Using default task order for benchmark 'libero_goal_object_ood' (18 tasks).
[Warning]: datasets path /home/redafrix/LIBERO-PRO/libero/libero/../datasets does not exist!
[Warning]: datasets path /home/redafrix/LIBERO-PRO/libero/libero/../datasets does not exist!
[episode] policy=risk_topk8 ep=0 seed=200 outcome=success steps=87 mods=0 time=11.3s
[info] Using default task order for benchmark 'libero_goal_object_ood' (18 tasks).
[Warning]: datasets path /home/redafrix/LIBERO-PRO/libero/libero/../datasets does not exist!
[Warning]: datasets path /home/redafrix/LIBERO-PRO/libero/libero/../datasets does not exist!
[episode] policy=risk_topk8 ep=1 seed=201 outcome=success steps=86 mods=0 time=10.3s
[info] Using default task order for benchmark 'libero_goal_object_ood' (18 tasks).
[Warning]: datasets path /home/redafrix/LIBERO-PRO/libero/libero/../datasets does not exist!
[Warning]: datasets path /home/redafrix/LIBERO-PRO/libero/libero/../datasets does not exist!
[episode] policy=risk_topk8 ep=2 seed=202 outcome=success steps=91 mods=0 time=11.2s
[info] Using default task order for benchmark 'libero_goal_object_ood' (18 tasks).
[Warning]: datasets path /home/redafrix/LIBERO-PRO/libero/libero/../datasets does not exist!
[Warning]: datasets path /home/redafrix/LIBERO-PRO/libero/libero/../datasets does not exist!
[episode] policy=risk_topk8 ep=3 seed=203 outcome=success steps=87 mods=0 time=10.4s
[info] Using default task order for benchmark 'libero_goal_object_ood' (18 tasks).
[Warning]: datasets path /home/redafrix/LIBERO-PRO/libero/libero/../datasets does not exist!
[Warning]: datasets path /home/redafrix/LIBERO-PRO/libero/libero/../datasets does not exist!
[episode] policy=risk_topk8 ep=4 seed=204 outcome=success steps=89 mods=0 time=10.4s
[info] Using default task order for benchmark 'libero_goal_object_ood' (18 tasks).
[Warning]: datasets path /home/redafrix/LIBERO-PRO/libero/libero/../datasets does not exist!
[Warning]: datasets path /home/redafrix/LIBERO-PRO/libero/libero/../datasets does not exist!
[episode] policy=risk_topk8 ep=5 seed=205 outcome=success steps=90 mods=0 time=10.4s
[info] Using default task order for benchmark 'libero_goal_object_ood' (18 tasks).
[Warning]: datasets path /home/redafrix/LIBERO-PRO/libero/libero/../datasets does not exist!
[Warning]: datasets path /home/redafrix/LIBERO-PRO/libero/libero/../datasets does not exist!
[episode] policy=risk_topk8 ep=6 seed=206 outcome=success steps=91 mods=0 time=11.4s
[info] Using default task order for benchmark 'libero_goal_object_ood' (18 tasks).
[Warning]: datasets path /home/redafrix/LIBERO-PRO/libero/libero/../datasets does not exist!
[Warning]: datasets path /home/redafrix/LIBERO-PRO/libero/libero/../datasets does not exist!
[episode] policy=risk_topk8 ep=7 seed=207 outcome=success steps=85 mods=0 time=10.4s
[info] Using default task order for benchmark 'libero_goal_object_ood' (18 tasks).
[Warning]: datasets path /home/redafrix/LIBERO-PRO/libero/libero/../datasets does not exist!
[Warning]: datasets path /home/redafrix/LIBERO-PRO/libero/libero/../datasets does not exist!
[episode] policy=risk_topk8 ep=8 seed=208 outcome=success steps=87 mods=0 time=10.4s
[info] Using default task order for benchmark 'libero_goal_object_ood' (18 tasks).
[Warning]: datasets path /home/redafrix/LIBERO-PRO/libero/libero/../datasets does not exist!
[Warning]: datasets path /home/redafrix/LIBERO-PRO/libero/libero/../datasets does not exist!
[episode] policy=risk_topk8 ep=9 seed=209 outcome=success steps=86 mods=0 time=10.5s
[run_all] /home/redafrix/miniconda3/envs/simvla/bin/python /home/dean/fiper_uncertainty_collection/realtime_deployment/ood_gate_experiments_20260610/src/run_policy_matrix_selected_cap.py --config /home/dean/fiper_uncertainty_collection/realtime_deployment/ood_gate_experiments_20260610/selected_cap_t03_c04_10ep_20260610/configs/task17_modified_simvla.json --policy simvla_only
[robosuite WARNING] No private macro file found! (__init__.py:7)
[robosuite WARNING] It is recommended to use a private macro file (__init__.py:8)
[robosuite WARNING] To setup, run: python /home/dean/.local/lib/python3.10/site-packages/robosuite/scripts/setup_macros.py (__init__.py:9)
Gym has been unmaintained since 2022 and does not support NumPy 2.0 amongst other critical functionality.
Please upgrade to Gymnasium, the maintained drop-in replacement of Gym, or contact the authors of your software and request that they upgrade.
See the migration guide at https://gymnasium.farama.org/introduction/migration_guide/ for additional information.
[startup] policy=simvla_only config=/home/dean/fiper_uncertainty_collection/realtime_deployment/ood_gate_experiments_20260610/selected_cap_t03_c04_10ep_20260610/configs/task17_modified_simvla.json checkpoint=/home/dean/checkpoints/simvla_libero_uncertainty/ckpt-60000
`torch_dtype` is deprecated! Use `dtype` instead!
/home/redafrix/miniconda3/envs/simvla/lib/python3.10/site-packages/torch/nn/modules/linear.py:125: UserWarning: Deterministic behavior was enabled with either `torch.use_deterministic_algorithms(True)` or `at::Context::setDeterministicAlgorithms(true)`, but this operation is not deterministic because it uses CuBLAS and you have CUDA >= 10.2. To enable deterministic behavior in this case, you must set an environment variable before running your PyTorch application: CUBLAS_WORKSPACE_CONFIG=:4096:8 or CUBLAS_WORKSPACE_CONFIG=:16:8. For more information, go to https://docs.nvidia.com/cuda/cublas/index.html#results-reproducibility (Triggered internally at /pytorch/aten/src/ATen/Context.cpp:217.)
  return F.linear(input, self.weight, self.bias)
/home/redafrix/miniconda3/envs/simvla/lib/python3.10/site-packages/transformers/models/llama/modeling_llama.py:101: UserWarning: Deterministic behavior was enabled with either `torch.use_deterministic_algorithms(True)` or `at::Context::setDeterministicAlgorithms(true)`, but this operation is not deterministic because it uses CuBLAS and you have CUDA >= 10.2. To enable deterministic behavior in this case, you must set an environment variable before running your PyTorch application: CUBLAS_WORKSPACE_CONFIG=:4096:8 or CUBLAS_WORKSPACE_CONFIG=:16:8. For more information, go to https://docs.nvidia.com/cuda/cublas/index.html#results-reproducibility (Triggered internally at /pytorch/aten/src/ATen/Context.cpp:217.)
  freqs = (inv_freq_expanded.float() @ position_ids_expanded.float()).transpose(1, 2)
/home/redafrix/miniconda3/envs/simvla/lib/python3.10/site-packages/transformers/integrations/sdpa_attention.py:96: UserWarning: Deterministic behavior was enabled with either `torch.use_deterministic_algorithms(True)` or `at::Context::setDeterministicAlgorithms(true)`, but this operation is not deterministic because it uses CuBLAS and you have CUDA >= 10.2. To enable deterministic behavior in this case, you must set an environment variable before running your PyTorch application: CUBLAS_WORKSPACE_CONFIG=:4096:8 or CUBLAS_WORKSPACE_CONFIG=:16:8. For more information, go to https://docs.nvidia.com/cuda/cublas/index.html#results-reproducibility (Triggered internally at /pytorch/aten/src/ATen/Context.cpp:217.)
  attn_output = torch.nn.functional.scaled_dot_product_attention(
[LiberoJointActionSpace] Loaded state norm stats, dim=8
[LiberoJointActionSpace] Loaded actions norm stats, dim=7
[info] Using default task order for benchmark 'libero_goal_object_ood' (18 tasks).
[Warning]: datasets path /home/redafrix/LIBERO-PRO/libero/libero/../datasets does not exist!
[Warning]: datasets path /home/redafrix/LIBERO-PRO/libero/libero/../datasets does not exist!
[episode] policy=simvla_only ep=0 seed=200 outcome=success steps=148 mods=0 time=6.7s
[info] Using default task order for benchmark 'libero_goal_object_ood' (18 tasks).
[Warning]: datasets path /home/redafrix/LIBERO-PRO/libero/libero/../datasets does not exist!
[Warning]: datasets path /home/redafrix/LIBERO-PRO/libero/libero/../datasets does not exist!
[episode] policy=simvla_only ep=1 seed=201 outcome=success steps=79 mods=0 time=3.6s
[info] Using default task order for benchmark 'libero_goal_object_ood' (18 tasks).
[Warning]: datasets path /home/redafrix/LIBERO-PRO/libero/libero/../datasets does not exist!
[Warning]: datasets path /home/redafrix/LIBERO-PRO/libero/libero/../datasets does not exist!
[episode] policy=simvla_only ep=2 seed=202 outcome=success steps=76 mods=0 time=3.6s
[info] Using default task order for benchmark 'libero_goal_object_ood' (18 tasks).
[Warning]: datasets path /home/redafrix/LIBERO-PRO/libero/libero/../datasets does not exist!
[Warning]: datasets path /home/redafrix/LIBERO-PRO/libero/libero/../datasets does not exist!
[episode] policy=simvla_only ep=3 seed=203 outcome=success steps=91 mods=0 time=4.2s
[info] Using default task order for benchmark 'libero_goal_object_ood' (18 tasks).
[Warning]: datasets path /home/redafrix/LIBERO-PRO/libero/libero/../datasets does not exist!
[Warning]: datasets path /home/redafrix/LIBERO-PRO/libero/libero/../datasets does not exist!
[episode] policy=simvla_only ep=4 seed=204 outcome=success steps=92 mods=0 time=4.1s
[info] Using default task order for benchmark 'libero_goal_object_ood' (18 tasks).
[Warning]: datasets path /home/redafrix/LIBERO-PRO/libero/libero/../datasets does not exist!
[Warning]: datasets path /home/redafrix/LIBERO-PRO/libero/libero/../datasets does not exist!
[episode] policy=simvla_only ep=5 seed=205 outcome=success steps=77 mods=0 time=3.7s
[info] Using default task order for benchmark 'libero_goal_object_ood' (18 tasks).
[Warning]: datasets path /home/redafrix/LIBERO-PRO/libero/libero/../datasets does not exist!
[Warning]: datasets path /home/redafrix/LIBERO-PRO/libero/libero/../datasets does not exist!
[episode] policy=simvla_only ep=6 seed=206 outcome=failure_or_timeout steps=300 mods=0 time=10.2s
[info] Using default task order for benchmark 'libero_goal_object_ood' (18 tasks).
[Warning]: datasets path /home/redafrix/LIBERO-PRO/libero/libero/../datasets does not exist!
[Warning]: datasets path /home/redafrix/LIBERO-PRO/libero/libero/../datasets does not exist!
[episode] policy=simvla_only ep=7 seed=207 outcome=success steps=91 mods=0 time=4.2s
[info] Using default task order for benchmark 'libero_goal_object_ood' (18 tasks).
[Warning]: datasets path /home/redafrix/LIBERO-PRO/libero/libero/../datasets does not exist!
[Warning]: datasets path /home/redafrix/LIBERO-PRO/libero/libero/../datasets does not exist!
[episode] policy=simvla_only ep=8 seed=208 outcome=success steps=155 mods=0 time=6.0s
[info] Using default task order for benchmark 'libero_goal_object_ood' (18 tasks).
[Warning]: datasets path /home/redafrix/LIBERO-PRO/libero/libero/../datasets does not exist!
[Warning]: datasets path /home/redafrix/LIBERO-PRO/libero/libero/../datasets does not exist!
[episode] policy=simvla_only ep=9 seed=209 outcome=success steps=72 mods=0 time=3.6s
[run_all] /home/redafrix/miniconda3/envs/simvla/bin/python /home/dean/fiper_uncertainty_collection/realtime_deployment/ood_gate_experiments_20260610/src/run_policy_matrix_selected_cap.py --config /home/dean/fiper_uncertainty_collection/realtime_deployment/ood_gate_experiments_20260610/selected_cap_t03_c04_10ep_20260610/configs/task17_risk_topk8_selected_cap.json --policy risk_topk8
[robosuite WARNING] No private macro file found! (__init__.py:7)
[robosuite WARNING] It is recommended to use a private macro file (__init__.py:8)
[robosuite WARNING] To setup, run: python /home/dean/.local/lib/python3.10/site-packages/robosuite/scripts/setup_macros.py (__init__.py:9)
Gym has been unmaintained since 2022 and does not support NumPy 2.0 amongst other critical functionality.
Please upgrade to Gymnasium, the maintained drop-in replacement of Gym, or contact the authors of your software and request that they upgrade.
See the migration guide at https://gymnasium.farama.org/introduction/migration_guide/ for additional information.
[startup] policy=risk_topk8 config=/home/dean/fiper_uncertainty_collection/realtime_deployment/ood_gate_experiments_20260610/selected_cap_t03_c04_10ep_20260610/configs/task17_risk_topk8_selected_cap.json checkpoint=/home/dean/checkpoints/simvla_libero_uncertainty/ckpt-60000
`torch_dtype` is deprecated! Use `dtype` instead!
/home/redafrix/miniconda3/envs/simvla/lib/python3.10/site-packages/torch/nn/modules/linear.py:125: UserWarning: Deterministic behavior was enabled with either `torch.use_deterministic_algorithms(True)` or `at::Context::setDeterministicAlgorithms(true)`, but this operation is not deterministic because it uses CuBLAS and you have CUDA >= 10.2. To enable deterministic behavior in this case, you must set an environment variable before running your PyTorch application: CUBLAS_WORKSPACE_CONFIG=:4096:8 or CUBLAS_WORKSPACE_CONFIG=:16:8. For more information, go to https://docs.nvidia.com/cuda/cublas/index.html#results-reproducibility (Triggered internally at /pytorch/aten/src/ATen/Context.cpp:217.)
  return F.linear(input, self.weight, self.bias)
/home/redafrix/miniconda3/envs/simvla/lib/python3.10/site-packages/transformers/models/llama/modeling_llama.py:101: UserWarning: Deterministic behavior was enabled with either `torch.use_deterministic_algorithms(True)` or `at::Context::setDeterministicAlgorithms(true)`, but this operation is not deterministic because it uses CuBLAS and you have CUDA >= 10.2. To enable deterministic behavior in this case, you must set an environment variable before running your PyTorch application: CUBLAS_WORKSPACE_CONFIG=:4096:8 or CUBLAS_WORKSPACE_CONFIG=:16:8. For more information, go to https://docs.nvidia.com/cuda/cublas/index.html#results-reproducibility (Triggered internally at /pytorch/aten/src/ATen/Context.cpp:217.)
  freqs = (inv_freq_expanded.float() @ position_ids_expanded.float()).transpose(1, 2)
/home/redafrix/miniconda3/envs/simvla/lib/python3.10/site-packages/transformers/integrations/sdpa_attention.py:96: UserWarning: Deterministic behavior was enabled with either `torch.use_deterministic_algorithms(True)` or `at::Context::setDeterministicAlgorithms(true)`, but this operation is not deterministic because it uses CuBLAS and you have CUDA >= 10.2. To enable deterministic behavior in this case, you must set an environment variable before running your PyTorch application: CUBLAS_WORKSPACE_CONFIG=:4096:8 or CUBLAS_WORKSPACE_CONFIG=:16:8. For more information, go to https://docs.nvidia.com/cuda/cublas/index.html#results-reproducibility (Triggered internally at /pytorch/aten/src/ATen/Context.cpp:217.)
  attn_output = torch.nn.functional.scaled_dot_product_attention(
[LiberoJointActionSpace] Loaded state norm stats, dim=8
[LiberoJointActionSpace] Loaded actions norm stats, dim=7
[info] Using default task order for benchmark 'libero_goal_object_ood' (18 tasks).
[Warning]: datasets path /home/redafrix/LIBERO-PRO/libero/libero/../datasets does not exist!
[Warning]: datasets path /home/redafrix/LIBERO-PRO/libero/libero/../datasets does not exist!
[episode] policy=risk_topk8 ep=0 seed=200 outcome=success steps=149 mods=1 time=17.1s
[info] Using default task order for benchmark 'libero_goal_object_ood' (18 tasks).
[Warning]: datasets path /home/redafrix/LIBERO-PRO/libero/libero/../datasets does not exist!
[Warning]: datasets path /home/redafrix/LIBERO-PRO/libero/libero/../datasets does not exist!
[episode] policy=risk_topk8 ep=1 seed=201 outcome=success steps=79 mods=0 time=9.3s
[info] Using default task order for benchmark 'libero_goal_object_ood' (18 tasks).
[Warning]: datasets path /home/redafrix/LIBERO-PRO/libero/libero/../datasets does not exist!
[Warning]: datasets path /home/redafrix/LIBERO-PRO/libero/libero/../datasets does not exist!
[episode] policy=risk_topk8 ep=2 seed=202 outcome=success steps=76 mods=0 time=9.3s
[info] Using default task order for benchmark 'libero_goal_object_ood' (18 tasks).
[Warning]: datasets path /home/redafrix/LIBERO-PRO/libero/libero/../datasets does not exist!
[Warning]: datasets path /home/redafrix/LIBERO-PRO/libero/libero/../datasets does not exist!
[episode] policy=risk_topk8 ep=3 seed=203 outcome=success steps=91 mods=0 time=11.2s
[info] Using default task order for benchmark 'libero_goal_object_ood' (18 tasks).
[Warning]: datasets path /home/redafrix/LIBERO-PRO/libero/libero/../datasets does not exist!
[Warning]: datasets path /home/redafrix/LIBERO-PRO/libero/libero/../datasets does not exist!
[episode] policy=risk_topk8 ep=4 seed=204 outcome=success steps=97 mods=1 time=11.3s
[info] Using default task order for benchmark 'libero_goal_object_ood' (18 tasks).
[Warning]: datasets path /home/redafrix/LIBERO-PRO/libero/libero/../datasets does not exist!
[Warning]: datasets path /home/redafrix/LIBERO-PRO/libero/libero/../datasets does not exist!
[episode] policy=risk_topk8 ep=5 seed=205 outcome=success steps=77 mods=0 time=9.4s
[info] Using default task order for benchmark 'libero_goal_object_ood' (18 tasks).
[Warning]: datasets path /home/redafrix/LIBERO-PRO/libero/libero/../datasets does not exist!
[Warning]: datasets path /home/redafrix/LIBERO-PRO/libero/libero/../datasets does not exist!
[episode] policy=risk_topk8 ep=6 seed=206 outcome=success steps=129 mods=1 time=14.4s
[info] Using default task order for benchmark 'libero_goal_object_ood' (18 tasks).
[Warning]: datasets path /home/redafrix/LIBERO-PRO/libero/libero/../datasets does not exist!
[Warning]: datasets path /home/redafrix/LIBERO-PRO/libero/libero/../datasets does not exist!
[episode] policy=risk_topk8 ep=7 seed=207 outcome=success steps=91 mods=0 time=11.3s
[info] Using default task order for benchmark 'libero_goal_object_ood' (18 tasks).
[Warning]: datasets path /home/redafrix/LIBERO-PRO/libero/libero/../datasets does not exist!
[Warning]: datasets path /home/redafrix/LIBERO-PRO/libero/libero/../datasets does not exist!
[episode] policy=risk_topk8 ep=8 seed=208 outcome=success steps=147 mods=1 time=16.4s
[info] Using default task order for benchmark 'libero_goal_object_ood' (18 tasks).
[Warning]: datasets path /home/redafrix/LIBERO-PRO/libero/libero/../datasets does not exist!
[Warning]: datasets path /home/redafrix/LIBERO-PRO/libero/libero/../datasets does not exist!
[episode] policy=risk_topk8 ep=9 seed=209 outcome=success steps=72 mods=0 time=9.3s
[run_all] COMPLETE
