[robosuite WARNING] No private macro file found! (__init__.py:7)
[robosuite WARNING] It is recommended to use a private macro file (__init__.py:8)
[robosuite WARNING] To setup, run: python /tmp/bob_site_packages/robosuite/scripts/setup_macros.py (__init__.py:9)
Gym has been unmaintained since 2022 and does not support NumPy 2.0 amongst other critical functionality.
Please upgrade to Gymnasium, the maintained drop-in replacement of Gym, or contact the authors of your software and request that they upgrade.
Users of this version of Gym should be able to simply replace 'import gym' with 'import gymnasium as gym' in the vast majority of cases.
See the migration guide at https://gymnasium.farama.org/introduction/migration_guide/ for additional information.
[LiberoJointActionSpace] Loaded state norm stats, dim=8
[LiberoJointActionSpace] Loaded actions norm stats, dim=7
FIPER Sweep Collector v2 started. Sweeps: 1000000, ACE: 8, MaxSteps: 300

--- Starting Sweep 0 ---
/tmp/bob_reda_ws/intern_ship_ws/assets/repos/LIBERO-PRO/libero/libero/benchmark/__init__.py:273: FutureWarning: You are using `torch.load` with `weights_only=False` (the current default value), which uses the default pickle module implicitly. It is possible to construct malicious pickle data which will execute arbitrary code during unpickling (See https://github.com/pytorch/pytorch/blob/main/SECURITY.md#untrusted-models for more details). In a future release, the default value for `weights_only` will be flipped to `True`. This limits the functions that could be executed during unpickling. Arbitrary objects will no longer be allowed to be loaded via this mode unless they are explicitly allowlisted by the user via `torch.serialization.add_safe_globals`. We recommend you start setting `weights_only=True` for any use case where you don't have full control of the loaded file. Please open an issue on GitHub for any issues related to this experimental feature.
  init_states = torch.load(init_states_path)
[info] Using default task order for benchmark 'libero_spatial_object' (10 tasks).
  libero_spatial_object_t0 Episode 0 (Sweep 0)...
    Episode finished. Steps: 74. Success: True
[info] Using default task order for benchmark 'libero_spatial_object' (10 tasks).
  libero_spatial_object_t1 Episode 0 (Sweep 0)...
    Episode finished. Steps: 119. Success: True
[info] Using default task order for benchmark 'libero_spatial_object' (10 tasks).
  libero_spatial_object_t2 Episode 0 (Sweep 0)...
    Episode finished. Steps: 95. Success: True
[info] Using default task order for benchmark 'libero_spatial_object' (10 tasks).
  libero_spatial_object_t3 Episode 0 (Sweep 0)...
    Episode finished. Steps: 81. Success: True
[info] Using default task order for benchmark 'libero_spatial_object' (10 tasks).
  libero_spatial_object_t4 Episode 0 (Sweep 0)...
    Episode finished. Steps: 116. Success: True
[info] Using default task order for benchmark 'libero_spatial_object' (10 tasks).
  libero_spatial_object_t5 Episode 0 (Sweep 0)...
    Episode finished. Steps: 300. Success: False
[info] Using default task order for benchmark 'libero_spatial_object' (10 tasks).
  libero_spatial_object_t6 Episode 0 (Sweep 0)...
    Episode finished. Steps: 109. Success: True
[info] Using default task order for benchmark 'libero_spatial_object' (10 tasks).
  libero_spatial_object_t7 Episode 0 (Sweep 0)...
    Episode finished. Steps: 178. Success: True
[info] Using default task order for benchmark 'libero_spatial_object' (10 tasks).
  libero_spatial_object_t8 Episode 0 (Sweep 0)...
    Episode finished. Steps: 89. Success: True
[info] Using default task order for benchmark 'libero_spatial_object' (10 tasks).
  libero_spatial_object_t9 Episode 0 (Sweep 0)...
    Episode finished. Steps: 110. Success: True
[info] Using default task order for benchmark 'libero_object_object' (10 tasks).
  libero_object_object_t0 Episode 0 (Sweep 0)...
    Episode finished. Steps: 161. Success: True
[info] Using default task order for benchmark 'libero_object_object' (10 tasks).
  libero_object_object_t1 Episode 0 (Sweep 0)...
    Episode finished. Steps: 136. Success: True
[info] Using default task order for benchmark 'libero_object_object' (10 tasks).
  libero_object_object_t2 Episode 0 (Sweep 0)...
    Episode finished. Steps: 179. Success: True
[info] Using default task order for benchmark 'libero_object_object' (10 tasks).
  libero_object_object_t3 Episode 0 (Sweep 0)...
    Episode finished. Steps: 143. Success: True
[info] Using default task order for benchmark 'libero_object_object' (10 tasks).
  libero_object_object_t4 Episode 0 (Sweep 0)...
    Episode finished. Steps: 141. Success: True
[info] Using default task order for benchmark 'libero_object_object' (10 tasks).
  libero_object_object_t5 Episode 0 (Sweep 0)...
    Episode finished. Steps: 132. Success: True
[info] Using default task order for benchmark 'libero_object_object' (10 tasks).
  libero_object_object_t6 Episode 0 (Sweep 0)...
    Episode finished. Steps: 187. Success: True
[info] Using default task order for benchmark 'libero_object_object' (10 tasks).
  libero_object_object_t7 Episode 0 (Sweep 0)...
    Episode finished. Steps: 126. Success: True
[info] Using default task order for benchmark 'libero_object_object' (10 tasks).
  libero_object_object_t8 Episode 0 (Sweep 0)...
    Episode finished. Steps: 159. Success: True
[info] Using default task order for benchmark 'libero_object_object' (10 tasks).
  libero_object_object_t9 Episode 0 (Sweep 0)...
    Episode finished. Steps: 118. Success: True
[info] Using default task order for benchmark 'libero_goal_object' (10 tasks).
  libero_goal_object_t0 Episode 0 (Sweep 0)...
    Episode finished. Steps: 122. Success: True
[info] Using default task order for benchmark 'libero_goal_object' (10 tasks).
  libero_goal_object_t1 Episode 0 (Sweep 0)...
    Episode finished. Steps: 82. Success: True
[info] Using default task order for benchmark 'libero_goal_object' (10 tasks).
  libero_goal_object_t2 Episode 0 (Sweep 0)...
    Episode finished. Steps: 300. Success: False
[info] Using default task order for benchmark 'libero_goal_object' (10 tasks).
  libero_goal_object_t3 Episode 0 (Sweep 0)...
    Episode finished. Steps: 188. Success: True
[info] Using default task order for benchmark 'libero_goal_object' (10 tasks).
  libero_goal_object_t4 Episode 0 (Sweep 0)...
    Episode finished. Steps: 89. Success: True
[info] Using default task order for benchmark 'libero_goal_object' (10 tasks).
  libero_goal_object_t5 Episode 0 (Sweep 0)...
    Episode finished. Steps: 139. Success: True
[info] Using default task order for benchmark 'libero_goal_object' (10 tasks).
  libero_goal_object_t6 Episode 0 (Sweep 0)...
    Episode finished. Steps: 85. Success: True
[info] Using default task order for benchmark 'libero_goal_object' (10 tasks).
  libero_goal_object_t7 Episode 0 (Sweep 0)...
    Episode finished. Steps: 77. Success: True
[info] Using default task order for benchmark 'libero_goal_object' (10 tasks).
  libero_goal_object_t8 Episode 0 (Sweep 0)...
    Episode finished. Steps: 82. Success: True
[info] Using default task order for benchmark 'libero_goal_object' (10 tasks).
  libero_goal_object_t9 Episode 0 (Sweep 0)...
    Episode finished. Steps: 141. Success: True

--- Starting Sweep 1 ---
[info] Using default task order for benchmark 'libero_spatial_object' (10 tasks).
  libero_spatial_object_t0 Episode 1 (Sweep 1)...
    Episode finished. Steps: 74. Success: True
[info] Using default task order for benchmark 'libero_spatial_object' (10 tasks).
  libero_spatial_object_t1 Episode 1 (Sweep 1)...
    Episode finished. Steps: 100. Success: True
[info] Using default task order for benchmark 'libero_spatial_object' (10 tasks).
  libero_spatial_object_t2 Episode 1 (Sweep 1)...
    Episode finished. Steps: 99. Success: True
[info] Using default task order for benchmark 'libero_spatial_object' (10 tasks).
  libero_spatial_object_t3 Episode 1 (Sweep 1)...
    Episode finished. Steps: 85. Success: True
[info] Using default task order for benchmark 'libero_spatial_object' (10 tasks).
  libero_spatial_object_t4 Episode 1 (Sweep 1)...
    Episode finished. Steps: 300. Success: False
[info] Using default task order for benchmark 'libero_spatial_object' (10 tasks).
  libero_spatial_object_t5 Episode 1 (Sweep 1)...
    Episode finished. Steps: 300. Success: False
[info] Using default task order for benchmark 'libero_spatial_object' (10 tasks).
  libero_spatial_object_t6 Episode 1 (Sweep 1)...
    Episode finished. Steps: 102. Success: True
[info] Using default task order for benchmark 'libero_spatial_object' (10 tasks).
  libero_spatial_object_t7 Episode 1 (Sweep 1)...
    Episode finished. Steps: 126. Success: True
[info] Using default task order for benchmark 'libero_spatial_object' (10 tasks).
  libero_spatial_object_t8 Episode 1 (Sweep 1)...
    Episode finished. Steps: 92. Success: True
[info] Using default task order for benchmark 'libero_spatial_object' (10 tasks).
  libero_spatial_object_t9 Episode 1 (Sweep 1)...
    Episode finished. Steps: 124. Success: True
[info] Using default task order for benchmark 'libero_object_object' (10 tasks).
  libero_object_object_t0 Episode 1 (Sweep 1)...
    Episode finished. Steps: 235. Success: True
[info] Using default task order for benchmark 'libero_object_object' (10 tasks).
  libero_object_object_t1 Episode 1 (Sweep 1)...
    Episode finished. Steps: 140. Success: True
[info] Using default task order for benchmark 'libero_object_object' (10 tasks).
  libero_object_object_t2 Episode 1 (Sweep 1)...
    Episode finished. Steps: 180. Success: True
[info] Using default task order for benchmark 'libero_object_object' (10 tasks).
  libero_object_object_t3 Episode 1 (Sweep 1)...
    Episode finished. Steps: 149. Success: True
[info] Using default task order for benchmark 'libero_object_object' (10 tasks).
  libero_object_object_t4 Episode 1 (Sweep 1)...
    Episode finished. Steps: 138. Success: True
[info] Using default task order for benchmark 'libero_object_object' (10 tasks).
  libero_object_object_t5 Episode 1 (Sweep 1)...
    Episode finished. Steps: 137. Success: True
[info] Using default task order for benchmark 'libero_object_object' (10 tasks).
  libero_object_object_t6 Episode 1 (Sweep 1)...
    Episode finished. Steps: 183. Success: True
[info] Using default task order for benchmark 'libero_object_object' (10 tasks).
  libero_object_object_t7 Episode 1 (Sweep 1)...
    Episode finished. Steps: 127. Success: True
[info] Using default task order for benchmark 'libero_object_object' (10 tasks).
  libero_object_object_t8 Episode 1 (Sweep 1)...
    Episode finished. Steps: 166. Success: True
[info] Using default task order for benchmark 'libero_object_object' (10 tasks).
  libero_object_object_t9 Episode 1 (Sweep 1)...
    Episode finished. Steps: 143. Success: True
[info] Using default task order for benchmark 'libero_goal_object' (10 tasks).
  libero_goal_object_t0 Episode 1 (Sweep 1)...
    Episode finished. Steps: 300. Success: False
[info] Using default task order for benchmark 'libero_goal_object' (10 tasks).
  libero_goal_object_t1 Episode 1 (Sweep 1)...
    Episode finished. Steps: 99. Success: True
[info] Using default task order for benchmark 'libero_goal_object' (10 tasks).
  libero_goal_object_t2 Episode 1 (Sweep 1)...
    Episode finished. Steps: 91. Success: True
[info] Using default task order for benchmark 'libero_goal_object' (10 tasks).
  libero_goal_object_t3 Episode 1 (Sweep 1)...
    Episode finished. Steps: 164. Success: True
[info] Using default task order for benchmark 'libero_goal_object' (10 tasks).
  libero_goal_object_t4 Episode 1 (Sweep 1)...
    Episode finished. Steps: 84. Success: True
[info] Using default task order for benchmark 'libero_goal_object' (10 tasks).
  libero_goal_object_t5 Episode 1 (Sweep 1)...
    Episode finished. Steps: 150. Success: True
[info] Using default task order for benchmark 'libero_goal_object' (10 tasks).
  libero_goal_object_t6 Episode 1 (Sweep 1)...
    Episode finished. Steps: 93. Success: True
[info] Using default task order for benchmark 'libero_goal_object' (10 tasks).
  libero_goal_object_t7 Episode 1 (Sweep 1)...
    Episode finished. Steps: 76. Success: True
[info] Using default task order for benchmark 'libero_goal_object' (10 tasks).
  libero_goal_object_t8 Episode 1 (Sweep 1)...
    Episode finished. Steps: 132. Success: True
[info] Using default task order for benchmark 'libero_goal_object' (10 tasks).
  libero_goal_object_t9 Episode 1 (Sweep 1)...
    Episode finished. Steps: 153. Success: True

--- Starting Sweep 2 ---
[info] Using default task order for benchmark 'libero_spatial_object' (10 tasks).
  libero_spatial_object_t0 Episode 2 (Sweep 2)...
    Episode finished. Steps: 82. Success: True
[info] Using default task order for benchmark 'libero_spatial_object' (10 tasks).
  libero_spatial_object_t1 Episode 2 (Sweep 2)...
    Episode finished. Steps: 115. Success: True
[info] Using default task order for benchmark 'libero_spatial_object' (10 tasks).
  libero_spatial_object_t2 Episode 2 (Sweep 2)...
    Episode finished. Steps: 95. Success: True
[info] Using default task order for benchmark 'libero_spatial_object' (10 tasks).
  libero_spatial_object_t3 Episode 2 (Sweep 2)...
    Episode finished. Steps: 84. Success: True
[info] Using default task order for benchmark 'libero_spatial_object' (10 tasks).
  libero_spatial_object_t4 Episode 2 (Sweep 2)...
    Episode finished. Steps: 118. Success: True
[info] Using default task order for benchmark 'libero_spatial_object' (10 tasks).
  libero_spatial_object_t5 Episode 2 (Sweep 2)...
    Episode finished. Steps: 300. Success: False
[info] Using default task order for benchmark 'libero_spatial_object' (10 tasks).
  libero_spatial_object_t6 Episode 2 (Sweep 2)...
    Episode finished. Steps: 104. Success: True
[info] Using default task order for benchmark 'libero_spatial_object' (10 tasks).
  libero_spatial_object_t7 Episode 2 (Sweep 2)...
    Episode finished. Steps: 124. Success: True
[info] Using default task order for benchmark 'libero_spatial_object' (10 tasks).
  libero_spatial_object_t8 Episode 2 (Sweep 2)...
    Episode finished. Steps: 90. Success: True
[info] Using default task order for benchmark 'libero_spatial_object' (10 tasks).
  libero_spatial_object_t9 Episode 2 (Sweep 2)...
    Episode finished. Steps: 114. Success: True
[info] Using default task order for benchmark 'libero_object_object' (10 tasks).
  libero_object_object_t0 Episode 2 (Sweep 2)...
    Episode finished. Steps: 219. Success: True
[info] Using default task order for benchmark 'libero_object_object' (10 tasks).
  libero_object_object_t1 Episode 2 (Sweep 2)...
    Episode finished. Steps: 186. Success: True
[info] Using default task order for benchmark 'libero_object_object' (10 tasks).
  libero_object_object_t2 Episode 2 (Sweep 2)...
    Episode finished. Steps: 157. Success: True
[info] Using default task order for benchmark 'libero_object_object' (10 tasks).
  libero_object_object_t3 Episode 2 (Sweep 2)...
    Episode finished. Steps: 126. Success: True
[info] Using default task order for benchmark 'libero_object_object' (10 tasks).
  libero_object_object_t4 Episode 2 (Sweep 2)...
    Episode finished. Steps: 152. Success: True
[info] Using default task order for benchmark 'libero_object_object' (10 tasks).
  libero_object_object_t5 Episode 2 (Sweep 2)...
    Episode finished. Steps: 130. Success: True
[info] Using default task order for benchmark 'libero_object_object' (10 tasks).
  libero_object_object_t6 Episode 2 (Sweep 2)...
    Episode finished. Steps: 204. Success: True
[info] Using default task order for benchmark 'libero_object_object' (10 tasks).
  libero_object_object_t7 Episode 2 (Sweep 2)...
    Episode finished. Steps: 300. Success: False
[info] Using default task order for benchmark 'libero_object_object' (10 tasks).
  libero_object_object_t8 Episode 2 (Sweep 2)...
    Episode finished. Steps: 156. Success: True
[info] Using default task order for benchmark 'libero_object_object' (10 tasks).
  libero_object_object_t9 Episode 2 (Sweep 2)...
    Episode finished. Steps: 119. Success: True
[info] Using default task order for benchmark 'libero_goal_object' (10 tasks).
  libero_goal_object_t0 Episode 2 (Sweep 2)...
    Episode finished. Steps: 300. Success: False
[info] Using default task order for benchmark 'libero_goal_object' (10 tasks).
  libero_goal_object_t1 Episode 2 (Sweep 2)...
    Episode finished. Steps: 72. Success: True
[info] Using default task order for benchmark 'libero_goal_object' (10 tasks).
  libero_goal_object_t2 Episode 2 (Sweep 2)...
    Episode finished. Steps: 89. Success: True
[info] Using default task order for benchmark 'libero_goal_object' (10 tasks).
  libero_goal_object_t3 Episode 2 (Sweep 2)...
    Episode finished. Steps: 178. Success: True
[info] Using default task order for benchmark 'libero_goal_object' (10 tasks).
  libero_goal_object_t4 Episode 2 (Sweep 2)...
    Episode finished. Steps: 86. Success: True
[info] Using default task order for benchmark 'libero_goal_object' (10 tasks).
  libero_goal_object_t5 Episode 2 (Sweep 2)...
    Episode finished. Steps: 135. Success: True
[info] Using default task order for benchmark 'libero_goal_object' (10 tasks).
  libero_goal_object_t6 Episode 2 (Sweep 2)...
    Episode finished. Steps: 98. Success: True
[info] Using default task order for benchmark 'libero_goal_object' (10 tasks).
  libero_goal_object_t7 Episode 2 (Sweep 2)...
    Episode finished. Steps: 75. Success: True
[info] Using default task order for benchmark 'libero_goal_object' (10 tasks).
  libero_goal_object_t8 Episode 2 (Sweep 2)...
    Episode finished. Steps: 80. Success: True
[info] Using default task order for benchmark 'libero_goal_object' (10 tasks).
  libero_goal_object_t9 Episode 2 (Sweep 2)...
    Episode finished. Steps: 191. Success: True

--- Starting Sweep 3 ---
[info] Using default task order for benchmark 'libero_spatial_object' (10 tasks).
  libero_spatial_object_t0 Episode 3 (Sweep 3)...
    Episode finished. Steps: 74. Success: True
[info] Using default task order for benchmark 'libero_spatial_object' (10 tasks).
  libero_spatial_object_t1 Episode 3 (Sweep 3)...
    Episode finished. Steps: 113. Success: True
[info] Using default task order for benchmark 'libero_spatial_object' (10 tasks).
  libero_spatial_object_t2 Episode 3 (Sweep 3)...
    Episode finished. Steps: 92. Success: True
[info] Using default task order for benchmark 'libero_spatial_object' (10 tasks).
  libero_spatial_object_t3 Episode 3 (Sweep 3)...
    Episode finished. Steps: 84. Success: True
[info] Using default task order for benchmark 'libero_spatial_object' (10 tasks).
  libero_spatial_object_t4 Episode 3 (Sweep 3)...
    Episode finished. Steps: 181. Success: True
[info] Using default task order for benchmark 'libero_spatial_object' (10 tasks).
  libero_spatial_object_t5 Episode 3 (Sweep 3)...
    Episode finished. Steps: 300. Success: False
[info] Using default task order for benchmark 'libero_spatial_object' (10 tasks).
  libero_spatial_object_t6 Episode 3 (Sweep 3)...
    Episode finished. Steps: 97. Success: True
[info] Using default task order for benchmark 'libero_spatial_object' (10 tasks).
  libero_spatial_object_t7 Episode 3 (Sweep 3)...
    Episode finished. Steps: 134. Success: True
[info] Using default task order for benchmark 'libero_spatial_object' (10 tasks).
  libero_spatial_object_t8 Episode 3 (Sweep 3)...
    Episode finished. Steps: 93. Success: True
[info] Using default task order for benchmark 'libero_spatial_object' (10 tasks).
  libero_spatial_object_t9 Episode 3 (Sweep 3)...
    Episode finished. Steps: 117. Success: True
[info] Using default task order for benchmark 'libero_object_object' (10 tasks).
  libero_object_object_t0 Episode 3 (Sweep 3)...
    Episode finished. Steps: 300. Success: False
[info] Using default task order for benchmark 'libero_object_object' (10 tasks).
  libero_object_object_t1 Episode 3 (Sweep 3)...
    Episode finished. Steps: 147. Success: True
[info] Using default task order for benchmark 'libero_object_object' (10 tasks).
  libero_object_object_t2 Episode 3 (Sweep 3)...
    Episode finished. Steps: 161. Success: True
[info] Using default task order for benchmark 'libero_object_object' (10 tasks).
  libero_object_object_t3 Episode 3 (Sweep 3)...
    Episode finished. Steps: 300. Success: False
[info] Using default task order for benchmark 'libero_object_object' (10 tasks).
  libero_object_object_t4 Episode 3 (Sweep 3)...
    Episode finished. Steps: 142. Success: True
[info] Using default task order for benchmark 'libero_object_object' (10 tasks).
  libero_object_object_t5 Episode 3 (Sweep 3)...
    Episode finished. Steps: 133. Success: True
[info] Using default task order for benchmark 'libero_object_object' (10 tasks).
  libero_object_object_t6 Episode 3 (Sweep 3)...
    Episode finished. Steps: 232. Success: True
[info] Using default task order for benchmark 'libero_object_object' (10 tasks).
  libero_object_object_t7 Episode 3 (Sweep 3)...
    Episode finished. Steps: 125. Success: True
[info] Using default task order for benchmark 'libero_object_object' (10 tasks).
  libero_object_object_t8 Episode 3 (Sweep 3)...
    Episode finished. Steps: 177. Success: True
[info] Using default task order for benchmark 'libero_object_object' (10 tasks).
  libero_object_object_t9 Episode 3 (Sweep 3)...
    Episode finished. Steps: 114. Success: True
[info] Using default task order for benchmark 'libero_goal_object' (10 tasks).
  libero_goal_object_t0 Episode 3 (Sweep 3)...
    Episode finished. Steps: 123. Success: True
[info] Using default task order for benchmark 'libero_goal_object' (10 tasks).
  libero_goal_object_t1 Episode 3 (Sweep 3)...
    Episode finished. Steps: 84. Success: True
[info] Using default task order for benchmark 'libero_goal_object' (10 tasks).
  libero_goal_object_t2 Episode 3 (Sweep 3)...
    Episode finished. Steps: 300. Success: False
[info] Using default task order for benchmark 'libero_goal_object' (10 tasks).
  libero_goal_object_t3 Episode 3 (Sweep 3)...
    Episode finished. Steps: 180. Success: True
[info] Using default task order for benchmark 'libero_goal_object' (10 tasks).
  libero_goal_object_t4 Episode 3 (Sweep 3)...
    Episode finished. Steps: 84. Success: True
[info] Using default task order for benchmark 'libero_goal_object' (10 tasks).
  libero_goal_object_t5 Episode 3 (Sweep 3)...
    Episode finished. Steps: 142. Success: True
[info] Using default task order for benchmark 'libero_goal_object' (10 tasks).
  libero_goal_object_t6 Episode 3 (Sweep 3)...
    Episode finished. Steps: 87. Success: True
[info] Using default task order for benchmark 'libero_goal_object' (10 tasks).
  libero_goal_object_t7 Episode 3 (Sweep 3)...
    Episode finished. Steps: 72. Success: True
[info] Using default task order for benchmark 'libero_goal_object' (10 tasks).
  libero_goal_object_t8 Episode 3 (Sweep 3)...
    Episode finished. Steps: 83. Success: True
[info] Using default task order for benchmark 'libero_goal_object' (10 tasks).
  libero_goal_object_t9 Episode 3 (Sweep 3)...
    Episode finished. Steps: 149. Success: True

--- Starting Sweep 4 ---
[info] Using default task order for benchmark 'libero_spatial_object' (10 tasks).
  libero_spatial_object_t0 Episode 4 (Sweep 4)...
    Episode finished. Steps: 71. Success: True
[info] Using default task order for benchmark 'libero_spatial_object' (10 tasks).
  libero_spatial_object_t1 Episode 4 (Sweep 4)...
    Episode finished. Steps: 108. Success: True
[info] Using default task order for benchmark 'libero_spatial_object' (10 tasks).
  libero_spatial_object_t2 Episode 4 (Sweep 4)...
    Episode finished. Steps: 98. Success: True
[info] Using default task order for benchmark 'libero_spatial_object' (10 tasks).
  libero_spatial_object_t3 Episode 4 (Sweep 4)...
    Episode finished. Steps: 84. Success: True
[info] Using default task order for benchmark 'libero_spatial_object' (10 tasks).
  libero_spatial_object_t4 Episode 4 (Sweep 4)...
    Episode finished. Steps: 148. Success: True
[info] Using default task order for benchmark 'libero_spatial_object' (10 tasks).
  libero_spatial_object_t5 Episode 4 (Sweep 4)...
    Episode finished. Steps: 300. Success: False
[info] Using default task order for benchmark 'libero_spatial_object' (10 tasks).
  libero_spatial_object_t6 Episode 4 (Sweep 4)...
    Episode finished. Steps: 100. Success: True
[info] Using default task order for benchmark 'libero_spatial_object' (10 tasks).
  libero_spatial_object_t7 Episode 4 (Sweep 4)...
    Episode finished. Steps: 130. Success: True
[info] Using default task order for benchmark 'libero_spatial_object' (10 tasks).
  libero_spatial_object_t8 Episode 4 (Sweep 4)...
    Episode finished. Steps: 300. Success: False
[info] Using default task order for benchmark 'libero_spatial_object' (10 tasks).
  libero_spatial_object_t9 Episode 4 (Sweep 4)...
    Episode finished. Steps: 114. Success: True
[info] Using default task order for benchmark 'libero_object_object' (10 tasks).
  libero_object_object_t0 Episode 4 (Sweep 4)...
    Episode finished. Steps: 155. Success: True
[info] Using default task order for benchmark 'libero_object_object' (10 tasks).
  libero_object_object_t1 Episode 4 (Sweep 4)...
    Episode finished. Steps: 255. Success: True
[info] Using default task order for benchmark 'libero_object_object' (10 tasks).
  libero_object_object_t2 Episode 4 (Sweep 4)...
    Episode finished. Steps: 165. Success: True
[info] Using default task order for benchmark 'libero_object_object' (10 tasks).
  libero_object_object_t3 Episode 4 (Sweep 4)...
    Episode finished. Steps: 211. Success: True
[info] Using default task order for benchmark 'libero_object_object' (10 tasks).
  libero_object_object_t4 Episode 4 (Sweep 4)...
    Episode finished. Steps: 157. Success: True
[info] Using default task order for benchmark 'libero_object_object' (10 tasks).
  libero_object_object_t5 Episode 4 (Sweep 4)...
    Episode finished. Steps: 117. Success: True
[info] Using default task order for benchmark 'libero_object_object' (10 tasks).
  libero_object_object_t6 Episode 4 (Sweep 4)...
    Episode finished. Steps: 196. Success: True
[info] Using default task order for benchmark 'libero_object_object' (10 tasks).
  libero_object_object_t7 Episode 4 (Sweep 4)...
    Episode finished. Steps: 133. Success: True
[info] Using default task order for benchmark 'libero_object_object' (10 tasks).
  libero_object_object_t8 Episode 4 (Sweep 4)...
    Episode finished. Steps: 153. Success: True
[info] Using default task order for benchmark 'libero_object_object' (10 tasks).
  libero_object_object_t9 Episode 4 (Sweep 4)...
    Episode finished. Steps: 121. Success: True
[info] Using default task order for benchmark 'libero_goal_object' (10 tasks).
  libero_goal_object_t0 Episode 4 (Sweep 4)...
    Episode finished. Steps: 116. Success: True
[info] Using default task order for benchmark 'libero_goal_object' (10 tasks).
  libero_goal_object_t1 Episode 4 (Sweep 4)...
    Episode finished. Steps: 83. Success: True
[info] Using default task order for benchmark 'libero_goal_object' (10 tasks).
  libero_goal_object_t2 Episode 4 (Sweep 4)...
    Episode finished. Steps: 94. Success: True
[info] Using default task order for benchmark 'libero_goal_object' (10 tasks).
  libero_goal_object_t3 Episode 4 (Sweep 4)...
    Episode finished. Steps: 177. Success: True
[info] Using default task order for benchmark 'libero_goal_object' (10 tasks).
  libero_goal_object_t4 Episode 4 (Sweep 4)...
    Episode finished. Steps: 81. Success: True
[info] Using default task order for benchmark 'libero_goal_object' (10 tasks).
  libero_goal_object_t5 Episode 4 (Sweep 4)...
    Episode finished. Steps: 122. Success: True
[info] Using default task order for benchmark 'libero_goal_object' (10 tasks).
  libero_goal_object_t6 Episode 4 (Sweep 4)...
    Episode finished. Steps: 102. Success: True
[info] Using default task order for benchmark 'libero_goal_object' (10 tasks).
  libero_goal_object_t7 Episode 4 (Sweep 4)...
    Episode finished. Steps: 73. Success: True
[info] Using default task order for benchmark 'libero_goal_object' (10 tasks).
  libero_goal_object_t8 Episode 4 (Sweep 4)...
    Episode finished. Steps: 300. Success: False
[info] Using default task order for benchmark 'libero_goal_object' (10 tasks).
  libero_goal_object_t9 Episode 4 (Sweep 4)...
    Episode finished. Steps: 138. Success: True

--- Starting Sweep 5 ---
[info] Using default task order for benchmark 'libero_spatial_object' (10 tasks).
  libero_spatial_object_t0 Episode 5 (Sweep 5)...
    Episode finished. Steps: 72. Success: True
[info] Using default task order for benchmark 'libero_spatial_object' (10 tasks).
  libero_spatial_object_t1 Episode 5 (Sweep 5)...
    Episode finished. Steps: 109. Success: True
[info] Using default task order for benchmark 'libero_spatial_object' (10 tasks).
  libero_spatial_object_t2 Episode 5 (Sweep 5)...
    Episode finished. Steps: 97. Success: True
[info] Using default task order for benchmark 'libero_spatial_object' (10 tasks).
  libero_spatial_object_t3 Episode 5 (Sweep 5)...
    Episode finished. Steps: 86. Success: True
[info] Using default task order for benchmark 'libero_spatial_object' (10 tasks).
  libero_spatial_object_t4 Episode 5 (Sweep 5)...
    Episode finished. Steps: 127. Success: True
[info] Using default task order for benchmark 'libero_spatial_object' (10 tasks).
  libero_spatial_object_t5 Episode 5 (Sweep 5)...
    Episode finished. Steps: 300. Success: False
[info] Using default task order for benchmark 'libero_spatial_object' (10 tasks).
  libero_spatial_object_t6 Episode 5 (Sweep 5)...
    Episode finished. Steps: 108. Success: True
[info] Using default task order for benchmark 'libero_spatial_object' (10 tasks).
  libero_spatial_object_t7 Episode 5 (Sweep 5)...
    Episode finished. Steps: 145. Success: True
[info] Using default task order for benchmark 'libero_spatial_object' (10 tasks).
  libero_spatial_object_t8 Episode 5 (Sweep 5)...
    Episode finished. Steps: 89. Success: True
[info] Using default task order for benchmark 'libero_spatial_object' (10 tasks).
  libero_spatial_object_t9 Episode 5 (Sweep 5)...
    Episode finished. Steps: 118. Success: True
[info] Using default task order for benchmark 'libero_object_object' (10 tasks).
  libero_object_object_t0 Episode 5 (Sweep 5)...
    Episode finished. Steps: 276. Success: True
[info] Using default task order for benchmark 'libero_object_object' (10 tasks).
  libero_object_object_t1 Episode 5 (Sweep 5)...
    Episode finished. Steps: 137. Success: True
[info] Using default task order for benchmark 'libero_object_object' (10 tasks).
  libero_object_object_t2 Episode 5 (Sweep 5)...
    Episode finished. Steps: 159. Success: True
[info] Using default task order for benchmark 'libero_object_object' (10 tasks).
  libero_object_object_t3 Episode 5 (Sweep 5)...
    Episode finished. Steps: 148. Success: True
[info] Using default task order for benchmark 'libero_object_object' (10 tasks).
  libero_object_object_t4 Episode 5 (Sweep 5)...
    Episode finished. Steps: 144. Success: True
[info] Using default task order for benchmark 'libero_object_object' (10 tasks).
  libero_object_object_t5 Episode 5 (Sweep 5)...
    Episode finished. Steps: 237. Success: True
[info] Using default task order for benchmark 'libero_object_object' (10 tasks).
  libero_object_object_t6 Episode 5 (Sweep 5)...
    Episode finished. Steps: 178. Success: True
[info] Using default task order for benchmark 'libero_object_object' (10 tasks).
  libero_object_object_t7 Episode 5 (Sweep 5)...
    Episode finished. Steps: 129. Success: True
[info] Using default task order for benchmark 'libero_object_object' (10 tasks).
  libero_object_object_t8 Episode 5 (Sweep 5)...
    Episode finished. Steps: 153. Success: True
[info] Using default task order for benchmark 'libero_object_object' (10 tasks).
  libero_object_object_t9 Episode 5 (Sweep 5)...
    Episode finished. Steps: 120. Success: True
[info] Using default task order for benchmark 'libero_goal_object' (10 tasks).
  libero_goal_object_t0 Episode 5 (Sweep 5)...
    Episode finished. Steps: 125. Success: True
[info] Using default task order for benchmark 'libero_goal_object' (10 tasks).
  libero_goal_object_t1 Episode 5 (Sweep 5)...
    Episode finished. Steps: 91. Success: True
[info] Using default task order for benchmark 'libero_goal_object' (10 tasks).
  libero_goal_object_t2 Episode 5 (Sweep 5)...
    Episode finished. Steps: 83. Success: True
[info] Using default task order for benchmark 'libero_goal_object' (10 tasks).
  libero_goal_object_t3 Episode 5 (Sweep 5)...
    Episode finished. Steps: 179. Success: True
[info] Using default task order for benchmark 'libero_goal_object' (10 tasks).
  libero_goal_object_t4 Episode 5 (Sweep 5)...
    Episode finished. Steps: 80. Success: True
[info] Using default task order for benchmark 'libero_goal_object' (10 tasks).
  libero_goal_object_t5 Episode 5 (Sweep 5)...
    Episode finished. Steps: 131. Success: True
[info] Using default task order for benchmark 'libero_goal_object' (10 tasks).
  libero_goal_object_t6 Episode 5 (Sweep 5)...
    Episode finished. Steps: 90. Success: True
[info] Using default task order for benchmark 'libero_goal_object' (10 tasks).
  libero_goal_object_t7 Episode 5 (Sweep 5)...
    Episode finished. Steps: 84. Success: True
[info] Using default task order for benchmark 'libero_goal_object' (10 tasks).
  libero_goal_object_t8 Episode 5 (Sweep 5)...
    Episode finished. Steps: 87. Success: True
[info] Using default task order for benchmark 'libero_goal_object' (10 tasks).
  libero_goal_object_t9 Episode 5 (Sweep 5)...
    Episode finished. Steps: 130. Success: True

--- Starting Sweep 6 ---
[info] Using default task order for benchmark 'libero_spatial_object' (10 tasks).
  libero_spatial_object_t0 Episode 6 (Sweep 6)...
    Episode finished. Steps: 70. Success: True
[info] Using default task order for benchmark 'libero_spatial_object' (10 tasks).
  libero_spatial_object_t1 Episode 6 (Sweep 6)...
    Episode finished. Steps: 112. Success: True
[info] Using default task order for benchmark 'libero_spatial_object' (10 tasks).
  libero_spatial_object_t2 Episode 6 (Sweep 6)...
    Episode finished. Steps: 94. Success: True
[info] Using default task order for benchmark 'libero_spatial_object' (10 tasks).
  libero_spatial_object_t3 Episode 6 (Sweep 6)...
    Episode finished. Steps: 88. Success: True
[info] Using default task order for benchmark 'libero_spatial_object' (10 tasks).
  libero_spatial_object_t4 Episode 6 (Sweep 6)...
    Episode finished. Steps: 129. Success: True
[info] Using default task order for benchmark 'libero_spatial_object' (10 tasks).
  libero_spatial_object_t5 Episode 6 (Sweep 6)...
    Episode finished. Steps: 300. Success: False
[info] Using default task order for benchmark 'libero_spatial_object' (10 tasks).
  libero_spatial_object_t6 Episode 6 (Sweep 6)...
    Episode finished. Steps: 111. Success: True
[info] Using default task order for benchmark 'libero_spatial_object' (10 tasks).
  libero_spatial_object_t7 Episode 6 (Sweep 6)...
    Episode finished. Steps: 161. Success: True
[info] Using default task order for benchmark 'libero_spatial_object' (10 tasks).
  libero_spatial_object_t8 Episode 6 (Sweep 6)...
    Episode finished. Steps: 86. Success: True
[info] Using default task order for benchmark 'libero_spatial_object' (10 tasks).
  libero_spatial_object_t9 Episode 6 (Sweep 6)...
    Episode finished. Steps: 113. Success: True
[info] Using default task order for benchmark 'libero_object_object' (10 tasks).
  libero_object_object_t0 Episode 6 (Sweep 6)...
    Episode finished. Steps: 300. Success: False
[info] Using default task order for benchmark 'libero_object_object' (10 tasks).
  libero_object_object_t1 Episode 6 (Sweep 6)...
    Episode finished. Steps: 300. Success: False
[info] Using default task order for benchmark 'libero_object_object' (10 tasks).
  libero_object_object_t2 Episode 6 (Sweep 6)...
    Episode finished. Steps: 167. Success: True
[info] Using default task order for benchmark 'libero_object_object' (10 tasks).
  libero_object_object_t3 Episode 6 (Sweep 6)...
    Episode finished. Steps: 140. Success: True
[info] Using default task order for benchmark 'libero_object_object' (10 tasks).
  libero_object_object_t4 Episode 6 (Sweep 6)...
    Episode finished. Steps: 146. Success: True
[info] Using default task order for benchmark 'libero_object_object' (10 tasks).
  libero_object_object_t5 Episode 6 (Sweep 6)...
    Episode finished. Steps: 121. Success: True
[info] Using default task order for benchmark 'libero_object_object' (10 tasks).
  libero_object_object_t6 Episode 6 (Sweep 6)...
    Episode finished. Steps: 175. Success: True
[info] Using default task order for benchmark 'libero_object_object' (10 tasks).
  libero_object_object_t7 Episode 6 (Sweep 6)...
    Episode finished. Steps: 134. Success: True
[info] Using default task order for benchmark 'libero_object_object' (10 tasks).
  libero_object_object_t8 Episode 6 (Sweep 6)...
    Episode finished. Steps: 153. Success: True
[info] Using default task order for benchmark 'libero_object_object' (10 tasks).
  libero_object_object_t9 Episode 6 (Sweep 6)...
    Episode finished. Steps: 118. Success: True
[info] Using default task order for benchmark 'libero_goal_object' (10 tasks).
  libero_goal_object_t0 Episode 6 (Sweep 6)...
    Episode finished. Steps: 128. Success: True
[info] Using default task order for benchmark 'libero_goal_object' (10 tasks).
  libero_goal_object_t1 Episode 6 (Sweep 6)...
    Episode finished. Steps: 84. Success: True
[info] Using default task order for benchmark 'libero_goal_object' (10 tasks).
  libero_goal_object_t2 Episode 6 (Sweep 6)...
    Episode finished. Steps: 85. Success: True
[info] Using default task order for benchmark 'libero_goal_object' (10 tasks).
  libero_goal_object_t3 Episode 6 (Sweep 6)...
    Episode finished. Steps: 174. Success: True
[info] Using default task order for benchmark 'libero_goal_object' (10 tasks).
  libero_goal_object_t4 Episode 6 (Sweep 6)...
    Episode finished. Steps: 83. Success: True
[info] Using default task order for benchmark 'libero_goal_object' (10 tasks).
  libero_goal_object_t5 Episode 6 (Sweep 6)...
    Episode finished. Steps: 135. Success: True
[info] Using default task order for benchmark 'libero_goal_object' (10 tasks).
  libero_goal_object_t6 Episode 6 (Sweep 6)...
    Episode finished. Steps: 86. Success: True
[info] Using default task order for benchmark 'libero_goal_object' (10 tasks).
  libero_goal_object_t7 Episode 6 (Sweep 6)...
    Episode finished. Steps: 73. Success: True
[info] Using default task order for benchmark 'libero_goal_object' (10 tasks).
  libero_goal_object_t8 Episode 6 (Sweep 6)...
    Episode finished. Steps: 69. Success: True
[info] Using default task order for benchmark 'libero_goal_object' (10 tasks).
  libero_goal_object_t9 Episode 6 (Sweep 6)...
    Episode finished. Steps: 300. Success: False

--- Starting Sweep 7 ---
[info] Using default task order for benchmark 'libero_spatial_object' (10 tasks).
  libero_spatial_object_t0 Episode 7 (Sweep 7)...
    Episode finished. Steps: 75. Success: True
[info] Using default task order for benchmark 'libero_spatial_object' (10 tasks).
  libero_spatial_object_t1 Episode 7 (Sweep 7)...
    Episode finished. Steps: 124. Success: True
[info] Using default task order for benchmark 'libero_spatial_object' (10 tasks).
  libero_spatial_object_t2 Episode 7 (Sweep 7)...
    Episode finished. Steps: 104. Success: True
[info] Using default task order for benchmark 'libero_spatial_object' (10 tasks).
  libero_spatial_object_t3 Episode 7 (Sweep 7)...
    Episode finished. Steps: 81. Success: True
[info] Using default task order for benchmark 'libero_spatial_object' (10 tasks).
  libero_spatial_object_t4 Episode 7 (Sweep 7)...
    Episode finished. Steps: 123. Success: True
[info] Using default task order for benchmark 'libero_spatial_object' (10 tasks).
  libero_spatial_object_t5 Episode 7 (Sweep 7)...
    Episode finished. Steps: 300. Success: False
[info] Using default task order for benchmark 'libero_spatial_object' (10 tasks).
  libero_spatial_object_t6 Episode 7 (Sweep 7)...
    Episode finished. Steps: 100. Success: True
[info] Using default task order for benchmark 'libero_spatial_object' (10 tasks).
  libero_spatial_object_t7 Episode 7 (Sweep 7)...
    Episode finished. Steps: 168. Success: True
[info] Using default task order for benchmark 'libero_spatial_object' (10 tasks).
  libero_spatial_object_t8 Episode 7 (Sweep 7)...
    Episode finished. Steps: 83. Success: True
[info] Using default task order for benchmark 'libero_spatial_object' (10 tasks).
  libero_spatial_object_t9 Episode 7 (Sweep 7)...
    Episode finished. Steps: 109. Success: True
[info] Using default task order for benchmark 'libero_object_object' (10 tasks).
  libero_object_object_t0 Episode 7 (Sweep 7)...
    Episode finished. Steps: 155. Success: True
[info] Using default task order for benchmark 'libero_object_object' (10 tasks).
  libero_object_object_t1 Episode 7 (Sweep 7)...
    Episode finished. Steps: 140. Success: True
[info] Using default task order for benchmark 'libero_object_object' (10 tasks).
  libero_object_object_t2 Episode 7 (Sweep 7)...
    Episode finished. Steps: 167. Success: True
[info] Using default task order for benchmark 'libero_object_object' (10 tasks).
  libero_object_object_t3 Episode 7 (Sweep 7)...
    Episode finished. Steps: 134. Success: True
[info] Using default task order for benchmark 'libero_object_object' (10 tasks).
  libero_object_object_t4 Episode 7 (Sweep 7)...
    Episode finished. Steps: 158. Success: True
[info] Using default task order for benchmark 'libero_object_object' (10 tasks).
  libero_object_object_t5 Episode 7 (Sweep 7)...
    Episode finished. Steps: 136. Success: True
[info] Using default task order for benchmark 'libero_object_object' (10 tasks).
  libero_object_object_t6 Episode 7 (Sweep 7)...
    Episode finished. Steps: 242. Success: True
[info] Using default task order for benchmark 'libero_object_object' (10 tasks).
  libero_object_object_t7 Episode 7 (Sweep 7)...
    Episode finished. Steps: 125. Success: True
[info] Using default task order for benchmark 'libero_object_object' (10 tasks).
  libero_object_object_t8 Episode 7 (Sweep 7)...
    Episode finished. Steps: 143. Success: True
[info] Using default task order for benchmark 'libero_object_object' (10 tasks).
  libero_object_object_t9 Episode 7 (Sweep 7)...
    Episode finished. Steps: 118. Success: True
[info] Using default task order for benchmark 'libero_goal_object' (10 tasks).
  libero_goal_object_t0 Episode 7 (Sweep 7)...
    Episode finished. Steps: 120. Success: True
[info] Using default task order for benchmark 'libero_goal_object' (10 tasks).
  libero_goal_object_t1 Episode 7 (Sweep 7)...
    Episode finished. Steps: 80. Success: True
[info] Using default task order for benchmark 'libero_goal_object' (10 tasks).
  libero_goal_object_t2 Episode 7 (Sweep 7)...
    Episode finished. Steps: 300. Success: False
[info] Using default task order for benchmark 'libero_goal_object' (10 tasks).
  libero_goal_object_t3 Episode 7 (Sweep 7)...
    Episode finished. Steps: 300. Success: False
[info] Using default task order for benchmark 'libero_goal_object' (10 tasks).
  libero_goal_object_t4 Episode 7 (Sweep 7)...
    Episode finished. Steps: 84. Success: True
[info] Using default task order for benchmark 'libero_goal_object' (10 tasks).
  libero_goal_object_t5 Episode 7 (Sweep 7)...
    Episode finished. Steps: 124. Success: True
[info] Using default task order for benchmark 'libero_goal_object' (10 tasks).
  libero_goal_object_t6 Episode 7 (Sweep 7)...
    Episode finished. Steps: 93. Success: True
[info] Using default task order for benchmark 'libero_goal_object' (10 tasks).
  libero_goal_object_t7 Episode 7 (Sweep 7)...
    Episode finished. Steps: 72. Success: True
[info] Using default task order for benchmark 'libero_goal_object' (10 tasks).
  libero_goal_object_t8 Episode 7 (Sweep 7)...
    Episode finished. Steps: 73. Success: True
[info] Using default task order for benchmark 'libero_goal_object' (10 tasks).
  libero_goal_object_t9 Episode 7 (Sweep 7)...
    Episode finished. Steps: 133. Success: True

--- Starting Sweep 8 ---
[info] Using default task order for benchmark 'libero_spatial_object' (10 tasks).
  libero_spatial_object_t0 Episode 8 (Sweep 8)...
    Episode finished. Steps: 81. Success: True
[info] Using default task order for benchmark 'libero_spatial_object' (10 tasks).
  libero_spatial_object_t1 Episode 8 (Sweep 8)...
    Episode finished. Steps: 107. Success: True
[info] Using default task order for benchmark 'libero_spatial_object' (10 tasks).
  libero_spatial_object_t2 Episode 8 (Sweep 8)...
    Episode finished. Steps: 99. Success: True
[info] Using default task order for benchmark 'libero_spatial_object' (10 tasks).
  libero_spatial_object_t3 Episode 8 (Sweep 8)...
    Episode finished. Steps: 82. Success: True
[info] Using default task order for benchmark 'libero_spatial_object' (10 tasks).
  libero_spatial_object_t4 Episode 8 (Sweep 8)...
    Episode finished. Steps: 120. Success: True
[info] Using default task order for benchmark 'libero_spatial_object' (10 tasks).
  libero_spatial_object_t5 Episode 8 (Sweep 8)...
    Episode finished. Steps: 300. Success: False
[info] Using default task order for benchmark 'libero_spatial_object' (10 tasks).
  libero_spatial_object_t6 Episode 8 (Sweep 8)...
    Episode finished. Steps: 106. Success: True
[info] Using default task order for benchmark 'libero_spatial_object' (10 tasks).
  libero_spatial_object_t7 Episode 8 (Sweep 8)...
    Episode finished. Steps: 203. Success: True
[info] Using default task order for benchmark 'libero_spatial_object' (10 tasks).
  libero_spatial_object_t8 Episode 8 (Sweep 8)...
    Episode finished. Steps: 91. Success: True
[info] Using default task order for benchmark 'libero_spatial_object' (10 tasks).
  libero_spatial_object_t9 Episode 8 (Sweep 8)...
    Episode finished. Steps: 121. Success: True
[info] Using default task order for benchmark 'libero_object_object' (10 tasks).
  libero_object_object_t0 Episode 8 (Sweep 8)...
    Episode finished. Steps: 188. Success: True
[info] Using default task order for benchmark 'libero_object_object' (10 tasks).
  libero_object_object_t1 Episode 8 (Sweep 8)...
    Episode finished. Steps: 300. Success: False
[info] Using default task order for benchmark 'libero_object_object' (10 tasks).
  libero_object_object_t2 Episode 8 (Sweep 8)...
    Episode finished. Steps: 166. Success: True
[info] Using default task order for benchmark 'libero_object_object' (10 tasks).
  libero_object_object_t3 Episode 8 (Sweep 8)...
    Episode finished. Steps: 127. Success: True
[info] Using default task order for benchmark 'libero_object_object' (10 tasks).
  libero_object_object_t4 Episode 8 (Sweep 8)...
    Episode finished. Steps: 198. Success: True
[info] Using default task order for benchmark 'libero_object_object' (10 tasks).
  libero_object_object_t5 Episode 8 (Sweep 8)...
    Episode finished. Steps: 123. Success: True
[info] Using default task order for benchmark 'libero_object_object' (10 tasks).
  libero_object_object_t6 Episode 8 (Sweep 8)...
    Episode finished. Steps: 166. Success: True
[info] Using default task order for benchmark 'libero_object_object' (10 tasks).
  libero_object_object_t7 Episode 8 (Sweep 8)...
    Episode finished. Steps: 128. Success: True
[info] Using default task order for benchmark 'libero_object_object' (10 tasks).
  libero_object_object_t8 Episode 8 (Sweep 8)...
    Episode finished. Steps: 181. Success: True
[info] Using default task order for benchmark 'libero_object_object' (10 tasks).
  libero_object_object_t9 Episode 8 (Sweep 8)...
    Episode finished. Steps: 120. Success: True
[info] Using default task order for benchmark 'libero_goal_object' (10 tasks).
  libero_goal_object_t0 Episode 8 (Sweep 8)...
    Episode finished. Steps: 120. Success: True
[info] Using default task order for benchmark 'libero_goal_object' (10 tasks).
  libero_goal_object_t1 Episode 8 (Sweep 8)...
    Episode finished. Steps: 79. Success: True
[info] Using default task order for benchmark 'libero_goal_object' (10 tasks).
  libero_goal_object_t2 Episode 8 (Sweep 8)...
    Episode finished. Steps: 300. Success: False
[info] Using default task order for benchmark 'libero_goal_object' (10 tasks).
  libero_goal_object_t3 Episode 8 (Sweep 8)...
    Episode finished. Steps: 300. Success: False
[info] Using default task order for benchmark 'libero_goal_object' (10 tasks).
  libero_goal_object_t4 Episode 8 (Sweep 8)...
    Episode finished. Steps: 82. Success: True
[info] Using default task order for benchmark 'libero_goal_object' (10 tasks).
  libero_goal_object_t5 Episode 8 (Sweep 8)...
    Episode finished. Steps: 179. Success: True
[info] Using default task order for benchmark 'libero_goal_object' (10 tasks).
  libero_goal_object_t6 Episode 8 (Sweep 8)...
    Episode finished. Steps: 89. Success: True
[info] Using default task order for benchmark 'libero_goal_object' (10 tasks).
  libero_goal_object_t7 Episode 8 (Sweep 8)...
    Episode finished. Steps: 78. Success: True
[info] Using default task order for benchmark 'libero_goal_object' (10 tasks).
  libero_goal_object_t8 Episode 8 (Sweep 8)...
    Episode finished. Steps: 77. Success: True
[info] Using default task order for benchmark 'libero_goal_object' (10 tasks).
  libero_goal_object_t9 Episode 8 (Sweep 8)...
    Episode finished. Steps: 143. Success: True

--- Starting Sweep 9 ---
[info] Using default task order for benchmark 'libero_spatial_object' (10 tasks).
  libero_spatial_object_t0 Episode 9 (Sweep 9)...
    Episode finished. Steps: 75. Success: True
[info] Using default task order for benchmark 'libero_spatial_object' (10 tasks).
  libero_spatial_object_t1 Episode 9 (Sweep 9)...
    Episode finished. Steps: 113. Success: True
[info] Using default task order for benchmark 'libero_spatial_object' (10 tasks).
  libero_spatial_object_t2 Episode 9 (Sweep 9)...
    Episode finished. Steps: 93. Success: True
[info] Using default task order for benchmark 'libero_spatial_object' (10 tasks).
  libero_spatial_object_t3 Episode 9 (Sweep 9)...
    Episode finished. Steps: 78. Success: True
[info] Using default task order for benchmark 'libero_spatial_object' (10 tasks).
  libero_spatial_object_t4 Episode 9 (Sweep 9)...
    Episode finished. Steps: 135. Success: True
[info] Using default task order for benchmark 'libero_spatial_object' (10 tasks).
  libero_spatial_object_t5 Episode 9 (Sweep 9)...
    Episode finished. Steps: 300. Success: False
[info] Using default task order for benchmark 'libero_spatial_object' (10 tasks).
  libero_spatial_object_t6 Episode 9 (Sweep 9)...
    Episode finished. Steps: 101. Success: True
[info] Using default task order for benchmark 'libero_spatial_object' (10 tasks).
  libero_spatial_object_t7 Episode 9 (Sweep 9)...
    Episode finished. Steps: 170. Success: True
[info] Using default task order for benchmark 'libero_spatial_object' (10 tasks).
  libero_spatial_object_t8 Episode 9 (Sweep 9)...
    Episode finished. Steps: 87. Success: True
[info] Using default task order for benchmark 'libero_spatial_object' (10 tasks).
  libero_spatial_object_t9 Episode 9 (Sweep 9)...
    Episode finished. Steps: 118. Success: True
[info] Using default task order for benchmark 'libero_object_object' (10 tasks).
  libero_object_object_t0 Episode 9 (Sweep 9)...
    Episode finished. Steps: 158. Success: True
[info] Using default task order for benchmark 'libero_object_object' (10 tasks).
  libero_object_object_t1 Episode 9 (Sweep 9)...
    Episode finished. Steps: 300. Success: False
[info] Using default task order for benchmark 'libero_object_object' (10 tasks).
  libero_object_object_t2 Episode 9 (Sweep 9)...
    Episode finished. Steps: 148. Success: True
[info] Using default task order for benchmark 'libero_object_object' (10 tasks).
  libero_object_object_t3 Episode 9 (Sweep 9)...
    Episode finished. Steps: 235. Success: True
[info] Using default task order for benchmark 'libero_object_object' (10 tasks).
  libero_object_object_t4 Episode 9 (Sweep 9)...
    Episode finished. Steps: 160. Success: True
[info] Using default task order for benchmark 'libero_object_object' (10 tasks).
  libero_object_object_t5 Episode 9 (Sweep 9)...
    Episode finished. Steps: 120. Success: True
[info] Using default task order for benchmark 'libero_object_object' (10 tasks).
  libero_object_object_t6 Episode 9 (Sweep 9)...
    Episode finished. Steps: 167. Success: True
[info] Using default task order for benchmark 'libero_object_object' (10 tasks).
  libero_object_object_t7 Episode 9 (Sweep 9)...
    Episode finished. Steps: 127. Success: True
[info] Using default task order for benchmark 'libero_object_object' (10 tasks).
  libero_object_object_t8 Episode 9 (Sweep 9)...
    Episode finished. Steps: 155. Success: True
[info] Using default task order for benchmark 'libero_object_object' (10 tasks).
  libero_object_object_t9 Episode 9 (Sweep 9)...
    Episode finished. Steps: 118. Success: True
[info] Using default task order for benchmark 'libero_goal_object' (10 tasks).
  libero_goal_object_t0 Episode 9 (Sweep 9)...
    Episode finished. Steps: 210. Success: True
[info] Using default task order for benchmark 'libero_goal_object' (10 tasks).
  libero_goal_object_t1 Episode 9 (Sweep 9)...
    Episode finished. Steps: 91. Success: True
[info] Using default task order for benchmark 'libero_goal_object' (10 tasks).
  libero_goal_object_t2 Episode 9 (Sweep 9)...
    Episode finished. Steps: 89. Success: True
[info] Using default task order for benchmark 'libero_goal_object' (10 tasks).
  libero_goal_object_t3 Episode 9 (Sweep 9)...
    Episode finished. Steps: 177. Success: True
[info] Using default task order for benchmark 'libero_goal_object' (10 tasks).
  libero_goal_object_t4 Episode 9 (Sweep 9)...
    Episode finished. Steps: 85. Success: True
[info] Using default task order for benchmark 'libero_goal_object' (10 tasks).
  libero_goal_object_t5 Episode 9 (Sweep 9)...
    Episode finished. Steps: 157. Success: True
[info] Using default task order for benchmark 'libero_goal_object' (10 tasks).
  libero_goal_object_t6 Episode 9 (Sweep 9)...
    Episode finished. Steps: 95. Success: True
[info] Using default task order for benchmark 'libero_goal_object' (10 tasks).
  libero_goal_object_t7 Episode 9 (Sweep 9)...
    Episode finished. Steps: 70. Success: True
[info] Using default task order for benchmark 'libero_goal_object' (10 tasks).
  libero_goal_object_t8 Episode 9 (Sweep 9)...
    Episode finished. Steps: 74. Success: True
[info] Using default task order for benchmark 'libero_goal_object' (10 tasks).
  libero_goal_object_t9 Episode 9 (Sweep 9)...
    Episode finished. Steps: 130. Success: True

--- Starting Sweep 10 ---
[info] Using default task order for benchmark 'libero_spatial_object' (10 tasks).
  libero_spatial_object_t0 Episode 10 (Sweep 10)...
    Episode finished. Steps: 72. Success: True
[info] Using default task order for benchmark 'libero_spatial_object' (10 tasks).
  libero_spatial_object_t1 Episode 10 (Sweep 10)...
    Episode finished. Steps: 111. Success: True
[info] Using default task order for benchmark 'libero_spatial_object' (10 tasks).
  libero_spatial_object_t2 Episode 10 (Sweep 10)...
    Episode finished. Steps: 96. Success: True
[info] Using default task order for benchmark 'libero_spatial_object' (10 tasks).
  libero_spatial_object_t3 Episode 10 (Sweep 10)...
    Episode finished. Steps: 90. Success: True
[info] Using default task order for benchmark 'libero_spatial_object' (10 tasks).
  libero_spatial_object_t4 Episode 10 (Sweep 10)...
    Episode finished. Steps: 121. Success: True
[info] Using default task order for benchmark 'libero_spatial_object' (10 tasks).
  libero_spatial_object_t5 Episode 10 (Sweep 10)...
    Episode finished. Steps: 300. Success: False
[info] Using default task order for benchmark 'libero_spatial_object' (10 tasks).
  libero_spatial_object_t6 Episode 10 (Sweep 10)...
    Episode finished. Steps: 99. Success: True
[info] Using default task order for benchmark 'libero_spatial_object' (10 tasks).
  libero_spatial_object_t7 Episode 10 (Sweep 10)...
    Episode finished. Steps: 300. Success: False
[info] Using default task order for benchmark 'libero_spatial_object' (10 tasks).
  libero_spatial_object_t8 Episode 10 (Sweep 10)...
    Episode finished. Steps: 89. Success: True
[info] Using default task order for benchmark 'libero_spatial_object' (10 tasks).
  libero_spatial_object_t9 Episode 10 (Sweep 10)...
    Episode finished. Steps: 114. Success: True
[info] Using default task order for benchmark 'libero_object_object' (10 tasks).
  libero_object_object_t0 Episode 10 (Sweep 10)...
    Episode finished. Steps: 168. Success: True
[info] Using default task order for benchmark 'libero_object_object' (10 tasks).
  libero_object_object_t1 Episode 10 (Sweep 10)...
    Episode finished. Steps: 163. Success: True
[info] Using default task order for benchmark 'libero_object_object' (10 tasks).
  libero_object_object_t2 Episode 10 (Sweep 10)...
    Episode finished. Steps: 161. Success: True
[info] Using default task order for benchmark 'libero_object_object' (10 tasks).
  libero_object_object_t3 Episode 10 (Sweep 10)...
    Episode finished. Steps: 135. Success: True
[info] Using default task order for benchmark 'libero_object_object' (10 tasks).
  libero_object_object_t4 Episode 10 (Sweep 10)...
    Episode finished. Steps: 146. Success: True
[info] Using default task order for benchmark 'libero_object_object' (10 tasks).
  libero_object_object_t5 Episode 10 (Sweep 10)...
    Episode finished. Steps: 131. Success: True
[info] Using default task order for benchmark 'libero_object_object' (10 tasks).
  libero_object_object_t6 Episode 10 (Sweep 10)...
    Episode finished. Steps: 196. Success: True
[info] Using default task order for benchmark 'libero_object_object' (10 tasks).
  libero_object_object_t7 Episode 10 (Sweep 10)...
    Episode finished. Steps: 132. Success: True
[info] Using default task order for benchmark 'libero_object_object' (10 tasks).
  libero_object_object_t8 Episode 10 (Sweep 10)...
    Episode finished. Steps: 164. Success: True
[info] Using default task order for benchmark 'libero_object_object' (10 tasks).
  libero_object_object_t9 Episode 10 (Sweep 10)...
    Episode finished. Steps: 131. Success: True
[info] Using default task order for benchmark 'libero_goal_object' (10 tasks).
  libero_goal_object_t0 Episode 10 (Sweep 10)...
    Episode finished. Steps: 172. Success: True
[info] Using default task order for benchmark 'libero_goal_object' (10 tasks).
  libero_goal_object_t1 Episode 10 (Sweep 10)...
    Episode finished. Steps: 86. Success: True
[info] Using default task order for benchmark 'libero_goal_object' (10 tasks).
  libero_goal_object_t2 Episode 10 (Sweep 10)...
    Episode finished. Steps: 78. Success: True
[info] Using default task order for benchmark 'libero_goal_object' (10 tasks).
  libero_goal_object_t3 Episode 10 (Sweep 10)...
    Episode finished. Steps: 180. Success: True
[info] Using default task order for benchmark 'libero_goal_object' (10 tasks).
  libero_goal_object_t4 Episode 10 (Sweep 10)...
    Episode finished. Steps: 85. Success: True
[info] Using default task order for benchmark 'libero_goal_object' (10 tasks).
  libero_goal_object_t5 Episode 10 (Sweep 10)...
    Episode finished. Steps: 132. Success: True
[info] Using default task order for benchmark 'libero_goal_object' (10 tasks).
  libero_goal_object_t6 Episode 10 (Sweep 10)...
    Episode finished. Steps: 90. Success: True
[info] Using default task order for benchmark 'libero_goal_object' (10 tasks).
  libero_goal_object_t7 Episode 10 (Sweep 10)...
    Episode finished. Steps: 76. Success: True
[info] Using default task order for benchmark 'libero_goal_object' (10 tasks).
  libero_goal_object_t8 Episode 10 (Sweep 10)...
    Episode finished. Steps: 300. Success: False
[info] Using default task order for benchmark 'libero_goal_object' (10 tasks).
  libero_goal_object_t9 Episode 10 (Sweep 10)...
    Episode finished. Steps: 300. Success: False

--- Starting Sweep 11 ---
[info] Using default task order for benchmark 'libero_spatial_object' (10 tasks).
  libero_spatial_object_t0 Episode 11 (Sweep 11)...
    Episode finished. Steps: 80. Success: True
[info] Using default task order for benchmark 'libero_spatial_object' (10 tasks).
  libero_spatial_object_t1 Episode 11 (Sweep 11)...
    Episode finished. Steps: 125. Success: True
[info] Using default task order for benchmark 'libero_spatial_object' (10 tasks).
  libero_spatial_object_t2 Episode 11 (Sweep 11)...
    Episode finished. Steps: 214. Success: True
[info] Using default task order for benchmark 'libero_spatial_object' (10 tasks).
  libero_spatial_object_t3 Episode 11 (Sweep 11)...
    Episode finished. Steps: 80. Success: True
[info] Using default task order for benchmark 'libero_spatial_object' (10 tasks).
  libero_spatial_object_t4 Episode 11 (Sweep 11)...
    Episode finished. Steps: 128. Success: True
[info] Using default task order for benchmark 'libero_spatial_object' (10 tasks).
  libero_spatial_object_t5 Episode 11 (Sweep 11)...
    Episode finished. Steps: 300. Success: False
[info] Using default task order for benchmark 'libero_spatial_object' (10 tasks).
  libero_spatial_object_t6 Episode 11 (Sweep 11)...
    Episode finished. Steps: 106. Success: True
[info] Using default task order for benchmark 'libero_spatial_object' (10 tasks).
  libero_spatial_object_t7 Episode 11 (Sweep 11)...
    Episode finished. Steps: 142. Success: True
[info] Using default task order for benchmark 'libero_spatial_object' (10 tasks).
  libero_spatial_object_t8 Episode 11 (Sweep 11)...
    Episode finished. Steps: 91. Success: True
[info] Using default task order for benchmark 'libero_spatial_object' (10 tasks).
  libero_spatial_object_t9 Episode 11 (Sweep 11)...
    Episode finished. Steps: 300. Success: False
[info] Using default task order for benchmark 'libero_object_object' (10 tasks).
  libero_object_object_t0 Episode 11 (Sweep 11)...
    Episode finished. Steps: 127. Success: True
[info] Using default task order for benchmark 'libero_object_object' (10 tasks).
  libero_object_object_t1 Episode 11 (Sweep 11)...
    Episode finished. Steps: 138. Success: True
[info] Using default task order for benchmark 'libero_object_object' (10 tasks).
  libero_object_object_t2 Episode 11 (Sweep 11)...
    Episode finished. Steps: 300. Success: False
[info] Using default task order for benchmark 'libero_object_object' (10 tasks).
  libero_object_object_t3 Episode 11 (Sweep 11)...
    Episode finished. Steps: 175. Success: True
[info] Using default task order for benchmark 'libero_object_object' (10 tasks).
  libero_object_object_t4 Episode 11 (Sweep 11)...
    Episode finished. Steps: 135. Success: True
[info] Using default task order for benchmark 'libero_object_object' (10 tasks).
  libero_object_object_t5 Episode 11 (Sweep 11)...
    Episode finished. Steps: 127. Success: True
[info] Using default task order for benchmark 'libero_object_object' (10 tasks).
  libero_object_object_t6 Episode 11 (Sweep 11)...
    Episode finished. Steps: 160. Success: True
[info] Using default task order for benchmark 'libero_object_object' (10 tasks).
  libero_object_object_t7 Episode 11 (Sweep 11)...
    Episode finished. Steps: 128. Success: True
[info] Using default task order for benchmark 'libero_object_object' (10 tasks).
  libero_object_object_t8 Episode 11 (Sweep 11)...
    Episode finished. Steps: 138. Success: True
[info] Using default task order for benchmark 'libero_object_object' (10 tasks).
  libero_object_object_t9 Episode 11 (Sweep 11)...
    Episode finished. Steps: 116. Success: True
[info] Using default task order for benchmark 'libero_goal_object' (10 tasks).
  libero_goal_object_t0 Episode 11 (Sweep 11)...
    Episode finished. Steps: 105. Success: True
[info] Using default task order for benchmark 'libero_goal_object' (10 tasks).
  libero_goal_object_t1 Episode 11 (Sweep 11)...
    Episode finished. Steps: 86. Success: True
[info] Using default task order for benchmark 'libero_goal_object' (10 tasks).
  libero_goal_object_t2 Episode 11 (Sweep 11)...
    Episode finished. Steps: 81. Success: True
[info] Using default task order for benchmark 'libero_goal_object' (10 tasks).
  libero_goal_object_t3 Episode 11 (Sweep 11)...
    Episode finished. Steps: 191. Success: True
[info] Using default task order for benchmark 'libero_goal_object' (10 tasks).
  libero_goal_object_t4 Episode 11 (Sweep 11)...
    Episode finished. Steps: 85. Success: True
[info] Using default task order for benchmark 'libero_goal_object' (10 tasks).
  libero_goal_object_t5 Episode 11 (Sweep 11)...
    Episode finished. Steps: 110. Success: True
[info] Using default task order for benchmark 'libero_goal_object' (10 tasks).
  libero_goal_object_t6 Episode 11 (Sweep 11)...
    Episode finished. Steps: 93. Success: True
[info] Using default task order for benchmark 'libero_goal_object' (10 tasks).
  libero_goal_object_t7 Episode 11 (Sweep 11)...
    Episode finished. Steps: 81. Success: True
[info] Using default task order for benchmark 'libero_goal_object' (10 tasks).
  libero_goal_object_t8 Episode 11 (Sweep 11)...
    Episode finished. Steps: 80. Success: True
[info] Using default task order for benchmark 'libero_goal_object' (10 tasks).
  libero_goal_object_t9 Episode 11 (Sweep 11)...
    Episode finished. Steps: 144. Success: True

--- Starting Sweep 12 ---
[info] Using default task order for benchmark 'libero_spatial_object' (10 tasks).
  libero_spatial_object_t0 Episode 12 (Sweep 12)...
    Episode finished. Steps: 74. Success: True
[info] Using default task order for benchmark 'libero_spatial_object' (10 tasks).
  libero_spatial_object_t1 Episode 12 (Sweep 12)...
    Episode finished. Steps: 109. Success: True
[info] Using default task order for benchmark 'libero_spatial_object' (10 tasks).
  libero_spatial_object_t2 Episode 12 (Sweep 12)...
    Episode finished. Steps: 90. Success: True
[info] Using default task order for benchmark 'libero_spatial_object' (10 tasks).
  libero_spatial_object_t3 Episode 12 (Sweep 12)...
    Episode finished. Steps: 89. Success: True
[info] Using default task order for benchmark 'libero_spatial_object' (10 tasks).
  libero_spatial_object_t4 Episode 12 (Sweep 12)...
    Episode finished. Steps: 138. Success: True
[info] Using default task order for benchmark 'libero_spatial_object' (10 tasks).
  libero_spatial_object_t5 Episode 12 (Sweep 12)...
    Episode finished. Steps: 300. Success: False
[info] Using default task order for benchmark 'libero_spatial_object' (10 tasks).
  libero_spatial_object_t6 Episode 12 (Sweep 12)...
    Episode finished. Steps: 103. Success: True
[info] Using default task order for benchmark 'libero_spatial_object' (10 tasks).
  libero_spatial_object_t7 Episode 12 (Sweep 12)...
    Episode finished. Steps: 131. Success: True
[info] Using default task order for benchmark 'libero_spatial_object' (10 tasks).
  libero_spatial_object_t8 Episode 12 (Sweep 12)...
    Episode finished. Steps: 83. Success: True
[info] Using default task order for benchmark 'libero_spatial_object' (10 tasks).
  libero_spatial_object_t9 Episode 12 (Sweep 12)...
    Episode finished. Steps: 112. Success: True
[info] Using default task order for benchmark 'libero_object_object' (10 tasks).
  libero_object_object_t0 Episode 12 (Sweep 12)...
    Episode finished. Steps: 218. Success: True
[info] Using default task order for benchmark 'libero_object_object' (10 tasks).
  libero_object_object_t1 Episode 12 (Sweep 12)...
    Episode finished. Steps: 300. Success: False
[info] Using default task order for benchmark 'libero_object_object' (10 tasks).
  libero_object_object_t2 Episode 12 (Sweep 12)...
    Episode finished. Steps: 300. Success: False
[info] Using default task order for benchmark 'libero_object_object' (10 tasks).
  libero_object_object_t3 Episode 12 (Sweep 12)...
    Episode finished. Steps: 157. Success: True
[info] Using default task order for benchmark 'libero_object_object' (10 tasks).
  libero_object_object_t4 Episode 12 (Sweep 12)...
    Episode finished. Steps: 134. Success: True
[info] Using default task order for benchmark 'libero_object_object' (10 tasks).
  libero_object_object_t5 Episode 12 (Sweep 12)...
    Episode finished. Steps: 143. Success: True
[info] Using default task order for benchmark 'libero_object_object' (10 tasks).
  libero_object_object_t6 Episode 12 (Sweep 12)...
    Episode finished. Steps: 236. Success: True
[info] Using default task order for benchmark 'libero_object_object' (10 tasks).
  libero_object_object_t7 Episode 12 (Sweep 12)...
    Episode finished. Steps: 122. Success: True
[info] Using default task order for benchmark 'libero_object_object' (10 tasks).
  libero_object_object_t8 Episode 12 (Sweep 12)...
    Episode finished. Steps: 156. Success: True
[info] Using default task order for benchmark 'libero_object_object' (10 tasks).
  libero_object_object_t9 Episode 12 (Sweep 12)...
    Episode finished. Steps: 118. Success: True
[info] Using default task order for benchmark 'libero_goal_object' (10 tasks).
  libero_goal_object_t0 Episode 12 (Sweep 12)...
    Episode finished. Steps: 300. Success: False
[info] Using default task order for benchmark 'libero_goal_object' (10 tasks).
  libero_goal_object_t1 Episode 12 (Sweep 12)...
    Episode finished. Steps: 82. Success: True
[info] Using default task order for benchmark 'libero_goal_object' (10 tasks).
  libero_goal_object_t2 Episode 12 (Sweep 12)...
    Episode finished. Steps: 300. Success: False
[info] Using default task order for benchmark 'libero_goal_object' (10 tasks).
  libero_goal_object_t3 Episode 12 (Sweep 12)...
    Episode finished. Steps: 182. Success: True
[info] Using default task order for benchmark 'libero_goal_object' (10 tasks).
  libero_goal_object_t4 Episode 12 (Sweep 12)...
    Episode finished. Steps: 78. Success: True
[info] Using default task order for benchmark 'libero_goal_object' (10 tasks).
  libero_goal_object_t5 Episode 12 (Sweep 12)...
    Episode finished. Steps: 109. Success: True
[info] Using default task order for benchmark 'libero_goal_object' (10 tasks).
  libero_goal_object_t6 Episode 12 (Sweep 12)...
    Episode finished. Steps: 96. Success: True
[info] Using default task order for benchmark 'libero_goal_object' (10 tasks).
  libero_goal_object_t7 Episode 12 (Sweep 12)...
    Episode finished. Steps: 68. Success: True
[info] Using default task order for benchmark 'libero_goal_object' (10 tasks).
  libero_goal_object_t8 Episode 12 (Sweep 12)...
    Episode finished. Steps: 81. Success: True
[info] Using default task order for benchmark 'libero_goal_object' (10 tasks).
  libero_goal_object_t9 Episode 12 (Sweep 12)...
    Episode finished. Steps: 137. Success: True

--- Starting Sweep 13 ---
[info] Using default task order for benchmark 'libero_spatial_object' (10 tasks).
  libero_spatial_object_t0 Episode 13 (Sweep 13)...
    Episode finished. Steps: 78. Success: True
[info] Using default task order for benchmark 'libero_spatial_object' (10 tasks).
  libero_spatial_object_t1 Episode 13 (Sweep 13)...
    Episode finished. Steps: 110. Success: True
[info] Using default task order for benchmark 'libero_spatial_object' (10 tasks).
  libero_spatial_object_t2 Episode 13 (Sweep 13)...
    Episode finished. Steps: 98. Success: True
[info] Using default task order for benchmark 'libero_spatial_object' (10 tasks).
  libero_spatial_object_t3 Episode 13 (Sweep 13)...
    Episode finished. Steps: 81. Success: True
[info] Using default task order for benchmark 'libero_spatial_object' (10 tasks).
  libero_spatial_object_t4 Episode 13 (Sweep 13)...
    Episode finished. Steps: 133. Success: True
[info] Using default task order for benchmark 'libero_spatial_object' (10 tasks).
  libero_spatial_object_t5 Episode 13 (Sweep 13)...
    Episode finished. Steps: 300. Success: False
[info] Using default task order for benchmark 'libero_spatial_object' (10 tasks).
  libero_spatial_object_t6 Episode 13 (Sweep 13)...
    Episode finished. Steps: 96. Success: True
[info] Using default task order for benchmark 'libero_spatial_object' (10 tasks).
  libero_spatial_object_t7 Episode 13 (Sweep 13)...
    Episode finished. Steps: 155. Success: True
[info] Using default task order for benchmark 'libero_spatial_object' (10 tasks).
  libero_spatial_object_t8 Episode 13 (Sweep 13)...
    Episode finished. Steps: 81. Success: True
[info] Using default task order for benchmark 'libero_spatial_object' (10 tasks).
  libero_spatial_object_t9 Episode 13 (Sweep 13)...
    Episode finished. Steps: 110. Success: True
[info] Using default task order for benchmark 'libero_object_object' (10 tasks).
  libero_object_object_t0 Episode 13 (Sweep 13)...
    Episode finished. Steps: 171. Success: True
[info] Using default task order for benchmark 'libero_object_object' (10 tasks).
  libero_object_object_t1 Episode 13 (Sweep 13)...
    Episode finished. Steps: 138. Success: True
[info] Using default task order for benchmark 'libero_object_object' (10 tasks).
  libero_object_object_t2 Episode 13 (Sweep 13)...
    Episode finished. Steps: 106. Success: True
[info] Using default task order for benchmark 'libero_object_object' (10 tasks).
  libero_object_object_t3 Episode 13 (Sweep 13)...
    Episode finished. Steps: 141. Success: True
[info] Using default task order for benchmark 'libero_object_object' (10 tasks).
  libero_object_object_t4 Episode 13 (Sweep 13)...
    Episode finished. Steps: 140. Success: True
[info] Using default task order for benchmark 'libero_object_object' (10 tasks).
  libero_object_object_t5 Episode 13 (Sweep 13)...
    Episode finished. Steps: 141. Success: True
[info] Using default task order for benchmark 'libero_object_object' (10 tasks).
  libero_object_object_t6 Episode 13 (Sweep 13)...
    Episode finished. Steps: 300. Success: False
[info] Using default task order for benchmark 'libero_object_object' (10 tasks).
  libero_object_object_t7 Episode 13 (Sweep 13)...
    Episode finished. Steps: 138. Success: True
[info] Using default task order for benchmark 'libero_object_object' (10 tasks).
  libero_object_object_t8 Episode 13 (Sweep 13)...
    Episode finished. Steps: 181. Success: True
[info] Using default task order for benchmark 'libero_object_object' (10 tasks).
  libero_object_object_t9 Episode 13 (Sweep 13)...
    Episode finished. Steps: 127. Success: True
[info] Using default task order for benchmark 'libero_goal_object' (10 tasks).
  libero_goal_object_t0 Episode 13 (Sweep 13)...
    Episode finished. Steps: 300. Success: False
[info] Using default task order for benchmark 'libero_goal_object' (10 tasks).
  libero_goal_object_t1 Episode 13 (Sweep 13)...
    Episode finished. Steps: 87. Success: True
[info] Using default task order for benchmark 'libero_goal_object' (10 tasks).
  libero_goal_object_t2 Episode 13 (Sweep 13)...
    Episode finished. Steps: 95. Success: True
[info] Using default task order for benchmark 'libero_goal_object' (10 tasks).
  libero_goal_object_t3 Episode 13 (Sweep 13)...
    Episode finished. Steps: 183. Success: True
[info] Using default task order for benchmark 'libero_goal_object' (10 tasks).
  libero_goal_object_t4 Episode 13 (Sweep 13)...
    Episode finished. Steps: 83. Success: True
[info] Using default task order for benchmark 'libero_goal_object' (10 tasks).
  libero_goal_object_t5 Episode 13 (Sweep 13)...
    Episode finished. Steps: 143. Success: True
[info] Using default task order for benchmark 'libero_goal_object' (10 tasks).
  libero_goal_object_t6 Episode 13 (Sweep 13)...
    Episode finished. Steps: 84. Success: True
[info] Using default task order for benchmark 'libero_goal_object' (10 tasks).
  libero_goal_object_t7 Episode 13 (Sweep 13)...
    Episode finished. Steps: 78. Success: True
[info] Using default task order for benchmark 'libero_goal_object' (10 tasks).
  libero_goal_object_t8 Episode 13 (Sweep 13)...
    Episode finished. Steps: 85. Success: True
[info] Using default task order for benchmark 'libero_goal_object' (10 tasks).
  libero_goal_object_t9 Episode 13 (Sweep 13)...
    Episode finished. Steps: 135. Success: True

--- Starting Sweep 14 ---
[info] Using default task order for benchmark 'libero_spatial_object' (10 tasks).
  libero_spatial_object_t0 Episode 14 (Sweep 14)...
    Episode finished. Steps: 84. Success: True
[info] Using default task order for benchmark 'libero_spatial_object' (10 tasks).
  libero_spatial_object_t1 Episode 14 (Sweep 14)...
    Episode finished. Steps: 112. Success: True
[info] Using default task order for benchmark 'libero_spatial_object' (10 tasks).
  libero_spatial_object_t2 Episode 14 (Sweep 14)...
    Episode finished. Steps: 111. Success: True
[info] Using default task order for benchmark 'libero_spatial_object' (10 tasks).
  libero_spatial_object_t3 Episode 14 (Sweep 14)...
    Episode finished. Steps: 94. Success: True
[info] Using default task order for benchmark 'libero_spatial_object' (10 tasks).
  libero_spatial_object_t4 Episode 14 (Sweep 14)...
    Episode finished. Steps: 128. Success: True
[info] Using default task order for benchmark 'libero_spatial_object' (10 tasks).
  libero_spatial_object_t5 Episode 14 (Sweep 14)...
    Episode finished. Steps: 300. Success: False
[info] Using default task order for benchmark 'libero_spatial_object' (10 tasks).
  libero_spatial_object_t6 Episode 14 (Sweep 14)...
    Episode finished. Steps: 111. Success: True
[info] Using default task order for benchmark 'libero_spatial_object' (10 tasks).
  libero_spatial_object_t7 Episode 14 (Sweep 14)...
    Episode finished. Steps: 147. Success: True
[info] Using default task order for benchmark 'libero_spatial_object' (10 tasks).
  libero_spatial_object_t8 Episode 14 (Sweep 14)...
    Episode finished. Steps: 90. Success: True
[info] Using default task order for benchmark 'libero_spatial_object' (10 tasks).
  libero_spatial_object_t9 Episode 14 (Sweep 14)...
    Episode finished. Steps: 108. Success: True
[info] Using default task order for benchmark 'libero_object_object' (10 tasks).
  libero_object_object_t0 Episode 14 (Sweep 14)...
    Episode finished. Steps: 171. Success: True
[info] Using default task order for benchmark 'libero_object_object' (10 tasks).
  libero_object_object_t1 Episode 14 (Sweep 14)...
    Episode finished. Steps: 210. Success: True
[info] Using default task order for benchmark 'libero_object_object' (10 tasks).
  libero_object_object_t2 Episode 14 (Sweep 14)...
    Episode finished. Steps: 300. Success: False
[info] Using default task order for benchmark 'libero_object_object' (10 tasks).
  libero_object_object_t3 Episode 14 (Sweep 14)...
    Episode finished. Steps: 132. Success: True
[info] Using default task order for benchmark 'libero_object_object' (10 tasks).
  libero_object_object_t4 Episode 14 (Sweep 14)...
    Episode finished. Steps: 139. Success: True
[info] Using default task order for benchmark 'libero_object_object' (10 tasks).
  libero_object_object_t5 Episode 14 (Sweep 14)...
    Episode finished. Steps: 143. Success: True
[info] Using default task order for benchmark 'libero_object_object' (10 tasks).
  libero_object_object_t6 Episode 14 (Sweep 14)...
    Episode finished. Steps: 189. Success: True
[info] Using default task order for benchmark 'libero_object_object' (10 tasks).
  libero_object_object_t7 Episode 14 (Sweep 14)...
    Episode finished. Steps: 126. Success: True
[info] Using default task order for benchmark 'libero_object_object' (10 tasks).
  libero_object_object_t8 Episode 14 (Sweep 14)...
    Episode finished. Steps: 162. Success: True
[info] Using default task order for benchmark 'libero_object_object' (10 tasks).
  libero_object_object_t9 Episode 14 (Sweep 14)...
    Episode finished. Steps: 118. Success: True
[info] Using default task order for benchmark 'libero_goal_object' (10 tasks).
  libero_goal_object_t0 Episode 14 (Sweep 14)...
    Episode finished. Steps: 207. Success: True
[info] Using default task order for benchmark 'libero_goal_object' (10 tasks).
  libero_goal_object_t1 Episode 14 (Sweep 14)...
    Episode finished. Steps: 82. Success: True
[info] Using default task order for benchmark 'libero_goal_object' (10 tasks).
  libero_goal_object_t2 Episode 14 (Sweep 14)...
    Episode finished. Steps: 81. Success: True
[info] Using default task order for benchmark 'libero_goal_object' (10 tasks).
  libero_goal_object_t3 Episode 14 (Sweep 14)...
    Episode finished. Steps: 249. Success: True
[info] Using default task order for benchmark 'libero_goal_object' (10 tasks).
  libero_goal_object_t4 Episode 14 (Sweep 14)...
    Episode finished. Steps: 82. Success: True
[info] Using default task order for benchmark 'libero_goal_object' (10 tasks).
  libero_goal_object_t5 Episode 14 (Sweep 14)...
    Episode finished. Steps: 117. Success: True
[info] Using default task order for benchmark 'libero_goal_object' (10 tasks).
  libero_goal_object_t6 Episode 14 (Sweep 14)...
    Episode finished. Steps: 95. Success: True
[info] Using default task order for benchmark 'libero_goal_object' (10 tasks).
  libero_goal_object_t7 Episode 14 (Sweep 14)...
    Episode finished. Steps: 72. Success: True
[info] Using default task order for benchmark 'libero_goal_object' (10 tasks).
  libero_goal_object_t8 Episode 14 (Sweep 14)...
    Episode finished. Steps: 79. Success: True
[info] Using default task order for benchmark 'libero_goal_object' (10 tasks).
  libero_goal_object_t9 Episode 14 (Sweep 14)...
    Episode finished. Steps: 143. Success: True

--- Starting Sweep 15 ---
[info] Using default task order for benchmark 'libero_spatial_object' (10 tasks).
  libero_spatial_object_t0 Episode 15 (Sweep 15)...
    Episode finished. Steps: 77. Success: True
[info] Using default task order for benchmark 'libero_spatial_object' (10 tasks).
  libero_spatial_object_t1 Episode 15 (Sweep 15)...
    Episode finished. Steps: 106. Success: True
[info] Using default task order for benchmark 'libero_spatial_object' (10 tasks).
  libero_spatial_object_t2 Episode 15 (Sweep 15)...
    Episode finished. Steps: 91. Success: True
[info] Using default task order for benchmark 'libero_spatial_object' (10 tasks).
  libero_spatial_object_t3 Episode 15 (Sweep 15)...
    Episode finished. Steps: 77. Success: True
[info] Using default task order for benchmark 'libero_spatial_object' (10 tasks).
  libero_spatial_object_t4 Episode 15 (Sweep 15)...
    Episode finished. Steps: 123. Success: True
[info] Using default task order for benchmark 'libero_spatial_object' (10 tasks).
  libero_spatial_object_t5 Episode 15 (Sweep 15)...
    Episode finished. Steps: 300. Success: False
[info] Using default task order for benchmark 'libero_spatial_object' (10 tasks).
  libero_spatial_object_t6 Episode 15 (Sweep 15)...
    Episode finished. Steps: 103. Success: True
[info] Using default task order for benchmark 'libero_spatial_object' (10 tasks).
  libero_spatial_object_t7 Episode 15 (Sweep 15)...
    Episode finished. Steps: 167. Success: True
[info] Using default task order for benchmark 'libero_spatial_object' (10 tasks).
  libero_spatial_object_t8 Episode 15 (Sweep 15)...
    Episode finished. Steps: 84. Success: True
[info] Using default task order for benchmark 'libero_spatial_object' (10 tasks).
  libero_spatial_object_t9 Episode 15 (Sweep 15)...
    Episode finished. Steps: 115. Success: True
[info] Using default task order for benchmark 'libero_object_object' (10 tasks).
  libero_object_object_t0 Episode 15 (Sweep 15)...
    Episode finished. Steps: 300. Success: False
[info] Using default task order for benchmark 'libero_object_object' (10 tasks).
  libero_object_object_t1 Episode 15 (Sweep 15)...
    Episode finished. Steps: 193. Success: True
[info] Using default task order for benchmark 'libero_object_object' (10 tasks).
  libero_object_object_t2 Episode 15 (Sweep 15)...
    Episode finished. Steps: 172. Success: True
[info] Using default task order for benchmark 'libero_object_object' (10 tasks).
  libero_object_object_t3 Episode 15 (Sweep 15)...
    Episode finished. Steps: 160. Success: True
[info] Using default task order for benchmark 'libero_object_object' (10 tasks).
  libero_object_object_t4 Episode 15 (Sweep 15)...
    Episode finished. Steps: 154. Success: True
[info] Using default task order for benchmark 'libero_object_object' (10 tasks).
  libero_object_object_t5 Episode 15 (Sweep 15)...
    Episode finished. Steps: 128. Success: True
[info] Using default task order for benchmark 'libero_object_object' (10 tasks).
  libero_object_object_t6 Episode 15 (Sweep 15)...
    Episode finished. Steps: 163. Success: True
[info] Using default task order for benchmark 'libero_object_object' (10 tasks).
  libero_object_object_t7 Episode 15 (Sweep 15)...
    Episode finished. Steps: 260. Success: True
[info] Using default task order for benchmark 'libero_object_object' (10 tasks).
  libero_object_object_t8 Episode 15 (Sweep 15)...
    Episode finished. Steps: 142. Success: True
[info] Using default task order for benchmark 'libero_object_object' (10 tasks).
  libero_object_object_t9 Episode 15 (Sweep 15)...
    Episode finished. Steps: 129. Success: True
[info] Using default task order for benchmark 'libero_goal_object' (10 tasks).
  libero_goal_object_t0 Episode 15 (Sweep 15)...
    Episode finished. Steps: 114. Success: True
[info] Using default task order for benchmark 'libero_goal_object' (10 tasks).
  libero_goal_object_t1 Episode 15 (Sweep 15)...
    Episode finished. Steps: 87. Success: True
[info] Using default task order for benchmark 'libero_goal_object' (10 tasks).
  libero_goal_object_t2 Episode 15 (Sweep 15)...
    Episode finished. Steps: 86. Success: True
[info] Using default task order for benchmark 'libero_goal_object' (10 tasks).
  libero_goal_object_t3 Episode 15 (Sweep 15)...
    Episode finished. Steps: 178. Success: True
[info] Using default task order for benchmark 'libero_goal_object' (10 tasks).
  libero_goal_object_t4 Episode 15 (Sweep 15)...
    Episode finished. Steps: 83. Success: True
[info] Using default task order for benchmark 'libero_goal_object' (10 tasks).
  libero_goal_object_t5 Episode 15 (Sweep 15)...
    Episode finished. Steps: 142. Success: True
[info] Using default task order for benchmark 'libero_goal_object' (10 tasks).
  libero_goal_object_t6 Episode 15 (Sweep 15)...
    Episode finished. Steps: 88. Success: True
[info] Using default task order for benchmark 'libero_goal_object' (10 tasks).
  libero_goal_object_t7 Episode 15 (Sweep 15)...
    Episode finished. Steps: 74. Success: True
[info] Using default task order for benchmark 'libero_goal_object' (10 tasks).
  libero_goal_object_t8 Episode 15 (Sweep 15)...
    Episode finished. Steps: 78. Success: True
[info] Using default task order for benchmark 'libero_goal_object' (10 tasks).
  libero_goal_object_t9 Episode 15 (Sweep 15)...
    Episode finished. Steps: 300. Success: False

--- Starting Sweep 16 ---
[info] Using default task order for benchmark 'libero_spatial_object' (10 tasks).
  libero_spatial_object_t0 Episode 16 (Sweep 16)...
    Episode finished. Steps: 79. Success: True
[info] Using default task order for benchmark 'libero_spatial_object' (10 tasks).
  libero_spatial_object_t1 Episode 16 (Sweep 16)...
    Episode finished. Steps: 106. Success: True
[info] Using default task order for benchmark 'libero_spatial_object' (10 tasks).
  libero_spatial_object_t2 Episode 16 (Sweep 16)...
    Episode finished. Steps: 88. Success: True
[info] Using default task order for benchmark 'libero_spatial_object' (10 tasks).
  libero_spatial_object_t3 Episode 16 (Sweep 16)...
    Episode finished. Steps: 81. Success: True
[info] Using default task order for benchmark 'libero_spatial_object' (10 tasks).
  libero_spatial_object_t4 Episode 16 (Sweep 16)...
    Episode finished. Steps: 123. Success: True
[info] Using default task order for benchmark 'libero_spatial_object' (10 tasks).
  libero_spatial_object_t5 Episode 16 (Sweep 16)...
    Episode finished. Steps: 176. Success: True
[info] Using default task order for benchmark 'libero_spatial_object' (10 tasks).
  libero_spatial_object_t6 Episode 16 (Sweep 16)...
    Episode finished. Steps: 93. Success: True
[info] Using default task order for benchmark 'libero_spatial_object' (10 tasks).
  libero_spatial_object_t7 Episode 16 (Sweep 16)...
    Episode finished. Steps: 127. Success: True
[info] Using default task order for benchmark 'libero_spatial_object' (10 tasks).
  libero_spatial_object_t8 Episode 16 (Sweep 16)...
    Episode finished. Steps: 95. Success: True
[info] Using default task order for benchmark 'libero_spatial_object' (10 tasks).
  libero_spatial_object_t9 Episode 16 (Sweep 16)...
    Episode finished. Steps: 105. Success: True
[info] Using default task order for benchmark 'libero_object_object' (10 tasks).
  libero_object_object_t0 Episode 16 (Sweep 16)...
    Episode finished. Steps: 189. Success: True
[info] Using default task order for benchmark 'libero_object_object' (10 tasks).
  libero_object_object_t1 Episode 16 (Sweep 16)...
    Episode finished. Steps: 300. Success: False
[info] Using default task order for benchmark 'libero_object_object' (10 tasks).
  libero_object_object_t2 Episode 16 (Sweep 16)...
    Episode finished. Steps: 155. Success: True
[info] Using default task order for benchmark 'libero_object_object' (10 tasks).
  libero_object_object_t3 Episode 16 (Sweep 16)...
    Episode finished. Steps: 133. Success: True
[info] Using default task order for benchmark 'libero_object_object' (10 tasks).
  libero_object_object_t4 Episode 16 (Sweep 16)...
    Episode finished. Steps: 136. Success: True
[info] Using default task order for benchmark 'libero_object_object' (10 tasks).
  libero_object_object_t5 Episode 16 (Sweep 16)...
    Episode finished. Steps: 139. Success: True
[info] Using default task order for benchmark 'libero_object_object' (10 tasks).
  libero_object_object_t6 Episode 16 (Sweep 16)...
    Episode finished. Steps: 283. Success: True
[info] Using default task order for benchmark 'libero_object_object' (10 tasks).
  libero_object_object_t7 Episode 16 (Sweep 16)...
    Episode finished. Steps: 300. Success: False
[info] Using default task order for benchmark 'libero_object_object' (10 tasks).
  libero_object_object_t8 Episode 16 (Sweep 16)...
    Episode finished. Steps: 164. Success: True
[info] Using default task order for benchmark 'libero_object_object' (10 tasks).
  libero_object_object_t9 Episode 16 (Sweep 16)...
    Episode finished. Steps: 118. Success: True
[info] Using default task order for benchmark 'libero_goal_object' (10 tasks).
  libero_goal_object_t0 Episode 16 (Sweep 16)...
    Episode finished. Steps: 125. Success: True
[info] Using default task order for benchmark 'libero_goal_object' (10 tasks).
  libero_goal_object_t1 Episode 16 (Sweep 16)...
    Episode finished. Steps: 85. Success: True
[info] Using default task order for benchmark 'libero_goal_object' (10 tasks).
  libero_goal_object_t2 Episode 16 (Sweep 16)...
    Episode finished. Steps: 91. Success: True
[info] Using default task order for benchmark 'libero_goal_object' (10 tasks).
  libero_goal_object_t3 Episode 16 (Sweep 16)...
    Episode finished. Steps: 183. Success: True
[info] Using default task order for benchmark 'libero_goal_object' (10 tasks).
  libero_goal_object_t4 Episode 16 (Sweep 16)...
    Episode finished. Steps: 84. Success: True
[info] Using default task order for benchmark 'libero_goal_object' (10 tasks).
  libero_goal_object_t5 Episode 16 (Sweep 16)...
    Episode finished. Steps: 125. Success: True
[info] Using default task order for benchmark 'libero_goal_object' (10 tasks).
  libero_goal_object_t6 Episode 16 (Sweep 16)...
    Episode finished. Steps: 89. Success: True
[info] Using default task order for benchmark 'libero_goal_object' (10 tasks).
  libero_goal_object_t7 Episode 16 (Sweep 16)...
    Episode finished. Steps: 76. Success: True
[info] Using default task order for benchmark 'libero_goal_object' (10 tasks).
  libero_goal_object_t8 Episode 16 (Sweep 16)...
    Episode finished. Steps: 81. Success: True
[info] Using default task order for benchmark 'libero_goal_object' (10 tasks).
  libero_goal_object_t9 Episode 16 (Sweep 16)...
    Episode finished. Steps: 300. Success: False

--- Starting Sweep 17 ---
[info] Using default task order for benchmark 'libero_spatial_object' (10 tasks).
  libero_spatial_object_t0 Episode 17 (Sweep 17)...
    Episode finished. Steps: 73. Success: True
[info] Using default task order for benchmark 'libero_spatial_object' (10 tasks).
  libero_spatial_object_t1 Episode 17 (Sweep 17)...
    Episode finished. Steps: 105. Success: True
[info] Using default task order for benchmark 'libero_spatial_object' (10 tasks).
  libero_spatial_object_t2 Episode 17 (Sweep 17)...
    Episode finished. Steps: 98. Success: True
[info] Using default task order for benchmark 'libero_spatial_object' (10 tasks).
  libero_spatial_object_t3 Episode 17 (Sweep 17)...
    Episode finished. Steps: 86. Success: True
[info] Using default task order for benchmark 'libero_spatial_object' (10 tasks).
  libero_spatial_object_t4 Episode 17 (Sweep 17)...
    Episode finished. Steps: 134. Success: True
[info] Using default task order for benchmark 'libero_spatial_object' (10 tasks).
  libero_spatial_object_t5 Episode 17 (Sweep 17)...
    Episode finished. Steps: 300. Success: False
[info] Using default task order for benchmark 'libero_spatial_object' (10 tasks).
  libero_spatial_object_t6 Episode 17 (Sweep 17)...
    Episode finished. Steps: 91. Success: True
[info] Using default task order for benchmark 'libero_spatial_object' (10 tasks).
  libero_spatial_object_t7 Episode 17 (Sweep 17)...
    Episode finished. Steps: 205. Success: True
[info] Using default task order for benchmark 'libero_spatial_object' (10 tasks).
  libero_spatial_object_t8 Episode 17 (Sweep 17)...
    Episode finished. Steps: 85. Success: True
[info] Using default task order for benchmark 'libero_spatial_object' (10 tasks).
  libero_spatial_object_t9 Episode 17 (Sweep 17)...
    Episode finished. Steps: 112. Success: True
[info] Using default task order for benchmark 'libero_object_object' (10 tasks).
  libero_object_object_t0 Episode 17 (Sweep 17)...
    Episode finished. Steps: 154. Success: True
[info] Using default task order for benchmark 'libero_object_object' (10 tasks).
  libero_object_object_t1 Episode 17 (Sweep 17)...
    Episode finished. Steps: 122. Success: True
[info] Using default task order for benchmark 'libero_object_object' (10 tasks).
  libero_object_object_t2 Episode 17 (Sweep 17)...
    Episode finished. Steps: 153. Success: True
[info] Using default task order for benchmark 'libero_object_object' (10 tasks).
  libero_object_object_t3 Episode 17 (Sweep 17)...
    Episode finished. Steps: 212. Success: True
[info] Using default task order for benchmark 'libero_object_object' (10 tasks).
  libero_object_object_t4 Episode 17 (Sweep 17)...
    Episode finished. Steps: 147. Success: True
[info] Using default task order for benchmark 'libero_object_object' (10 tasks).
  libero_object_object_t5 Episode 17 (Sweep 17)...
    Episode finished. Steps: 121. Success: True
[info] Using default task order for benchmark 'libero_object_object' (10 tasks).
  libero_object_object_t6 Episode 17 (Sweep 17)...
    Episode finished. Steps: 167. Success: True
[info] Using default task order for benchmark 'libero_object_object' (10 tasks).
  libero_object_object_t7 Episode 17 (Sweep 17)...
    Episode finished. Steps: 132. Success: True
[info] Using default task order for benchmark 'libero_object_object' (10 tasks).
  libero_object_object_t8 Episode 17 (Sweep 17)...
    Episode finished. Steps: 158. Success: True
[info] Using default task order for benchmark 'libero_object_object' (10 tasks).
  libero_object_object_t9 Episode 17 (Sweep 17)...
    Episode finished. Steps: 114. Success: True
[info] Using default task order for benchmark 'libero_goal_object' (10 tasks).
  libero_goal_object_t0 Episode 17 (Sweep 17)...
    Episode finished. Steps: 197. Success: True
[info] Using default task order for benchmark 'libero_goal_object' (10 tasks).
  libero_goal_object_t1 Episode 17 (Sweep 17)...
    Episode finished. Steps: 81. Success: True
[info] Using default task order for benchmark 'libero_goal_object' (10 tasks).
  libero_goal_object_t2 Episode 17 (Sweep 17)...
    Episode finished. Steps: 300. Success: False
[info] Using default task order for benchmark 'libero_goal_object' (10 tasks).
  libero_goal_object_t3 Episode 17 (Sweep 17)...
    Episode finished. Steps: 241. Success: True
[info] Using default task order for benchmark 'libero_goal_object' (10 tasks).
  libero_goal_object_t4 Episode 17 (Sweep 17)...
    Episode finished. Steps: 85. Success: True
[info] Using default task order for benchmark 'libero_goal_object' (10 tasks).
  libero_goal_object_t5 Episode 17 (Sweep 17)...
    Episode finished. Steps: 127. Success: True
[info] Using default task order for benchmark 'libero_goal_object' (10 tasks).
  libero_goal_object_t6 Episode 17 (Sweep 17)...
    Episode finished. Steps: 300. Success: False
[info] Using default task order for benchmark 'libero_goal_object' (10 tasks).
  libero_goal_object_t7 Episode 17 (Sweep 17)...
    Episode finished. Steps: 71. Success: True
[info] Using default task order for benchmark 'libero_goal_object' (10 tasks).
  libero_goal_object_t8 Episode 17 (Sweep 17)...
    Episode finished. Steps: 82. Success: True
[info] Using default task order for benchmark 'libero_goal_object' (10 tasks).
  libero_goal_object_t9 Episode 17 (Sweep 17)...
    Episode finished. Steps: 144. Success: True

--- Starting Sweep 18 ---
[info] Using default task order for benchmark 'libero_spatial_object' (10 tasks).
  libero_spatial_object_t0 Episode 18 (Sweep 18)...
    Episode finished. Steps: 88. Success: True
[info] Using default task order for benchmark 'libero_spatial_object' (10 tasks).
  libero_spatial_object_t1 Episode 18 (Sweep 18)...
    Episode finished. Steps: 114. Success: True
[info] Using default task order for benchmark 'libero_spatial_object' (10 tasks).
  libero_spatial_object_t2 Episode 18 (Sweep 18)...
    Episode finished. Steps: 96. Success: True
[info] Using default task order for benchmark 'libero_spatial_object' (10 tasks).
  libero_spatial_object_t3 Episode 18 (Sweep 18)...
    Episode finished. Steps: 80. Success: True
[info] Using default task order for benchmark 'libero_spatial_object' (10 tasks).
  libero_spatial_object_t4 Episode 18 (Sweep 18)...
    Episode finished. Steps: 128. Success: True
[info] Using default task order for benchmark 'libero_spatial_object' (10 tasks).
  libero_spatial_object_t5 Episode 18 (Sweep 18)...
    Episode finished. Steps: 300. Success: False
[info] Using default task order for benchmark 'libero_spatial_object' (10 tasks).
  libero_spatial_object_t6 Episode 18 (Sweep 18)...
    Episode finished. Steps: 112. Success: True
[info] Using default task order for benchmark 'libero_spatial_object' (10 tasks).
  libero_spatial_object_t7 Episode 18 (Sweep 18)...
    Episode finished. Steps: 254. Success: True
[info] Using default task order for benchmark 'libero_spatial_object' (10 tasks).
  libero_spatial_object_t8 Episode 18 (Sweep 18)...
    Episode finished. Steps: 85. Success: True
[info] Using default task order for benchmark 'libero_spatial_object' (10 tasks).
  libero_spatial_object_t9 Episode 18 (Sweep 18)...
    Episode finished. Steps: 112. Success: True
[info] Using default task order for benchmark 'libero_object_object' (10 tasks).
  libero_object_object_t0 Episode 18 (Sweep 18)...
    Episode finished. Steps: 246. Success: True
[info] Using default task order for benchmark 'libero_object_object' (10 tasks).
  libero_object_object_t1 Episode 18 (Sweep 18)...
    Episode finished. Steps: 152. Success: True
[info] Using default task order for benchmark 'libero_object_object' (10 tasks).
  libero_object_object_t2 Episode 18 (Sweep 18)...
    Episode finished. Steps: 174. Success: True
[info] Using default task order for benchmark 'libero_object_object' (10 tasks).
  libero_object_object_t3 Episode 18 (Sweep 18)...
    Episode finished. Steps: 137. Success: True
[info] Using default task order for benchmark 'libero_object_object' (10 tasks).
  libero_object_object_t4 Episode 18 (Sweep 18)...
    Episode finished. Steps: 144. Success: True
[info] Using default task order for benchmark 'libero_object_object' (10 tasks).
  libero_object_object_t5 Episode 18 (Sweep 18)...
    Episode finished. Steps: 135. Success: True
[info] Using default task order for benchmark 'libero_object_object' (10 tasks).
  libero_object_object_t6 Episode 18 (Sweep 18)...
    Episode finished. Steps: 165. Success: True
[info] Using default task order for benchmark 'libero_object_object' (10 tasks).
  libero_object_object_t7 Episode 18 (Sweep 18)...
    Episode finished. Steps: 131. Success: True
[info] Using default task order for benchmark 'libero_object_object' (10 tasks).
  libero_object_object_t8 Episode 18 (Sweep 18)...
    Episode finished. Steps: 169. Success: True
[info] Using default task order for benchmark 'libero_object_object' (10 tasks).
  libero_object_object_t9 Episode 18 (Sweep 18)...
    Episode finished. Steps: 125. Success: True
[info] Using default task order for benchmark 'libero_goal_object' (10 tasks).
  libero_goal_object_t0 Episode 18 (Sweep 18)...
    Episode finished. Steps: 300. Success: False
[info] Using default task order for benchmark 'libero_goal_object' (10 tasks).
  libero_goal_object_t1 Episode 18 (Sweep 18)...
    Episode finished. Steps: 89. Success: True
[info] Using default task order for benchmark 'libero_goal_object' (10 tasks).
  libero_goal_object_t2 Episode 18 (Sweep 18)...
    Episode finished. Steps: 104. Success: True
[info] Using default task order for benchmark 'libero_goal_object' (10 tasks).
  libero_goal_object_t3 Episode 18 (Sweep 18)...
    Episode finished. Steps: 186. Success: True
[info] Using default task order for benchmark 'libero_goal_object' (10 tasks).
  libero_goal_object_t4 Episode 18 (Sweep 18)...
    Episode finished. Steps: 89. Success: True
[info] Using default task order for benchmark 'libero_goal_object' (10 tasks).
  libero_goal_object_t5 Episode 18 (Sweep 18)...
    Episode finished. Steps: 133. Success: True
[info] Using default task order for benchmark 'libero_goal_object' (10 tasks).
  libero_goal_object_t6 Episode 18 (Sweep 18)...
    Episode finished. Steps: 84. Success: True
[info] Using default task order for benchmark 'libero_goal_object' (10 tasks).
  libero_goal_object_t7 Episode 18 (Sweep 18)...
    Episode finished. Steps: 69. Success: True
[info] Using default task order for benchmark 'libero_goal_object' (10 tasks).
  libero_goal_object_t8 Episode 18 (Sweep 18)...
    Episode finished. Steps: 78. Success: True
[info] Using default task order for benchmark 'libero_goal_object' (10 tasks).
  libero_goal_object_t9 Episode 18 (Sweep 18)...
    Episode finished. Steps: 133. Success: True

--- Starting Sweep 19 ---
[info] Using default task order for benchmark 'libero_spatial_object' (10 tasks).
  libero_spatial_object_t0 Episode 19 (Sweep 19)...
    Episode finished. Steps: 82. Success: True
[info] Using default task order for benchmark 'libero_spatial_object' (10 tasks).
  libero_spatial_object_t1 Episode 19 (Sweep 19)...
    Episode finished. Steps: 108. Success: True
[info] Using default task order for benchmark 'libero_spatial_object' (10 tasks).
  libero_spatial_object_t2 Episode 19 (Sweep 19)...
    Episode finished. Steps: 94. Success: True
[info] Using default task order for benchmark 'libero_spatial_object' (10 tasks).
  libero_spatial_object_t3 Episode 19 (Sweep 19)...
    Episode finished. Steps: 79. Success: True
[info] Using default task order for benchmark 'libero_spatial_object' (10 tasks).
  libero_spatial_object_t4 Episode 19 (Sweep 19)...
    Episode finished. Steps: 135. Success: True
[info] Using default task order for benchmark 'libero_spatial_object' (10 tasks).
  libero_spatial_object_t5 Episode 19 (Sweep 19)...
    Episode finished. Steps: 300. Success: False
[info] Using default task order for benchmark 'libero_spatial_object' (10 tasks).
  libero_spatial_object_t6 Episode 19 (Sweep 19)...
    Episode finished. Steps: 104. Success: True
[info] Using default task order for benchmark 'libero_spatial_object' (10 tasks).
  libero_spatial_object_t7 Episode 19 (Sweep 19)...
    Episode finished. Steps: 151. Success: True
[info] Using default task order for benchmark 'libero_spatial_object' (10 tasks).
  libero_spatial_object_t8 Episode 19 (Sweep 19)...
    Episode finished. Steps: 91. Success: True
[info] Using default task order for benchmark 'libero_spatial_object' (10 tasks).
  libero_spatial_object_t9 Episode 19 (Sweep 19)...
    Episode finished. Steps: 117. Success: True
[info] Using default task order for benchmark 'libero_object_object' (10 tasks).
  libero_object_object_t0 Episode 19 (Sweep 19)...
    Episode finished. Steps: 189. Success: True
[info] Using default task order for benchmark 'libero_object_object' (10 tasks).
  libero_object_object_t1 Episode 19 (Sweep 19)...
    Episode finished. Steps: 300. Success: False
[info] Using default task order for benchmark 'libero_object_object' (10 tasks).
  libero_object_object_t2 Episode 19 (Sweep 19)...
    Episode finished. Steps: 158. Success: True
[info] Using default task order for benchmark 'libero_object_object' (10 tasks).
  libero_object_object_t3 Episode 19 (Sweep 19)...
    Episode finished. Steps: 210. Success: True
[info] Using default task order for benchmark 'libero_object_object' (10 tasks).
  libero_object_object_t4 Episode 19 (Sweep 19)...
    Episode finished. Steps: 166. Success: True
[info] Using default task order for benchmark 'libero_object_object' (10 tasks).
  libero_object_object_t5 Episode 19 (Sweep 19)...
    Episode finished. Steps: 134. Success: True
[info] Using default task order for benchmark 'libero_object_object' (10 tasks).
  libero_object_object_t6 Episode 19 (Sweep 19)...
    Episode finished. Steps: 156. Success: True
[info] Using default task order for benchmark 'libero_object_object' (10 tasks).
  libero_object_object_t7 Episode 19 (Sweep 19)...
    Episode finished. Steps: 124. Success: True
[info] Using default task order for benchmark 'libero_object_object' (10 tasks).
  libero_object_object_t8 Episode 19 (Sweep 19)...
    Episode finished. Steps: 166. Success: True
[info] Using default task order for benchmark 'libero_object_object' (10 tasks).
  libero_object_object_t9 Episode 19 (Sweep 19)...
    Episode finished. Steps: 118. Success: True
[info] Using default task order for benchmark 'libero_goal_object' (10 tasks).
  libero_goal_object_t0 Episode 19 (Sweep 19)...
    Episode finished. Steps: 300. Success: False
[info] Using default task order for benchmark 'libero_goal_object' (10 tasks).
  libero_goal_object_t1 Episode 19 (Sweep 19)...
    Episode finished. Steps: 83. Success: True
[info] Using default task order for benchmark 'libero_goal_object' (10 tasks).
  libero_goal_object_t2 Episode 19 (Sweep 19)...
    Episode finished. Steps: 84. Success: True
[info] Using default task order for benchmark 'libero_goal_object' (10 tasks).
  libero_goal_object_t3 Episode 19 (Sweep 19)...
    Episode finished. Steps: 183. Success: True
[info] Using default task order for benchmark 'libero_goal_object' (10 tasks).
  libero_goal_object_t4 Episode 19 (Sweep 19)...
    Episode finished. Steps: 81. Success: True
[info] Using default task order for benchmark 'libero_goal_object' (10 tasks).
  libero_goal_object_t5 Episode 19 (Sweep 19)...
    Episode finished. Steps: 118. Success: True
[info] Using default task order for benchmark 'libero_goal_object' (10 tasks).
  libero_goal_object_t6 Episode 19 (Sweep 19)...
    Episode finished. Steps: 114. Success: True
[info] Using default task order for benchmark 'libero_goal_object' (10 tasks).
  libero_goal_object_t7 Episode 19 (Sweep 19)...
    Episode finished. Steps: 69. Success: True
[info] Using default task order for benchmark 'libero_goal_object' (10 tasks).
  libero_goal_object_t8 Episode 19 (Sweep 19)...
    Episode finished. Steps: 77. Success: True
[info] Using default task order for benchmark 'libero_goal_object' (10 tasks).
  libero_goal_object_t9 Episode 19 (Sweep 19)...
    Episode finished. Steps: 157. Success: True

--- Starting Sweep 20 ---
[info] Using default task order for benchmark 'libero_spatial_object' (10 tasks).
  libero_spatial_object_t0 Episode 20 (Sweep 20)...
    Episode finished. Steps: 77. Success: True
[info] Using default task order for benchmark 'libero_spatial_object' (10 tasks).
  libero_spatial_object_t1 Episode 20 (Sweep 20)...
    Episode finished. Steps: 111. Success: True
[info] Using default task order for benchmark 'libero_spatial_object' (10 tasks).
  libero_spatial_object_t2 Episode 20 (Sweep 20)...
    Episode finished. Steps: 101. Success: True
[info] Using default task order for benchmark 'libero_spatial_object' (10 tasks).
  libero_spatial_object_t3 Episode 20 (Sweep 20)...
    Episode finished. Steps: 93. Success: True
[info] Using default task order for benchmark 'libero_spatial_object' (10 tasks).
  libero_spatial_object_t4 Episode 20 (Sweep 20)...
    Episode finished. Steps: 210. Success: True
[info] Using default task order for benchmark 'libero_spatial_object' (10 tasks).
  libero_spatial_object_t5 Episode 20 (Sweep 20)...
    Episode finished. Steps: 300. Success: False
[info] Using default task order for benchmark 'libero_spatial_object' (10 tasks).
  libero_spatial_object_t6 Episode 20 (Sweep 20)...
    Episode finished. Steps: 107. Success: True
[info] Using default task order for benchmark 'libero_spatial_object' (10 tasks).
  libero_spatial_object_t7 Episode 20 (Sweep 20)...
    Episode finished. Steps: 140. Success: True
[info] Using default task order for benchmark 'libero_spatial_object' (10 tasks).
  libero_spatial_object_t8 Episode 20 (Sweep 20)...
    Episode finished. Steps: 86. Success: True
[info] Using default task order for benchmark 'libero_spatial_object' (10 tasks).
  libero_spatial_object_t9 Episode 20 (Sweep 20)...
    Episode finished. Steps: 104. Success: True
[info] Using default task order for benchmark 'libero_object_object' (10 tasks).
  libero_object_object_t0 Episode 20 (Sweep 20)...
    Episode finished. Steps: 221. Success: True
[info] Using default task order for benchmark 'libero_object_object' (10 tasks).
  libero_object_object_t1 Episode 20 (Sweep 20)...
    Episode finished. Steps: 289. Success: True
[info] Using default task order for benchmark 'libero_object_object' (10 tasks).
  libero_object_object_t2 Episode 20 (Sweep 20)...
    Episode finished. Steps: 157. Success: True
[info] Using default task order for benchmark 'libero_object_object' (10 tasks).
  libero_object_object_t3 Episode 20 (Sweep 20)...
    Episode finished. Steps: 172. Success: True
[info] Using default task order for benchmark 'libero_object_object' (10 tasks).
  libero_object_object_t4 Episode 20 (Sweep 20)...
    Episode finished. Steps: 140. Success: True
[info] Using default task order for benchmark 'libero_object_object' (10 tasks).
  libero_object_object_t5 Episode 20 (Sweep 20)...
    Episode finished. Steps: 126. Success: True
[info] Using default task order for benchmark 'libero_object_object' (10 tasks).
  libero_object_object_t6 Episode 20 (Sweep 20)...
    Episode finished. Steps: 166. Success: True
[info] Using default task order for benchmark 'libero_object_object' (10 tasks).
  libero_object_object_t7 Episode 20 (Sweep 20)...
    Episode finished. Steps: 128. Success: True
[info] Using default task order for benchmark 'libero_object_object' (10 tasks).
  libero_object_object_t8 Episode 20 (Sweep 20)...
    Episode finished. Steps: 136. Success: True
[info] Using default task order for benchmark 'libero_object_object' (10 tasks).
  libero_object_object_t9 Episode 20 (Sweep 20)...
    Episode finished. Steps: 115. Success: True
[info] Using default task order for benchmark 'libero_goal_object' (10 tasks).
  libero_goal_object_t0 Episode 20 (Sweep 20)...
    Episode finished. Steps: 191. Success: True
[info] Using default task order for benchmark 'libero_goal_object' (10 tasks).
  libero_goal_object_t1 Episode 20 (Sweep 20)...
    Episode finished. Steps: 86. Success: True
[info] Using default task order for benchmark 'libero_goal_object' (10 tasks).
  libero_goal_object_t2 Episode 20 (Sweep 20)...
    Episode finished. Steps: 90. Success: True
[info] Using default task order for benchmark 'libero_goal_object' (10 tasks).
  libero_goal_object_t3 Episode 20 (Sweep 20)...
    Episode finished. Steps: 300. Success: False
[info] Using default task order for benchmark 'libero_goal_object' (10 tasks).
  libero_goal_object_t4 Episode 20 (Sweep 20)...
    Episode finished. Steps: 85. Success: True
[info] Using default task order for benchmark 'libero_goal_object' (10 tasks).
  libero_goal_object_t5 Episode 20 (Sweep 20)...
    Episode finished. Steps: 115. Success: True
[info] Using default task order for benchmark 'libero_goal_object' (10 tasks).
  libero_goal_object_t6 Episode 20 (Sweep 20)...
    Episode finished. Steps: 85. Success: True
[info] Using default task order for benchmark 'libero_goal_object' (10 tasks).
  libero_goal_object_t7 Episode 20 (Sweep 20)...
    Episode finished. Steps: 73. Success: True
[info] Using default task order for benchmark 'libero_goal_object' (10 tasks).
  libero_goal_object_t8 Episode 20 (Sweep 20)...
    Episode finished. Steps: 300. Success: False
[info] Using default task order for benchmark 'libero_goal_object' (10 tasks).
  libero_goal_object_t9 Episode 20 (Sweep 20)...
    Episode finished. Steps: 131. Success: True

--- Starting Sweep 21 ---
[info] Using default task order for benchmark 'libero_spatial_object' (10 tasks).
  libero_spatial_object_t0 Episode 21 (Sweep 21)...
    Episode finished. Steps: 73. Success: True
[info] Using default task order for benchmark 'libero_spatial_object' (10 tasks).
  libero_spatial_object_t1 Episode 21 (Sweep 21)...
    Episode finished. Steps: 106. Success: True
[info] Using default task order for benchmark 'libero_spatial_object' (10 tasks).
  libero_spatial_object_t2 Episode 21 (Sweep 21)...
    Episode finished. Steps: 87. Success: True
[info] Using default task order for benchmark 'libero_spatial_object' (10 tasks).
  libero_spatial_object_t3 Episode 21 (Sweep 21)...
    Episode finished. Steps: 82. Success: True
[info] Using default task order for benchmark 'libero_spatial_object' (10 tasks).
  libero_spatial_object_t4 Episode 21 (Sweep 21)...
    Episode finished. Steps: 121. Success: True
[info] Using default task order for benchmark 'libero_spatial_object' (10 tasks).
  libero_spatial_object_t5 Episode 21 (Sweep 21)...
    Episode finished. Steps: 300. Success: False
[info] Using default task order for benchmark 'libero_spatial_object' (10 tasks).
  libero_spatial_object_t6 Episode 21 (Sweep 21)...
    Episode finished. Steps: 108. Success: True
[info] Using default task order for benchmark 'libero_spatial_object' (10 tasks).
  libero_spatial_object_t7 Episode 21 (Sweep 21)...
    Episode finished. Steps: 117. Success: True
[info] Using default task order for benchmark 'libero_spatial_object' (10 tasks).
  libero_spatial_object_t8 Episode 21 (Sweep 21)...
    Episode finished. Steps: 91. Success: True
[info] Using default task order for benchmark 'libero_spatial_object' (10 tasks).
  libero_spatial_object_t9 Episode 21 (Sweep 21)...
    Episode finished. Steps: 120. Success: True
[info] Using default task order for benchmark 'libero_object_object' (10 tasks).
  libero_object_object_t0 Episode 21 (Sweep 21)...
    Episode finished. Steps: 174. Success: True
[info] Using default task order for benchmark 'libero_object_object' (10 tasks).
  libero_object_object_t1 Episode 21 (Sweep 21)...
    Episode finished. Steps: 134. Success: True
[info] Using default task order for benchmark 'libero_object_object' (10 tasks).
  libero_object_object_t2 Episode 21 (Sweep 21)...
    Episode finished. Steps: 300. Success: False
[info] Using default task order for benchmark 'libero_object_object' (10 tasks).
  libero_object_object_t3 Episode 21 (Sweep 21)...
    Episode finished. Steps: 128. Success: True
[info] Using default task order for benchmark 'libero_object_object' (10 tasks).
  libero_object_object_t4 Episode 21 (Sweep 21)...
    Episode finished. Steps: 147. Success: True
[info] Using default task order for benchmark 'libero_object_object' (10 tasks).
  libero_object_object_t5 Episode 21 (Sweep 21)...
    Episode finished. Steps: 123. Success: True
[info] Using default task order for benchmark 'libero_object_object' (10 tasks).
  libero_object_object_t6 Episode 21 (Sweep 21)...
    Episode finished. Steps: 169. Success: True
[info] Using default task order for benchmark 'libero_object_object' (10 tasks).
  libero_object_object_t7 Episode 21 (Sweep 21)...
    Episode finished. Steps: 300. Success: False
[info] Using default task order for benchmark 'libero_object_object' (10 tasks).
  libero_object_object_t8 Episode 21 (Sweep 21)...
    Episode finished. Steps: 170. Success: True
[info] Using default task order for benchmark 'libero_object_object' (10 tasks).
  libero_object_object_t9 Episode 21 (Sweep 21)...
    Episode finished. Steps: 114. Success: True
[info] Using default task order for benchmark 'libero_goal_object' (10 tasks).
  libero_goal_object_t0 Episode 21 (Sweep 21)...
    Episode finished. Steps: 300. Success: False
[info] Using default task order for benchmark 'libero_goal_object' (10 tasks).
  libero_goal_object_t1 Episode 21 (Sweep 21)...
    Episode finished. Steps: 88. Success: True
[info] Using default task order for benchmark 'libero_goal_object' (10 tasks).
  libero_goal_object_t2 Episode 21 (Sweep 21)...
    Episode finished. Steps: 103. Success: True
[info] Using default task order for benchmark 'libero_goal_object' (10 tasks).
  libero_goal_object_t3 Episode 21 (Sweep 21)...
    Episode finished. Steps: 175. Success: True
[info] Using default task order for benchmark 'libero_goal_object' (10 tasks).
  libero_goal_object_t4 Episode 21 (Sweep 21)...
    Episode finished. Steps: 86. Success: True
[info] Using default task order for benchmark 'libero_goal_object' (10 tasks).
  libero_goal_object_t5 Episode 21 (Sweep 21)...
    Episode finished. Steps: 124. Success: True
[info] Using default task order for benchmark 'libero_goal_object' (10 tasks).
  libero_goal_object_t6 Episode 21 (Sweep 21)...
    Episode finished. Steps: 96. Success: True
[info] Using default task order for benchmark 'libero_goal_object' (10 tasks).
  libero_goal_object_t7 Episode 21 (Sweep 21)...
    Episode finished. Steps: 68. Success: True
[info] Using default task order for benchmark 'libero_goal_object' (10 tasks).
  libero_goal_object_t8 Episode 21 (Sweep 21)...
    Episode finished. Steps: 76. Success: True
[info] Using default task order for benchmark 'libero_goal_object' (10 tasks).
  libero_goal_object_t9 Episode 21 (Sweep 21)...
    Episode finished. Steps: 151. Success: True

--- Starting Sweep 22 ---
[info] Using default task order for benchmark 'libero_spatial_object' (10 tasks).
  libero_spatial_object_t0 Episode 22 (Sweep 22)...
    Episode finished. Steps: 76. Success: True
[info] Using default task order for benchmark 'libero_spatial_object' (10 tasks).
  libero_spatial_object_t1 Episode 22 (Sweep 22)...
    Episode finished. Steps: 110. Success: True
[info] Using default task order for benchmark 'libero_spatial_object' (10 tasks).
  libero_spatial_object_t2 Episode 22 (Sweep 22)...
    Episode finished. Steps: 98. Success: True
[info] Using default task order for benchmark 'libero_spatial_object' (10 tasks).
  libero_spatial_object_t3 Episode 22 (Sweep 22)...
    Episode finished. Steps: 83. Success: True
[info] Using default task order for benchmark 'libero_spatial_object' (10 tasks).
  libero_spatial_object_t4 Episode 22 (Sweep 22)...
    Episode finished. Steps: 132. Success: True
[info] Using default task order for benchmark 'libero_spatial_object' (10 tasks).
  libero_spatial_object_t5 Episode 22 (Sweep 22)...
    Episode finished. Steps: 211. Success: True
[info] Using default task order for benchmark 'libero_spatial_object' (10 tasks).
  libero_spatial_object_t6 Episode 22 (Sweep 22)...
    Episode finished. Steps: 100. Success: True
[info] Using default task order for benchmark 'libero_spatial_object' (10 tasks).
  libero_spatial_object_t7 Episode 22 (Sweep 22)...
    Episode finished. Steps: 136. Success: True
[info] Using default task order for benchmark 'libero_spatial_object' (10 tasks).
  libero_spatial_object_t8 Episode 22 (Sweep 22)...
    Episode finished. Steps: 87. Success: True
[info] Using default task order for benchmark 'libero_spatial_object' (10 tasks).
  libero_spatial_object_t9 Episode 22 (Sweep 22)...
    Episode finished. Steps: 112. Success: True
[info] Using default task order for benchmark 'libero_object_object' (10 tasks).
  libero_object_object_t0 Episode 22 (Sweep 22)...
    Episode finished. Steps: 188. Success: True
[info] Using default task order for benchmark 'libero_object_object' (10 tasks).
  libero_object_object_t1 Episode 22 (Sweep 22)...
    Episode finished. Steps: 216. Success: True
[info] Using default task order for benchmark 'libero_object_object' (10 tasks).
  libero_object_object_t2 Episode 22 (Sweep 22)...
    Episode finished. Steps: 161. Success: True
[info] Using default task order for benchmark 'libero_object_object' (10 tasks).
  libero_object_object_t3 Episode 22 (Sweep 22)...
    Episode finished. Steps: 300. Success: False
[info] Using default task order for benchmark 'libero_object_object' (10 tasks).
  libero_object_object_t4 Episode 22 (Sweep 22)...
    Episode finished. Steps: 141. Success: True
[info] Using default task order for benchmark 'libero_object_object' (10 tasks).
  libero_object_object_t5 Episode 22 (Sweep 22)...
    Episode finished. Steps: 128. Success: True
[info] Using default task order for benchmark 'libero_object_object' (10 tasks).
  libero_object_object_t6 Episode 22 (Sweep 22)...
    Episode finished. Steps: 179. Success: True
[info] Using default task order for benchmark 'libero_object_object' (10 tasks).
  libero_object_object_t7 Episode 22 (Sweep 22)...
    Episode finished. Steps: 130. Success: True
[info] Using default task order for benchmark 'libero_object_object' (10 tasks).
  libero_object_object_t8 Episode 22 (Sweep 22)...
    Episode finished. Steps: 156. Success: True
[info] Using default task order for benchmark 'libero_object_object' (10 tasks).
  libero_object_object_t9 Episode 22 (Sweep 22)...
    Episode finished. Steps: 120. Success: True
[info] Using default task order for benchmark 'libero_goal_object' (10 tasks).
  libero_goal_object_t0 Episode 22 (Sweep 22)...
    Episode finished. Steps: 103. Success: True
[info] Using default task order for benchmark 'libero_goal_object' (10 tasks).
  libero_goal_object_t1 Episode 22 (Sweep 22)...
    Episode finished. Steps: 85. Success: True
[info] Using default task order for benchmark 'libero_goal_object' (10 tasks).
  libero_goal_object_t2 Episode 22 (Sweep 22)...
    Episode finished. Steps: 96. Success: True
[info] Using default task order for benchmark 'libero_goal_object' (10 tasks).
  libero_goal_object_t3 Episode 22 (Sweep 22)...
    Episode finished. Steps: 209. Success: True
[info] Using default task order for benchmark 'libero_goal_object' (10 tasks).
  libero_goal_object_t4 Episode 22 (Sweep 22)...
    Episode finished. Steps: 86. Success: True
[info] Using default task order for benchmark 'libero_goal_object' (10 tasks).
  libero_goal_object_t5 Episode 22 (Sweep 22)...
    Episode finished. Steps: 192. Success: True
[info] Using default task order for benchmark 'libero_goal_object' (10 tasks).
  libero_goal_object_t6 Episode 22 (Sweep 22)...
    Episode finished. Steps: 99. Success: True
[info] Using default task order for benchmark 'libero_goal_object' (10 tasks).
  libero_goal_object_t7 Episode 22 (Sweep 22)...
    Episode finished. Steps: 66. Success: True
[info] Using default task order for benchmark 'libero_goal_object' (10 tasks).
  libero_goal_object_t8 Episode 22 (Sweep 22)...
    Episode finished. Steps: 75. Success: True
[info] Using default task order for benchmark 'libero_goal_object' (10 tasks).
  libero_goal_object_t9 Episode 22 (Sweep 22)...
    Episode finished. Steps: 124. Success: True

--- Starting Sweep 23 ---
[info] Using default task order for benchmark 'libero_spatial_object' (10 tasks).
  libero_spatial_object_t0 Episode 23 (Sweep 23)...
    Episode finished. Steps: 69. Success: True
[info] Using default task order for benchmark 'libero_spatial_object' (10 tasks).
  libero_spatial_object_t1 Episode 23 (Sweep 23)...
    Episode finished. Steps: 108. Success: True
[info] Using default task order for benchmark 'libero_spatial_object' (10 tasks).
  libero_spatial_object_t2 Episode 23 (Sweep 23)...
    Episode finished. Steps: 97. Success: True
[info] Using default task order for benchmark 'libero_spatial_object' (10 tasks).
  libero_spatial_object_t3 Episode 23 (Sweep 23)...
    Episode finished. Steps: 83. Success: True
[info] Using default task order for benchmark 'libero_spatial_object' (10 tasks).
  libero_spatial_object_t4 Episode 23 (Sweep 23)...
    Episode finished. Steps: 127. Success: True
[info] Using default task order for benchmark 'libero_spatial_object' (10 tasks).
  libero_spatial_object_t5 Episode 23 (Sweep 23)...
    Episode finished. Steps: 300. Success: False
[info] Using default task order for benchmark 'libero_spatial_object' (10 tasks).
  libero_spatial_object_t6 Episode 23 (Sweep 23)...
    Episode finished. Steps: 108. Success: True
[info] Using default task order for benchmark 'libero_spatial_object' (10 tasks).
  libero_spatial_object_t7 Episode 23 (Sweep 23)...
    Episode finished. Steps: 140. Success: True
[info] Using default task order for benchmark 'libero_spatial_object' (10 tasks).
  libero_spatial_object_t8 Episode 23 (Sweep 23)...
    Episode finished. Steps: 93. Success: True
[info] Using default task order for benchmark 'libero_spatial_object' (10 tasks).
  libero_spatial_object_t9 Episode 23 (Sweep 23)...
    Episode finished. Steps: 107. Success: True
[info] Using default task order for benchmark 'libero_object_object' (10 tasks).
  libero_object_object_t0 Episode 23 (Sweep 23)...
    Episode finished. Steps: 159. Success: True
[info] Using default task order for benchmark 'libero_object_object' (10 tasks).
  libero_object_object_t1 Episode 23 (Sweep 23)...
    Episode finished. Steps: 290. Success: True
[info] Using default task order for benchmark 'libero_object_object' (10 tasks).
  libero_object_object_t2 Episode 23 (Sweep 23)...
    Episode finished. Steps: 180. Success: True
[info] Using default task order for benchmark 'libero_object_object' (10 tasks).
  libero_object_object_t3 Episode 23 (Sweep 23)...
    Episode finished. Steps: 139. Success: True
[info] Using default task order for benchmark 'libero_object_object' (10 tasks).
  libero_object_object_t4 Episode 23 (Sweep 23)...
    Episode finished. Steps: 141. Success: True
[info] Using default task order for benchmark 'libero_object_object' (10 tasks).
  libero_object_object_t5 Episode 23 (Sweep 23)...
    Episode finished. Steps: 132. Success: True
[info] Using default task order for benchmark 'libero_object_object' (10 tasks).
  libero_object_object_t6 Episode 23 (Sweep 23)...
    Episode finished. Steps: 186. Success: True
[info] Using default task order for benchmark 'libero_object_object' (10 tasks).
  libero_object_object_t7 Episode 23 (Sweep 23)...
    Episode finished. Steps: 125. Success: True
[info] Using default task order for benchmark 'libero_object_object' (10 tasks).
  libero_object_object_t8 Episode 23 (Sweep 23)...
    Episode finished. Steps: 150. Success: True
[info] Using default task order for benchmark 'libero_object_object' (10 tasks).
  libero_object_object_t9 Episode 23 (Sweep 23)...
    Episode finished. Steps: 110. Success: True
[info] Using default task order for benchmark 'libero_goal_object' (10 tasks).
  libero_goal_object_t0 Episode 23 (Sweep 23)...
    Episode finished. Steps: 129. Success: True
[info] Using default task order for benchmark 'libero_goal_object' (10 tasks).
  libero_goal_object_t1 Episode 23 (Sweep 23)...
    Episode finished. Steps: 83. Success: True
[info] Using default task order for benchmark 'libero_goal_object' (10 tasks).
  libero_goal_object_t2 Episode 23 (Sweep 23)...
    Episode finished. Steps: 88. Success: True
[info] Using default task order for benchmark 'libero_goal_object' (10 tasks).
  libero_goal_object_t3 Episode 23 (Sweep 23)...
    Episode finished. Steps: 176. Success: True
[info] Using default task order for benchmark 'libero_goal_object' (10 tasks).
  libero_goal_object_t4 Episode 23 (Sweep 23)...
    Episode finished. Steps: 82. Success: True
[info] Using default task order for benchmark 'libero_goal_object' (10 tasks).
  libero_goal_object_t5 Episode 23 (Sweep 23)...
    Episode finished. Steps: 129. Success: True
[info] Using default task order for benchmark 'libero_goal_object' (10 tasks).
  libero_goal_object_t6 Episode 23 (Sweep 23)...
    Episode finished. Steps: 95. Success: True
[info] Using default task order for benchmark 'libero_goal_object' (10 tasks).
  libero_goal_object_t7 Episode 23 (Sweep 23)...
    Episode finished. Steps: 72. Success: True
[info] Using default task order for benchmark 'libero_goal_object' (10 tasks).
  libero_goal_object_t8 Episode 23 (Sweep 23)...
    Episode finished. Steps: 78. Success: True
[info] Using default task order for benchmark 'libero_goal_object' (10 tasks).
  libero_goal_object_t9 Episode 23 (Sweep 23)...
    Episode finished. Steps: 134. Success: True

--- Starting Sweep 24 ---
[info] Using default task order for benchmark 'libero_spatial_object' (10 tasks).
  libero_spatial_object_t0 Episode 24 (Sweep 24)...
    Episode finished. Steps: 77. Success: True
[info] Using default task order for benchmark 'libero_spatial_object' (10 tasks).
  libero_spatial_object_t1 Episode 24 (Sweep 24)...
    Episode finished. Steps: 110. Success: True
[info] Using default task order for benchmark 'libero_spatial_object' (10 tasks).
  libero_spatial_object_t2 Episode 24 (Sweep 24)...
    Episode finished. Steps: 99. Success: True
[info] Using default task order for benchmark 'libero_spatial_object' (10 tasks).
  libero_spatial_object_t3 Episode 24 (Sweep 24)...
    Episode finished. Steps: 83. Success: True
[info] Using default task order for benchmark 'libero_spatial_object' (10 tasks).
  libero_spatial_object_t4 Episode 24 (Sweep 24)...
    Episode finished. Steps: 122. Success: True
[info] Using default task order for benchmark 'libero_spatial_object' (10 tasks).
  libero_spatial_object_t5 Episode 24 (Sweep 24)...
    Episode finished. Steps: 300. Success: False
[info] Using default task order for benchmark 'libero_spatial_object' (10 tasks).
  libero_spatial_object_t6 Episode 24 (Sweep 24)...
    Episode finished. Steps: 100. Success: True
[info] Using default task order for benchmark 'libero_spatial_object' (10 tasks).
  libero_spatial_object_t7 Episode 24 (Sweep 24)...
    Episode finished. Steps: 219. Success: True
[info] Using default task order for benchmark 'libero_spatial_object' (10 tasks).
  libero_spatial_object_t8 Episode 24 (Sweep 24)...
    Episode finished. Steps: 91. Success: True
[info] Using default task order for benchmark 'libero_spatial_object' (10 tasks).
  libero_spatial_object_t9 Episode 24 (Sweep 24)...
    Episode finished. Steps: 121. Success: True
[info] Using default task order for benchmark 'libero_object_object' (10 tasks).
  libero_object_object_t0 Episode 24 (Sweep 24)...
    Episode finished. Steps: 235. Success: True
[info] Using default task order for benchmark 'libero_object_object' (10 tasks).
  libero_object_object_t1 Episode 24 (Sweep 24)...
    Episode finished. Steps: 154. Success: True
[info] Using default task order for benchmark 'libero_object_object' (10 tasks).
  libero_object_object_t2 Episode 24 (Sweep 24)...
    Episode finished. Steps: 166. Success: True
[info] Using default task order for benchmark 'libero_object_object' (10 tasks).
  libero_object_object_t3 Episode 24 (Sweep 24)...
    Episode finished. Steps: 174. Success: True
[info] Using default task order for benchmark 'libero_object_object' (10 tasks).
  libero_object_object_t4 Episode 24 (Sweep 24)...
    Episode finished. Steps: 160. Success: True
[info] Using default task order for benchmark 'libero_object_object' (10 tasks).
  libero_object_object_t5 Episode 24 (Sweep 24)...
    Episode finished. Steps: 122. Success: True
[info] Using default task order for benchmark 'libero_object_object' (10 tasks).
  libero_object_object_t6 Episode 24 (Sweep 24)...
    Episode finished. Steps: 158. Success: True
[info] Using default task order for benchmark 'libero_object_object' (10 tasks).
  libero_object_object_t7 Episode 24 (Sweep 24)...
    Episode finished. Steps: 132. Success: True
[info] Using default task order for benchmark 'libero_object_object' (10 tasks).
  libero_object_object_t8 Episode 24 (Sweep 24)...
    Episode finished. Steps: 300. Success: False
[info] Using default task order for benchmark 'libero_object_object' (10 tasks).
  libero_object_object_t9 Episode 24 (Sweep 24)...
    Episode finished. Steps: 120. Success: True
[info] Using default task order for benchmark 'libero_goal_object' (10 tasks).
  libero_goal_object_t0 Episode 24 (Sweep 24)...
    Episode finished. Steps: 123. Success: True
[info] Using default task order for benchmark 'libero_goal_object' (10 tasks).
  libero_goal_object_t1 Episode 24 (Sweep 24)...
    Episode finished. Steps: 300. Success: False
[info] Using default task order for benchmark 'libero_goal_object' (10 tasks).
  libero_goal_object_t2 Episode 24 (Sweep 24)...
    Episode finished. Steps: 83. Success: True
[info] Using default task order for benchmark 'libero_goal_object' (10 tasks).
  libero_goal_object_t3 Episode 24 (Sweep 24)...
    Episode finished. Steps: 173. Success: True
[info] Using default task order for benchmark 'libero_goal_object' (10 tasks).
  libero_goal_object_t4 Episode 24 (Sweep 24)...
    Episode finished. Steps: 81. Success: True
[info] Using default task order for benchmark 'libero_goal_object' (10 tasks).
  libero_goal_object_t5 Episode 24 (Sweep 24)...
    Episode finished. Steps: 135. Success: True
[info] Using default task order for benchmark 'libero_goal_object' (10 tasks).
  libero_goal_object_t6 Episode 24 (Sweep 24)...
    Episode finished. Steps: 93. Success: True
[info] Using default task order for benchmark 'libero_goal_object' (10 tasks).
  libero_goal_object_t7 Episode 24 (Sweep 24)...
    Episode finished. Steps: 75. Success: True
[info] Using default task order for benchmark 'libero_goal_object' (10 tasks).
  libero_goal_object_t8 Episode 24 (Sweep 24)...
    Episode finished. Steps: 74. Success: True
[info] Using default task order for benchmark 'libero_goal_object' (10 tasks).
  libero_goal_object_t9 Episode 24 (Sweep 24)...
    Episode finished. Steps: 154. Success: True

--- Starting Sweep 25 ---
[info] Using default task order for benchmark 'libero_spatial_object' (10 tasks).
  libero_spatial_object_t0 Episode 25 (Sweep 25)...
    Episode finished. Steps: 72. Success: True
[info] Using default task order for benchmark 'libero_spatial_object' (10 tasks).
  libero_spatial_object_t1 Episode 25 (Sweep 25)...
    Episode finished. Steps: 106. Success: True
[info] Using default task order for benchmark 'libero_spatial_object' (10 tasks).
  libero_spatial_object_t2 Episode 25 (Sweep 25)...
    Episode finished. Steps: 94. Success: True
[info] Using default task order for benchmark 'libero_spatial_object' (10 tasks).
  libero_spatial_object_t3 Episode 25 (Sweep 25)...
    Episode finished. Steps: 80. Success: True
[info] Using default task order for benchmark 'libero_spatial_object' (10 tasks).
  libero_spatial_object_t4 Episode 25 (Sweep 25)...
    Episode finished. Steps: 124. Success: True
[info] Using default task order for benchmark 'libero_spatial_object' (10 tasks).
  libero_spatial_object_t5 Episode 25 (Sweep 25)...
    Episode finished. Steps: 300. Success: False
[info] Using default task order for benchmark 'libero_spatial_object' (10 tasks).
  libero_spatial_object_t6 Episode 25 (Sweep 25)...
    Episode finished. Steps: 109. Success: True
[info] Using default task order for benchmark 'libero_spatial_object' (10 tasks).
  libero_spatial_object_t7 Episode 25 (Sweep 25)...
    Episode finished. Steps: 132. Success: True
[info] Using default task order for benchmark 'libero_spatial_object' (10 tasks).
  libero_spatial_object_t8 Episode 25 (Sweep 25)...
    Episode finished. Steps: 91. Success: True
[info] Using default task order for benchmark 'libero_spatial_object' (10 tasks).
  libero_spatial_object_t9 Episode 25 (Sweep 25)...
    Episode finished. Steps: 117. Success: True
[info] Using default task order for benchmark 'libero_object_object' (10 tasks).
  libero_object_object_t0 Episode 25 (Sweep 25)...
    Episode finished. Steps: 144. Success: True
[info] Using default task order for benchmark 'libero_object_object' (10 tasks).
  libero_object_object_t1 Episode 25 (Sweep 25)...
    Episode finished. Steps: 300. Success: False
[info] Using default task order for benchmark 'libero_object_object' (10 tasks).
  libero_object_object_t2 Episode 25 (Sweep 25)...
    Episode finished. Steps: 168. Success: True
[info] Using default task order for benchmark 'libero_object_object' (10 tasks).
  libero_object_object_t3 Episode 25 (Sweep 25)...
    Episode finished. Steps: 140. Success: True
[info] Using default task order for benchmark 'libero_object_object' (10 tasks).
  libero_object_object_t4 Episode 25 (Sweep 25)...
    Episode finished. Steps: 143. Success: True
[info] Using default task order for benchmark 'libero_object_object' (10 tasks).
  libero_object_object_t5 Episode 25 (Sweep 25)...
    Episode finished. Steps: 143. Success: True
[info] Using default task order for benchmark 'libero_object_object' (10 tasks).
  libero_object_object_t6 Episode 25 (Sweep 25)...
    Episode finished. Steps: 162. Success: True
[info] Using default task order for benchmark 'libero_object_object' (10 tasks).
  libero_object_object_t7 Episode 25 (Sweep 25)...
    Episode finished. Steps: 129. Success: True
[info] Using default task order for benchmark 'libero_object_object' (10 tasks).
  libero_object_object_t8 Episode 25 (Sweep 25)...
    Episode finished. Steps: 140. Success: True
[info] Using default task order for benchmark 'libero_object_object' (10 tasks).
  libero_object_object_t9 Episode 25 (Sweep 25)...
    Episode finished. Steps: 119. Success: True
[info] Using default task order for benchmark 'libero_goal_object' (10 tasks).
  libero_goal_object_t0 Episode 25 (Sweep 25)...
    Episode finished. Steps: 113. Success: True
[info] Using default task order for benchmark 'libero_goal_object' (10 tasks).
  libero_goal_object_t1 Episode 25 (Sweep 25)...
    Episode finished. Steps: 300. Success: False
[info] Using default task order for benchmark 'libero_goal_object' (10 tasks).
  libero_goal_object_t2 Episode 25 (Sweep 25)...
    Episode finished. Steps: 90. Success: True
[info] Using default task order for benchmark 'libero_goal_object' (10 tasks).
  libero_goal_object_t3 Episode 25 (Sweep 25)...
    Episode finished. Steps: 300. Success: False
[info] Using default task order for benchmark 'libero_goal_object' (10 tasks).
  libero_goal_object_t4 Episode 25 (Sweep 25)...
    Episode finished. Steps: 90. Success: True
[info] Using default task order for benchmark 'libero_goal_object' (10 tasks).
  libero_goal_object_t5 Episode 25 (Sweep 25)...
    Episode finished. Steps: 131. Success: True
[info] Using default task order for benchmark 'libero_goal_object' (10 tasks).
  libero_goal_object_t6 Episode 25 (Sweep 25)...
    Episode finished. Steps: 92. Success: True
[info] Using default task order for benchmark 'libero_goal_object' (10 tasks).
  libero_goal_object_t7 Episode 25 (Sweep 25)...
    Episode finished. Steps: 79. Success: True
[info] Using default task order for benchmark 'libero_goal_object' (10 tasks).
  libero_goal_object_t8 Episode 25 (Sweep 25)...
    Episode finished. Steps: 74. Success: True
[info] Using default task order for benchmark 'libero_goal_object' (10 tasks).
  libero_goal_object_t9 Episode 25 (Sweep 25)...
    Episode finished. Steps: 181. Success: True

--- Starting Sweep 26 ---
[info] Using default task order for benchmark 'libero_spatial_object' (10 tasks).
  libero_spatial_object_t0 Episode 26 (Sweep 26)...
    Episode finished. Steps: 79. Success: True
[info] Using default task order for benchmark 'libero_spatial_object' (10 tasks).
  libero_spatial_object_t1 Episode 26 (Sweep 26)...
    Episode finished. Steps: 114. Success: True
[info] Using default task order for benchmark 'libero_spatial_object' (10 tasks).
  libero_spatial_object_t2 Episode 26 (Sweep 26)...
    Episode finished. Steps: 94. Success: True
[info] Using default task order for benchmark 'libero_spatial_object' (10 tasks).
  libero_spatial_object_t3 Episode 26 (Sweep 26)...
    Episode finished. Steps: 78. Success: True
[info] Using default task order for benchmark 'libero_spatial_object' (10 tasks).
  libero_spatial_object_t4 Episode 26 (Sweep 26)...
    Episode finished. Steps: 125. Success: True
[info] Using default task order for benchmark 'libero_spatial_object' (10 tasks).
  libero_spatial_object_t5 Episode 26 (Sweep 26)...
    Episode finished. Steps: 300. Success: False
[info] Using default task order for benchmark 'libero_spatial_object' (10 tasks).
  libero_spatial_object_t6 Episode 26 (Sweep 26)...
    Episode finished. Steps: 103. Success: True
[info] Using default task order for benchmark 'libero_spatial_object' (10 tasks).
  libero_spatial_object_t7 Episode 26 (Sweep 26)...
    Episode finished. Steps: 139. Success: True
[info] Using default task order for benchmark 'libero_spatial_object' (10 tasks).
  libero_spatial_object_t8 Episode 26 (Sweep 26)...
    Episode finished. Steps: 86. Success: True
[info] Using default task order for benchmark 'libero_spatial_object' (10 tasks).
  libero_spatial_object_t9 Episode 26 (Sweep 26)...
    Episode finished. Steps: 111. Success: True
[info] Using default task order for benchmark 'libero_object_object' (10 tasks).
  libero_object_object_t0 Episode 26 (Sweep 26)...
    Episode finished. Steps: 300. Success: False
[info] Using default task order for benchmark 'libero_object_object' (10 tasks).
  libero_object_object_t1 Episode 26 (Sweep 26)...
    Episode finished. Steps: 175. Success: True
[info] Using default task order for benchmark 'libero_object_object' (10 tasks).
  libero_object_object_t2 Episode 26 (Sweep 26)...
    Episode finished. Steps: 170. Success: True
[info] Using default task order for benchmark 'libero_object_object' (10 tasks).
  libero_object_object_t3 Episode 26 (Sweep 26)...
    Episode finished. Steps: 159. Success: True
[info] Using default task order for benchmark 'libero_object_object' (10 tasks).
  libero_object_object_t4 Episode 26 (Sweep 26)...
    Episode finished. Steps: 144. Success: True
[info] Using default task order for benchmark 'libero_object_object' (10 tasks).
  libero_object_object_t5 Episode 26 (Sweep 26)...
    Episode finished. Steps: 134. Success: True
[info] Using default task order for benchmark 'libero_object_object' (10 tasks).
  libero_object_object_t6 Episode 26 (Sweep 26)...
    Episode finished. Steps: 159. Success: True
[info] Using default task order for benchmark 'libero_object_object' (10 tasks).
  libero_object_object_t7 Episode 26 (Sweep 26)...
    Episode finished. Steps: 141. Success: True
[info] Using default task order for benchmark 'libero_object_object' (10 tasks).
  libero_object_object_t8 Episode 26 (Sweep 26)...
    Episode finished. Steps: 200. Success: True
[info] Using default task order for benchmark 'libero_object_object' (10 tasks).
  libero_object_object_t9 Episode 26 (Sweep 26)...
    Episode finished. Steps: 119. Success: True
[info] Using default task order for benchmark 'libero_goal_object' (10 tasks).
  libero_goal_object_t0 Episode 26 (Sweep 26)...
    Episode finished. Steps: 117. Success: True
[info] Using default task order for benchmark 'libero_goal_object' (10 tasks).
  libero_goal_object_t1 Episode 26 (Sweep 26)...
    Episode finished. Steps: 84. Success: True
[info] Using default task order for benchmark 'libero_goal_object' (10 tasks).
  libero_goal_object_t2 Episode 26 (Sweep 26)...
    Episode finished. Steps: 90. Success: True
[info] Using default task order for benchmark 'libero_goal_object' (10 tasks).
  libero_goal_object_t3 Episode 26 (Sweep 26)...
    Episode finished. Steps: 185. Success: True
[info] Using default task order for benchmark 'libero_goal_object' (10 tasks).
  libero_goal_object_t4 Episode 26 (Sweep 26)...
    Episode finished. Steps: 87. Success: True
[info] Using default task order for benchmark 'libero_goal_object' (10 tasks).
  libero_goal_object_t5 Episode 26 (Sweep 26)...
    Episode finished. Steps: 136. Success: True
[info] Using default task order for benchmark 'libero_goal_object' (10 tasks).
  libero_goal_object_t6 Episode 26 (Sweep 26)...
    Episode finished. Steps: 101. Success: True
[info] Using default task order for benchmark 'libero_goal_object' (10 tasks).
  libero_goal_object_t7 Episode 26 (Sweep 26)...
    Episode finished. Steps: 73. Success: True
[info] Using default task order for benchmark 'libero_goal_object' (10 tasks).
  libero_goal_object_t8 Episode 26 (Sweep 26)...
    Episode finished. Steps: 77. Success: True
[info] Using default task order for benchmark 'libero_goal_object' (10 tasks).
  libero_goal_object_t9 Episode 26 (Sweep 26)...
    Episode finished. Steps: 139. Success: True

--- Starting Sweep 27 ---
[info] Using default task order for benchmark 'libero_spatial_object' (10 tasks).
  libero_spatial_object_t0 Episode 27 (Sweep 27)...
    Episode finished. Steps: 81. Success: True
[info] Using default task order for benchmark 'libero_spatial_object' (10 tasks).
  libero_spatial_object_t1 Episode 27 (Sweep 27)...
    Episode finished. Steps: 111. Success: True
[info] Using default task order for benchmark 'libero_spatial_object' (10 tasks).
  libero_spatial_object_t2 Episode 27 (Sweep 27)...
    Episode finished. Steps: 93. Success: True
[info] Using default task order for benchmark 'libero_spatial_object' (10 tasks).
  libero_spatial_object_t3 Episode 27 (Sweep 27)...
    Episode finished. Steps: 81. Success: True
[info] Using default task order for benchmark 'libero_spatial_object' (10 tasks).
  libero_spatial_object_t4 Episode 27 (Sweep 27)...
    Episode finished. Steps: 300. Success: False
[info] Using default task order for benchmark 'libero_spatial_object' (10 tasks).
  libero_spatial_object_t5 Episode 27 (Sweep 27)...
    Episode finished. Steps: 300. Success: False
[info] Using default task order for benchmark 'libero_spatial_object' (10 tasks).
  libero_spatial_object_t6 Episode 27 (Sweep 27)...
    Episode finished. Steps: 101. Success: True
[info] Using default task order for benchmark 'libero_spatial_object' (10 tasks).
  libero_spatial_object_t7 Episode 27 (Sweep 27)...
    Episode finished. Steps: 138. Success: True
[info] Using default task order for benchmark 'libero_spatial_object' (10 tasks).
  libero_spatial_object_t8 Episode 27 (Sweep 27)...
    Episode finished. Steps: 85. Success: True
[info] Using default task order for benchmark 'libero_spatial_object' (10 tasks).
  libero_spatial_object_t9 Episode 27 (Sweep 27)...
    Episode finished. Steps: 117. Success: True
[info] Using default task order for benchmark 'libero_object_object' (10 tasks).
  libero_object_object_t0 Episode 27 (Sweep 27)...
    Episode finished. Steps: 300. Success: False
[info] Using default task order for benchmark 'libero_object_object' (10 tasks).
  libero_object_object_t1 Episode 27 (Sweep 27)...
    Episode finished. Steps: 243. Success: True
[info] Using default task order for benchmark 'libero_object_object' (10 tasks).
  libero_object_object_t2 Episode 27 (Sweep 27)...
    Episode finished. Steps: 165. Success: True
[info] Using default task order for benchmark 'libero_object_object' (10 tasks).
  libero_object_object_t3 Episode 27 (Sweep 27)...
    Episode finished. Steps: 135. Success: True
[info] Using default task order for benchmark 'libero_object_object' (10 tasks).
  libero_object_object_t4 Episode 27 (Sweep 27)...
    Episode finished. Steps: 154. Success: True
[info] Using default task order for benchmark 'libero_object_object' (10 tasks).
  libero_object_object_t5 Episode 27 (Sweep 27)...
    Episode finished. Steps: 133. Success: True
[info] Using default task order for benchmark 'libero_object_object' (10 tasks).
  libero_object_object_t6 Episode 27 (Sweep 27)...
    Episode finished. Steps: 289. Success: True
[info] Using default task order for benchmark 'libero_object_object' (10 tasks).
  libero_object_object_t7 Episode 27 (Sweep 27)...
    Episode finished. Steps: 129. Success: True
[info] Using default task order for benchmark 'libero_object_object' (10 tasks).
  libero_object_object_t8 Episode 27 (Sweep 27)...
    Episode finished. Steps: 143. Success: True
[info] Using default task order for benchmark 'libero_object_object' (10 tasks).
  libero_object_object_t9 Episode 27 (Sweep 27)...
    Episode finished. Steps: 121. Success: True
[info] Using default task order for benchmark 'libero_goal_object' (10 tasks).
  libero_goal_object_t0 Episode 27 (Sweep 27)...
    Episode finished. Steps: 300. Success: False
[info] Using default task order for benchmark 'libero_goal_object' (10 tasks).
  libero_goal_object_t1 Episode 27 (Sweep 27)...
    Episode finished. Steps: 87. Success: True
[info] Using default task order for benchmark 'libero_goal_object' (10 tasks).
  libero_goal_object_t2 Episode 27 (Sweep 27)...
    Episode finished. Steps: 94. Success: True
[info] Using default task order for benchmark 'libero_goal_object' (10 tasks).
  libero_goal_object_t3 Episode 27 (Sweep 27)...
    Episode finished. Steps: 177. Success: True
[info] Using default task order for benchmark 'libero_goal_object' (10 tasks).
  libero_goal_object_t4 Episode 27 (Sweep 27)...
    Episode finished. Steps: 84. Success: True
[info] Using default task order for benchmark 'libero_goal_object' (10 tasks).
  libero_goal_object_t5 Episode 27 (Sweep 27)...
    Episode finished. Steps: 115. Success: True
[info] Using default task order for benchmark 'libero_goal_object' (10 tasks).
  libero_goal_object_t6 Episode 27 (Sweep 27)...
    Episode finished. Steps: 95. Success: True
[info] Using default task order for benchmark 'libero_goal_object' (10 tasks).
  libero_goal_object_t7 Episode 27 (Sweep 27)...
    Episode finished. Steps: 68. Success: True
[info] Using default task order for benchmark 'libero_goal_object' (10 tasks).
  libero_goal_object_t8 Episode 27 (Sweep 27)...
    Episode finished. Steps: 83. Success: True
[info] Using default task order for benchmark 'libero_goal_object' (10 tasks).
  libero_goal_object_t9 Episode 27 (Sweep 27)...
    Episode finished. Steps: 135. Success: True

--- Starting Sweep 28 ---
[info] Using default task order for benchmark 'libero_spatial_object' (10 tasks).
  libero_spatial_object_t0 Episode 28 (Sweep 28)...
    Episode finished. Steps: 71. Success: True
[info] Using default task order for benchmark 'libero_spatial_object' (10 tasks).
  libero_spatial_object_t1 Episode 28 (Sweep 28)...
    Episode finished. Steps: 114. Success: True
[info] Using default task order for benchmark 'libero_spatial_object' (10 tasks).
  libero_spatial_object_t2 Episode 28 (Sweep 28)...
    Episode finished. Steps: 97. Success: True
[info] Using default task order for benchmark 'libero_spatial_object' (10 tasks).
  libero_spatial_object_t3 Episode 28 (Sweep 28)...
    Episode finished. Steps: 83. Success: True
[info] Using default task order for benchmark 'libero_spatial_object' (10 tasks).
  libero_spatial_object_t4 Episode 28 (Sweep 28)...
    Episode finished. Steps: 134. Success: True
[info] Using default task order for benchmark 'libero_spatial_object' (10 tasks).
  libero_spatial_object_t5 Episode 28 (Sweep 28)...
    Episode finished. Steps: 300. Success: False
[info] Using default task order for benchmark 'libero_spatial_object' (10 tasks).
  libero_spatial_object_t6 Episode 28 (Sweep 28)...
    Episode finished. Steps: 102. Success: True
[info] Using default task order for benchmark 'libero_spatial_object' (10 tasks).
  libero_spatial_object_t7 Episode 28 (Sweep 28)...
    Episode finished. Steps: 153. Success: True
[info] Using default task order for benchmark 'libero_spatial_object' (10 tasks).
  libero_spatial_object_t8 Episode 28 (Sweep 28)...
    Episode finished. Steps: 88. Success: True
[info] Using default task order for benchmark 'libero_spatial_object' (10 tasks).
  libero_spatial_object_t9 Episode 28 (Sweep 28)...
    Episode finished. Steps: 124. Success: True
[info] Using default task order for benchmark 'libero_object_object' (10 tasks).
  libero_object_object_t0 Episode 28 (Sweep 28)...
    Episode finished. Steps: 300. Success: False
[info] Using default task order for benchmark 'libero_object_object' (10 tasks).
  libero_object_object_t1 Episode 28 (Sweep 28)...
    Episode finished. Steps: 275. Success: True
[info] Using default task order for benchmark 'libero_object_object' (10 tasks).
  libero_object_object_t2 Episode 28 (Sweep 28)...
    Episode finished. Steps: 116. Success: True
[info] Using default task order for benchmark 'libero_object_object' (10 tasks).
  libero_object_object_t3 Episode 28 (Sweep 28)...
    Episode finished. Steps: 181. Success: True
[info] Using default task order for benchmark 'libero_object_object' (10 tasks).
  libero_object_object_t4 Episode 28 (Sweep 28)...
    Episode finished. Steps: 152. Success: True
[info] Using default task order for benchmark 'libero_object_object' (10 tasks).
  libero_object_object_t5 Episode 28 (Sweep 28)...
    Episode finished. Steps: 130. Success: True
[info] Using default task order for benchmark 'libero_object_object' (10 tasks).
  libero_object_object_t6 Episode 28 (Sweep 28)...
    Episode finished. Steps: 176. Success: True
[info] Using default task order for benchmark 'libero_object_object' (10 tasks).
  libero_object_object_t7 Episode 28 (Sweep 28)...
    Episode finished. Steps: 129. Success: True
[info] Using default task order for benchmark 'libero_object_object' (10 tasks).
  libero_object_object_t8 Episode 28 (Sweep 28)...
    Episode finished. Steps: 170. Success: True
[info] Using default task order for benchmark 'libero_object_object' (10 tasks).
  libero_object_object_t9 Episode 28 (Sweep 28)...
    Episode finished. Steps: 117. Success: True
[info] Using default task order for benchmark 'libero_goal_object' (10 tasks).
  libero_goal_object_t0 Episode 28 (Sweep 28)...
    Episode finished. Steps: 283. Success: True
[info] Using default task order for benchmark 'libero_goal_object' (10 tasks).
  libero_goal_object_t1 Episode 28 (Sweep 28)...
    Episode finished. Steps: 89. Success: True
[info] Using default task order for benchmark 'libero_goal_object' (10 tasks).
  libero_goal_object_t2 Episode 28 (Sweep 28)...
    Episode finished. Steps: 123. Success: True
[info] Using default task order for benchmark 'libero_goal_object' (10 tasks).
  libero_goal_object_t3 Episode 28 (Sweep 28)...
    Episode finished. Steps: 174. Success: True
[info] Using default task order for benchmark 'libero_goal_object' (10 tasks).
  libero_goal_object_t4 Episode 28 (Sweep 28)...
    Episode finished. Steps: 92. Success: True
[info] Using default task order for benchmark 'libero_goal_object' (10 tasks).
  libero_goal_object_t5 Episode 28 (Sweep 28)...
    Episode finished. Steps: 136. Success: True
[info] Using default task order for benchmark 'libero_goal_object' (10 tasks).
  libero_goal_object_t6 Episode 28 (Sweep 28)...
    Episode finished. Steps: 88. Success: True
[info] Using default task order for benchmark 'libero_goal_object' (10 tasks).
  libero_goal_object_t7 Episode 28 (Sweep 28)...
    Episode finished. Steps: 70. Success: True
[info] Using default task order for benchmark 'libero_goal_object' (10 tasks).
  libero_goal_object_t8 Episode 28 (Sweep 28)...
    Episode finished. Steps: 78. Success: True
[info] Using default task order for benchmark 'libero_goal_object' (10 tasks).
  libero_goal_object_t9 Episode 28 (Sweep 28)...
    Episode finished. Steps: 144. Success: True

--- Starting Sweep 29 ---
[info] Using default task order for benchmark 'libero_spatial_object' (10 tasks).
  libero_spatial_object_t0 Episode 29 (Sweep 29)...
    Episode finished. Steps: 76. Success: True
[info] Using default task order for benchmark 'libero_spatial_object' (10 tasks).
  libero_spatial_object_t1 Episode 29 (Sweep 29)...
    Episode finished. Steps: 153. Success: True
[info] Using default task order for benchmark 'libero_spatial_object' (10 tasks).
  libero_spatial_object_t2 Episode 29 (Sweep 29)...
    Episode finished. Steps: 88. Success: True
[info] Using default task order for benchmark 'libero_spatial_object' (10 tasks).
  libero_spatial_object_t3 Episode 29 (Sweep 29)...
    Episode finished. Steps: 81. Success: True
[info] Using default task order for benchmark 'libero_spatial_object' (10 tasks).
  libero_spatial_object_t4 Episode 29 (Sweep 29)...
    Episode finished. Steps: 129. Success: True
[info] Using default task order for benchmark 'libero_spatial_object' (10 tasks).
  libero_spatial_object_t5 Episode 29 (Sweep 29)...
    Episode finished. Steps: 300. Success: False
[info] Using default task order for benchmark 'libero_spatial_object' (10 tasks).
  libero_spatial_object_t6 Episode 29 (Sweep 29)...
    Episode finished. Steps: 103. Success: True
[info] Using default task order for benchmark 'libero_spatial_object' (10 tasks).
  libero_spatial_object_t7 Episode 29 (Sweep 29)...
    Episode finished. Steps: 135. Success: True
[info] Using default task order for benchmark 'libero_spatial_object' (10 tasks).
  libero_spatial_object_t8 Episode 29 (Sweep 29)...
    Episode finished. Steps: 96. Success: True
[info] Using default task order for benchmark 'libero_spatial_object' (10 tasks).
  libero_spatial_object_t9 Episode 29 (Sweep 29)...
    Episode finished. Steps: 120. Success: True
[info] Using default task order for benchmark 'libero_object_object' (10 tasks).
  libero_object_object_t0 Episode 29 (Sweep 29)...
    Episode finished. Steps: 300. Success: False
[info] Using default task order for benchmark 'libero_object_object' (10 tasks).
  libero_object_object_t1 Episode 29 (Sweep 29)...
    Episode finished. Steps: 175. Success: True
[info] Using default task order for benchmark 'libero_object_object' (10 tasks).
  libero_object_object_t2 Episode 29 (Sweep 29)...
    Episode finished. Steps: 173. Success: True
[info] Using default task order for benchmark 'libero_object_object' (10 tasks).
  libero_object_object_t3 Episode 29 (Sweep 29)...
    Episode finished. Steps: 146. Success: True
[info] Using default task order for benchmark 'libero_object_object' (10 tasks).
  libero_object_object_t4 Episode 29 (Sweep 29)...
    Episode finished. Steps: 152. Success: True
[info] Using default task order for benchmark 'libero_object_object' (10 tasks).
  libero_object_object_t5 Episode 29 (Sweep 29)...
    Episode finished. Steps: 121. Success: True
[info] Using default task order for benchmark 'libero_object_object' (10 tasks).
  libero_object_object_t6 Episode 29 (Sweep 29)...
    Episode finished. Steps: 162. Success: True
[info] Using default task order for benchmark 'libero_object_object' (10 tasks).
  libero_object_object_t7 Episode 29 (Sweep 29)...
    Episode finished. Steps: 125. Success: True
[info] Using default task order for benchmark 'libero_object_object' (10 tasks).
  libero_object_object_t8 Episode 29 (Sweep 29)...
    Episode finished. Steps: 169. Success: True
[info] Using default task order for benchmark 'libero_object_object' (10 tasks).
  libero_object_object_t9 Episode 29 (Sweep 29)...
    Episode finished. Steps: 118. Success: True
[info] Using default task order for benchmark 'libero_goal_object' (10 tasks).
  libero_goal_object_t0 Episode 29 (Sweep 29)...
    Episode finished. Steps: 300. Success: False
[info] Using default task order for benchmark 'libero_goal_object' (10 tasks).
  libero_goal_object_t1 Episode 29 (Sweep 29)...
    Episode finished. Steps: 85. Success: True
[info] Using default task order for benchmark 'libero_goal_object' (10 tasks).
  libero_goal_object_t2 Episode 29 (Sweep 29)...
    Episode finished. Steps: 81. Success: True
[info] Using default task order for benchmark 'libero_goal_object' (10 tasks).
  libero_goal_object_t3 Episode 29 (Sweep 29)...
    Episode finished. Steps: 186. Success: True
[info] Using default task order for benchmark 'libero_goal_object' (10 tasks).
  libero_goal_object_t4 Episode 29 (Sweep 29)...
    Episode finished. Steps: 91. Success: True
[info] Using default task order for benchmark 'libero_goal_object' (10 tasks).
  libero_goal_object_t5 Episode 29 (Sweep 29)...
    Episode finished. Steps: 142. Success: True
[info] Using default task order for benchmark 'libero_goal_object' (10 tasks).
  libero_goal_object_t6 Episode 29 (Sweep 29)...
    Episode finished. Steps: 91. Success: True
[info] Using default task order for benchmark 'libero_goal_object' (10 tasks).
  libero_goal_object_t7 Episode 29 (Sweep 29)...
    Episode finished. Steps: 69. Success: True
[info] Using default task order for benchmark 'libero_goal_object' (10 tasks).
  libero_goal_object_t8 Episode 29 (Sweep 29)...
    Episode finished. Steps: 77. Success: True
[info] Using default task order for benchmark 'libero_goal_object' (10 tasks).
  libero_goal_object_t9 Episode 29 (Sweep 29)...
    Episode finished. Steps: 131. Success: True

--- Starting Sweep 30 ---
[info] Using default task order for benchmark 'libero_spatial_object' (10 tasks).
  libero_spatial_object_t0 Episode 30 (Sweep 30)...
    Episode finished. Steps: 74. Success: True
[info] Using default task order for benchmark 'libero_spatial_object' (10 tasks).
  libero_spatial_object_t1 Episode 30 (Sweep 30)...
    Episode finished. Steps: 115. Success: True
[info] Using default task order for benchmark 'libero_spatial_object' (10 tasks).
  libero_spatial_object_t2 Episode 30 (Sweep 30)...
    Episode finished. Steps: 96. Success: True
[info] Using default task order for benchmark 'libero_spatial_object' (10 tasks).
  libero_spatial_object_t3 Episode 30 (Sweep 30)...
    Episode finished. Steps: 92. Success: True
[info] Using default task order for benchmark 'libero_spatial_object' (10 tasks).
  libero_spatial_object_t4 Episode 30 (Sweep 30)...
    Episode finished. Steps: 129. Success: True
[info] Using default task order for benchmark 'libero_spatial_object' (10 tasks).
  libero_spatial_object_t5 Episode 30 (Sweep 30)...
    Episode finished. Steps: 300. Success: False
[info] Using default task order for benchmark 'libero_spatial_object' (10 tasks).
  libero_spatial_object_t6 Episode 30 (Sweep 30)...
    Episode finished. Steps: 106. Success: True
[info] Using default task order for benchmark 'libero_spatial_object' (10 tasks).
  libero_spatial_object_t7 Episode 30 (Sweep 30)...
    Episode finished. Steps: 127. Success: True
[info] Using default task order for benchmark 'libero_spatial_object' (10 tasks).
  libero_spatial_object_t8 Episode 30 (Sweep 30)...
    Episode finished. Steps: 92. Success: True
[info] Using default task order for benchmark 'libero_spatial_object' (10 tasks).
  libero_spatial_object_t9 Episode 30 (Sweep 30)...
    Episode finished. Steps: 112. Success: True
[info] Using default task order for benchmark 'libero_object_object' (10 tasks).
  libero_object_object_t0 Episode 30 (Sweep 30)...
    Episode finished. Steps: 137. Success: True
[info] Using default task order for benchmark 'libero_object_object' (10 tasks).
  libero_object_object_t1 Episode 30 (Sweep 30)...
    Episode finished. Steps: 253. Success: True
[info] Using default task order for benchmark 'libero_object_object' (10 tasks).
  libero_object_object_t2 Episode 30 (Sweep 30)...
    Episode finished. Steps: 161. Success: True
[info] Using default task order for benchmark 'libero_object_object' (10 tasks).
  libero_object_object_t3 Episode 30 (Sweep 30)...
    Episode finished. Steps: 160. Success: True
[info] Using default task order for benchmark 'libero_object_object' (10 tasks).
  libero_object_object_t4 Episode 30 (Sweep 30)...
    Episode finished. Steps: 300. Success: False
[info] Using default task order for benchmark 'libero_object_object' (10 tasks).
  libero_object_object_t5 Episode 30 (Sweep 30)...
    Episode finished. Steps: 125. Success: True
[info] Using default task order for benchmark 'libero_object_object' (10 tasks).
  libero_object_object_t6 Episode 30 (Sweep 30)...
    Episode finished. Steps: 186. Success: True
[info] Using default task order for benchmark 'libero_object_object' (10 tasks).
  libero_object_object_t7 Episode 30 (Sweep 30)...
    Episode finished. Steps: 127. Success: True
[info] Using default task order for benchmark 'libero_object_object' (10 tasks).
  libero_object_object_t8 Episode 30 (Sweep 30)...
    Episode finished. Steps: 144. Success: True
[info] Using default task order for benchmark 'libero_object_object' (10 tasks).
  libero_object_object_t9 Episode 30 (Sweep 30)...
    Episode finished. Steps: 127. Success: True
[info] Using default task order for benchmark 'libero_goal_object' (10 tasks).
  libero_goal_object_t0 Episode 30 (Sweep 30)...
    Episode finished. Steps: 118. Success: True
[info] Using default task order for benchmark 'libero_goal_object' (10 tasks).
  libero_goal_object_t1 Episode 30 (Sweep 30)...
    Episode finished. Steps: 83. Success: True
[info] Using default task order for benchmark 'libero_goal_object' (10 tasks).
  libero_goal_object_t2 Episode 30 (Sweep 30)...
    Episode finished. Steps: 82. Success: True
[info] Using default task order for benchmark 'libero_goal_object' (10 tasks).
  libero_goal_object_t3 Episode 30 (Sweep 30)...
    Episode finished. Steps: 300. Success: False
[info] Using default task order for benchmark 'libero_goal_object' (10 tasks).
  libero_goal_object_t4 Episode 30 (Sweep 30)...
    Episode finished. Steps: 85. Success: True
[info] Using default task order for benchmark 'libero_goal_object' (10 tasks).
  libero_goal_object_t5 Episode 30 (Sweep 30)...
    Episode finished. Steps: 147. Success: True
[info] Using default task order for benchmark 'libero_goal_object' (10 tasks).
  libero_goal_object_t6 Episode 30 (Sweep 30)...
    Episode finished. Steps: 95. Success: True
[info] Using default task order for benchmark 'libero_goal_object' (10 tasks).
  libero_goal_object_t7 Episode 30 (Sweep 30)...
    Episode finished. Steps: 70. Success: True
[info] Using default task order for benchmark 'libero_goal_object' (10 tasks).
  libero_goal_object_t8 Episode 30 (Sweep 30)...
    Episode finished. Steps: 85. Success: True
[info] Using default task order for benchmark 'libero_goal_object' (10 tasks).
  libero_goal_object_t9 Episode 30 (Sweep 30)...
    Episode finished. Steps: 128. Success: True

--- Starting Sweep 31 ---
[info] Using default task order for benchmark 'libero_spatial_object' (10 tasks).
  libero_spatial_object_t0 Episode 31 (Sweep 31)...
    Episode finished. Steps: 74. Success: True
[info] Using default task order for benchmark 'libero_spatial_object' (10 tasks).
  libero_spatial_object_t1 Episode 31 (Sweep 31)...
    Episode finished. Steps: 115. Success: True
[info] Using default task order for benchmark 'libero_spatial_object' (10 tasks).
  libero_spatial_object_t2 Episode 31 (Sweep 31)...
    Episode finished. Steps: 89. Success: True
[info] Using default task order for benchmark 'libero_spatial_object' (10 tasks).
  libero_spatial_object_t3 Episode 31 (Sweep 31)...
    Episode finished. Steps: 76. Success: True
[info] Using default task order for benchmark 'libero_spatial_object' (10 tasks).
  libero_spatial_object_t4 Episode 31 (Sweep 31)...
    Episode finished. Steps: 121. Success: True
[info] Using default task order for benchmark 'libero_spatial_object' (10 tasks).
  libero_spatial_object_t5 Episode 31 (Sweep 31)...
    Episode finished. Steps: 85. Success: True
[info] Using default task order for benchmark 'libero_spatial_object' (10 tasks).
  libero_spatial_object_t6 Episode 31 (Sweep 31)...
    Episode finished. Steps: 98. Success: True
[info] Using default task order for benchmark 'libero_spatial_object' (10 tasks).
  libero_spatial_object_t7 Episode 31 (Sweep 31)...
    Episode finished. Steps: 135. Success: True
[info] Using default task order for benchmark 'libero_spatial_object' (10 tasks).
  libero_spatial_object_t8 Episode 31 (Sweep 31)...
    Episode finished. Steps: 93. Success: True
[info] Using default task order for benchmark 'libero_spatial_object' (10 tasks).
  libero_spatial_object_t9 Episode 31 (Sweep 31)...
    Episode finished. Steps: 104. Success: True
[info] Using default task order for benchmark 'libero_object_object' (10 tasks).
  libero_object_object_t0 Episode 31 (Sweep 31)...
    Episode finished. Steps: 207. Success: True
[info] Using default task order for benchmark 'libero_object_object' (10 tasks).
  libero_object_object_t1 Episode 31 (Sweep 31)...
    Episode finished. Steps: 221. Success: True
[info] Using default task order for benchmark 'libero_object_object' (10 tasks).
  libero_object_object_t2 Episode 31 (Sweep 31)...
    Episode finished. Steps: 117. Success: True
[info] Using default task order for benchmark 'libero_object_object' (10 tasks).
  libero_object_object_t3 Episode 31 (Sweep 31)...
    Episode finished. Steps: 150. Success: True
[info] Using default task order for benchmark 'libero_object_object' (10 tasks).
  libero_object_object_t4 Episode 31 (Sweep 31)...
    Episode finished. Steps: 142. Success: True
[info] Using default task order for benchmark 'libero_object_object' (10 tasks).
  libero_object_object_t5 Episode 31 (Sweep 31)...
    Episode finished. Steps: 126. Success: True
[info] Using default task order for benchmark 'libero_object_object' (10 tasks).
  libero_object_object_t6 Episode 31 (Sweep 31)...
    Episode finished. Steps: 150. Success: True
[info] Using default task order for benchmark 'libero_object_object' (10 tasks).
  libero_object_object_t7 Episode 31 (Sweep 31)...
    Episode finished. Steps: 183. Success: True
[info] Using default task order for benchmark 'libero_object_object' (10 tasks).
  libero_object_object_t8 Episode 31 (Sweep 31)...
    Episode finished. Steps: 144. Success: True
[info] Using default task order for benchmark 'libero_object_object' (10 tasks).
  libero_object_object_t9 Episode 31 (Sweep 31)...
    Episode finished. Steps: 114. Success: True
[info] Using default task order for benchmark 'libero_goal_object' (10 tasks).
  libero_goal_object_t0 Episode 31 (Sweep 31)...
    Episode finished. Steps: 144. Success: True
[info] Using default task order for benchmark 'libero_goal_object' (10 tasks).
  libero_goal_object_t1 Episode 31 (Sweep 31)...
    Episode finished. Steps: 82. Success: True
[info] Using default task order for benchmark 'libero_goal_object' (10 tasks).
  libero_goal_object_t2 Episode 31 (Sweep 31)...
    Episode finished. Steps: 300. Success: False
[info] Using default task order for benchmark 'libero_goal_object' (10 tasks).
  libero_goal_object_t3 Episode 31 (Sweep 31)...
    Episode finished. Steps: 173. Success: True
[info] Using default task order for benchmark 'libero_goal_object' (10 tasks).
  libero_goal_object_t4 Episode 31 (Sweep 31)...
    Episode finished. Steps: 83. Success: True
[info] Using default task order for benchmark 'libero_goal_object' (10 tasks).
  libero_goal_object_t5 Episode 31 (Sweep 31)...
    Episode finished. Steps: 122. Success: True
[info] Using default task order for benchmark 'libero_goal_object' (10 tasks).
  libero_goal_object_t6 Episode 31 (Sweep 31)...
    Episode finished. Steps: 91. Success: True
[info] Using default task order for benchmark 'libero_goal_object' (10 tasks).
  libero_goal_object_t7 Episode 31 (Sweep 31)...
    Episode finished. Steps: 70. Success: True
[info] Using default task order for benchmark 'libero_goal_object' (10 tasks).
  libero_goal_object_t8 Episode 31 (Sweep 31)...
    Episode finished. Steps: 79. Success: True
[info] Using default task order for benchmark 'libero_goal_object' (10 tasks).
  libero_goal_object_t9 Episode 31 (Sweep 31)...
    Episode finished. Steps: 121. Success: True

--- Starting Sweep 32 ---
[info] Using default task order for benchmark 'libero_spatial_object' (10 tasks).
  libero_spatial_object_t0 Episode 32 (Sweep 32)...
    Episode finished. Steps: 77. Success: True
[info] Using default task order for benchmark 'libero_spatial_object' (10 tasks).
  libero_spatial_object_t1 Episode 32 (Sweep 32)...
    Episode finished. Steps: 165. Success: True
[info] Using default task order for benchmark 'libero_spatial_object' (10 tasks).
  libero_spatial_object_t2 Episode 32 (Sweep 32)...
    Episode finished. Steps: 91. Success: True
[info] Using default task order for benchmark 'libero_spatial_object' (10 tasks).
  libero_spatial_object_t3 Episode 32 (Sweep 32)...
    Episode finished. Steps: 81. Success: True
[info] Using default task order for benchmark 'libero_spatial_object' (10 tasks).
  libero_spatial_object_t4 Episode 32 (Sweep 32)...
    Episode finished. Steps: 128. Success: True
[info] Using default task order for benchmark 'libero_spatial_object' (10 tasks).
  libero_spatial_object_t5 Episode 32 (Sweep 32)...
    Episode finished. Steps: 300. Success: False
[info] Using default task order for benchmark 'libero_spatial_object' (10 tasks).
  libero_spatial_object_t6 Episode 32 (Sweep 32)...
    Episode finished. Steps: 102. Success: True
[info] Using default task order for benchmark 'libero_spatial_object' (10 tasks).
  libero_spatial_object_t7 Episode 32 (Sweep 32)...
    Episode finished. Steps: 182. Success: True
[info] Using default task order for benchmark 'libero_spatial_object' (10 tasks).
  libero_spatial_object_t8 Episode 32 (Sweep 32)...
    Episode finished. Steps: 88. Success: True
[info] Using default task order for benchmark 'libero_spatial_object' (10 tasks).
  libero_spatial_object_t9 Episode 32 (Sweep 32)...
    Episode finished. Steps: 109. Success: True
[info] Using default task order for benchmark 'libero_object_object' (10 tasks).
  libero_object_object_t0 Episode 32 (Sweep 32)...
    Episode finished. Steps: 138. Success: True
[info] Using default task order for benchmark 'libero_object_object' (10 tasks).
  libero_object_object_t1 Episode 32 (Sweep 32)...
    Episode finished. Steps: 277. Success: True
[info] Using default task order for benchmark 'libero_object_object' (10 tasks).
  libero_object_object_t2 Episode 32 (Sweep 32)...
    Episode finished. Steps: 116. Success: True
[info] Using default task order for benchmark 'libero_object_object' (10 tasks).
  libero_object_object_t3 Episode 32 (Sweep 32)...
    Episode finished. Steps: 135. Success: True
[info] Using default task order for benchmark 'libero_object_object' (10 tasks).
  libero_object_object_t4 Episode 32 (Sweep 32)...
    Episode finished. Steps: 160. Success: True
[info] Using default task order for benchmark 'libero_object_object' (10 tasks).
  libero_object_object_t5 Episode 32 (Sweep 32)...
    Episode finished. Steps: 121. Success: True
[info] Using default task order for benchmark 'libero_object_object' (10 tasks).
  libero_object_object_t6 Episode 32 (Sweep 32)...
    Episode finished. Steps: 217. Success: True
[info] Using default task order for benchmark 'libero_object_object' (10 tasks).
  libero_object_object_t7 Episode 32 (Sweep 32)...
    Episode finished. Steps: 127. Success: True
[info] Using default task order for benchmark 'libero_object_object' (10 tasks).
  libero_object_object_t8 Episode 32 (Sweep 32)...
    Episode finished. Steps: 159. Success: True
[info] Using default task order for benchmark 'libero_object_object' (10 tasks).
  libero_object_object_t9 Episode 32 (Sweep 32)...
    Episode finished. Steps: 121. Success: True
[info] Using default task order for benchmark 'libero_goal_object' (10 tasks).
  libero_goal_object_t0 Episode 32 (Sweep 32)...
    Episode finished. Steps: 300. Success: False
[info] Using default task order for benchmark 'libero_goal_object' (10 tasks).
  libero_goal_object_t1 Episode 32 (Sweep 32)...
    Episode finished. Steps: 300. Success: False
[info] Using default task order for benchmark 'libero_goal_object' (10 tasks).
  libero_goal_object_t2 Episode 32 (Sweep 32)...
    Episode finished. Steps: 287. Success: True
[info] Using default task order for benchmark 'libero_goal_object' (10 tasks).
  libero_goal_object_t3 Episode 32 (Sweep 32)...
    Episode finished. Steps: 187. Success: True
[info] Using default task order for benchmark 'libero_goal_object' (10 tasks).
  libero_goal_object_t4 Episode 32 (Sweep 32)...
    Episode finished. Steps: 86. Success: True
[info] Using default task order for benchmark 'libero_goal_object' (10 tasks).
  libero_goal_object_t5 Episode 32 (Sweep 32)...
    Episode finished. Steps: 147. Success: True
[info] Using default task order for benchmark 'libero_goal_object' (10 tasks).
  libero_goal_object_t6 Episode 32 (Sweep 32)...
    Episode finished. Steps: 87. Success: True
[info] Using default task order for benchmark 'libero_goal_object' (10 tasks).
  libero_goal_object_t7 Episode 32 (Sweep 32)...
    Episode finished. Steps: 73. Success: True
[info] Using default task order for benchmark 'libero_goal_object' (10 tasks).
  libero_goal_object_t8 Episode 32 (Sweep 32)...
    Episode finished. Steps: 77. Success: True
[info] Using default task order for benchmark 'libero_goal_object' (10 tasks).
  libero_goal_object_t9 Episode 32 (Sweep 32)...
    Episode finished. Steps: 153. Success: True

--- Starting Sweep 33 ---
[info] Using default task order for benchmark 'libero_spatial_object' (10 tasks).
  libero_spatial_object_t0 Episode 33 (Sweep 33)...
    Episode finished. Steps: 73. Success: True
[info] Using default task order for benchmark 'libero_spatial_object' (10 tasks).
  libero_spatial_object_t1 Episode 33 (Sweep 33)...
    Episode finished. Steps: 121. Success: True
[info] Using default task order for benchmark 'libero_spatial_object' (10 tasks).
  libero_spatial_object_t2 Episode 33 (Sweep 33)...
    Episode finished. Steps: 101. Success: True
[info] Using default task order for benchmark 'libero_spatial_object' (10 tasks).
  libero_spatial_object_t3 Episode 33 (Sweep 33)...
    Episode finished. Steps: 77. Success: True
[info] Using default task order for benchmark 'libero_spatial_object' (10 tasks).
  libero_spatial_object_t4 Episode 33 (Sweep 33)...
    Episode finished. Steps: 122. Success: True
[info] Using default task order for benchmark 'libero_spatial_object' (10 tasks).
  libero_spatial_object_t5 Episode 33 (Sweep 33)...
    Episode finished. Steps: 300. Success: False
[info] Using default task order for benchmark 'libero_spatial_object' (10 tasks).
  libero_spatial_object_t6 Episode 33 (Sweep 33)...
    Episode finished. Steps: 110. Success: True
[info] Using default task order for benchmark 'libero_spatial_object' (10 tasks).
  libero_spatial_object_t7 Episode 33 (Sweep 33)...
    Episode finished. Steps: 130. Success: True
[info] Using default task order for benchmark 'libero_spatial_object' (10 tasks).
  libero_spatial_object_t8 Episode 33 (Sweep 33)...
    Episode finished. Steps: 98. Success: True
[info] Using default task order for benchmark 'libero_spatial_object' (10 tasks).
  libero_spatial_object_t9 Episode 33 (Sweep 33)...
    Episode finished. Steps: 107. Success: True
[info] Using default task order for benchmark 'libero_object_object' (10 tasks).
  libero_object_object_t0 Episode 33 (Sweep 33)...
    Episode finished. Steps: 141. Success: True
[info] Using default task order for benchmark 'libero_object_object' (10 tasks).
  libero_object_object_t1 Episode 33 (Sweep 33)...
    Episode finished. Steps: 155. Success: True
[info] Using default task order for benchmark 'libero_object_object' (10 tasks).
  libero_object_object_t2 Episode 33 (Sweep 33)...
    Episode finished. Steps: 171. Success: True
[info] Using default task order for benchmark 'libero_object_object' (10 tasks).
  libero_object_object_t3 Episode 33 (Sweep 33)...
    Episode finished. Steps: 137. Success: True
[info] Using default task order for benchmark 'libero_object_object' (10 tasks).
  libero_object_object_t4 Episode 33 (Sweep 33)...
    Episode finished. Steps: 146. Success: True
[info] Using default task order for benchmark 'libero_object_object' (10 tasks).
  libero_object_object_t5 Episode 33 (Sweep 33)...
    Episode finished. Steps: 130. Success: True
[info] Using default task order for benchmark 'libero_object_object' (10 tasks).
  libero_object_object_t6 Episode 33 (Sweep 33)...
    Episode finished. Steps: 156. Success: True
[info] Using default task order for benchmark 'libero_object_object' (10 tasks).
  libero_object_object_t7 Episode 33 (Sweep 33)...
    Episode finished. Steps: 134. Success: True
[info] Using default task order for benchmark 'libero_object_object' (10 tasks).
  libero_object_object_t8 Episode 33 (Sweep 33)...
    Episode finished. Steps: 206. Success: True
[info] Using default task order for benchmark 'libero_object_object' (10 tasks).
  libero_object_object_t9 Episode 33 (Sweep 33)...
    Episode finished. Steps: 117. Success: True
[info] Using default task order for benchmark 'libero_goal_object' (10 tasks).
  libero_goal_object_t0 Episode 33 (Sweep 33)...
    Episode finished. Steps: 133. Success: True
[info] Using default task order for benchmark 'libero_goal_object' (10 tasks).
  libero_goal_object_t1 Episode 33 (Sweep 33)...
    Episode finished. Steps: 90. Success: True
[info] Using default task order for benchmark 'libero_goal_object' (10 tasks).
  libero_goal_object_t2 Episode 33 (Sweep 33)...
    Episode finished. Steps: 87. Success: True
[info] Using default task order for benchmark 'libero_goal_object' (10 tasks).
  libero_goal_object_t3 Episode 33 (Sweep 33)...
    Episode finished. Steps: 185. Success: True
[info] Using default task order for benchmark 'libero_goal_object' (10 tasks).
  libero_goal_object_t4 Episode 33 (Sweep 33)...
    Episode finished. Steps: 84. Success: True
[info] Using default task order for benchmark 'libero_goal_object' (10 tasks).
  libero_goal_object_t5 Episode 33 (Sweep 33)...
    Episode finished. Steps: 139. Success: True
[info] Using default task order for benchmark 'libero_goal_object' (10 tasks).
  libero_goal_object_t6 Episode 33 (Sweep 33)...
    Episode finished. Steps: 89. Success: True
[info] Using default task order for benchmark 'libero_goal_object' (10 tasks).
  libero_goal_object_t7 Episode 33 (Sweep 33)...
    Episode finished. Steps: 71. Success: True
[info] Using default task order for benchmark 'libero_goal_object' (10 tasks).
  libero_goal_object_t8 Episode 33 (Sweep 33)...
    Episode finished. Steps: 78. Success: True
[info] Using default task order for benchmark 'libero_goal_object' (10 tasks).
  libero_goal_object_t9 Episode 33 (Sweep 33)...
    Episode finished. Steps: 300. Success: False

--- Starting Sweep 34 ---
[info] Using default task order for benchmark 'libero_spatial_object' (10 tasks).
  libero_spatial_object_t0 Episode 34 (Sweep 34)...
    Episode finished. Steps: 68. Success: True
[info] Using default task order for benchmark 'libero_spatial_object' (10 tasks).
  libero_spatial_object_t1 Episode 34 (Sweep 34)...
    Episode finished. Steps: 112. Success: True
[info] Using default task order for benchmark 'libero_spatial_object' (10 tasks).
  libero_spatial_object_t2 Episode 34 (Sweep 34)...
    Episode finished. Steps: 93. Success: True
[info] Using default task order for benchmark 'libero_spatial_object' (10 tasks).
  libero_spatial_object_t3 Episode 34 (Sweep 34)...
    Episode finished. Steps: 81. Success: True
[info] Using default task order for benchmark 'libero_spatial_object' (10 tasks).
  libero_spatial_object_t4 Episode 34 (Sweep 34)...
    Episode finished. Steps: 300. Success: False
[info] Using default task order for benchmark 'libero_spatial_object' (10 tasks).
  libero_spatial_object_t5 Episode 34 (Sweep 34)...
    Episode finished. Steps: 300. Success: False
[info] Using default task order for benchmark 'libero_spatial_object' (10 tasks).
  libero_spatial_object_t6 Episode 34 (Sweep 34)...
    Episode finished. Steps: 100. Success: True
[info] Using default task order for benchmark 'libero_spatial_object' (10 tasks).
  libero_spatial_object_t7 Episode 34 (Sweep 34)...
    Episode finished. Steps: 153. Success: True
[info] Using default task order for benchmark 'libero_spatial_object' (10 tasks).
  libero_spatial_object_t8 Episode 34 (Sweep 34)...
    Episode finished. Steps: 87. Success: True
[info] Using default task order for benchmark 'libero_spatial_object' (10 tasks).
  libero_spatial_object_t9 Episode 34 (Sweep 34)...
    Episode finished. Steps: 106. Success: True
[info] Using default task order for benchmark 'libero_object_object' (10 tasks).
  libero_object_object_t0 Episode 34 (Sweep 34)...
    Episode finished. Steps: 255. Success: True
[info] Using default task order for benchmark 'libero_object_object' (10 tasks).
  libero_object_object_t1 Episode 34 (Sweep 34)...
    Episode finished. Steps: 228. Success: True
[info] Using default task order for benchmark 'libero_object_object' (10 tasks).
  libero_object_object_t2 Episode 34 (Sweep 34)...
    Episode finished. Steps: 174. Success: True
[info] Using default task order for benchmark 'libero_object_object' (10 tasks).
  libero_object_object_t3 Episode 34 (Sweep 34)...
    Episode finished. Steps: 212. Success: True
[info] Using default task order for benchmark 'libero_object_object' (10 tasks).
  libero_object_object_t4 Episode 34 (Sweep 34)...
    Episode finished. Steps: 190. Success: True
[info] Using default task order for benchmark 'libero_object_object' (10 tasks).
  libero_object_object_t5 Episode 34 (Sweep 34)...
    Episode finished. Steps: 134. Success: True
[info] Using default task order for benchmark 'libero_object_object' (10 tasks).
  libero_object_object_t6 Episode 34 (Sweep 34)...
    Episode finished. Steps: 201. Success: True
[info] Using default task order for benchmark 'libero_object_object' (10 tasks).
  libero_object_object_t7 Episode 34 (Sweep 34)...
    Episode finished. Steps: 127. Success: True
[info] Using default task order for benchmark 'libero_object_object' (10 tasks).
  libero_object_object_t8 Episode 34 (Sweep 34)...
    Episode finished. Steps: 142. Success: True
[info] Using default task order for benchmark 'libero_object_object' (10 tasks).
  libero_object_object_t9 Episode 34 (Sweep 34)...
    Episode finished. Steps: 135. Success: True
[info] Using default task order for benchmark 'libero_goal_object' (10 tasks).
  libero_goal_object_t0 Episode 34 (Sweep 34)...
    Episode finished. Steps: 300. Success: False
[info] Using default task order for benchmark 'libero_goal_object' (10 tasks).
  libero_goal_object_t1 Episode 34 (Sweep 34)...
    Episode finished. Steps: 82. Success: True
[info] Using default task order for benchmark 'libero_goal_object' (10 tasks).
  libero_goal_object_t2 Episode 34 (Sweep 34)...
    Episode finished. Steps: 96. Success: True
[info] Using default task order for benchmark 'libero_goal_object' (10 tasks).
  libero_goal_object_t3 Episode 34 (Sweep 34)...
    Episode finished. Steps: 173. Success: True
[info] Using default task order for benchmark 'libero_goal_object' (10 tasks).
  libero_goal_object_t4 Episode 34 (Sweep 34)...
    Episode finished. Steps: 80. Success: True
[info] Using default task order for benchmark 'libero_goal_object' (10 tasks).
  libero_goal_object_t5 Episode 34 (Sweep 34)...
    Episode finished. Steps: 149. Success: True
[info] Using default task order for benchmark 'libero_goal_object' (10 tasks).
  libero_goal_object_t6 Episode 34 (Sweep 34)...
    Episode finished. Steps: 87. Success: True
[info] Using default task order for benchmark 'libero_goal_object' (10 tasks).
  libero_goal_object_t7 Episode 34 (Sweep 34)...
    Episode finished. Steps: 66. Success: True
[info] Using default task order for benchmark 'libero_goal_object' (10 tasks).
  libero_goal_object_t8 Episode 34 (Sweep 34)...
    Episode finished. Steps: 79. Success: True
[info] Using default task order for benchmark 'libero_goal_object' (10 tasks).
  libero_goal_object_t9 Episode 34 (Sweep 34)...
    Episode finished. Steps: 116. Success: True

--- Starting Sweep 35 ---
[info] Using default task order for benchmark 'libero_spatial_object' (10 tasks).
  libero_spatial_object_t0 Episode 35 (Sweep 35)...
    Episode finished. Steps: 71. Success: True
[info] Using default task order for benchmark 'libero_spatial_object' (10 tasks).
  libero_spatial_object_t1 Episode 35 (Sweep 35)...
    Episode finished. Steps: 108. Success: True
[info] Using default task order for benchmark 'libero_spatial_object' (10 tasks).
  libero_spatial_object_t2 Episode 35 (Sweep 35)...
    Episode finished. Steps: 88. Success: True
[info] Using default task order for benchmark 'libero_spatial_object' (10 tasks).
  libero_spatial_object_t3 Episode 35 (Sweep 35)...
    Episode finished. Steps: 79. Success: True
[info] Using default task order for benchmark 'libero_spatial_object' (10 tasks).
  libero_spatial_object_t4 Episode 35 (Sweep 35)...
    Episode finished. Steps: 127. Success: True
[info] Using default task order for benchmark 'libero_spatial_object' (10 tasks).
  libero_spatial_object_t5 Episode 35 (Sweep 35)...
    Episode finished. Steps: 300. Success: False
[info] Using default task order for benchmark 'libero_spatial_object' (10 tasks).
  libero_spatial_object_t6 Episode 35 (Sweep 35)...
    Episode finished. Steps: 103. Success: True
[info] Using default task order for benchmark 'libero_spatial_object' (10 tasks).
  libero_spatial_object_t7 Episode 35 (Sweep 35)...
    Episode finished. Steps: 120. Success: True
[info] Using default task order for benchmark 'libero_spatial_object' (10 tasks).
  libero_spatial_object_t8 Episode 35 (Sweep 35)...
    Episode finished. Steps: 84. Success: True
[info] Using default task order for benchmark 'libero_spatial_object' (10 tasks).
  libero_spatial_object_t9 Episode 35 (Sweep 35)...
    Episode finished. Steps: 110. Success: True
[info] Using default task order for benchmark 'libero_object_object' (10 tasks).
  libero_object_object_t0 Episode 35 (Sweep 35)...
    Episode finished. Steps: 183. Success: True
[info] Using default task order for benchmark 'libero_object_object' (10 tasks).
  libero_object_object_t1 Episode 35 (Sweep 35)...
    Episode finished. Steps: 300. Success: False
[info] Using default task order for benchmark 'libero_object_object' (10 tasks).
  libero_object_object_t2 Episode 35 (Sweep 35)...
    Episode finished. Steps: 108. Success: True
[info] Using default task order for benchmark 'libero_object_object' (10 tasks).
  libero_object_object_t3 Episode 35 (Sweep 35)...
    Episode finished. Steps: 300. Success: False
[info] Using default task order for benchmark 'libero_object_object' (10 tasks).
  libero_object_object_t4 Episode 35 (Sweep 35)...
    Episode finished. Steps: 137. Success: True
[info] Using default task order for benchmark 'libero_object_object' (10 tasks).
  libero_object_object_t5 Episode 35 (Sweep 35)...
    Episode finished. Steps: 140. Success: True
[info] Using default task order for benchmark 'libero_object_object' (10 tasks).
  libero_object_object_t6 Episode 35 (Sweep 35)...
    Episode finished. Steps: 198. Success: True
[info] Using default task order for benchmark 'libero_object_object' (10 tasks).
  libero_object_object_t7 Episode 35 (Sweep 35)...
    Episode finished. Steps: 129. Success: True
[info] Using default task order for benchmark 'libero_object_object' (10 tasks).
  libero_object_object_t8 Episode 35 (Sweep 35)...
    Episode finished. Steps: 140. Success: True
[info] Using default task order for benchmark 'libero_object_object' (10 tasks).
  libero_object_object_t9 Episode 35 (Sweep 35)...
    Episode finished. Steps: 120. Success: True
[info] Using default task order for benchmark 'libero_goal_object' (10 tasks).
  libero_goal_object_t0 Episode 35 (Sweep 35)...
    Episode finished. Steps: 300. Success: False
[info] Using default task order for benchmark 'libero_goal_object' (10 tasks).
  libero_goal_object_t1 Episode 35 (Sweep 35)...
    Episode finished. Steps: 75. Success: True
[info] Using default task order for benchmark 'libero_goal_object' (10 tasks).
  libero_goal_object_t2 Episode 35 (Sweep 35)...
    Episode finished. Steps: 81. Success: True
[info] Using default task order for benchmark 'libero_goal_object' (10 tasks).
  libero_goal_object_t3 Episode 35 (Sweep 35)...
    Episode finished. Steps: 300. Success: False
[info] Using default task order for benchmark 'libero_goal_object' (10 tasks).
  libero_goal_object_t4 Episode 35 (Sweep 35)...
    Episode finished. Steps: 149. Success: True
[info] Using default task order for benchmark 'libero_goal_object' (10 tasks).
  libero_goal_object_t5 Episode 35 (Sweep 35)...
    Episode finished. Steps: 149. Success: True
[info] Using default task order for benchmark 'libero_goal_object' (10 tasks).
  libero_goal_object_t6 Episode 35 (Sweep 35)...
    Episode finished. Steps: 95. Success: True
[info] Using default task order for benchmark 'libero_goal_object' (10 tasks).
  libero_goal_object_t7 Episode 35 (Sweep 35)...
    Episode finished. Steps: 74. Success: True
[info] Using default task order for benchmark 'libero_goal_object' (10 tasks).
  libero_goal_object_t8 Episode 35 (Sweep 35)...
    Episode finished. Steps: 70. Success: True
[info] Using default task order for benchmark 'libero_goal_object' (10 tasks).
  libero_goal_object_t9 Episode 35 (Sweep 35)...
    Episode finished. Steps: 131. Success: True

--- Starting Sweep 36 ---
[info] Using default task order for benchmark 'libero_spatial_object' (10 tasks).
  libero_spatial_object_t0 Episode 36 (Sweep 36)...
    Episode finished. Steps: 68. Success: True
[info] Using default task order for benchmark 'libero_spatial_object' (10 tasks).
  libero_spatial_object_t1 Episode 36 (Sweep 36)...
    Episode finished. Steps: 110. Success: True
[info] Using default task order for benchmark 'libero_spatial_object' (10 tasks).
  libero_spatial_object_t2 Episode 36 (Sweep 36)...
    Episode finished. Steps: 95. Success: True
[info] Using default task order for benchmark 'libero_spatial_object' (10 tasks).
  libero_spatial_object_t3 Episode 36 (Sweep 36)...
    Episode finished. Steps: 82. Success: True
[info] Using default task order for benchmark 'libero_spatial_object' (10 tasks).
  libero_spatial_object_t4 Episode 36 (Sweep 36)...
    Episode finished. Steps: 123. Success: True
[info] Using default task order for benchmark 'libero_spatial_object' (10 tasks).
  libero_spatial_object_t5 Episode 36 (Sweep 36)...
    Episode finished. Steps: 300. Success: False
[info] Using default task order for benchmark 'libero_spatial_object' (10 tasks).
  libero_spatial_object_t6 Episode 36 (Sweep 36)...
    Episode finished. Steps: 100. Success: True
[info] Using default task order for benchmark 'libero_spatial_object' (10 tasks).
  libero_spatial_object_t7 Episode 36 (Sweep 36)...
    Episode finished. Steps: 129. Success: True
[info] Using default task order for benchmark 'libero_spatial_object' (10 tasks).
  libero_spatial_object_t8 Episode 36 (Sweep 36)...
    Episode finished. Steps: 92. Success: True
[info] Using default task order for benchmark 'libero_spatial_object' (10 tasks).
  libero_spatial_object_t9 Episode 36 (Sweep 36)...
    Episode finished. Steps: 117. Success: True
[info] Using default task order for benchmark 'libero_object_object' (10 tasks).
  libero_object_object_t0 Episode 36 (Sweep 36)...
    Episode finished. Steps: 174. Success: True
[info] Using default task order for benchmark 'libero_object_object' (10 tasks).
  libero_object_object_t1 Episode 36 (Sweep 36)...
    Episode finished. Steps: 300. Success: False
[info] Using default task order for benchmark 'libero_object_object' (10 tasks).
  libero_object_object_t2 Episode 36 (Sweep 36)...
    Episode finished. Steps: 107. Success: True
[info] Using default task order for benchmark 'libero_object_object' (10 tasks).
  libero_object_object_t3 Episode 36 (Sweep 36)...
    Episode finished. Steps: 139. Success: True
[info] Using default task order for benchmark 'libero_object_object' (10 tasks).
  libero_object_object_t4 Episode 36 (Sweep 36)...
    Episode finished. Steps: 161. Success: True
[info] Using default task order for benchmark 'libero_object_object' (10 tasks).
  libero_object_object_t5 Episode 36 (Sweep 36)...
    Episode finished. Steps: 137. Success: True
[info] Using default task order for benchmark 'libero_object_object' (10 tasks).
  libero_object_object_t6 Episode 36 (Sweep 36)...
    Episode finished. Steps: 162. Success: True
[info] Using default task order for benchmark 'libero_object_object' (10 tasks).
  libero_object_object_t7 Episode 36 (Sweep 36)...
    Episode finished. Steps: 129. Success: True
[info] Using default task order for benchmark 'libero_object_object' (10 tasks).
  libero_object_object_t8 Episode 36 (Sweep 36)...
    Episode finished. Steps: 183. Success: True
[info] Using default task order for benchmark 'libero_object_object' (10 tasks).
  libero_object_object_t9 Episode 36 (Sweep 36)...
    Episode finished. Steps: 119. Success: True
[info] Using default task order for benchmark 'libero_goal_object' (10 tasks).
  libero_goal_object_t0 Episode 36 (Sweep 36)...
    Episode finished. Steps: 300. Success: False
[info] Using default task order for benchmark 'libero_goal_object' (10 tasks).
  libero_goal_object_t1 Episode 36 (Sweep 36)...
    Episode finished. Steps: 300. Success: False
[info] Using default task order for benchmark 'libero_goal_object' (10 tasks).
  libero_goal_object_t2 Episode 36 (Sweep 36)...
    Episode finished. Steps: 110. Success: True
[info] Using default task order for benchmark 'libero_goal_object' (10 tasks).
  libero_goal_object_t3 Episode 36 (Sweep 36)...
    Episode finished. Steps: 192. Success: True
[info] Using default task order for benchmark 'libero_goal_object' (10 tasks).
  libero_goal_object_t4 Episode 36 (Sweep 36)...
    Episode finished. Steps: 88. Success: True
[info] Using default task order for benchmark 'libero_goal_object' (10 tasks).
  libero_goal_object_t5 Episode 36 (Sweep 36)...
    Episode finished. Steps: 128. Success: True
[info] Using default task order for benchmark 'libero_goal_object' (10 tasks).
  libero_goal_object_t6 Episode 36 (Sweep 36)...
    Episode finished. Steps: 99. Success: True
[info] Using default task order for benchmark 'libero_goal_object' (10 tasks).
  libero_goal_object_t7 Episode 36 (Sweep 36)...
    Episode finished. Steps: 74. Success: True
[info] Using default task order for benchmark 'libero_goal_object' (10 tasks).
  libero_goal_object_t8 Episode 36 (Sweep 36)...
    Episode finished. Steps: 83. Success: True
[info] Using default task order for benchmark 'libero_goal_object' (10 tasks).
  libero_goal_object_t9 Episode 36 (Sweep 36)...
    Episode finished. Steps: 151. Success: True

--- Starting Sweep 37 ---
[info] Using default task order for benchmark 'libero_spatial_object' (10 tasks).
  libero_spatial_object_t0 Episode 37 (Sweep 37)...
    Episode finished. Steps: 74. Success: True
[info] Using default task order for benchmark 'libero_spatial_object' (10 tasks).
  libero_spatial_object_t1 Episode 37 (Sweep 37)...
    Episode finished. Steps: 115. Success: True
[info] Using default task order for benchmark 'libero_spatial_object' (10 tasks).
  libero_spatial_object_t2 Episode 37 (Sweep 37)...
    Episode finished. Steps: 96. Success: True
[info] Using default task order for benchmark 'libero_spatial_object' (10 tasks).
  libero_spatial_object_t3 Episode 37 (Sweep 37)...
    Episode finished. Steps: 82. Success: True
[info] Using default task order for benchmark 'libero_spatial_object' (10 tasks).
  libero_spatial_object_t4 Episode 37 (Sweep 37)...
    Episode finished. Steps: 131. Success: True
[info] Using default task order for benchmark 'libero_spatial_object' (10 tasks).
  libero_spatial_object_t5 Episode 37 (Sweep 37)...
    Episode finished. Steps: 300. Success: False
[info] Using default task order for benchmark 'libero_spatial_object' (10 tasks).
  libero_spatial_object_t6 Episode 37 (Sweep 37)...
    Episode finished. Steps: 109. Success: True
[info] Using default task order for benchmark 'libero_spatial_object' (10 tasks).
  libero_spatial_object_t7 Episode 37 (Sweep 37)...
    Episode finished. Steps: 146. Success: True
[info] Using default task order for benchmark 'libero_spatial_object' (10 tasks).
  libero_spatial_object_t8 Episode 37 (Sweep 37)...
