variant,experiment_id,episode_id,benchmark_episode_id,success,outcome,minimum_tcp_distance_m,control_ticks,simulation_steps,decision_rows,scene_fingerprint,intervention_count,baseline_success,paired_category_vs_baseline,paired_category_vs_other_controller
baseline,EXP-008,000000,0,True,SUCCESS,0.029861580580472946,135,539,14,3448c02e258e426b42d031f8a027dbcfac7872fd7911fda144ed814c30c217ac,0,True,BASELINE_IDENTITY,N/A
c090_primary,EXP-009,000000,0,True,SUCCESS,0.02980164624750614,135,540,14,3448c02e258e426b42d031f8a027dbcfac7872fd7911fda144ed814c30c217ac,0,True,S_TO_S,BOTH_SUCCEED
q95_symmetric,EXP-010,000000,0,True,SUCCESS,0.029617995023727417,135,539,14,3448c02e258e426b42d031f8a027dbcfac7872fd7911fda144ed814c30c217ac,0,True,S_TO_S,BOTH_SUCCEED
baseline,EXP-008,000001,1,False,FAILURE,0.26873165369033813,350,1400,35,14c3036f483f82b3ed36ada2fbaac9141dfa1e8e02491c4d7a6337d25b5f02aa,0,False,BASELINE_IDENTITY,N/A
c090_primary,EXP-009,000001,1,False,FAILURE,0.26951864361763,350,1400,35,14c3036f483f82b3ed36ada2fbaac9141dfa1e8e02491c4d7a6337d25b5f02aa,0,False,F_TO_F,BOTH_FAIL
q95_symmetric,EXP-010,000001,1,False,FAILURE,0.2690782845020294,350,1400,35,14c3036f483f82b3ed36ada2fbaac9141dfa1e8e02491c4d7a6337d25b5f02aa,0,False,F_TO_F,BOTH_FAIL
baseline,EXP-008,000002,2,False,FAILURE,0.24901722371578217,350,1400,35,2eea2bd6569ccf746614142bf00209037d192b14d315071b594f36581a1217b9,0,False,BASELINE_IDENTITY,N/A
c090_primary,EXP-009,000002,2,False,FAILURE,0.24675977230072021,350,1400,35,2eea2bd6569ccf746614142bf00209037d192b14d315071b594f36581a1217b9,0,False,F_TO_F,BOTH_FAIL
q95_symmetric,EXP-010,000002,2,False,FAILURE,0.24855487048625946,350,1400,35,2eea2bd6569ccf746614142bf00209037d192b14d315071b594f36581a1217b9,0,False,F_TO_F,BOTH_FAIL
baseline,EXP-008,000003,3,False,FAILURE,0.19886143505573273,350,1400,35,c99dc514193a46a7cc9d389d89588d989221fa0183606a9733242a453063ffb6,0,False,BASELINE_IDENTITY,N/A
c090_primary,EXP-009,000003,3,False,FAILURE,0.19803518056869507,350,1400,35,c99dc514193a46a7cc9d389d89588d989221fa0183606a9733242a453063ffb6,0,False,F_TO_F,BOTH_FAIL
q95_symmetric,EXP-010,000003,3,False,FAILURE,0.1991695761680603,350,1400,35,c99dc514193a46a7cc9d389d89588d989221fa0183606a9733242a453063ffb6,0,False,F_TO_F,BOTH_FAIL
baseline,EXP-008,000004,4,True,SUCCESS,0.029549885541200638,142,566,15,8c1fec862ea7bed8ed35274a02e66ac9b36bb60c93e61f1addfeac1be82eea55,0,True,BASELINE_IDENTITY,N/A
c090_primary,EXP-009,000004,4,True,SUCCESS,0.02993769757449627,144,575,15,8c1fec862ea7bed8ed35274a02e66ac9b36bb60c93e61f1addfeac1be82eea55,0,True,S_TO_S,BOTH_SUCCEED
q95_symmetric,EXP-010,000004,4,True,SUCCESS,0.029975784942507744,144,574,15,8c1fec862ea7bed8ed35274a02e66ac9b36bb60c93e61f1addfeac1be82eea55,0,True,S_TO_S,BOTH_SUCCEED
baseline,EXP-008,000005,5,True,SUCCESS,0.029167616739869118,188,751,19,20ef37e87aace1c76157530b74f3f91ac625bdbb27c4076f7c984a995392dcc8,0,True,BASELINE_IDENTITY,N/A
c090_primary,EXP-009,000005,5,True,SUCCESS,0.0291228536516428,187,747,19,20ef37e87aace1c76157530b74f3f91ac625bdbb27c4076f7c984a995392dcc8,0,True,S_TO_S,BOTH_SUCCEED
q95_symmetric,EXP-010,000005,5,True,SUCCESS,0.02998662367463112,187,746,19,20ef37e87aace1c76157530b74f3f91ac625bdbb27c4076f7c984a995392dcc8,0,True,S_TO_S,BOTH_SUCCEED
baseline,EXP-008,000006,6,False,FAILURE,0.21810545027256012,350,1400,35,683b1270f8d1cfef2d09a5780bc6393309b7a79b529c515d023ffebd745e4899,0,False,BASELINE_IDENTITY,N/A
c090_primary,EXP-009,000006,6,False,FAILURE,0.2193947583436966,350,1400,35,683b1270f8d1cfef2d09a5780bc6393309b7a79b529c515d023ffebd745e4899,0,False,F_TO_F,BOTH_FAIL
q95_symmetric,EXP-010,000006,6,False,FAILURE,0.21920907497406006,350,1400,35,683b1270f8d1cfef2d09a5780bc6393309b7a79b529c515d023ffebd745e4899,0,False,F_TO_F,BOTH_FAIL
baseline,EXP-008,000007,7,False,FAILURE,0.0614200122654438,350,1400,35,6932d69ce4d9f2d6d94744a31c85025943f051f95a2d20bc77bbc3f24cfde631,0,False,BASELINE_IDENTITY,N/A
c090_primary,EXP-009,000007,7,False,FAILURE,0.03955545648932457,350,1400,35,6932d69ce4d9f2d6d94744a31c85025943f051f95a2d20bc77bbc3f24cfde631,0,False,F_TO_F,BOTH_FAIL
q95_symmetric,EXP-010,000007,7,False,FAILURE,0.05522828921675682,350,1400,35,6932d69ce4d9f2d6d94744a31c85025943f051f95a2d20bc77bbc3f24cfde631,0,False,F_TO_F,BOTH_FAIL
baseline,EXP-008,000008,8,True,SUCCESS,0.029961571097373962,162,647,17,334d3aa7f833b21a13c6e07d413421e08d51d6281be664ac2857ea74540380f0,0,True,BASELINE_IDENTITY,N/A
c090_primary,EXP-009,000008,8,True,SUCCESS,0.029586084187030792,163,651,17,334d3aa7f833b21a13c6e07d413421e08d51d6281be664ac2857ea74540380f0,0,True,S_TO_S,BOTH_SUCCEED
q95_symmetric,EXP-010,000008,8,True,SUCCESS,0.029909780248999596,164,653,17,334d3aa7f833b21a13c6e07d413421e08d51d6281be664ac2857ea74540380f0,0,True,S_TO_S,BOTH_SUCCEED
baseline,EXP-008,000009,9,False,FAILURE,0.0994950532913208,350,1400,35,5ed5e36b5234a2630d9b2abd8d4e72f888b59bbccb92a702e80df7a1fff5793f,0,False,BASELINE_IDENTITY,N/A
c090_primary,EXP-009,000009,9,False,FAILURE,0.09964092820882797,350,1400,35,5ed5e36b5234a2630d9b2abd8d4e72f888b59bbccb92a702e80df7a1fff5793f,0,False,F_TO_F,BOTH_FAIL
q95_symmetric,EXP-010,000009,9,False,FAILURE,0.10059258341789246,350,1400,35,5ed5e36b5234a2630d9b2abd8d4e72f888b59bbccb92a702e80df7a1fff5793f,0,False,F_TO_F,BOTH_FAIL
baseline,EXP-008,000010,10,True,SUCCESS,0.029875388368964195,127,506,13,29cb852d63406de1132566664edf1a85b342903b979ac70580e21fbd736e79a6,0,True,BASELINE_IDENTITY,N/A
c090_primary,EXP-009,000010,10,True,SUCCESS,0.029989752918481827,143,570,15,29cb852d63406de1132566664edf1a85b342903b979ac70580e21fbd736e79a6,0,True,S_TO_S,BOTH_SUCCEED
q95_symmetric,EXP-010,000010,10,True,SUCCESS,0.02999964915215969,346,1382,35,29cb852d63406de1132566664edf1a85b342903b979ac70580e21fbd736e79a6,0,True,S_TO_S,BOTH_SUCCEED
baseline,EXP-008,000011,11,True,SUCCESS,0.029904626309871674,120,478,12,6a07d39db64f3430b17200b2a2047886c1988cdb7d2c35cb9d890ced57a81452,0,True,BASELINE_IDENTITY,N/A
c090_primary,EXP-009,000011,11,True,SUCCESS,0.02969309315085411,122,486,13,6a07d39db64f3430b17200b2a2047886c1988cdb7d2c35cb9d890ced57a81452,0,True,S_TO_S,BOTH_SUCCEED
q95_symmetric,EXP-010,000011,11,True,SUCCESS,0.029969720169901848,122,485,13,6a07d39db64f3430b17200b2a2047886c1988cdb7d2c35cb9d890ced57a81452,0,True,S_TO_S,BOTH_SUCCEED
baseline,EXP-008,000012,12,False,FAILURE,0.3204963207244873,350,1400,35,ebcce695bf835cc0b49bf463f0e558d8e9ece564668811d8e3fcaba69faf3785,0,False,BASELINE_IDENTITY,N/A
c090_primary,EXP-009,000012,12,False,FAILURE,0.31994539499282837,350,1400,35,ebcce695bf835cc0b49bf463f0e558d8e9ece564668811d8e3fcaba69faf3785,0,False,F_TO_F,BOTH_FAIL
q95_symmetric,EXP-010,000012,12,False,FAILURE,0.31957101821899414,350,1400,35,ebcce695bf835cc0b49bf463f0e558d8e9ece564668811d8e3fcaba69faf3785,0,False,F_TO_F,BOTH_FAIL
baseline,EXP-008,000013,13,False,FAILURE,0.30827924609184265,350,1400,35,b0ac5499ced92a09af94262dcde0482b3734d7b35236a578175110767ee304ee,0,False,BASELINE_IDENTITY,N/A
c090_primary,EXP-009,000013,13,False,FAILURE,0.30902916193008423,350,1400,35,b0ac5499ced92a09af94262dcde0482b3734d7b35236a578175110767ee304ee,0,False,F_TO_F,BOTH_FAIL
q95_symmetric,EXP-010,000013,13,False,FAILURE,0.30951762199401855,350,1400,35,b0ac5499ced92a09af94262dcde0482b3734d7b35236a578175110767ee304ee,0,False,F_TO_F,BOTH_FAIL
baseline,EXP-008,000014,14,True,SUCCESS,0.029874330386519432,135,540,14,1754d2fdce501ea110a16f721435283f2f35662386cedabe1de886c4da42af08,0,True,BASELINE_IDENTITY,N/A
c090_primary,EXP-009,000014,14,True,SUCCESS,0.02933650277554989,137,546,14,1754d2fdce501ea110a16f721435283f2f35662386cedabe1de886c4da42af08,0,True,S_TO_S,BOTH_SUCCEED
q95_symmetric,EXP-010,000014,14,True,SUCCESS,0.02928747422993183,137,545,14,1754d2fdce501ea110a16f721435283f2f35662386cedabe1de886c4da42af08,0,True,S_TO_S,BOTH_SUCCEED
baseline,EXP-008,000015,15,True,SUCCESS,0.029887160286307335,159,633,16,8a312c7c0fbf0f9d7c0954429d0158e594cabf60d32d2bcad1af3dab225f383c,0,True,BASELINE_IDENTITY,N/A
c090_primary,EXP-009,000015,15,True,SUCCESS,0.029911227524280548,164,653,17,8a312c7c0fbf0f9d7c0954429d0158e594cabf60d32d2bcad1af3dab225f383c,0,True,S_TO_S,BOTH_SUCCEED
q95_symmetric,EXP-010,000015,15,True,SUCCESS,0.02979586273431778,163,651,17,8a312c7c0fbf0f9d7c0954429d0158e594cabf60d32d2bcad1af3dab225f383c,0,True,S_TO_S,BOTH_SUCCEED
baseline,EXP-008,000016,16,False,FAILURE,0.0411209799349308,350,1400,35,a21ddbdfe9d0d3bb0d0d5deabb6c19ceb6208d5f0256b5292e1954f4e6a5615b,0,False,BASELINE_IDENTITY,N/A
c090_primary,EXP-009,000016,16,False,FAILURE,0.038742613047361374,350,1400,35,a21ddbdfe9d0d3bb0d0d5deabb6c19ceb6208d5f0256b5292e1954f4e6a5615b,0,False,F_TO_F,BOTH_FAIL
q95_symmetric,EXP-010,000016,16,False,FAILURE,0.043110016733407974,350,1400,35,a21ddbdfe9d0d3bb0d0d5deabb6c19ceb6208d5f0256b5292e1954f4e6a5615b,0,False,F_TO_F,BOTH_FAIL
baseline,EXP-008,000017,17,True,SUCCESS,0.029260117560625076,176,702,18,6de5b187c1c6a493d4812cf126b2ccbb279307f3678b5e61ea9af7543e47577c,0,True,BASELINE_IDENTITY,N/A
c090_primary,EXP-009,000017,17,True,SUCCESS,0.02941695787012577,176,703,18,6de5b187c1c6a493d4812cf126b2ccbb279307f3678b5e61ea9af7543e47577c,0,True,S_TO_S,BOTH_SUCCEED
q95_symmetric,EXP-010,000017,17,True,SUCCESS,0.02935759164392948,176,703,18,6de5b187c1c6a493d4812cf126b2ccbb279307f3678b5e61ea9af7543e47577c,0,True,S_TO_S,BOTH_SUCCEED
baseline,EXP-008,000018,18,True,SUCCESS,0.029818737879395485,148,592,15,20972948559bdd58658b6bc0b267b5f7ba4f7bc94e99dcd2efecd7fa6a0dba6c,0,True,BASELINE_IDENTITY,N/A
c090_primary,EXP-009,000018,18,True,SUCCESS,0.029823005199432373,148,592,15,20972948559bdd58658b6bc0b267b5f7ba4f7bc94e99dcd2efecd7fa6a0dba6c,0,True,S_TO_S,BOTH_SUCCEED
q95_symmetric,EXP-010,000018,18,True,SUCCESS,0.029735440388321877,149,595,15,20972948559bdd58658b6bc0b267b5f7ba4f7bc94e99dcd2efecd7fa6a0dba6c,0,True,S_TO_S,BOTH_SUCCEED
baseline,EXP-008,000019,19,True,SUCCESS,0.029915831983089447,181,723,19,ac25c34f8855e54e6adbc9c47333a1b7b7e53c2f1c8a7019dd74ccf0a3eff977,0,True,BASELINE_IDENTITY,N/A
c090_primary,EXP-009,000019,19,True,SUCCESS,0.02980605699121952,181,722,19,ac25c34f8855e54e6adbc9c47333a1b7b7e53c2f1c8a7019dd74ccf0a3eff977,0,True,S_TO_S,BOTH_SUCCEED
q95_symmetric,EXP-010,000019,19,True,SUCCESS,0.02911873534321785,182,725,19,ac25c34f8855e54e6adbc9c47333a1b7b7e53c2f1c8a7019dd74ccf0a3eff977,0,True,S_TO_S,BOTH_SUCCEED
baseline,EXP-008,000020,20,False,FAILURE,0.34455302357673645,350,1400,35,56b1b73ebb18e5485adaf14f9a84a5679ee7721bb4da0250d2dd98528f8154c1,0,False,BASELINE_IDENTITY,N/A
c090_primary,EXP-009,000020,20,True,SUCCESS,0.029985180124640465,176,704,18,56b1b73ebb18e5485adaf14f9a84a5679ee7721bb4da0250d2dd98528f8154c1,0,False,F_TO_S_RESCUE,C090_ONLY_SUCCEEDS
q95_symmetric,EXP-010,000020,20,False,FAILURE,0.34270575642585754,350,1400,35,56b1b73ebb18e5485adaf14f9a84a5679ee7721bb4da0250d2dd98528f8154c1,0,False,F_TO_F,C090_ONLY_SUCCEEDS
baseline,EXP-008,000021,21,False,FAILURE,0.03231371194124222,350,1400,35,3c401bdd11099737697caa76172e59e5543a27f280a6ba14f557277c64b8ef7c,0,False,BASELINE_IDENTITY,N/A
c090_primary,EXP-009,000021,21,True,SUCCESS,0.029821190983057022,132,526,14,3c401bdd11099737697caa76172e59e5543a27f280a6ba14f557277c64b8ef7c,0,False,F_TO_S_RESCUE,C090_ONLY_SUCCEEDS
q95_symmetric,EXP-010,000021,21,False,FAILURE,0.03008151426911354,350,1400,35,3c401bdd11099737697caa76172e59e5543a27f280a6ba14f557277c64b8ef7c,0,False,F_TO_F,C090_ONLY_SUCCEEDS
baseline,EXP-008,000022,22,True,SUCCESS,0.02933272160589695,158,631,16,b6e88ba9dd054770f02e40a39eb243ba4d17caecd2c2a949b388bb0d22e2028b,0,True,BASELINE_IDENTITY,N/A
c090_primary,EXP-009,000022,22,True,SUCCESS,0.029278907924890518,158,630,16,b6e88ba9dd054770f02e40a39eb243ba4d17caecd2c2a949b388bb0d22e2028b,0,True,S_TO_S,BOTH_SUCCEED
q95_symmetric,EXP-010,000022,22,True,SUCCESS,0.029341556131839752,158,629,16,b6e88ba9dd054770f02e40a39eb243ba4d17caecd2c2a949b388bb0d22e2028b,0,True,S_TO_S,BOTH_SUCCEED
baseline,EXP-008,000023,23,True,SUCCESS,0.02997947484254837,127,505,13,7d95e3b5ecaa9a67162a5a9514b01c5de5798ce7e71733a3df4170e44f5b37ac,0,True,BASELINE_IDENTITY,N/A
c090_primary,EXP-009,000023,23,True,SUCCESS,0.02985585294663906,127,505,13,7d95e3b5ecaa9a67162a5a9514b01c5de5798ce7e71733a3df4170e44f5b37ac,0,True,S_TO_S,BOTH_SUCCEED
q95_symmetric,EXP-010,000023,23,True,SUCCESS,0.02985539846122265,126,504,13,7d95e3b5ecaa9a67162a5a9514b01c5de5798ce7e71733a3df4170e44f5b37ac,0,True,S_TO_S,BOTH_SUCCEED
baseline,EXP-008,000024,24,False,FAILURE,0.3267878293991089,350,1400,35,b742aeb3739403a3d823b5321c538d4547f13ab3a46bf82be9c5614f384324a5,0,False,BASELINE_IDENTITY,N/A
c090_primary,EXP-009,000024,24,False,FAILURE,0.32656264305114746,350,1400,35,b742aeb3739403a3d823b5321c538d4547f13ab3a46bf82be9c5614f384324a5,0,False,F_TO_F,BOTH_FAIL
q95_symmetric,EXP-010,000024,24,False,FAILURE,0.3262985944747925,350,1400,35,b742aeb3739403a3d823b5321c538d4547f13ab3a46bf82be9c5614f384324a5,0,False,F_TO_F,BOTH_FAIL
baseline,EXP-008,000025,25,True,SUCCESS,0.029317563399672508,175,697,18,05226fefa210977e9886da841bb46e60c5b12587dc49805e049a8a968889d3d5,0,True,BASELINE_IDENTITY,N/A
c090_primary,EXP-009,000025,25,True,SUCCESS,0.029944276437163353,171,681,18,05226fefa210977e9886da841bb46e60c5b12587dc49805e049a8a968889d3d5,0,True,S_TO_S,BOTH_SUCCEED
q95_symmetric,EXP-010,000025,25,True,SUCCESS,0.02978256344795227,171,682,18,05226fefa210977e9886da841bb46e60c5b12587dc49805e049a8a968889d3d5,0,True,S_TO_S,BOTH_SUCCEED
baseline,EXP-008,000026,26,False,FAILURE,0.0486845001578331,350,1400,35,f7a85dc41e090bed379c7686470cc3479a611f5f7b29dd7fade890601abda760,0,False,BASELINE_IDENTITY,N/A
c090_primary,EXP-009,000026,26,False,FAILURE,0.23371396958827972,350,1400,35,f7a85dc41e090bed379c7686470cc3479a611f5f7b29dd7fade890601abda760,0,False,F_TO_F,BOTH_FAIL
q95_symmetric,EXP-010,000026,26,False,FAILURE,0.3060796856880188,350,1400,35,f7a85dc41e090bed379c7686470cc3479a611f5f7b29dd7fade890601abda760,0,False,F_TO_F,BOTH_FAIL
baseline,EXP-008,000027,27,False,FAILURE,0.15787670016288757,350,1400,35,be344115a61eb422e9f43c88d113f38f3bc3b75a6f589772f432b39a73f208f0,0,False,BASELINE_IDENTITY,N/A
c090_primary,EXP-009,000027,27,False,FAILURE,0.16874417662620544,350,1400,35,be344115a61eb422e9f43c88d113f38f3bc3b75a6f589772f432b39a73f208f0,0,False,F_TO_F,BOTH_FAIL
q95_symmetric,EXP-010,000027,27,False,FAILURE,0.15344208478927612,350,1400,35,be344115a61eb422e9f43c88d113f38f3bc3b75a6f589772f432b39a73f208f0,0,False,F_TO_F,BOTH_FAIL
baseline,EXP-008,000028,28,False,FAILURE,0.2816489636898041,350,1400,35,7f1b1c18a030264caf4632afafa020103a782bd2bbe7d26ad3074aa8a3dfb8ff,0,False,BASELINE_IDENTITY,N/A
c090_primary,EXP-009,000028,28,False,FAILURE,0.23284614086151123,350,1400,35,7f1b1c18a030264caf4632afafa020103a782bd2bbe7d26ad3074aa8a3dfb8ff,0,False,F_TO_F,BOTH_FAIL
q95_symmetric,EXP-010,000028,28,False,FAILURE,0.2360692322254181,350,1400,35,7f1b1c18a030264caf4632afafa020103a782bd2bbe7d26ad3074aa8a3dfb8ff,0,False,F_TO_F,BOTH_FAIL
baseline,EXP-008,000029,29,True,SUCCESS,0.0299500934779644,180,720,18,aad24fa94877ec3e818f19a7c9599a7b9f9402a5f483278f419ea7ab1ff5d82f,0,True,BASELINE_IDENTITY,N/A
c090_primary,EXP-009,000029,29,True,SUCCESS,0.029856331646442413,184,733,19,aad24fa94877ec3e818f19a7c9599a7b9f9402a5f483278f419ea7ab1ff5d82f,0,True,S_TO_S,BOTH_SUCCEED
q95_symmetric,EXP-010,000029,29,True,SUCCESS,0.029676830396056175,183,731,19,aad24fa94877ec3e818f19a7c9599a7b9f9402a5f483278f419ea7ab1ff5d82f,0,True,S_TO_S,BOTH_SUCCEED
baseline,EXP-008,000030,30,False,FAILURE,0.25231602787971497,350,1400,35,5596ae10e0cd3bb8f91ee965c32cc92eb880b670663d930d5149f4175a025966,0,False,BASELINE_IDENTITY,N/A
c090_primary,EXP-009,000030,30,False,FAILURE,0.2519506514072418,350,1400,35,5596ae10e0cd3bb8f91ee965c32cc92eb880b670663d930d5149f4175a025966,0,False,F_TO_F,BOTH_FAIL
q95_symmetric,EXP-010,000030,30,False,FAILURE,0.2531214952468872,350,1400,35,5596ae10e0cd3bb8f91ee965c32cc92eb880b670663d930d5149f4175a025966,0,False,F_TO_F,BOTH_FAIL
baseline,EXP-008,000031,31,False,FAILURE,0.35169756412506104,350,1400,35,770b7b90f7c9a10ae6f38d2400086f85ca16432f605f33abcb4c5e309c33ea2a,0,False,BASELINE_IDENTITY,N/A
c090_primary,EXP-009,000031,31,False,FAILURE,0.34871968626976013,350,1400,35,770b7b90f7c9a10ae6f38d2400086f85ca16432f605f33abcb4c5e309c33ea2a,0,False,F_TO_F,BOTH_FAIL
q95_symmetric,EXP-010,000031,31,False,FAILURE,0.14123667776584625,350,1400,35,770b7b90f7c9a10ae6f38d2400086f85ca16432f605f33abcb4c5e309c33ea2a,0,False,F_TO_F,BOTH_FAIL
baseline,EXP-008,000032,32,False,FAILURE,0.06022796779870987,350,1400,35,7431ea82cad3250e2e1e6c20bd1ad20ee83d99871a0d3b0e97c9f29bf32473d6,0,False,BASELINE_IDENTITY,N/A
c090_primary,EXP-009,000032,32,False,FAILURE,0.06012797728180885,350,1400,35,7431ea82cad3250e2e1e6c20bd1ad20ee83d99871a0d3b0e97c9f29bf32473d6,0,False,F_TO_F,BOTH_FAIL
q95_symmetric,EXP-010,000032,32,False,FAILURE,0.05792991444468498,350,1400,35,7431ea82cad3250e2e1e6c20bd1ad20ee83d99871a0d3b0e97c9f29bf32473d6,0,False,F_TO_F,BOTH_FAIL
baseline,EXP-008,000033,33,False,FAILURE,0.22101806104183197,350,1400,35,95178e03279ec2542cc5408c7964b893fb9f183dc451380d22030dd1ff5f45d2,0,False,BASELINE_IDENTITY,N/A
c090_primary,EXP-009,000033,33,False,FAILURE,0.22383682429790497,350,1400,35,95178e03279ec2542cc5408c7964b893fb9f183dc451380d22030dd1ff5f45d2,0,False,F_TO_F,BOTH_FAIL
q95_symmetric,EXP-010,000033,33,False,FAILURE,0.16116809844970703,350,1400,35,95178e03279ec2542cc5408c7964b893fb9f183dc451380d22030dd1ff5f45d2,0,False,F_TO_F,BOTH_FAIL
baseline,EXP-008,000034,34,True,SUCCESS,0.029644038528203964,132,525,14,96fbac2c8c99ee69881c04f2edb0261f5f43ac3b1b1f4649397e55118b0ddb88,0,True,BASELINE_IDENTITY,N/A
c090_primary,EXP-009,000034,34,True,SUCCESS,0.02990051917731762,132,526,14,96fbac2c8c99ee69881c04f2edb0261f5f43ac3b1b1f4649397e55118b0ddb88,0,True,S_TO_S,BOTH_SUCCEED
q95_symmetric,EXP-010,000034,34,True,SUCCESS,0.02982928417623043,130,519,13,96fbac2c8c99ee69881c04f2edb0261f5f43ac3b1b1f4649397e55118b0ddb88,0,True,S_TO_S,BOTH_SUCCEED
baseline,EXP-008,000035,35,True,SUCCESS,0.029740991070866585,190,758,19,d463df9adf64120c563179b4ad81fd0c370f74ed3fb8c926f2f3888937d40024,0,True,BASELINE_IDENTITY,N/A
c090_primary,EXP-009,000035,35,True,SUCCESS,0.029595019295811653,189,756,19,d463df9adf64120c563179b4ad81fd0c370f74ed3fb8c926f2f3888937d40024,0,True,S_TO_S,BOTH_SUCCEED
q95_symmetric,EXP-010,000035,35,True,SUCCESS,0.029865460470318794,190,758,19,d463df9adf64120c563179b4ad81fd0c370f74ed3fb8c926f2f3888937d40024,0,True,S_TO_S,BOTH_SUCCEED
baseline,EXP-008,000036,36,True,SUCCESS,0.029672637581825256,177,708,18,b96abd9ba7d3f5b46be5b04fe9024a538d64394b4cd09c1e7f08e8a1b829196a,0,True,BASELINE_IDENTITY,N/A
c090_primary,EXP-009,000036,36,True,SUCCESS,0.029192043468356133,178,711,18,b96abd9ba7d3f5b46be5b04fe9024a538d64394b4cd09c1e7f08e8a1b829196a,0,True,S_TO_S,BOTH_SUCCEED
q95_symmetric,EXP-010,000036,36,True,SUCCESS,0.029733821749687195,178,709,18,b96abd9ba7d3f5b46be5b04fe9024a538d64394b4cd09c1e7f08e8a1b829196a,0,True,S_TO_S,BOTH_SUCCEED
baseline,EXP-008,000037,37,True,SUCCESS,0.029685061424970627,168,670,17,dbcf0e4a44509fe826a7bedd09d020b09d1c6f9563391c0574f90c788f429352,0,True,BASELINE_IDENTITY,N/A
c090_primary,EXP-009,000037,37,False,FAILURE,0.2580955922603607,350,1400,35,dbcf0e4a44509fe826a7bedd09d020b09d1c6f9563391c0574f90c788f429352,0,True,S_TO_F_REGRESSION,BOTH_FAIL
q95_symmetric,EXP-010,000037,37,False,FAILURE,0.25571978092193604,350,1400,35,dbcf0e4a44509fe826a7bedd09d020b09d1c6f9563391c0574f90c788f429352,0,True,S_TO_F_REGRESSION,BOTH_FAIL
baseline,EXP-008,000038,38,True,SUCCESS,0.029657909646630287,164,654,17,f93b6c22d801f74936994645c720f4caa1b8ec79bddf3d0afbff4311345a9a17,0,True,BASELINE_IDENTITY,N/A
c090_primary,EXP-009,000038,38,True,SUCCESS,0.02989272214472294,164,654,17,f93b6c22d801f74936994645c720f4caa1b8ec79bddf3d0afbff4311345a9a17,0,True,S_TO_S,BOTH_SUCCEED
q95_symmetric,EXP-010,000038,38,True,SUCCESS,0.029465848580002785,165,658,17,f93b6c22d801f74936994645c720f4caa1b8ec79bddf3d0afbff4311345a9a17,0,True,S_TO_S,BOTH_SUCCEED
baseline,EXP-008,000039,39,False,FAILURE,0.33520516753196716,350,1400,35,c9b32bb7227b408bedb6b35607f501e2552640823a2da45f330b86cb6f0910c6,0,False,BASELINE_IDENTITY,N/A
c090_primary,EXP-009,000039,39,False,FAILURE,0.3329022228717804,350,1400,35,c9b32bb7227b408bedb6b35607f501e2552640823a2da45f330b86cb6f0910c6,0,False,F_TO_F,BOTH_FAIL
q95_symmetric,EXP-010,000039,39,False,FAILURE,0.3372456431388855,350,1400,35,c9b32bb7227b408bedb6b35607f501e2552640823a2da45f330b86cb6f0910c6,0,False,F_TO_F,BOTH_FAIL
baseline,EXP-008,000040,40,False,FAILURE,0.09817558526992798,350,1400,35,e8928424c72224af5dd129ed8a068a62c49f92d75f332a77cd9406b33e749ccf,0,False,BASELINE_IDENTITY,N/A
c090_primary,EXP-009,000040,40,False,FAILURE,0.053324539214372635,350,1400,35,e8928424c72224af5dd129ed8a068a62c49f92d75f332a77cd9406b33e749ccf,0,False,F_TO_F,BOTH_FAIL
q95_symmetric,EXP-010,000040,40,False,FAILURE,0.09601343423128128,350,1400,35,e8928424c72224af5dd129ed8a068a62c49f92d75f332a77cd9406b33e749ccf,0,False,F_TO_F,BOTH_FAIL
baseline,EXP-008,000041,41,True,SUCCESS,0.029584303498268127,134,535,14,b42c782f9694424e8594ec9f0c4021bfc26dbeba774ce3b885d0bcd6153736c0,0,True,BASELINE_IDENTITY,N/A
c090_primary,EXP-009,000041,41,True,SUCCESS,0.029707524925470352,136,542,14,b42c782f9694424e8594ec9f0c4021bfc26dbeba774ce3b885d0bcd6153736c0,0,True,S_TO_S,BOTH_SUCCEED
q95_symmetric,EXP-010,000041,41,True,SUCCESS,0.029706599190831184,134,535,14,b42c782f9694424e8594ec9f0c4021bfc26dbeba774ce3b885d0bcd6153736c0,0,True,S_TO_S,BOTH_SUCCEED
baseline,EXP-008,000042,42,True,SUCCESS,0.029415573924779892,201,803,21,62af196f506a196f806ed5fc67fbc359c047a19841480a7a72366636603a53cf,0,True,BASELINE_IDENTITY,N/A
c090_primary,EXP-009,000042,42,True,SUCCESS,0.029856476932764053,202,806,21,62af196f506a196f806ed5fc67fbc359c047a19841480a7a72366636603a53cf,0,True,S_TO_S,BOTH_SUCCEED
q95_symmetric,EXP-010,000042,42,True,SUCCESS,0.029356442391872406,200,798,20,62af196f506a196f806ed5fc67fbc359c047a19841480a7a72366636603a53cf,0,True,S_TO_S,BOTH_SUCCEED
baseline,EXP-008,000043,43,True,SUCCESS,0.02999594621360302,159,636,16,726b5ccf4e8c88a032b17ed076ce7d4fbfb83525353d1ee333ffa7eec50487e0,0,True,BASELINE_IDENTITY,N/A
c090_primary,EXP-009,000043,43,True,SUCCESS,0.02982582338154316,159,636,16,726b5ccf4e8c88a032b17ed076ce7d4fbfb83525353d1ee333ffa7eec50487e0,0,True,S_TO_S,BOTH_SUCCEED
q95_symmetric,EXP-010,000043,43,True,SUCCESS,0.02959287539124489,160,638,16,726b5ccf4e8c88a032b17ed076ce7d4fbfb83525353d1ee333ffa7eec50487e0,0,True,S_TO_S,BOTH_SUCCEED
baseline,EXP-008,000044,44,True,SUCCESS,0.029922381043434143,174,694,18,8ae0d22fdb6ee010fccb94331d6d0ebd9e8fcf464610518d7d44bc9d341e52ff,0,True,BASELINE_IDENTITY,N/A
c090_primary,EXP-009,000044,44,True,SUCCESS,0.029994618147611618,175,697,18,8ae0d22fdb6ee010fccb94331d6d0ebd9e8fcf464610518d7d44bc9d341e52ff,0,True,S_TO_S,BOTH_SUCCEED
q95_symmetric,EXP-010,000044,44,True,SUCCESS,0.02947980724275112,174,696,18,8ae0d22fdb6ee010fccb94331d6d0ebd9e8fcf464610518d7d44bc9d341e52ff,0,True,S_TO_S,BOTH_SUCCEED
baseline,EXP-008,000045,45,False,FAILURE,0.1684979498386383,350,1400,35,35a2f0c7d32495821fd1ca281dacd09c48344b5a3aa89fc9cd4efe5e6ca7b94f,0,False,BASELINE_IDENTITY,N/A
c090_primary,EXP-009,000045,45,False,FAILURE,0.06497641652822495,350,1400,35,35a2f0c7d32495821fd1ca281dacd09c48344b5a3aa89fc9cd4efe5e6ca7b94f,0,False,F_TO_F,BOTH_FAIL
q95_symmetric,EXP-010,000045,45,False,FAILURE,0.0687614232301712,350,1400,35,35a2f0c7d32495821fd1ca281dacd09c48344b5a3aa89fc9cd4efe5e6ca7b94f,0,False,F_TO_F,BOTH_FAIL
baseline,EXP-008,000046,46,True,SUCCESS,0.0297309011220932,194,775,20,83c66e55b533fa4458559d11a32305b19718548f7b777334ecfe574ade4d86cd,0,True,BASELINE_IDENTITY,N/A
c090_primary,EXP-009,000046,46,True,SUCCESS,0.02984650991857052,193,769,20,83c66e55b533fa4458559d11a32305b19718548f7b777334ecfe574ade4d86cd,0,True,S_TO_S,BOTH_SUCCEED
q95_symmetric,EXP-010,000046,46,True,SUCCESS,0.029827849939465523,195,777,20,83c66e55b533fa4458559d11a32305b19718548f7b777334ecfe574ade4d86cd,0,True,S_TO_S,BOTH_SUCCEED
baseline,EXP-008,000047,47,True,SUCCESS,0.029618525877594948,156,624,16,6ea6d64abd18226e9c1d0664b4fc288d5b67202b93dfb3803b303d3398a96572,0,True,BASELINE_IDENTITY,N/A
c090_primary,EXP-009,000047,47,True,SUCCESS,0.029568471014499664,154,615,16,6ea6d64abd18226e9c1d0664b4fc288d5b67202b93dfb3803b303d3398a96572,0,True,S_TO_S,BOTH_SUCCEED
q95_symmetric,EXP-010,000047,47,True,SUCCESS,0.029956422746181488,155,620,16,6ea6d64abd18226e9c1d0664b4fc288d5b67202b93dfb3803b303d3398a96572,0,True,S_TO_S,BOTH_SUCCEED
baseline,EXP-008,000048,48,False,FAILURE,0.4365282952785492,350,1400,35,753a9ab0b7d5e9a0b2608b488fa493bfbe650872d72440e258b1986ac3018b5f,0,False,BASELINE_IDENTITY,N/A
c090_primary,EXP-009,000048,48,False,FAILURE,0.43581947684288025,350,1400,35,753a9ab0b7d5e9a0b2608b488fa493bfbe650872d72440e258b1986ac3018b5f,0,False,F_TO_F,Q95_ONLY_SUCCEEDS
q95_symmetric,EXP-010,000048,48,True,SUCCESS,0.02924908697605133,212,846,22,753a9ab0b7d5e9a0b2608b488fa493bfbe650872d72440e258b1986ac3018b5f,0,False,F_TO_S_RESCUE,Q95_ONLY_SUCCEEDS
baseline,EXP-008,000049,49,True,SUCCESS,0.029863441362977028,149,593,15,ff49fabde5656db7f4229bed8cd2d110fa3379273b7464ebd65738988a203105,0,True,BASELINE_IDENTITY,N/A
c090_primary,EXP-009,000049,49,True,SUCCESS,0.02982679381966591,147,588,15,ff49fabde5656db7f4229bed8cd2d110fa3379273b7464ebd65738988a203105,0,True,S_TO_S,BOTH_SUCCEED
q95_symmetric,EXP-010,000049,49,True,SUCCESS,0.02990049123764038,148,591,15,ff49fabde5656db7f4229bed8cd2d110fa3379273b7464ebd65738988a203105,0,True,S_TO_S,BOTH_SUCCEED
baseline,EXP-008,000050,50,True,SUCCESS,0.02940770611166954,202,806,21,bfd546749c4e2c5975f9ae1b6520680cf5ae5e79d53578e4cd24157aa3076811,0,True,BASELINE_IDENTITY,N/A
c090_primary,EXP-009,000050,50,True,SUCCESS,0.0296003594994545,202,808,21,bfd546749c4e2c5975f9ae1b6520680cf5ae5e79d53578e4cd24157aa3076811,0,True,S_TO_S,BOTH_SUCCEED
q95_symmetric,EXP-010,000050,50,True,SUCCESS,0.02932920679450035,203,809,21,bfd546749c4e2c5975f9ae1b6520680cf5ae5e79d53578e4cd24157aa3076811,0,True,S_TO_S,BOTH_SUCCEED
baseline,EXP-008,000051,51,True,SUCCESS,0.02975238487124443,165,660,17,1f407ada59ebfe6efd59fc0bead95011f45ca799f2f0ea704d52f282ebc400de,0,True,BASELINE_IDENTITY,N/A
c090_primary,EXP-009,000051,51,True,SUCCESS,0.02985590696334839,165,658,17,1f407ada59ebfe6efd59fc0bead95011f45ca799f2f0ea704d52f282ebc400de,0,True,S_TO_S,BOTH_SUCCEED
q95_symmetric,EXP-010,000051,51,True,SUCCESS,0.029901767149567604,165,658,17,1f407ada59ebfe6efd59fc0bead95011f45ca799f2f0ea704d52f282ebc400de,0,True,S_TO_S,BOTH_SUCCEED
baseline,EXP-008,000052,52,False,FAILURE,0.031189823523163795,350,1400,35,93a4fdd6427519c34e0f502e583afd9231c6af071537b457998cfcf246ace05a,0,False,BASELINE_IDENTITY,N/A
c090_primary,EXP-009,000052,52,False,FAILURE,0.04457030072808266,350,1400,35,93a4fdd6427519c34e0f502e583afd9231c6af071537b457998cfcf246ace05a,0,False,F_TO_F,Q95_ONLY_SUCCEEDS
q95_symmetric,EXP-010,000052,52,True,SUCCESS,0.02989528328180313,175,698,18,93a4fdd6427519c34e0f502e583afd9231c6af071537b457998cfcf246ace05a,0,False,F_TO_S_RESCUE,Q95_ONLY_SUCCEEDS
baseline,EXP-008,000053,53,False,FAILURE,0.40291252732276917,350,1400,35,cca05498fc76fa013f7c59de92cd954e36418cc2038c869c9a1eb49b17912349,0,False,BASELINE_IDENTITY,N/A
c090_primary,EXP-009,000053,53,False,FAILURE,0.06484175473451614,350,1400,35,cca05498fc76fa013f7c59de92cd954e36418cc2038c869c9a1eb49b17912349,0,False,F_TO_F,BOTH_FAIL
q95_symmetric,EXP-010,000053,53,False,FAILURE,0.4030587077140808,350,1400,35,cca05498fc76fa013f7c59de92cd954e36418cc2038c869c9a1eb49b17912349,0,False,F_TO_F,BOTH_FAIL
baseline,EXP-008,000054,54,False,FAILURE,0.20278692245483398,350,1400,35,2571cb6e92848c46851132d91ec705a241a6371bb3541706ec380af02457de90,0,False,BASELINE_IDENTITY,N/A
c090_primary,EXP-009,000054,54,False,FAILURE,0.2066471129655838,350,1400,35,2571cb6e92848c46851132d91ec705a241a6371bb3541706ec380af02457de90,0,False,F_TO_F,BOTH_FAIL
q95_symmetric,EXP-010,000054,54,False,FAILURE,0.20181860029697418,350,1400,35,2571cb6e92848c46851132d91ec705a241a6371bb3541706ec380af02457de90,0,False,F_TO_F,BOTH_FAIL
baseline,EXP-008,000055,55,False,FAILURE,0.03522270545363426,350,1400,35,16b7bbb14e93e8fa2126f796f86150ed9bd6d75fc1eb255bdd180d200b3108e0,0,False,BASELINE_IDENTITY,N/A
c090_primary,EXP-009,000055,55,True,SUCCESS,0.029206132516264915,165,659,17,16b7bbb14e93e8fa2126f796f86150ed9bd6d75fc1eb255bdd180d200b3108e0,0,False,F_TO_S_RESCUE,BOTH_SUCCEED
q95_symmetric,EXP-010,000055,55,True,SUCCESS,0.029258495196700096,165,657,17,16b7bbb14e93e8fa2126f796f86150ed9bd6d75fc1eb255bdd180d200b3108e0,0,False,F_TO_S_RESCUE,BOTH_SUCCEED
baseline,EXP-008,000056,56,True,SUCCESS,0.02988467551767826,142,566,15,30ad11bbdafc4cb2e957dc52b0aec1ab9ca9d8e2ab96b8d81833bea481646053,0,True,BASELINE_IDENTITY,N/A
c090_primary,EXP-009,000056,56,True,SUCCESS,0.029748963192105293,133,530,14,30ad11bbdafc4cb2e957dc52b0aec1ab9ca9d8e2ab96b8d81833bea481646053,0,True,S_TO_S,C090_ONLY_SUCCEEDS
q95_symmetric,EXP-010,000056,56,False,FAILURE,0.0763646587729454,350,1400,35,30ad11bbdafc4cb2e957dc52b0aec1ab9ca9d8e2ab96b8d81833bea481646053,0,True,S_TO_F_REGRESSION,C090_ONLY_SUCCEEDS
baseline,EXP-008,000057,57,True,SUCCESS,0.029861202463507652,168,672,17,072dc2f24dbad9f357fc7557555219afc12483091bdd1f4b67b8f65242093d66,0,True,BASELINE_IDENTITY,N/A
c090_primary,EXP-009,000057,57,True,SUCCESS,0.029285067692399025,169,675,17,072dc2f24dbad9f357fc7557555219afc12483091bdd1f4b67b8f65242093d66,0,True,S_TO_S,BOTH_SUCCEED
q95_symmetric,EXP-010,000057,57,True,SUCCESS,0.0298745296895504,169,674,17,072dc2f24dbad9f357fc7557555219afc12483091bdd1f4b67b8f65242093d66,0,True,S_TO_S,BOTH_SUCCEED
baseline,EXP-008,000058,58,False,FAILURE,0.3519473373889923,350,1400,35,64b67917c523e7999937ba8700f29aa92654d5af63a9c893400d256ab22d75e0,0,False,BASELINE_IDENTITY,N/A
c090_primary,EXP-009,000058,58,False,FAILURE,0.35079702734947205,350,1400,35,64b67917c523e7999937ba8700f29aa92654d5af63a9c893400d256ab22d75e0,0,False,F_TO_F,BOTH_FAIL
q95_symmetric,EXP-010,000058,58,False,FAILURE,0.3512633144855499,350,1400,35,64b67917c523e7999937ba8700f29aa92654d5af63a9c893400d256ab22d75e0,0,False,F_TO_F,BOTH_FAIL
baseline,EXP-008,000059,59,True,SUCCESS,0.02947469800710678,173,692,18,8b4d553385e19f41ce69272b108701e3e4138b98d1c814cad304ad376cfba218,0,True,BASELINE_IDENTITY,N/A
c090_primary,EXP-009,000059,59,True,SUCCESS,0.02945994958281517,173,689,18,8b4d553385e19f41ce69272b108701e3e4138b98d1c814cad304ad376cfba218,0,True,S_TO_S,BOTH_SUCCEED
q95_symmetric,EXP-010,000059,59,True,SUCCESS,0.029768628999590874,173,692,18,8b4d553385e19f41ce69272b108701e3e4138b98d1c814cad304ad376cfba218,0,True,S_TO_S,BOTH_SUCCEED
baseline,EXP-008,000060,60,True,SUCCESS,0.029837122187018394,125,499,13,c86df7e69f7c5cc07ed1eeb38c51d42ef150e04d462865f6ca7d840d43defef6,0,True,BASELINE_IDENTITY,N/A
c090_primary,EXP-009,000060,60,True,SUCCESS,0.029748350381851196,125,499,13,c86df7e69f7c5cc07ed1eeb38c51d42ef150e04d462865f6ca7d840d43defef6,0,True,S_TO_S,BOTH_SUCCEED
q95_symmetric,EXP-010,000060,60,True,SUCCESS,0.02963498793542385,125,500,13,c86df7e69f7c5cc07ed1eeb38c51d42ef150e04d462865f6ca7d840d43defef6,0,True,S_TO_S,BOTH_SUCCEED
baseline,EXP-008,000061,61,True,SUCCESS,0.02998162992298603,161,643,17,ea0f600e9e15217ed3b825a69665d3192ffab7f41b1ea741764aa9b25cf41fcf,0,True,BASELINE_IDENTITY,N/A
c090_primary,EXP-009,000061,61,True,SUCCESS,0.02932598814368248,160,640,16,ea0f600e9e15217ed3b825a69665d3192ffab7f41b1ea741764aa9b25cf41fcf,0,True,S_TO_S,BOTH_SUCCEED
q95_symmetric,EXP-010,000061,61,True,SUCCESS,0.029812786728143692,161,644,17,ea0f600e9e15217ed3b825a69665d3192ffab7f41b1ea741764aa9b25cf41fcf,0,True,S_TO_S,BOTH_SUCCEED
baseline,EXP-008,000062,62,True,SUCCESS,0.029668645933270454,76,303,8,21da7b2db710f3669522c6c02793364c5b480b0bdf641e333c77f85ba71d2162,0,True,BASELINE_IDENTITY,N/A
c090_primary,EXP-009,000062,62,True,SUCCESS,0.029844151809811592,76,302,8,21da7b2db710f3669522c6c02793364c5b480b0bdf641e333c77f85ba71d2162,0,True,S_TO_S,BOTH_SUCCEED
q95_symmetric,EXP-010,000062,62,True,SUCCESS,0.029523544013500214,74,294,8,21da7b2db710f3669522c6c02793364c5b480b0bdf641e333c77f85ba71d2162,0,True,S_TO_S,BOTH_SUCCEED
baseline,EXP-008,000063,63,True,SUCCESS,0.02977858856320381,156,624,16,98be48cebdaf0b9202856f5c3ffcc673b9fe6cfe29df7645881e3f8396c102b4,0,True,BASELINE_IDENTITY,N/A
c090_primary,EXP-009,000063,63,False,FAILURE,0.30658140778541565,350,1400,35,98be48cebdaf0b9202856f5c3ffcc673b9fe6cfe29df7645881e3f8396c102b4,0,True,S_TO_F_REGRESSION,Q95_ONLY_SUCCEEDS
q95_symmetric,EXP-010,000063,63,True,SUCCESS,0.02960265427827835,157,627,16,98be48cebdaf0b9202856f5c3ffcc673b9fe6cfe29df7645881e3f8396c102b4,0,True,S_TO_S,Q95_ONLY_SUCCEEDS
baseline,EXP-008,000064,64,True,SUCCESS,0.029576418921351433,128,511,13,5af927ef1b49d1e340f2b93ef7ef24ecc6fe1a587fff791fb904cb0d81393cf3,0,True,BASELINE_IDENTITY,N/A
c090_primary,EXP-009,000064,64,True,SUCCESS,0.029371151700615883,127,508,13,5af927ef1b49d1e340f2b93ef7ef24ecc6fe1a587fff791fb904cb0d81393cf3,0,True,S_TO_S,BOTH_SUCCEED
q95_symmetric,EXP-010,000064,64,True,SUCCESS,0.029675684869289398,127,508,13,5af927ef1b49d1e340f2b93ef7ef24ecc6fe1a587fff791fb904cb0d81393cf3,0,True,S_TO_S,BOTH_SUCCEED
baseline,EXP-008,000065,65,False,FAILURE,0.053059160709381104,350,1400,35,4194d1575fdc7837ce763d4175645522a63beb2355c8734451e56c3848aea2dd,0,False,BASELINE_IDENTITY,N/A
c090_primary,EXP-009,000065,65,False,FAILURE,0.06049647182226181,350,1400,35,4194d1575fdc7837ce763d4175645522a63beb2355c8734451e56c3848aea2dd,0,False,F_TO_F,BOTH_FAIL
q95_symmetric,EXP-010,000065,65,False,FAILURE,0.06577168405056,350,1400,35,4194d1575fdc7837ce763d4175645522a63beb2355c8734451e56c3848aea2dd,0,False,F_TO_F,BOTH_FAIL
baseline,EXP-008,000066,66,False,FAILURE,0.045305658131837845,350,1400,35,67fcfe8f5acd1d87957260ac71258d515e2acf559f7d7e708395baf8744ec408,0,False,BASELINE_IDENTITY,N/A
c090_primary,EXP-009,000066,66,False,FAILURE,0.06062023714184761,350,1400,35,67fcfe8f5acd1d87957260ac71258d515e2acf559f7d7e708395baf8744ec408,0,False,F_TO_F,BOTH_FAIL
q95_symmetric,EXP-010,000066,66,False,FAILURE,0.044241152703762054,350,1400,35,67fcfe8f5acd1d87957260ac71258d515e2acf559f7d7e708395baf8744ec408,0,False,F_TO_F,BOTH_FAIL
baseline,EXP-008,000067,67,False,FAILURE,0.11794593930244446,350,1400,35,5a8fd4c4f30c0dee8bc5f6c7268f446807423a29898f884856ec07620dbafdd5,0,False,BASELINE_IDENTITY,N/A
c090_primary,EXP-009,000067,67,False,FAILURE,0.36894768476486206,350,1400,35,5a8fd4c4f30c0dee8bc5f6c7268f446807423a29898f884856ec07620dbafdd5,0,False,F_TO_F,BOTH_FAIL
q95_symmetric,EXP-010,000067,67,False,FAILURE,0.12965762615203857,350,1400,35,5a8fd4c4f30c0dee8bc5f6c7268f446807423a29898f884856ec07620dbafdd5,0,False,F_TO_F,BOTH_FAIL
baseline,EXP-008,000068,68,False,FAILURE,0.07343928515911102,350,1400,35,43626e3275949145d127ae3d8237d091976d57bd060c4c19d4501c720c178f48,0,False,BASELINE_IDENTITY,N/A
c090_primary,EXP-009,000068,68,False,FAILURE,0.07186269015073776,350,1400,35,43626e3275949145d127ae3d8237d091976d57bd060c4c19d4501c720c178f48,0,False,F_TO_F,BOTH_FAIL
q95_symmetric,EXP-010,000068,68,False,FAILURE,0.07580509781837463,350,1400,35,43626e3275949145d127ae3d8237d091976d57bd060c4c19d4501c720c178f48,0,False,F_TO_F,BOTH_FAIL
baseline,EXP-008,000069,69,False,FAILURE,0.042346805334091187,350,1400,35,2164be33a5b37843edc6e1832ed8bad783064b06631b92cf64e771851c7fff6b,0,False,BASELINE_IDENTITY,N/A
c090_primary,EXP-009,000069,69,False,FAILURE,0.04700072482228279,350,1400,35,2164be33a5b37843edc6e1832ed8bad783064b06631b92cf64e771851c7fff6b,0,False,F_TO_F,BOTH_FAIL
q95_symmetric,EXP-010,000069,69,False,FAILURE,0.04568638652563095,350,1400,35,2164be33a5b37843edc6e1832ed8bad783064b06631b92cf64e771851c7fff6b,0,False,F_TO_F,BOTH_FAIL
baseline,EXP-008,000070,70,True,SUCCESS,0.029776262119412422,172,686,18,a01175656490cd6a7b747aaf4d65a00e59d4e30327b6c57ba27b54c91008bf4a,0,True,BASELINE_IDENTITY,N/A
c090_primary,EXP-009,000070,70,True,SUCCESS,0.029194757342338562,173,692,18,a01175656490cd6a7b747aaf4d65a00e59d4e30327b6c57ba27b54c91008bf4a,0,True,S_TO_S,BOTH_SUCCEED
q95_symmetric,EXP-010,000070,70,True,SUCCESS,0.029566263779997826,171,683,18,a01175656490cd6a7b747aaf4d65a00e59d4e30327b6c57ba27b54c91008bf4a,0,True,S_TO_S,BOTH_SUCCEED
baseline,EXP-008,000071,71,False,FAILURE,0.18250873684883118,350,1400,35,80ae5c45d866f8baacadd99d93d6b5dca22beef16d799e5a8c6bf35b66d6d1e1,0,False,BASELINE_IDENTITY,N/A
c090_primary,EXP-009,000071,71,False,FAILURE,0.14808298647403717,350,1400,35,80ae5c45d866f8baacadd99d93d6b5dca22beef16d799e5a8c6bf35b66d6d1e1,0,False,F_TO_F,BOTH_FAIL
q95_symmetric,EXP-010,000071,71,False,FAILURE,0.1528412252664566,350,1400,35,80ae5c45d866f8baacadd99d93d6b5dca22beef16d799e5a8c6bf35b66d6d1e1,0,False,F_TO_F,BOTH_FAIL
baseline,EXP-008,000072,72,False,FAILURE,0.2859717309474945,350,1400,35,6f065550fa0ed4d436e516b690492b74c28e15455bf2bc37860622cd437d085b,0,False,BASELINE_IDENTITY,N/A
c090_primary,EXP-009,000072,72,True,SUCCESS,0.029559528455138206,183,730,19,6f065550fa0ed4d436e516b690492b74c28e15455bf2bc37860622cd437d085b,0,False,F_TO_S_RESCUE,C090_ONLY_SUCCEEDS
q95_symmetric,EXP-010,000072,72,False,FAILURE,0.21428361535072327,350,1400,35,6f065550fa0ed4d436e516b690492b74c28e15455bf2bc37860622cd437d085b,0,False,F_TO_F,C090_ONLY_SUCCEEDS
baseline,EXP-008,000073,73,False,FAILURE,0.2241497039794922,350,1400,35,6743bd8d261bbc00215d836a505d83dd5fbce13cde9a2a6c04d41ab0bed05e60,0,False,BASELINE_IDENTITY,N/A
c090_primary,EXP-009,000073,73,False,FAILURE,0.22489392757415771,350,1400,35,6743bd8d261bbc00215d836a505d83dd5fbce13cde9a2a6c04d41ab0bed05e60,0,False,F_TO_F,BOTH_FAIL
q95_symmetric,EXP-010,000073,73,False,FAILURE,0.2216050922870636,350,1400,35,6743bd8d261bbc00215d836a505d83dd5fbce13cde9a2a6c04d41ab0bed05e60,0,False,F_TO_F,BOTH_FAIL
baseline,EXP-008,000074,74,False,FAILURE,0.25834575295448303,350,1400,35,1bf4020a262cd09d500796db9238eeae00921aa3409181724e90be9ee8cff1b0,0,False,BASELINE_IDENTITY,N/A
c090_primary,EXP-009,000074,74,False,FAILURE,0.25792840123176575,350,1400,35,1bf4020a262cd09d500796db9238eeae00921aa3409181724e90be9ee8cff1b0,0,False,F_TO_F,BOTH_FAIL
q95_symmetric,EXP-010,000074,74,False,FAILURE,0.2592350244522095,350,1400,35,1bf4020a262cd09d500796db9238eeae00921aa3409181724e90be9ee8cff1b0,0,False,F_TO_F,BOTH_FAIL
baseline,EXP-008,000075,75,False,FAILURE,0.29941797256469727,350,1400,35,d809cecd069d8fede8f8eedd3818bf1e0f28c33425bb085e36052199aa5dc954,0,False,BASELINE_IDENTITY,N/A
c090_primary,EXP-009,000075,75,False,FAILURE,0.2902061343193054,350,1400,35,d809cecd069d8fede8f8eedd3818bf1e0f28c33425bb085e36052199aa5dc954,0,False,F_TO_F,BOTH_FAIL
q95_symmetric,EXP-010,000075,75,False,FAILURE,0.3024747967720032,350,1400,35,d809cecd069d8fede8f8eedd3818bf1e0f28c33425bb085e36052199aa5dc954,0,False,F_TO_F,BOTH_FAIL
baseline,EXP-008,000076,76,False,FAILURE,0.26886963844299316,350,1400,35,242fef8b215f8abd8383ab54f7da250e5ff31e05b171a23399cd0d877cc2c71a,0,False,BASELINE_IDENTITY,N/A
c090_primary,EXP-009,000076,76,False,FAILURE,0.2733207046985626,350,1400,35,242fef8b215f8abd8383ab54f7da250e5ff31e05b171a23399cd0d877cc2c71a,0,False,F_TO_F,BOTH_FAIL
q95_symmetric,EXP-010,000076,76,False,FAILURE,0.26703569293022156,350,1400,35,242fef8b215f8abd8383ab54f7da250e5ff31e05b171a23399cd0d877cc2c71a,0,False,F_TO_F,BOTH_FAIL
baseline,EXP-008,000077,77,False,FAILURE,0.3463747501373291,350,1400,35,9c056fbc5400deeed85610772e284c54938b414e6a6c9bf6956a39ba5106425d,0,False,BASELINE_IDENTITY,N/A
c090_primary,EXP-009,000077,77,False,FAILURE,0.34686559438705444,350,1400,35,9c056fbc5400deeed85610772e284c54938b414e6a6c9bf6956a39ba5106425d,0,False,F_TO_F,BOTH_FAIL
q95_symmetric,EXP-010,000077,77,False,FAILURE,0.3464958071708679,350,1400,35,9c056fbc5400deeed85610772e284c54938b414e6a6c9bf6956a39ba5106425d,0,False,F_TO_F,BOTH_FAIL
baseline,EXP-008,000078,78,False,FAILURE,0.3186628520488739,350,1400,35,e03d2b3b1503e669cfbda868388cc783a784f70971b69dd3dd63469aa455bfe9,0,False,BASELINE_IDENTITY,N/A
c090_primary,EXP-009,000078,78,False,FAILURE,0.318660169839859,350,1400,35,e03d2b3b1503e669cfbda868388cc783a784f70971b69dd3dd63469aa455bfe9,0,False,F_TO_F,BOTH_FAIL
q95_symmetric,EXP-010,000078,78,False,FAILURE,0.31856751441955566,350,1400,35,e03d2b3b1503e669cfbda868388cc783a784f70971b69dd3dd63469aa455bfe9,0,False,F_TO_F,BOTH_FAIL
baseline,EXP-008,000079,79,False,FAILURE,0.16706225275993347,350,1400,35,c9e3130820eccc8a5a262c671a43cc0b3b9218633de38740913845e6dfe48120,0,False,BASELINE_IDENTITY,N/A
c090_primary,EXP-009,000079,79,False,FAILURE,0.15721487998962402,350,1400,35,c9e3130820eccc8a5a262c671a43cc0b3b9218633de38740913845e6dfe48120,0,False,F_TO_F,BOTH_FAIL
q95_symmetric,EXP-010,000079,79,False,FAILURE,0.1735209822654724,350,1400,35,c9e3130820eccc8a5a262c671a43cc0b3b9218633de38740913845e6dfe48120,0,False,F_TO_F,BOTH_FAIL
baseline,EXP-008,000080,80,False,FAILURE,0.33435195684432983,350,1400,35,113569f228be6974ef43d9083ab1026516fe8835745a20fe7eb0f68fd671e3a6,0,False,BASELINE_IDENTITY,N/A
c090_primary,EXP-009,000080,80,False,FAILURE,0.3353853225708008,350,1400,35,113569f228be6974ef43d9083ab1026516fe8835745a20fe7eb0f68fd671e3a6,0,False,F_TO_F,BOTH_FAIL
q95_symmetric,EXP-010,000080,80,False,FAILURE,0.33553069829940796,350,1400,35,113569f228be6974ef43d9083ab1026516fe8835745a20fe7eb0f68fd671e3a6,0,False,F_TO_F,BOTH_FAIL
baseline,EXP-008,000081,81,True,SUCCESS,0.029903102666139603,84,336,9,538d3085e4f07703af082112097ed0ea065a1f6ee46ca98d48ba6931b77b995c,0,True,BASELINE_IDENTITY,N/A
c090_primary,EXP-009,000081,81,True,SUCCESS,0.029779115691781044,84,335,9,538d3085e4f07703af082112097ed0ea065a1f6ee46ca98d48ba6931b77b995c,0,True,S_TO_S,BOTH_SUCCEED
q95_symmetric,EXP-010,000081,81,True,SUCCESS,0.029565611854195595,86,341,9,538d3085e4f07703af082112097ed0ea065a1f6ee46ca98d48ba6931b77b995c,0,True,S_TO_S,BOTH_SUCCEED
baseline,EXP-008,000082,82,False,FAILURE,0.032702215015888214,350,1400,35,49b540ddecb70e2894f1865c373a71d831e3ed1b6ec09112047efaaa3f8bbf15,0,False,BASELINE_IDENTITY,N/A
c090_primary,EXP-009,000082,82,True,SUCCESS,0.02984720841050148,192,767,20,49b540ddecb70e2894f1865c373a71d831e3ed1b6ec09112047efaaa3f8bbf15,0,False,F_TO_S_RESCUE,BOTH_SUCCEED
q95_symmetric,EXP-010,000082,82,True,SUCCESS,0.029800619930028915,194,773,20,49b540ddecb70e2894f1865c373a71d831e3ed1b6ec09112047efaaa3f8bbf15,0,False,F_TO_S_RESCUE,BOTH_SUCCEED
baseline,EXP-008,000083,83,True,SUCCESS,0.02978685311973095,169,675,17,f4edcdb7c7a01cf9258cabf18d7953c8b8604d72911c2c2600eefe19b569941b,0,True,BASELINE_IDENTITY,N/A
c090_primary,EXP-009,000083,83,True,SUCCESS,0.029985912144184113,170,680,17,f4edcdb7c7a01cf9258cabf18d7953c8b8604d72911c2c2600eefe19b569941b,0,True,S_TO_S,BOTH_SUCCEED
q95_symmetric,EXP-010,000083,83,True,SUCCESS,0.02975360117852688,171,683,18,f4edcdb7c7a01cf9258cabf18d7953c8b8604d72911c2c2600eefe19b569941b,0,True,S_TO_S,BOTH_SUCCEED
baseline,EXP-008,000084,84,False,FAILURE,0.16629865765571594,350,1400,35,a2067089da90d9830eda3ff446162610b5052d5236585dc0f41d45c162feb512,0,False,BASELINE_IDENTITY,N/A
c090_primary,EXP-009,000084,84,False,FAILURE,0.12054625153541565,350,1400,35,a2067089da90d9830eda3ff446162610b5052d5236585dc0f41d45c162feb512,0,False,F_TO_F,BOTH_FAIL
q95_symmetric,EXP-010,000084,84,False,FAILURE,0.20529748499393463,350,1400,35,a2067089da90d9830eda3ff446162610b5052d5236585dc0f41d45c162feb512,0,False,F_TO_F,BOTH_FAIL
baseline,EXP-008,000085,85,False,FAILURE,0.08483058214187622,350,1400,35,e5de2baf82e6242ec41fdbe3702ddeb46d84b1810969e9d553089821e400e524,0,False,BASELINE_IDENTITY,N/A
c090_primary,EXP-009,000085,85,False,FAILURE,0.06337165087461472,350,1400,35,e5de2baf82e6242ec41fdbe3702ddeb46d84b1810969e9d553089821e400e524,0,False,F_TO_F,BOTH_FAIL
q95_symmetric,EXP-010,000085,85,False,FAILURE,0.06929618865251541,350,1400,35,e5de2baf82e6242ec41fdbe3702ddeb46d84b1810969e9d553089821e400e524,0,False,F_TO_F,BOTH_FAIL
baseline,EXP-008,000086,86,True,SUCCESS,0.02932053618133068,163,652,17,68308ba0863778991104990b11f329daf32a352e0a556e50275c64b25a36d2db,0,True,BASELINE_IDENTITY,N/A
c090_primary,EXP-009,000086,86,True,SUCCESS,0.029345402494072914,164,654,17,68308ba0863778991104990b11f329daf32a352e0a556e50275c64b25a36d2db,0,True,S_TO_S,BOTH_SUCCEED
q95_symmetric,EXP-010,000086,86,True,SUCCESS,0.029514744877815247,164,653,17,68308ba0863778991104990b11f329daf32a352e0a556e50275c64b25a36d2db,0,True,S_TO_S,BOTH_SUCCEED
baseline,EXP-008,000087,87,True,SUCCESS,0.02976970560848713,166,662,17,fc4d17acb2f7da026885d76e406d96f37ce2582e1aa382a6d5f52bbe0c8287d2,0,True,BASELINE_IDENTITY,N/A
c090_primary,EXP-009,000087,87,True,SUCCESS,0.029390903189778328,166,663,17,fc4d17acb2f7da026885d76e406d96f37ce2582e1aa382a6d5f52bbe0c8287d2,0,True,S_TO_S,BOTH_SUCCEED
q95_symmetric,EXP-010,000087,87,True,SUCCESS,0.029486799612641335,167,665,17,fc4d17acb2f7da026885d76e406d96f37ce2582e1aa382a6d5f52bbe0c8287d2,0,True,S_TO_S,BOTH_SUCCEED
baseline,EXP-008,000088,88,False,FAILURE,0.09063589572906494,350,1400,35,6c2a452b34acc1253cbb7da2f57e898e9ccf7bc77fb3556dde4251ce18968a9c,0,False,BASELINE_IDENTITY,N/A
c090_primary,EXP-009,000088,88,False,FAILURE,0.03392629325389862,350,1400,35,6c2a452b34acc1253cbb7da2f57e898e9ccf7bc77fb3556dde4251ce18968a9c,0,False,F_TO_F,BOTH_FAIL
q95_symmetric,EXP-010,000088,88,False,FAILURE,0.13201920688152313,350,1400,35,6c2a452b34acc1253cbb7da2f57e898e9ccf7bc77fb3556dde4251ce18968a9c,0,False,F_TO_F,BOTH_FAIL
baseline,EXP-008,000089,89,True,SUCCESS,0.029945863410830498,159,633,16,04286c853b970710f5979a343ac19d21a726f32f5845e1576a639af2c2f38bb8,0,True,BASELINE_IDENTITY,N/A
c090_primary,EXP-009,000089,89,True,SUCCESS,0.029730631038546562,157,625,16,04286c853b970710f5979a343ac19d21a726f32f5845e1576a639af2c2f38bb8,0,True,S_TO_S,BOTH_SUCCEED
q95_symmetric,EXP-010,000089,89,True,SUCCESS,0.029942624270915985,156,623,16,04286c853b970710f5979a343ac19d21a726f32f5845e1576a639af2c2f38bb8,0,True,S_TO_S,BOTH_SUCCEED
baseline,EXP-008,000090,90,True,SUCCESS,0.02962581440806389,140,558,14,be2d9dcb4919dccdabfbacfc561a600502dfc040574baa2f522e232755aa6316,0,True,BASELINE_IDENTITY,N/A
c090_primary,EXP-009,000090,90,True,SUCCESS,0.02983943745493889,140,559,14,be2d9dcb4919dccdabfbacfc561a600502dfc040574baa2f522e232755aa6316,0,True,S_TO_S,BOTH_SUCCEED
q95_symmetric,EXP-010,000090,90,True,SUCCESS,0.029995204880833626,137,546,14,be2d9dcb4919dccdabfbacfc561a600502dfc040574baa2f522e232755aa6316,0,True,S_TO_S,BOTH_SUCCEED
baseline,EXP-008,000091,91,True,SUCCESS,0.029462803155183792,197,788,20,d9b17f9509305434db27c70db515a52da5439f495ac92b1f428d1bf4f1d22658,0,True,BASELINE_IDENTITY,N/A
c090_primary,EXP-009,000091,91,True,SUCCESS,0.029869165271520615,197,788,20,d9b17f9509305434db27c70db515a52da5439f495ac92b1f428d1bf4f1d22658,0,True,S_TO_S,BOTH_SUCCEED
q95_symmetric,EXP-010,000091,91,True,SUCCESS,0.029281871393322945,198,789,20,d9b17f9509305434db27c70db515a52da5439f495ac92b1f428d1bf4f1d22658,0,True,S_TO_S,BOTH_SUCCEED
baseline,EXP-008,000092,92,False,FAILURE,0.06892850995063782,350,1400,35,13ffd24205b7e0c46a5310d03fb97b3e7143dd477018800b834d4692fc0f4728,0,False,BASELINE_IDENTITY,N/A
c090_primary,EXP-009,000092,92,True,SUCCESS,0.029903866350650787,160,638,16,13ffd24205b7e0c46a5310d03fb97b3e7143dd477018800b834d4692fc0f4728,0,False,F_TO_S_RESCUE,C090_ONLY_SUCCEEDS
q95_symmetric,EXP-010,000092,92,False,FAILURE,0.07380584627389908,350,1400,35,13ffd24205b7e0c46a5310d03fb97b3e7143dd477018800b834d4692fc0f4728,0,False,F_TO_F,C090_ONLY_SUCCEEDS
baseline,EXP-008,000093,93,True,SUCCESS,0.02989133633673191,188,751,19,9b2a3d779f39a93adc79a7a068379b972423fa7f1de3a0965aa2a8dda781ea42,0,True,BASELINE_IDENTITY,N/A
c090_primary,EXP-009,000093,93,True,SUCCESS,0.02964373305439949,189,753,19,9b2a3d779f39a93adc79a7a068379b972423fa7f1de3a0965aa2a8dda781ea42,0,True,S_TO_S,BOTH_SUCCEED
q95_symmetric,EXP-010,000093,93,True,SUCCESS,0.029958834871649742,189,754,19,9b2a3d779f39a93adc79a7a068379b972423fa7f1de3a0965aa2a8dda781ea42,0,True,S_TO_S,BOTH_SUCCEED
baseline,EXP-008,000094,94,True,SUCCESS,0.029894143342971802,165,660,17,9376453a569243e7ea2d6af4909393c7aa8342a25a74c5e0e93ede4f942e2406,0,True,BASELINE_IDENTITY,N/A
c090_primary,EXP-009,000094,94,True,SUCCESS,0.029590340331196785,166,661,17,9376453a569243e7ea2d6af4909393c7aa8342a25a74c5e0e93ede4f942e2406,0,True,S_TO_S,BOTH_SUCCEED
q95_symmetric,EXP-010,000094,94,True,SUCCESS,0.029348861426115036,166,663,17,9376453a569243e7ea2d6af4909393c7aa8342a25a74c5e0e93ede4f942e2406,0,True,S_TO_S,BOTH_SUCCEED
baseline,EXP-008,000095,95,False,FAILURE,0.046763595193624496,350,1400,35,eec59c03d46d78348b0291eef7d32dd24ac71a2ee83a1ce07bf614d07230dcaf,0,False,BASELINE_IDENTITY,N/A
c090_primary,EXP-009,000095,95,False,FAILURE,0.05064774304628372,350,1400,35,eec59c03d46d78348b0291eef7d32dd24ac71a2ee83a1ce07bf614d07230dcaf,0,False,F_TO_F,BOTH_FAIL
q95_symmetric,EXP-010,000095,95,False,FAILURE,0.045995451509952545,350,1400,35,eec59c03d46d78348b0291eef7d32dd24ac71a2ee83a1ce07bf614d07230dcaf,0,False,F_TO_F,BOTH_FAIL
baseline,EXP-008,000096,96,True,SUCCESS,0.029674310237169266,109,433,11,63f3dd822ef8032c8742f4b4c688bde723ce31558a2da789e0e18e6f5ac5ef2e,0,True,BASELINE_IDENTITY,N/A
c090_primary,EXP-009,000096,96,True,SUCCESS,0.029554815962910652,108,431,11,63f3dd822ef8032c8742f4b4c688bde723ce31558a2da789e0e18e6f5ac5ef2e,0,True,S_TO_S,BOTH_SUCCEED
q95_symmetric,EXP-010,000096,96,True,SUCCESS,0.029809530824422836,108,430,11,63f3dd822ef8032c8742f4b4c688bde723ce31558a2da789e0e18e6f5ac5ef2e,0,True,S_TO_S,BOTH_SUCCEED
baseline,EXP-008,000097,97,False,FAILURE,0.1794288009405136,350,1400,35,dc6ec95093d58f33b54a7ecf720d85079780a464e563fd199d445801376a359e,0,False,BASELINE_IDENTITY,N/A
c090_primary,EXP-009,000097,97,False,FAILURE,0.15346048772335052,350,1400,35,dc6ec95093d58f33b54a7ecf720d85079780a464e563fd199d445801376a359e,0,False,F_TO_F,BOTH_FAIL
q95_symmetric,EXP-010,000097,97,False,FAILURE,0.18348614871501923,350,1400,35,dc6ec95093d58f33b54a7ecf720d85079780a464e563fd199d445801376a359e,0,False,F_TO_F,BOTH_FAIL
baseline,EXP-008,000098,98,False,FAILURE,0.4400968849658966,350,1400,35,062438c95df10c6af7043c230e12ab1afd83b519f01560a0ccb5626e0053ca2e,0,False,BASELINE_IDENTITY,N/A
c090_primary,EXP-009,000098,98,False,FAILURE,0.44076675176620483,350,1400,35,062438c95df10c6af7043c230e12ab1afd83b519f01560a0ccb5626e0053ca2e,0,False,F_TO_F,BOTH_FAIL
q95_symmetric,EXP-010,000098,98,False,FAILURE,0.4402771294116974,350,1400,35,062438c95df10c6af7043c230e12ab1afd83b519f01560a0ccb5626e0053ca2e,0,False,F_TO_F,BOTH_FAIL
baseline,EXP-008,000099,99,False,FAILURE,0.1896696537733078,350,1400,35,6562042c3ed9d9927ad06144732ddba0c1429d61786e8006b1e1c1f0a110cdc3,0,False,BASELINE_IDENTITY,N/A
c090_primary,EXP-009,000099,99,False,FAILURE,0.1999090164899826,350,1400,35,6562042c3ed9d9927ad06144732ddba0c1429d61786e8006b1e1c1f0a110cdc3,0,False,F_TO_F,BOTH_FAIL
q95_symmetric,EXP-010,000099,99,False,FAILURE,0.1846458911895752,350,1400,35,6562042c3ed9d9927ad06144732ddba0c1429d61786e8006b1e1c1f0a110cdc3,0,False,F_TO_F,BOTH_FAIL
baseline,EXP-008,000100,100,False,FAILURE,0.325239360332489,350,1400,35,5c66352ade02280eebd01b77357d092eaae9dd54964c215bfcaa18ff55f809b5,0,False,BASELINE_IDENTITY,N/A
c090_primary,EXP-009,000100,100,False,FAILURE,0.3361876904964447,350,1400,35,5c66352ade02280eebd01b77357d092eaae9dd54964c215bfcaa18ff55f809b5,0,False,F_TO_F,BOTH_FAIL
q95_symmetric,EXP-010,000100,100,False,FAILURE,0.33396250009536743,350,1400,35,5c66352ade02280eebd01b77357d092eaae9dd54964c215bfcaa18ff55f809b5,0,False,F_TO_F,BOTH_FAIL
baseline,EXP-008,000101,101,False,FAILURE,0.049557942897081375,350,1400,35,72b428fc59215e8f510bfc569a62cd3758f71129b1bcb5a0f9d2ba35148c6aa9,0,False,BASELINE_IDENTITY,N/A
c090_primary,EXP-009,000101,101,True,SUCCESS,0.029778292402625084,125,498,13,72b428fc59215e8f510bfc569a62cd3758f71129b1bcb5a0f9d2ba35148c6aa9,0,False,F_TO_S_RESCUE,C090_ONLY_SUCCEEDS
q95_symmetric,EXP-010,000101,101,False,FAILURE,0.030430803075432777,350,1400,35,72b428fc59215e8f510bfc569a62cd3758f71129b1bcb5a0f9d2ba35148c6aa9,0,False,F_TO_F,C090_ONLY_SUCCEEDS
baseline,EXP-008,000102,102,True,SUCCESS,0.02967127412557602,170,678,17,d6b12a9f4375ef14cb00d8de0029ed9e3bd13bdecaa3da2490f01509b3dbc31b,0,True,BASELINE_IDENTITY,N/A
c090_primary,EXP-009,000102,102,False,FAILURE,0.032086245715618134,350,1400,35,d6b12a9f4375ef14cb00d8de0029ed9e3bd13bdecaa3da2490f01509b3dbc31b,0,True,S_TO_F_REGRESSION,BOTH_FAIL
q95_symmetric,EXP-010,000102,102,False,FAILURE,0.032459557056427,350,1400,35,d6b12a9f4375ef14cb00d8de0029ed9e3bd13bdecaa3da2490f01509b3dbc31b,0,True,S_TO_F_REGRESSION,BOTH_FAIL
baseline,EXP-008,000103,103,True,SUCCESS,0.029967250302433968,159,636,16,cec77e39ba56edead2f6e623df08963e5705ddcb6450fe5c66a718c53a29bf0d,0,True,BASELINE_IDENTITY,N/A
c090_primary,EXP-009,000103,103,True,SUCCESS,0.029771756380796432,159,635,16,cec77e39ba56edead2f6e623df08963e5705ddcb6450fe5c66a718c53a29bf0d,0,True,S_TO_S,BOTH_SUCCEED
q95_symmetric,EXP-010,000103,103,True,SUCCESS,0.029413927346467972,160,638,16,cec77e39ba56edead2f6e623df08963e5705ddcb6450fe5c66a718c53a29bf0d,0,True,S_TO_S,BOTH_SUCCEED
baseline,EXP-008,000104,104,True,SUCCESS,0.029932182282209396,122,485,13,d7fb751b1f9e5bff7185261ae299e2ee85f848add4240813972a67e348f62f8f,0,True,BASELINE_IDENTITY,N/A
c090_primary,EXP-009,000104,104,True,SUCCESS,0.029988519847393036,119,475,12,d7fb751b1f9e5bff7185261ae299e2ee85f848add4240813972a67e348f62f8f,0,True,S_TO_S,BOTH_SUCCEED
q95_symmetric,EXP-010,000104,104,True,SUCCESS,0.029506782069802284,120,478,12,d7fb751b1f9e5bff7185261ae299e2ee85f848add4240813972a67e348f62f8f,0,True,S_TO_S,BOTH_SUCCEED
baseline,EXP-008,000105,105,False,FAILURE,0.26954537630081177,350,1400,35,1362e442825ebe0a4c6bfbad42f9550b8b8aafa7016dfd98e014b0380d945d17,0,False,BASELINE_IDENTITY,N/A
c090_primary,EXP-009,000105,105,False,FAILURE,0.2702999711036682,350,1400,35,1362e442825ebe0a4c6bfbad42f9550b8b8aafa7016dfd98e014b0380d945d17,0,False,F_TO_F,BOTH_FAIL
q95_symmetric,EXP-010,000105,105,False,FAILURE,0.04976304993033409,350,1400,35,1362e442825ebe0a4c6bfbad42f9550b8b8aafa7016dfd98e014b0380d945d17,0,False,F_TO_F,BOTH_FAIL
baseline,EXP-008,000106,106,False,FAILURE,0.07994097471237183,350,1400,35,86c93456e701d22a59c429827c525ff55aef13f9c51948fe213791dd41b7d2d9,0,False,BASELINE_IDENTITY,N/A
c090_primary,EXP-009,000106,106,False,FAILURE,0.07973495870828629,350,1400,35,86c93456e701d22a59c429827c525ff55aef13f9c51948fe213791dd41b7d2d9,0,False,F_TO_F,BOTH_FAIL
q95_symmetric,EXP-010,000106,106,False,FAILURE,0.0802454799413681,350,1400,35,86c93456e701d22a59c429827c525ff55aef13f9c51948fe213791dd41b7d2d9,0,False,F_TO_F,BOTH_FAIL
baseline,EXP-008,000107,107,True,SUCCESS,0.029514480382204056,174,693,18,c2357e6ffa1857e3cd3fc4d4702f2815e3fb39f4c5e90336d1f2d7949f54d5ed,0,True,BASELINE_IDENTITY,N/A
c090_primary,EXP-009,000107,107,False,FAILURE,0.3758607804775238,350,1400,35,c2357e6ffa1857e3cd3fc4d4702f2815e3fb39f4c5e90336d1f2d7949f54d5ed,0,True,S_TO_F_REGRESSION,BOTH_FAIL
q95_symmetric,EXP-010,000107,107,False,FAILURE,0.37661418318748474,350,1400,35,c2357e6ffa1857e3cd3fc4d4702f2815e3fb39f4c5e90336d1f2d7949f54d5ed,0,True,S_TO_F_REGRESSION,BOTH_FAIL
baseline,EXP-008,000108,108,True,SUCCESS,0.029531020671129227,189,753,19,eda452e8ff75ab1d990baf5929830b19abbbc556c3f56b5f81db49648b1e7b08,0,True,BASELINE_IDENTITY,N/A
c090_primary,EXP-009,000108,108,True,SUCCESS,0.02981785126030445,187,746,19,eda452e8ff75ab1d990baf5929830b19abbbc556c3f56b5f81db49648b1e7b08,0,True,S_TO_S,BOTH_SUCCEED
q95_symmetric,EXP-010,000108,108,True,SUCCESS,0.029573405161499977,186,744,19,eda452e8ff75ab1d990baf5929830b19abbbc556c3f56b5f81db49648b1e7b08,0,True,S_TO_S,BOTH_SUCCEED
baseline,EXP-008,000109,109,False,FAILURE,0.23764894902706146,350,1400,35,a845580d3a1d4adcf110a0950911b7d94db5fb722d6a37b3c4a44cca35529507,0,False,BASELINE_IDENTITY,N/A
c090_primary,EXP-009,000109,109,False,FAILURE,0.2321007251739502,350,1400,35,a845580d3a1d4adcf110a0950911b7d94db5fb722d6a37b3c4a44cca35529507,0,False,F_TO_F,BOTH_FAIL
q95_symmetric,EXP-010,000109,109,False,FAILURE,0.23756857216358185,350,1400,35,a845580d3a1d4adcf110a0950911b7d94db5fb722d6a37b3c4a44cca35529507,0,False,F_TO_F,BOTH_FAIL
baseline,EXP-008,000110,110,False,FAILURE,0.33756113052368164,350,1400,35,42f2c648f2d8efd56a691d0240ac3b425634da472f13a2bb772eb4ab436ba72a,0,False,BASELINE_IDENTITY,N/A
c090_primary,EXP-009,000110,110,False,FAILURE,0.34131109714508057,350,1400,35,42f2c648f2d8efd56a691d0240ac3b425634da472f13a2bb772eb4ab436ba72a,0,False,F_TO_F,BOTH_FAIL
q95_symmetric,EXP-010,000110,110,False,FAILURE,0.3271121382713318,350,1400,35,42f2c648f2d8efd56a691d0240ac3b425634da472f13a2bb772eb4ab436ba72a,0,False,F_TO_F,BOTH_FAIL
baseline,EXP-008,000111,111,False,FAILURE,0.3025306165218353,350,1400,35,530415488b88dd7e320598b152356fb2a9068de64dd03be803643920c8f65ba6,0,False,BASELINE_IDENTITY,N/A
c090_primary,EXP-009,000111,111,False,FAILURE,0.30254679918289185,350,1400,35,530415488b88dd7e320598b152356fb2a9068de64dd03be803643920c8f65ba6,0,False,F_TO_F,BOTH_FAIL
q95_symmetric,EXP-010,000111,111,False,FAILURE,0.06422789394855499,350,1400,35,530415488b88dd7e320598b152356fb2a9068de64dd03be803643920c8f65ba6,0,False,F_TO_F,BOTH_FAIL
baseline,EXP-008,000112,112,False,FAILURE,0.21772260963916779,350,1400,35,11d102fbb13d0eb88f374b130bf3aee0ca03ed42eb29720a9c804e163a1cf56c,0,False,BASELINE_IDENTITY,N/A
c090_primary,EXP-009,000112,112,False,FAILURE,0.050277307629585266,350,1400,35,11d102fbb13d0eb88f374b130bf3aee0ca03ed42eb29720a9c804e163a1cf56c,0,False,F_TO_F,Q95_ONLY_SUCCEEDS
q95_symmetric,EXP-010,000112,112,True,SUCCESS,0.02933216094970703,164,653,17,11d102fbb13d0eb88f374b130bf3aee0ca03ed42eb29720a9c804e163a1cf56c,0,False,F_TO_S_RESCUE,Q95_ONLY_SUCCEEDS
baseline,EXP-008,000113,113,True,SUCCESS,0.02918749675154686,179,716,18,5bfab79e9c33418978ae8b3f989d4bd648fde49d0958f0c116f2e7a2a967fc11,0,True,BASELINE_IDENTITY,N/A
c090_primary,EXP-009,000113,113,True,SUCCESS,0.029690777882933617,179,713,18,5bfab79e9c33418978ae8b3f989d4bd648fde49d0958f0c116f2e7a2a967fc11,0,True,S_TO_S,BOTH_SUCCEED
q95_symmetric,EXP-010,000113,113,True,SUCCESS,0.029251307249069214,179,716,18,5bfab79e9c33418978ae8b3f989d4bd648fde49d0958f0c116f2e7a2a967fc11,0,True,S_TO_S,BOTH_SUCCEED
baseline,EXP-008,000114,114,True,SUCCESS,0.029950888827443123,171,684,18,19b2495de3592493aeca408aade40f3eb8e33e5c8c20227de5a77ff56f8a9b03,0,True,BASELINE_IDENTITY,N/A
c090_primary,EXP-009,000114,114,True,SUCCESS,0.029376592487096786,172,686,18,19b2495de3592493aeca408aade40f3eb8e33e5c8c20227de5a77ff56f8a9b03,0,True,S_TO_S,BOTH_SUCCEED
q95_symmetric,EXP-010,000114,114,True,SUCCESS,0.029274990782141685,172,685,18,19b2495de3592493aeca408aade40f3eb8e33e5c8c20227de5a77ff56f8a9b03,0,True,S_TO_S,BOTH_SUCCEED
baseline,EXP-008,000115,115,False,FAILURE,0.15555152297019958,350,1400,35,8e0e3708015efb7a3c49450176b4ce39a55f7a9f198a496408a9483bc4fb206f,0,False,BASELINE_IDENTITY,N/A
c090_primary,EXP-009,000115,115,False,FAILURE,0.23661264777183533,350,1400,35,8e0e3708015efb7a3c49450176b4ce39a55f7a9f198a496408a9483bc4fb206f,0,False,F_TO_F,BOTH_FAIL
q95_symmetric,EXP-010,000115,115,False,FAILURE,0.2261354774236679,350,1400,35,8e0e3708015efb7a3c49450176b4ce39a55f7a9f198a496408a9483bc4fb206f,0,False,F_TO_F,BOTH_FAIL
baseline,EXP-008,000116,116,True,SUCCESS,0.029285794124007225,159,636,16,d5862b5dc7747274aafd1fe445979db63e0272f3c346fd3a1af61318c325a4ac,0,True,BASELINE_IDENTITY,N/A
c090_primary,EXP-009,000116,116,True,SUCCESS,0.029698984697461128,159,636,16,d5862b5dc7747274aafd1fe445979db63e0272f3c346fd3a1af61318c325a4ac,0,True,S_TO_S,BOTH_SUCCEED
q95_symmetric,EXP-010,000116,116,True,SUCCESS,0.02954358421266079,159,636,16,d5862b5dc7747274aafd1fe445979db63e0272f3c346fd3a1af61318c325a4ac,0,True,S_TO_S,BOTH_SUCCEED
baseline,EXP-008,000117,117,True,SUCCESS,0.029384199529886246,192,767,20,47efd8d5d7c31f1d108d355fd9410b3eb22aa2e0cb373d5583de0527a0f87fc7,0,True,BASELINE_IDENTITY,N/A
c090_primary,EXP-009,000117,117,True,SUCCESS,0.029667748138308525,192,767,20,47efd8d5d7c31f1d108d355fd9410b3eb22aa2e0cb373d5583de0527a0f87fc7,0,True,S_TO_S,BOTH_SUCCEED
q95_symmetric,EXP-010,000117,117,True,SUCCESS,0.029982609674334526,191,762,20,47efd8d5d7c31f1d108d355fd9410b3eb22aa2e0cb373d5583de0527a0f87fc7,0,True,S_TO_S,BOTH_SUCCEED
baseline,EXP-008,000118,118,False,FAILURE,0.3623726963996887,350,1400,35,c88cf861f3909ffc45d0dfa04e7ec17eaed0b313ea69abfc24ca26578126338a,0,False,BASELINE_IDENTITY,N/A
c090_primary,EXP-009,000118,118,False,FAILURE,0.36304545402526855,350,1400,35,c88cf861f3909ffc45d0dfa04e7ec17eaed0b313ea69abfc24ca26578126338a,0,False,F_TO_F,BOTH_FAIL
q95_symmetric,EXP-010,000118,118,False,FAILURE,0.36289775371551514,350,1400,35,c88cf861f3909ffc45d0dfa04e7ec17eaed0b313ea69abfc24ca26578126338a,0,False,F_TO_F,BOTH_FAIL
baseline,EXP-008,000119,119,True,SUCCESS,0.02962060086429119,126,501,13,6051ee5c9f0fb270972b0eebe96223f74c22ec3a8e436ca53df2e5680be951c7,0,True,BASELINE_IDENTITY,N/A
c090_primary,EXP-009,000119,119,True,SUCCESS,0.029939880594611168,125,499,13,6051ee5c9f0fb270972b0eebe96223f74c22ec3a8e436ca53df2e5680be951c7,0,True,S_TO_S,BOTH_SUCCEED
q95_symmetric,EXP-010,000119,119,True,SUCCESS,0.029602395370602608,125,499,13,6051ee5c9f0fb270972b0eebe96223f74c22ec3a8e436ca53df2e5680be951c7,0,True,S_TO_S,BOTH_SUCCEED
baseline,EXP-008,000120,120,False,FAILURE,0.3359510600566864,350,1400,35,d84536c4117d4ef0893c773cd15e42d520c8fad6235c9bc95324a2901f472882,0,False,BASELINE_IDENTITY,N/A
c090_primary,EXP-009,000120,120,False,FAILURE,0.3341768980026245,350,1400,35,d84536c4117d4ef0893c773cd15e42d520c8fad6235c9bc95324a2901f472882,0,False,F_TO_F,BOTH_FAIL
q95_symmetric,EXP-010,000120,120,False,FAILURE,0.335430383682251,350,1400,35,d84536c4117d4ef0893c773cd15e42d520c8fad6235c9bc95324a2901f472882,0,False,F_TO_F,BOTH_FAIL
baseline,EXP-008,000121,121,False,FAILURE,0.04985376447439194,350,1400,35,01b00ebaa2a26df4ae5629531821c3661bd765ae95c1d29f7559d3ccdd31ee00,0,False,BASELINE_IDENTITY,N/A
c090_primary,EXP-009,000121,121,False,FAILURE,0.30418267846107483,350,1400,35,01b00ebaa2a26df4ae5629531821c3661bd765ae95c1d29f7559d3ccdd31ee00,0,False,F_TO_F,Q95_ONLY_SUCCEEDS
q95_symmetric,EXP-010,000121,121,True,SUCCESS,0.02997850812971592,172,688,18,01b00ebaa2a26df4ae5629531821c3661bd765ae95c1d29f7559d3ccdd31ee00,0,False,F_TO_S_RESCUE,Q95_ONLY_SUCCEEDS
baseline,EXP-008,000122,122,True,SUCCESS,0.02988090179860592,107,425,11,ef4fe5486239c258feb7da889b172ff020b43d6a203e301f06298e1b0739e84e,0,True,BASELINE_IDENTITY,N/A
c090_primary,EXP-009,000122,122,True,SUCCESS,0.02948123775422573,106,424,11,ef4fe5486239c258feb7da889b172ff020b43d6a203e301f06298e1b0739e84e,0,True,S_TO_S,BOTH_SUCCEED
q95_symmetric,EXP-010,000122,122,True,SUCCESS,0.02970898151397705,105,420,11,ef4fe5486239c258feb7da889b172ff020b43d6a203e301f06298e1b0739e84e,0,True,S_TO_S,BOTH_SUCCEED
baseline,EXP-008,000123,123,False,FAILURE,0.2514924705028534,350,1400,35,6032766953a56cb0c8d704ec00dd4f823095d57b25c64f5b4b8548d7b01df43d,0,False,BASELINE_IDENTITY,N/A
c090_primary,EXP-009,000123,123,True,SUCCESS,0.029610279947519302,183,731,19,6032766953a56cb0c8d704ec00dd4f823095d57b25c64f5b4b8548d7b01df43d,0,False,F_TO_S_RESCUE,C090_ONLY_SUCCEEDS
q95_symmetric,EXP-010,000123,123,False,FAILURE,0.26108554005622864,350,1400,35,6032766953a56cb0c8d704ec00dd4f823095d57b25c64f5b4b8548d7b01df43d,0,False,F_TO_F,C090_ONLY_SUCCEEDS
baseline,EXP-008,000124,124,False,FAILURE,0.030038343742489815,350,1400,35,aae7213da18445d7eec7ba68f55571c8a0552e1d3d6d614359db8e6124f06979,0,False,BASELINE_IDENTITY,N/A
c090_primary,EXP-009,000124,124,False,FAILURE,0.3428458869457245,350,1400,35,aae7213da18445d7eec7ba68f55571c8a0552e1d3d6d614359db8e6124f06979,0,False,F_TO_F,BOTH_FAIL
q95_symmetric,EXP-010,000124,124,False,FAILURE,0.3430001735687256,350,1400,35,aae7213da18445d7eec7ba68f55571c8a0552e1d3d6d614359db8e6124f06979,0,False,F_TO_F,BOTH_FAIL
baseline,EXP-008,000125,125,False,FAILURE,0.25535473227500916,350,1400,35,8d5744dda24f2cdc8b58c030410dfe599fa2974a482cc638234d93c02ea0b069,0,False,BASELINE_IDENTITY,N/A
c090_primary,EXP-009,000125,125,False,FAILURE,0.25614243745803833,350,1400,35,8d5744dda24f2cdc8b58c030410dfe599fa2974a482cc638234d93c02ea0b069,0,False,F_TO_F,BOTH_FAIL
q95_symmetric,EXP-010,000125,125,False,FAILURE,0.25537896156311035,350,1400,35,8d5744dda24f2cdc8b58c030410dfe599fa2974a482cc638234d93c02ea0b069,0,False,F_TO_F,BOTH_FAIL
baseline,EXP-008,000126,126,False,FAILURE,0.19732283055782318,350,1400,35,77f4a5fc38f9772d29263360a272fde766abf5c5139d016fa5d1426abf0c6ba6,0,False,BASELINE_IDENTITY,N/A
c090_primary,EXP-009,000126,126,True,SUCCESS,0.029905492439866066,144,573,15,77f4a5fc38f9772d29263360a272fde766abf5c5139d016fa5d1426abf0c6ba6,0,False,F_TO_S_RESCUE,BOTH_SUCCEED
q95_symmetric,EXP-010,000126,126,True,SUCCESS,0.029531771317124367,144,576,15,77f4a5fc38f9772d29263360a272fde766abf5c5139d016fa5d1426abf0c6ba6,0,False,F_TO_S_RESCUE,BOTH_SUCCEED
baseline,EXP-008,000127,127,True,SUCCESS,0.02936013787984848,146,582,15,1f9d9d2212231020490e37c9d0b361726a792d320b6d0aea4b5e19608ec86d86,0,True,BASELINE_IDENTITY,N/A
c090_primary,EXP-009,000127,127,True,SUCCESS,0.029992109164595604,145,580,15,1f9d9d2212231020490e37c9d0b361726a792d320b6d0aea4b5e19608ec86d86,0,True,S_TO_S,BOTH_SUCCEED
q95_symmetric,EXP-010,000127,127,True,SUCCESS,0.029286706820130348,145,580,15,1f9d9d2212231020490e37c9d0b361726a792d320b6d0aea4b5e19608ec86d86,0,True,S_TO_S,BOTH_SUCCEED
baseline,EXP-008,000128,128,False,FAILURE,0.2801476716995239,350,1400,35,5663488f7965169941347e48ef130c983eab25bc6710a06c08d526152d8fb4da,0,False,BASELINE_IDENTITY,N/A
c090_primary,EXP-009,000128,128,False,FAILURE,0.26763418316841125,350,1400,35,5663488f7965169941347e48ef130c983eab25bc6710a06c08d526152d8fb4da,0,False,F_TO_F,BOTH_FAIL
q95_symmetric,EXP-010,000128,128,False,FAILURE,0.049277499318122864,350,1400,35,5663488f7965169941347e48ef130c983eab25bc6710a06c08d526152d8fb4da,0,False,F_TO_F,BOTH_FAIL
baseline,EXP-008,000129,129,True,SUCCESS,0.029920684173703194,154,613,16,1e3342e534a2572ea10df7a99c32040fd08dd0d30888ad8b3202ac392cc8ab55,0,True,BASELINE_IDENTITY,N/A
c090_primary,EXP-009,000129,129,True,SUCCESS,0.02961522340774536,153,612,16,1e3342e534a2572ea10df7a99c32040fd08dd0d30888ad8b3202ac392cc8ab55,0,True,S_TO_S,BOTH_SUCCEED
q95_symmetric,EXP-010,000129,129,True,SUCCESS,0.029683489352464676,155,618,16,1e3342e534a2572ea10df7a99c32040fd08dd0d30888ad8b3202ac392cc8ab55,0,True,S_TO_S,BOTH_SUCCEED
baseline,EXP-008,000130,130,False,FAILURE,0.15335656702518463,350,1400,35,a1cc4712114074c4abedf07a63c7a4a9e0ea2c8ac7339ffc91964bc94e69e141,0,False,BASELINE_IDENTITY,N/A
c090_primary,EXP-009,000130,130,False,FAILURE,0.14677660167217255,350,1400,35,a1cc4712114074c4abedf07a63c7a4a9e0ea2c8ac7339ffc91964bc94e69e141,0,False,F_TO_F,BOTH_FAIL
q95_symmetric,EXP-010,000130,130,False,FAILURE,0.14793440699577332,350,1400,35,a1cc4712114074c4abedf07a63c7a4a9e0ea2c8ac7339ffc91964bc94e69e141,0,False,F_TO_F,BOTH_FAIL
baseline,EXP-008,000131,131,False,FAILURE,0.37148115038871765,350,1400,35,06c10805dea42d2e096199026737aee93254d171ab245de57c3298a433c4008a,0,False,BASELINE_IDENTITY,N/A
c090_primary,EXP-009,000131,131,True,SUCCESS,0.029936933889985085,194,773,20,06c10805dea42d2e096199026737aee93254d171ab245de57c3298a433c4008a,0,False,F_TO_S_RESCUE,BOTH_SUCCEED
q95_symmetric,EXP-010,000131,131,True,SUCCESS,0.029537370428442955,196,784,20,06c10805dea42d2e096199026737aee93254d171ab245de57c3298a433c4008a,0,False,F_TO_S_RESCUE,BOTH_SUCCEED
baseline,EXP-008,000132,132,True,SUCCESS,0.02984430640935898,148,589,15,23d71707f3494ad01179473caf6f027365b2e6ed81b15a79ecb3335eaf473abc,0,True,BASELINE_IDENTITY,N/A
c090_primary,EXP-009,000132,132,True,SUCCESS,0.02981862984597683,148,592,15,23d71707f3494ad01179473caf6f027365b2e6ed81b15a79ecb3335eaf473abc,0,True,S_TO_S,BOTH_SUCCEED
q95_symmetric,EXP-010,000132,132,True,SUCCESS,0.029661739245057106,148,591,15,23d71707f3494ad01179473caf6f027365b2e6ed81b15a79ecb3335eaf473abc,0,True,S_TO_S,BOTH_SUCCEED
baseline,EXP-008,000133,133,True,SUCCESS,0.029336700215935707,166,662,17,afa1a477cf640f1fd0832d902f4a68a0787e03fbbc87ab700710c21de8477eea,0,True,BASELINE_IDENTITY,N/A
c090_primary,EXP-009,000133,133,True,SUCCESS,0.029571091756224632,166,662,17,afa1a477cf640f1fd0832d902f4a68a0787e03fbbc87ab700710c21de8477eea,0,True,S_TO_S,C090_ONLY_SUCCEEDS
q95_symmetric,EXP-010,000133,133,False,FAILURE,0.14626875519752502,350,1400,35,afa1a477cf640f1fd0832d902f4a68a0787e03fbbc87ab700710c21de8477eea,0,True,S_TO_F_REGRESSION,C090_ONLY_SUCCEEDS
baseline,EXP-008,000134,134,True,SUCCESS,0.02947227656841278,188,749,19,8ab28d793acd0df385d989e3b99249f36bf9ee37acb65cc3e4aa9d6567b24a38,0,True,BASELINE_IDENTITY,N/A
c090_primary,EXP-009,000134,134,True,SUCCESS,0.029498031362891197,187,747,19,8ab28d793acd0df385d989e3b99249f36bf9ee37acb65cc3e4aa9d6567b24a38,0,True,S_TO_S,BOTH_SUCCEED
q95_symmetric,EXP-010,000134,134,True,SUCCESS,0.029450470581650734,188,752,19,8ab28d793acd0df385d989e3b99249f36bf9ee37acb65cc3e4aa9d6567b24a38,0,True,S_TO_S,BOTH_SUCCEED
baseline,EXP-008,000135,135,True,SUCCESS,0.029536113142967224,196,781,20,113ab375dc0a614ae7ec32d837305ca72b4fbf829c9c640f68fbb5575d9a2ad2,0,True,BASELINE_IDENTITY,N/A
c090_primary,EXP-009,000135,135,True,SUCCESS,0.029677007347345352,195,779,20,113ab375dc0a614ae7ec32d837305ca72b4fbf829c9c640f68fbb5575d9a2ad2,0,True,S_TO_S,BOTH_SUCCEED
q95_symmetric,EXP-010,000135,135,True,SUCCESS,0.029518036171793938,193,772,20,113ab375dc0a614ae7ec32d837305ca72b4fbf829c9c640f68fbb5575d9a2ad2,0,True,S_TO_S,BOTH_SUCCEED
baseline,EXP-008,000136,136,False,FAILURE,0.044837262481451035,350,1400,35,6d8ca4b97ac0e0ca58d177417ce8279defac7caef1c8fbc0c5901a6c96ea9820,0,False,BASELINE_IDENTITY,N/A
c090_primary,EXP-009,000136,136,False,FAILURE,0.04497993737459183,350,1400,35,6d8ca4b97ac0e0ca58d177417ce8279defac7caef1c8fbc0c5901a6c96ea9820,0,False,F_TO_F,BOTH_FAIL
q95_symmetric,EXP-010,000136,136,False,FAILURE,0.04282460734248161,350,1400,35,6d8ca4b97ac0e0ca58d177417ce8279defac7caef1c8fbc0c5901a6c96ea9820,0,False,F_TO_F,BOTH_FAIL
baseline,EXP-008,000137,137,True,SUCCESS,0.029796438291668892,117,468,12,6584a5bff1bc78aaa76e915b116fd1144c38482c8f55b48f8d6553a846de849f,0,True,BASELINE_IDENTITY,N/A
c090_primary,EXP-009,000137,137,True,SUCCESS,0.029807936400175095,118,471,12,6584a5bff1bc78aaa76e915b116fd1144c38482c8f55b48f8d6553a846de849f,0,True,S_TO_S,BOTH_SUCCEED
q95_symmetric,EXP-010,000137,137,True,SUCCESS,0.029888924211263657,118,472,12,6584a5bff1bc78aaa76e915b116fd1144c38482c8f55b48f8d6553a846de849f,0,True,S_TO_S,BOTH_SUCCEED
baseline,EXP-008,000138,138,False,FAILURE,0.03838924691081047,350,1400,35,a63a92bc4d9bd72aea44f106c1921ba584e47c971e982868cbfd27db06bb5e3b,0,False,BASELINE_IDENTITY,N/A
c090_primary,EXP-009,000138,138,False,FAILURE,0.2389453947544098,350,1400,35,a63a92bc4d9bd72aea44f106c1921ba584e47c971e982868cbfd27db06bb5e3b,0,False,F_TO_F,BOTH_FAIL
q95_symmetric,EXP-010,000138,138,False,FAILURE,0.21173834800720215,350,1400,35,a63a92bc4d9bd72aea44f106c1921ba584e47c971e982868cbfd27db06bb5e3b,0,False,F_TO_F,BOTH_FAIL
baseline,EXP-008,000139,139,True,SUCCESS,0.029300423339009285,151,603,16,5e080c5b68053dfee536b36021588b81c8dcb54f22689204d1a2e3b1da62c905,0,True,BASELINE_IDENTITY,N/A
c090_primary,EXP-009,000139,139,True,SUCCESS,0.02964085340499878,152,605,16,5e080c5b68053dfee536b36021588b81c8dcb54f22689204d1a2e3b1da62c905,0,True,S_TO_S,BOTH_SUCCEED
q95_symmetric,EXP-010,000139,139,True,SUCCESS,0.02974245324730873,151,603,16,5e080c5b68053dfee536b36021588b81c8dcb54f22689204d1a2e3b1da62c905,0,True,S_TO_S,BOTH_SUCCEED
baseline,EXP-008,000140,140,False,FAILURE,0.21492484211921692,350,1400,35,16dcedc66ec7dcdac0d1ed3137ed9c8245c52de2e2dac2332ad457fdc6412514,0,False,BASELINE_IDENTITY,N/A
c090_primary,EXP-009,000140,140,False,FAILURE,0.2147432267665863,350,1400,35,16dcedc66ec7dcdac0d1ed3137ed9c8245c52de2e2dac2332ad457fdc6412514,0,False,F_TO_F,BOTH_FAIL
q95_symmetric,EXP-010,000140,140,False,FAILURE,0.21525222063064575,350,1400,35,16dcedc66ec7dcdac0d1ed3137ed9c8245c52de2e2dac2332ad457fdc6412514,0,False,F_TO_F,BOTH_FAIL
baseline,EXP-008,000141,141,False,FAILURE,0.41453009843826294,350,1400,35,8bc962c7ab754b7c9ce5fcb806a3b7fd2b9369e5c1e5c27dc879f71001025528,0,False,BASELINE_IDENTITY,N/A
c090_primary,EXP-009,000141,141,False,FAILURE,0.06039011850953102,350,1400,35,8bc962c7ab754b7c9ce5fcb806a3b7fd2b9369e5c1e5c27dc879f71001025528,0,False,F_TO_F,BOTH_FAIL
q95_symmetric,EXP-010,000141,141,False,FAILURE,0.4159534275531769,350,1400,35,8bc962c7ab754b7c9ce5fcb806a3b7fd2b9369e5c1e5c27dc879f71001025528,0,False,F_TO_F,BOTH_FAIL
baseline,EXP-008,000142,142,True,SUCCESS,0.02955613099038601,146,582,15,f4eeae9f219d55142faf9d724e0ec12cdefea26295bd0f3c6015e3e35f424498,0,True,BASELINE_IDENTITY,N/A
c090_primary,EXP-009,000142,142,True,SUCCESS,0.029551981016993523,153,609,16,f4eeae9f219d55142faf9d724e0ec12cdefea26295bd0f3c6015e3e35f424498,0,True,S_TO_S,BOTH_SUCCEED
q95_symmetric,EXP-010,000142,142,True,SUCCESS,0.029541702941060066,148,589,15,f4eeae9f219d55142faf9d724e0ec12cdefea26295bd0f3c6015e3e35f424498,0,True,S_TO_S,BOTH_SUCCEED
baseline,EXP-008,000143,143,False,FAILURE,0.07488692551851273,350,1400,35,d006869256d46001c2d1cfb56b04d7b0a5a4b9246739880b49e1a8599da2c84c,0,False,BASELINE_IDENTITY,N/A
c090_primary,EXP-009,000143,143,False,FAILURE,0.09078459441661835,350,1400,35,d006869256d46001c2d1cfb56b04d7b0a5a4b9246739880b49e1a8599da2c84c,0,False,F_TO_F,BOTH_FAIL
q95_symmetric,EXP-010,000143,143,False,FAILURE,0.08997191488742828,350,1400,35,d006869256d46001c2d1cfb56b04d7b0a5a4b9246739880b49e1a8599da2c84c,0,False,F_TO_F,BOTH_FAIL
baseline,EXP-008,000144,144,False,FAILURE,0.06506872177124023,350,1400,35,1686d8a1c6d3bf572b0db0236307b7f3a6f7192dfb0797925437e813a4bb9480,0,False,BASELINE_IDENTITY,N/A
c090_primary,EXP-009,000144,144,False,FAILURE,0.05652973800897598,350,1400,35,1686d8a1c6d3bf572b0db0236307b7f3a6f7192dfb0797925437e813a4bb9480,0,False,F_TO_F,BOTH_FAIL
q95_symmetric,EXP-010,000144,144,False,FAILURE,0.07334243506193161,350,1400,35,1686d8a1c6d3bf572b0db0236307b7f3a6f7192dfb0797925437e813a4bb9480,0,False,F_TO_F,BOTH_FAIL
baseline,EXP-008,000145,145,False,FAILURE,0.2647857069969177,350,1400,35,927cf608314feb9bdf3f55d1f67c38dc75cadcddcde0d5deed9af050fe643ad5,0,False,BASELINE_IDENTITY,N/A
c090_primary,EXP-009,000145,145,False,FAILURE,0.24582669138908386,350,1400,35,927cf608314feb9bdf3f55d1f67c38dc75cadcddcde0d5deed9af050fe643ad5,0,False,F_TO_F,BOTH_FAIL
q95_symmetric,EXP-010,000145,145,False,FAILURE,0.07451091706752777,350,1400,35,927cf608314feb9bdf3f55d1f67c38dc75cadcddcde0d5deed9af050fe643ad5,0,False,F_TO_F,BOTH_FAIL
baseline,EXP-008,000146,146,True,SUCCESS,0.029822269454598427,88,349,9,baccc4cd78c50915f42b6039b046a09041edb94ea8c4b8bdc16515471e4a6986,0,True,BASELINE_IDENTITY,N/A
c090_primary,EXP-009,000146,146,True,SUCCESS,0.02963455207645893,88,349,9,baccc4cd78c50915f42b6039b046a09041edb94ea8c4b8bdc16515471e4a6986,0,True,S_TO_S,C090_ONLY_SUCCEEDS
q95_symmetric,EXP-010,000146,146,False,FAILURE,0.04843459278345108,350,1400,35,baccc4cd78c50915f42b6039b046a09041edb94ea8c4b8bdc16515471e4a6986,0,True,S_TO_F_REGRESSION,C090_ONLY_SUCCEEDS
baseline,EXP-008,000147,147,False,FAILURE,0.09030450880527496,350,1400,35,e4932cf73d95ee3f065e65de4bcb86847329d027aea4381916b3578a4a43d4dd,0,False,BASELINE_IDENTITY,N/A
c090_primary,EXP-009,000147,147,False,FAILURE,0.0904436856508255,350,1400,35,e4932cf73d95ee3f065e65de4bcb86847329d027aea4381916b3578a4a43d4dd,0,False,F_TO_F,BOTH_FAIL
q95_symmetric,EXP-010,000147,147,False,FAILURE,0.09080474078655243,350,1400,35,e4932cf73d95ee3f065e65de4bcb86847329d027aea4381916b3578a4a43d4dd,0,False,F_TO_F,BOTH_FAIL
baseline,EXP-008,000148,148,False,FAILURE,0.3830259144306183,350,1400,35,6198161e29abd5e77b40885387809daee5db31d6a82bc32e50f447e4f5897c69,0,False,BASELINE_IDENTITY,N/A
c090_primary,EXP-009,000148,148,False,FAILURE,0.3514419198036194,350,1400,35,6198161e29abd5e77b40885387809daee5db31d6a82bc32e50f447e4f5897c69,0,False,F_TO_F,BOTH_FAIL
q95_symmetric,EXP-010,000148,148,False,FAILURE,0.3274591267108917,350,1400,35,6198161e29abd5e77b40885387809daee5db31d6a82bc32e50f447e4f5897c69,0,False,F_TO_F,BOTH_FAIL
baseline,EXP-008,000149,149,True,SUCCESS,0.029992299154400826,162,646,17,72d151681cd71ef4253e45bbb1d5b8616ed390dcd382b660906ec764a5db4267,0,True,BASELINE_IDENTITY,N/A
c090_primary,EXP-009,000149,149,False,FAILURE,0.03920256718993187,350,1400,35,72d151681cd71ef4253e45bbb1d5b8616ed390dcd382b660906ec764a5db4267,0,True,S_TO_F_REGRESSION,Q95_ONLY_SUCCEEDS
q95_symmetric,EXP-010,000149,149,True,SUCCESS,0.029857110232114792,161,644,17,72d151681cd71ef4253e45bbb1d5b8616ed390dcd382b660906ec764a5db4267,0,True,S_TO_S,Q95_ONLY_SUCCEEDS
baseline,EXP-008,000150,150,True,SUCCESS,0.029819156974554062,100,400,10,4556d8448e26510cda122466fbab7813adc89f97eec0c66aa2a34d2d9e01a33a,0,True,BASELINE_IDENTITY,N/A
c090_primary,EXP-009,000150,150,True,SUCCESS,0.029919952154159546,101,401,11,4556d8448e26510cda122466fbab7813adc89f97eec0c66aa2a34d2d9e01a33a,0,True,S_TO_S,BOTH_SUCCEED
q95_symmetric,EXP-010,000150,150,True,SUCCESS,0.029841147363185883,106,421,11,4556d8448e26510cda122466fbab7813adc89f97eec0c66aa2a34d2d9e01a33a,0,True,S_TO_S,BOTH_SUCCEED
baseline,EXP-008,000151,151,True,SUCCESS,0.029841216281056404,162,647,17,d1af2ce2c1c95fb4fe79d27aeb993cf13c82b35379a814c368db72cf3c19dd5c,0,True,BASELINE_IDENTITY,N/A
c090_primary,EXP-009,000151,151,True,SUCCESS,0.02992933616042137,166,661,17,d1af2ce2c1c95fb4fe79d27aeb993cf13c82b35379a814c368db72cf3c19dd5c,0,True,S_TO_S,BOTH_SUCCEED
q95_symmetric,EXP-010,000151,151,True,SUCCESS,0.02956564351916313,165,660,17,d1af2ce2c1c95fb4fe79d27aeb993cf13c82b35379a814c368db72cf3c19dd5c,0,True,S_TO_S,BOTH_SUCCEED
baseline,EXP-008,000152,152,True,SUCCESS,0.029819810763001442,168,670,17,9e00d3fb899b1b0854030d88558a601a1ab35294ff63bccf3197791f8393458e,0,True,BASELINE_IDENTITY,N/A
c090_primary,EXP-009,000152,152,True,SUCCESS,0.02932065725326538,168,670,17,9e00d3fb899b1b0854030d88558a601a1ab35294ff63bccf3197791f8393458e,0,True,S_TO_S,BOTH_SUCCEED
q95_symmetric,EXP-010,000152,152,True,SUCCESS,0.02988010086119175,167,666,17,9e00d3fb899b1b0854030d88558a601a1ab35294ff63bccf3197791f8393458e,0,True,S_TO_S,BOTH_SUCCEED
baseline,EXP-008,000153,153,True,SUCCESS,0.02991354838013649,125,499,13,7c60e7db8ef03d2955bd8edd5714d77e670a58dbbb73f92f788ef0914eedf5e2,0,True,BASELINE_IDENTITY,N/A
c090_primary,EXP-009,000153,153,True,SUCCESS,0.029822800308465958,124,496,13,7c60e7db8ef03d2955bd8edd5714d77e670a58dbbb73f92f788ef0914eedf5e2,0,True,S_TO_S,BOTH_SUCCEED
q95_symmetric,EXP-010,000153,153,True,SUCCESS,0.029834754765033722,125,499,13,7c60e7db8ef03d2955bd8edd5714d77e670a58dbbb73f92f788ef0914eedf5e2,0,True,S_TO_S,BOTH_SUCCEED
baseline,EXP-008,000154,154,True,SUCCESS,0.029444696381688118,145,580,15,d2ce222cb46017f20234dd10701b03889ac71e473ed410a94926b87462a4396d,0,True,BASELINE_IDENTITY,N/A
c090_primary,EXP-009,000154,154,True,SUCCESS,0.02959851734340191,146,583,15,d2ce222cb46017f20234dd10701b03889ac71e473ed410a94926b87462a4396d,0,True,S_TO_S,BOTH_SUCCEED
q95_symmetric,EXP-010,000154,154,True,SUCCESS,0.029974767938256264,146,581,15,d2ce222cb46017f20234dd10701b03889ac71e473ed410a94926b87462a4396d,0,True,S_TO_S,BOTH_SUCCEED
baseline,EXP-008,000155,155,True,SUCCESS,0.02960239350795746,197,788,20,62ca34d310092fbd6fd3b7338853a57e83783f924c465ba979322e450ecd2f59,0,True,BASELINE_IDENTITY,N/A
c090_primary,EXP-009,000155,155,True,SUCCESS,0.029199259355664253,198,789,20,62ca34d310092fbd6fd3b7338853a57e83783f924c465ba979322e450ecd2f59,0,True,S_TO_S,BOTH_SUCCEED
q95_symmetric,EXP-010,000155,155,True,SUCCESS,0.02944394014775753,198,789,20,62ca34d310092fbd6fd3b7338853a57e83783f924c465ba979322e450ecd2f59,0,True,S_TO_S,BOTH_SUCCEED
baseline,EXP-008,000156,156,False,FAILURE,0.04508626461029053,350,1400,35,5ab24eaa5d8f6e0764a88b5a6f1550730ec29c19d540d5ad8d91680ae7404e41,0,False,BASELINE_IDENTITY,N/A
c090_primary,EXP-009,000156,156,False,FAILURE,0.036226578056812286,350,1400,35,5ab24eaa5d8f6e0764a88b5a6f1550730ec29c19d540d5ad8d91680ae7404e41,0,False,F_TO_F,BOTH_FAIL
q95_symmetric,EXP-010,000156,156,False,FAILURE,0.03601888567209244,350,1400,35,5ab24eaa5d8f6e0764a88b5a6f1550730ec29c19d540d5ad8d91680ae7404e41,0,False,F_TO_F,BOTH_FAIL
baseline,EXP-008,000157,157,True,SUCCESS,0.029697434976696968,167,665,17,70f794187c7195ca9d48e101fae2150327fc87f2fb1dcbd617f1572c526ee916,0,True,BASELINE_IDENTITY,N/A
c090_primary,EXP-009,000157,157,True,SUCCESS,0.029871750622987747,167,665,17,70f794187c7195ca9d48e101fae2150327fc87f2fb1dcbd617f1572c526ee916,0,True,S_TO_S,BOTH_SUCCEED
q95_symmetric,EXP-010,000157,157,True,SUCCESS,0.029758956283330917,165,660,17,70f794187c7195ca9d48e101fae2150327fc87f2fb1dcbd617f1572c526ee916,0,True,S_TO_S,BOTH_SUCCEED
baseline,EXP-008,000158,158,True,SUCCESS,0.029933461919426918,167,667,17,7ed08bbbc48d46512ab05362855269ad3d4025f278859a092d11779190eba7d8,0,True,BASELINE_IDENTITY,N/A
c090_primary,EXP-009,000158,158,True,SUCCESS,0.02985451929271221,167,668,17,7ed08bbbc48d46512ab05362855269ad3d4025f278859a092d11779190eba7d8,0,True,S_TO_S,BOTH_SUCCEED
q95_symmetric,EXP-010,000158,158,True,SUCCESS,0.02982521615922451,168,669,17,7ed08bbbc48d46512ab05362855269ad3d4025f278859a092d11779190eba7d8,0,True,S_TO_S,BOTH_SUCCEED
baseline,EXP-008,000159,159,False,FAILURE,0.057217370718717575,350,1400,35,a657cb8e25db33a026ea19f6f9402680a5d2ca391a83d02872d9eb0dc05f1176,0,False,BASELINE_IDENTITY,N/A
c090_primary,EXP-009,000159,159,False,FAILURE,0.12646852433681488,350,1400,35,a657cb8e25db33a026ea19f6f9402680a5d2ca391a83d02872d9eb0dc05f1176,0,False,F_TO_F,BOTH_FAIL
q95_symmetric,EXP-010,000159,159,False,FAILURE,0.068672314286232,350,1400,35,a657cb8e25db33a026ea19f6f9402680a5d2ca391a83d02872d9eb0dc05f1176,0,False,F_TO_F,BOTH_FAIL
baseline,EXP-008,000160,160,True,SUCCESS,0.029210953041911125,168,671,17,2c39f0c084d7cbd8daa6bb4aad5c3cbec3544b0dbf487af099e2ce79f79a9cb9,0,True,BASELINE_IDENTITY,N/A
c090_primary,EXP-009,000160,160,True,SUCCESS,0.029198504984378815,169,676,17,2c39f0c084d7cbd8daa6bb4aad5c3cbec3544b0dbf487af099e2ce79f79a9cb9,0,True,S_TO_S,BOTH_SUCCEED
q95_symmetric,EXP-010,000160,160,True,SUCCESS,0.029712213203310966,169,673,17,2c39f0c084d7cbd8daa6bb4aad5c3cbec3544b0dbf487af099e2ce79f79a9cb9,0,True,S_TO_S,BOTH_SUCCEED
baseline,EXP-008,000161,161,True,SUCCESS,0.029617205262184143,172,685,18,44cb262295153ce4d6dd2c15d759f43d31b715b3ab660d46034928cfdcd7c0f4,0,True,BASELINE_IDENTITY,N/A
c090_primary,EXP-009,000161,161,True,SUCCESS,0.02959943376481533,177,707,18,44cb262295153ce4d6dd2c15d759f43d31b715b3ab660d46034928cfdcd7c0f4,0,True,S_TO_S,BOTH_SUCCEED
q95_symmetric,EXP-010,000161,161,True,SUCCESS,0.029597777873277664,170,680,17,44cb262295153ce4d6dd2c15d759f43d31b715b3ab660d46034928cfdcd7c0f4,0,True,S_TO_S,BOTH_SUCCEED
baseline,EXP-008,000162,162,False,FAILURE,0.31530916690826416,350,1400,35,6408910dab79e2381ea39a5c863ce8a71daa08ec624f94e8802bbdfa93c5abce,0,False,BASELINE_IDENTITY,N/A
c090_primary,EXP-009,000162,162,False,FAILURE,0.3248676359653473,350,1400,35,6408910dab79e2381ea39a5c863ce8a71daa08ec624f94e8802bbdfa93c5abce,0,False,F_TO_F,BOTH_FAIL
q95_symmetric,EXP-010,000162,162,False,FAILURE,0.32404324412345886,350,1400,35,6408910dab79e2381ea39a5c863ce8a71daa08ec624f94e8802bbdfa93c5abce,0,False,F_TO_F,BOTH_FAIL
baseline,EXP-008,000163,163,True,SUCCESS,0.02983514592051506,184,734,19,458a0ac925436bbf7b2b8bc5ed6b27d06dc2b627f81f5b8821237fc38c793521,0,True,BASELINE_IDENTITY,N/A
c090_primary,EXP-009,000163,163,True,SUCCESS,0.02983461134135723,184,734,19,458a0ac925436bbf7b2b8bc5ed6b27d06dc2b627f81f5b8821237fc38c793521,0,True,S_TO_S,BOTH_SUCCEED
q95_symmetric,EXP-010,000163,163,True,SUCCESS,0.02951306290924549,183,729,19,458a0ac925436bbf7b2b8bc5ed6b27d06dc2b627f81f5b8821237fc38c793521,0,True,S_TO_S,BOTH_SUCCEED
baseline,EXP-008,000164,164,False,FAILURE,0.34215280413627625,350,1400,35,f0a40b77b0530f533268378069e8bbae023657f474b3540b77b39c79266d3b64,0,False,BASELINE_IDENTITY,N/A
c090_primary,EXP-009,000164,164,False,FAILURE,0.33903267979621887,350,1400,35,f0a40b77b0530f533268378069e8bbae023657f474b3540b77b39c79266d3b64,0,False,F_TO_F,BOTH_FAIL
q95_symmetric,EXP-010,000164,164,False,FAILURE,0.3411608934402466,350,1400,35,f0a40b77b0530f533268378069e8bbae023657f474b3540b77b39c79266d3b64,0,False,F_TO_F,BOTH_FAIL
baseline,EXP-008,000165,165,False,FAILURE,0.055621132254600525,350,1400,35,bc4d827a4f2e130af29b6b1df9dff2778f23ab8a038cf703df0fd156b422a1b7,0,False,BASELINE_IDENTITY,N/A
c090_primary,EXP-009,000165,165,True,SUCCESS,0.029998481273651123,142,565,15,bc4d827a4f2e130af29b6b1df9dff2778f23ab8a038cf703df0fd156b422a1b7,0,False,F_TO_S_RESCUE,BOTH_SUCCEED
q95_symmetric,EXP-010,000165,165,True,SUCCESS,0.029658088460564613,143,569,15,bc4d827a4f2e130af29b6b1df9dff2778f23ab8a038cf703df0fd156b422a1b7,0,False,F_TO_S_RESCUE,BOTH_SUCCEED
baseline,EXP-008,000166,166,True,SUCCESS,0.02977980300784111,94,376,10,95b72b2fd1cd2185e04b557243cc1bff5b13544f4efc1c85b37cdf6c3a48d574,0,True,BASELINE_IDENTITY,N/A
c090_primary,EXP-009,000166,166,True,SUCCESS,0.029678160324692726,95,380,10,95b72b2fd1cd2185e04b557243cc1bff5b13544f4efc1c85b37cdf6c3a48d574,0,True,S_TO_S,BOTH_SUCCEED
q95_symmetric,EXP-010,000166,166,True,SUCCESS,0.029892895370721817,96,383,10,95b72b2fd1cd2185e04b557243cc1bff5b13544f4efc1c85b37cdf6c3a48d574,0,True,S_TO_S,BOTH_SUCCEED
baseline,EXP-008,000167,167,True,SUCCESS,0.02938481792807579,160,639,16,3d16a442a93865fede5b5d1a173b67817c3e2ec4ea68b9fe092494846ecbb6d5,0,True,BASELINE_IDENTITY,N/A
c090_primary,EXP-009,000167,167,True,SUCCESS,0.02975955791771412,161,644,17,3d16a442a93865fede5b5d1a173b67817c3e2ec4ea68b9fe092494846ecbb6d5,0,True,S_TO_S,BOTH_SUCCEED
q95_symmetric,EXP-010,000167,167,True,SUCCESS,0.029976457357406616,162,648,17,3d16a442a93865fede5b5d1a173b67817c3e2ec4ea68b9fe092494846ecbb6d5,0,True,S_TO_S,BOTH_SUCCEED
baseline,EXP-008,000168,168,True,SUCCESS,0.029774503782391548,126,503,13,1fa3797525808ad349f4e67fa85ebb603d8f7c780b652996991ce3c813e549c9,0,True,BASELINE_IDENTITY,N/A
c090_primary,EXP-009,000168,168,True,SUCCESS,0.029668575152754784,126,503,13,1fa3797525808ad349f4e67fa85ebb603d8f7c780b652996991ce3c813e549c9,0,True,S_TO_S,BOTH_SUCCEED
q95_symmetric,EXP-010,000168,168,True,SUCCESS,0.02972225286066532,126,502,13,1fa3797525808ad349f4e67fa85ebb603d8f7c780b652996991ce3c813e549c9,0,True,S_TO_S,BOTH_SUCCEED
baseline,EXP-008,000169,169,False,FAILURE,0.09458266198635101,350,1400,35,ba02e4a2a026f807cae5436dc37733235da8cbb5595a85da78742cc8943d872b,0,False,BASELINE_IDENTITY,N/A
c090_primary,EXP-009,000169,169,False,FAILURE,0.09491578489542007,350,1400,35,ba02e4a2a026f807cae5436dc37733235da8cbb5595a85da78742cc8943d872b,0,False,F_TO_F,BOTH_FAIL
q95_symmetric,EXP-010,000169,169,False,FAILURE,0.09476093202829361,350,1400,35,ba02e4a2a026f807cae5436dc37733235da8cbb5595a85da78742cc8943d872b,0,False,F_TO_F,BOTH_FAIL
baseline,EXP-008,000170,170,True,SUCCESS,0.02931853011250496,175,697,18,609a557ff5d5c6761ef80b6fcc1fd7316b68d49a7107a0db551d9afb214bb7c0,0,True,BASELINE_IDENTITY,N/A
c090_primary,EXP-009,000170,170,True,SUCCESS,0.02984267845749855,175,698,18,609a557ff5d5c6761ef80b6fcc1fd7316b68d49a7107a0db551d9afb214bb7c0,0,True,S_TO_S,BOTH_SUCCEED
q95_symmetric,EXP-010,000170,170,True,SUCCESS,0.029939712956547737,175,698,18,609a557ff5d5c6761ef80b6fcc1fd7316b68d49a7107a0db551d9afb214bb7c0,0,True,S_TO_S,BOTH_SUCCEED
baseline,EXP-008,000171,171,False,FAILURE,0.3529823422431946,350,1400,35,5a741515221567a296a129d64fc3e7ec06910574615d1445e632b9f7c299d485,0,False,BASELINE_IDENTITY,N/A
c090_primary,EXP-009,000171,171,False,FAILURE,0.3530177175998688,350,1400,35,5a741515221567a296a129d64fc3e7ec06910574615d1445e632b9f7c299d485,0,False,F_TO_F,BOTH_FAIL
q95_symmetric,EXP-010,000171,171,False,FAILURE,0.3529840409755707,350,1400,35,5a741515221567a296a129d64fc3e7ec06910574615d1445e632b9f7c299d485,0,False,F_TO_F,BOTH_FAIL
baseline,EXP-008,000172,172,True,SUCCESS,0.029602089896798134,179,716,18,3a8e86f2071ef14e7553dedacf88d785716d3d62769f347bb357a021eb82ef07,0,True,BASELINE_IDENTITY,N/A
c090_primary,EXP-009,000172,172,True,SUCCESS,0.029924508184194565,180,719,18,3a8e86f2071ef14e7553dedacf88d785716d3d62769f347bb357a021eb82ef07,0,True,S_TO_S,BOTH_SUCCEED
q95_symmetric,EXP-010,000172,172,True,SUCCESS,0.029642563313245773,180,719,18,3a8e86f2071ef14e7553dedacf88d785716d3d62769f347bb357a021eb82ef07,0,True,S_TO_S,BOTH_SUCCEED
baseline,EXP-008,000173,173,True,SUCCESS,0.029746027663350105,163,651,17,7bdeb5ff98ee6ddf3f7473e931b95e5ed53d63ba6eb95a5c21194ada190d5300,0,True,BASELINE_IDENTITY,N/A
c090_primary,EXP-009,000173,173,True,SUCCESS,0.029843058437108994,165,657,17,7bdeb5ff98ee6ddf3f7473e931b95e5ed53d63ba6eb95a5c21194ada190d5300,0,True,S_TO_S,BOTH_SUCCEED
q95_symmetric,EXP-010,000173,173,True,SUCCESS,0.02944684773683548,163,652,17,7bdeb5ff98ee6ddf3f7473e931b95e5ed53d63ba6eb95a5c21194ada190d5300,0,True,S_TO_S,BOTH_SUCCEED
baseline,EXP-008,000174,174,True,SUCCESS,0.029805729165673256,153,610,16,9a5fdb5817838043caf41a300382a9c3106db13c229fb921e622949f4e027b77,0,True,BASELINE_IDENTITY,N/A
c090_primary,EXP-009,000174,174,True,SUCCESS,0.029536878690123558,153,609,16,9a5fdb5817838043caf41a300382a9c3106db13c229fb921e622949f4e027b77,0,True,S_TO_S,BOTH_SUCCEED
q95_symmetric,EXP-010,000174,174,True,SUCCESS,0.02955726534128189,153,611,16,9a5fdb5817838043caf41a300382a9c3106db13c229fb921e622949f4e027b77,0,True,S_TO_S,BOTH_SUCCEED
baseline,EXP-008,000175,175,False,FAILURE,0.3129030764102936,350,1400,35,d19a6feda61a6b51b628e29fbd1f6e5d57ce861f9e4e06bb71b88b75aef25efd,0,False,BASELINE_IDENTITY,N/A
c090_primary,EXP-009,000175,175,False,FAILURE,0.3120534420013428,350,1400,35,d19a6feda61a6b51b628e29fbd1f6e5d57ce861f9e4e06bb71b88b75aef25efd,0,False,F_TO_F,BOTH_FAIL
q95_symmetric,EXP-010,000175,175,False,FAILURE,0.31212684512138367,350,1400,35,d19a6feda61a6b51b628e29fbd1f6e5d57ce861f9e4e06bb71b88b75aef25efd,0,False,F_TO_F,BOTH_FAIL
baseline,EXP-008,000176,176,False,FAILURE,0.35790690779685974,350,1400,35,41c08b2b45e575668f570df171ea3bfc5b4e254cc8e0837f441354eef01b2da2,0,False,BASELINE_IDENTITY,N/A
c090_primary,EXP-009,000176,176,False,FAILURE,0.3567081391811371,350,1400,35,41c08b2b45e575668f570df171ea3bfc5b4e254cc8e0837f441354eef01b2da2,0,False,F_TO_F,BOTH_FAIL
q95_symmetric,EXP-010,000176,176,False,FAILURE,0.3584560453891754,350,1400,35,41c08b2b45e575668f570df171ea3bfc5b4e254cc8e0837f441354eef01b2da2,0,False,F_TO_F,BOTH_FAIL
baseline,EXP-008,000177,177,True,SUCCESS,0.029350245371460915,178,710,18,d10786c860029cd7b64f55d3aa04871ebb7902fd4cc6c67165976265ae26aa2c,0,True,BASELINE_IDENTITY,N/A
c090_primary,EXP-009,000177,177,True,SUCCESS,0.029892873018980026,179,715,18,d10786c860029cd7b64f55d3aa04871ebb7902fd4cc6c67165976265ae26aa2c,0,True,S_TO_S,BOTH_SUCCEED
q95_symmetric,EXP-010,000177,177,True,SUCCESS,0.029477886855602264,178,709,18,d10786c860029cd7b64f55d3aa04871ebb7902fd4cc6c67165976265ae26aa2c,0,True,S_TO_S,BOTH_SUCCEED
baseline,EXP-008,000178,178,False,FAILURE,0.10007426887750626,350,1400,35,d6d1fea4ba208c8ed1259cda7e527d66f923b19348a638890bd3f3faedcdacc4,0,False,BASELINE_IDENTITY,N/A
c090_primary,EXP-009,000178,178,False,FAILURE,0.09185317158699036,350,1400,35,d6d1fea4ba208c8ed1259cda7e527d66f923b19348a638890bd3f3faedcdacc4,0,False,F_TO_F,BOTH_FAIL
q95_symmetric,EXP-010,000178,178,False,FAILURE,0.08847116678953171,350,1400,35,d6d1fea4ba208c8ed1259cda7e527d66f923b19348a638890bd3f3faedcdacc4,0,False,F_TO_F,BOTH_FAIL
baseline,EXP-008,000179,179,False,FAILURE,0.3847885727882385,350,1400,35,6e6f3216b4241a05f95eedf4edf6cf9957eac0bff169ab082055bbf4703862fb,0,False,BASELINE_IDENTITY,N/A
c090_primary,EXP-009,000179,179,False,FAILURE,0.38707149028778076,350,1400,35,6e6f3216b4241a05f95eedf4edf6cf9957eac0bff169ab082055bbf4703862fb,0,False,F_TO_F,BOTH_FAIL
q95_symmetric,EXP-010,000179,179,False,FAILURE,0.38502037525177,350,1400,35,6e6f3216b4241a05f95eedf4edf6cf9957eac0bff169ab082055bbf4703862fb,0,False,F_TO_F,BOTH_FAIL
baseline,EXP-008,000180,180,True,SUCCESS,0.029931610450148582,102,408,11,a65d97cb96997e43c8a46ffeb0d66c55071127bf258225e17a1a0b399cfc0765,0,True,BASELINE_IDENTITY,N/A
c090_primary,EXP-009,000180,180,True,SUCCESS,0.029648268595337868,101,404,11,a65d97cb96997e43c8a46ffeb0d66c55071127bf258225e17a1a0b399cfc0765,0,True,S_TO_S,BOTH_SUCCEED
q95_symmetric,EXP-010,000180,180,True,SUCCESS,0.029858596622943878,102,405,11,a65d97cb96997e43c8a46ffeb0d66c55071127bf258225e17a1a0b399cfc0765,0,True,S_TO_S,BOTH_SUCCEED
baseline,EXP-008,000181,181,True,SUCCESS,0.029783690348267555,125,499,13,1176207d6ed917a0980d931b7341ab9c5de7c5cdb9d135c1e271b878c79854b9,0,True,BASELINE_IDENTITY,N/A
c090_primary,EXP-009,000181,181,True,SUCCESS,0.029904065653681755,125,500,13,1176207d6ed917a0980d931b7341ab9c5de7c5cdb9d135c1e271b878c79854b9,0,True,S_TO_S,BOTH_SUCCEED
q95_symmetric,EXP-010,000181,181,True,SUCCESS,0.02954532951116562,125,498,13,1176207d6ed917a0980d931b7341ab9c5de7c5cdb9d135c1e271b878c79854b9,0,True,S_TO_S,BOTH_SUCCEED
baseline,EXP-008,000182,182,False,FAILURE,0.32288822531700134,350,1400,35,ca608fab77f8654ccf8a407e01b5a2f0e84fe32a6f12aa6c9de5869eaa61dbc8,0,False,BASELINE_IDENTITY,N/A
c090_primary,EXP-009,000182,182,True,SUCCESS,0.029425811022520065,179,713,18,ca608fab77f8654ccf8a407e01b5a2f0e84fe32a6f12aa6c9de5869eaa61dbc8,0,False,F_TO_S_RESCUE,C090_ONLY_SUCCEEDS
q95_symmetric,EXP-010,000182,182,False,FAILURE,0.32303452491760254,350,1400,35,ca608fab77f8654ccf8a407e01b5a2f0e84fe32a6f12aa6c9de5869eaa61dbc8,0,False,F_TO_F,C090_ONLY_SUCCEEDS
baseline,EXP-008,000183,183,False,FAILURE,0.38565438985824585,350,1400,35,3450a02b469ee9002a97a3144d62d7bf376cc21e0365473b86f240a721132678,0,False,BASELINE_IDENTITY,N/A
c090_primary,EXP-009,000183,183,False,FAILURE,0.38592657446861267,350,1400,35,3450a02b469ee9002a97a3144d62d7bf376cc21e0365473b86f240a721132678,0,False,F_TO_F,BOTH_FAIL
q95_symmetric,EXP-010,000183,183,False,FAILURE,0.3856383264064789,350,1400,35,3450a02b469ee9002a97a3144d62d7bf376cc21e0365473b86f240a721132678,0,False,F_TO_F,BOTH_FAIL
baseline,EXP-008,000184,184,True,SUCCESS,0.02958385832607746,162,645,17,f0e92cc2b53011194a3710d51b25a834d034daaafd9249172aef634c6708e335,0,True,BASELINE_IDENTITY,N/A
c090_primary,EXP-009,000184,184,True,SUCCESS,0.029358983039855957,161,644,17,f0e92cc2b53011194a3710d51b25a834d034daaafd9249172aef634c6708e335,0,True,S_TO_S,BOTH_SUCCEED
q95_symmetric,EXP-010,000184,184,True,SUCCESS,0.029991967603564262,162,647,17,f0e92cc2b53011194a3710d51b25a834d034daaafd9249172aef634c6708e335,0,True,S_TO_S,BOTH_SUCCEED
baseline,EXP-008,000185,185,False,FAILURE,0.3021445572376251,350,1400,35,8327f6f4f8ef208152ed987e9cad305258ac57b69a8fb98ee9a00d0df9154a3c,0,False,BASELINE_IDENTITY,N/A
c090_primary,EXP-009,000185,185,False,FAILURE,0.3029579818248749,350,1400,35,8327f6f4f8ef208152ed987e9cad305258ac57b69a8fb98ee9a00d0df9154a3c,0,False,F_TO_F,BOTH_FAIL
q95_symmetric,EXP-010,000185,185,False,FAILURE,0.3024914264678955,350,1400,35,8327f6f4f8ef208152ed987e9cad305258ac57b69a8fb98ee9a00d0df9154a3c,0,False,F_TO_F,BOTH_FAIL
baseline,EXP-008,000186,186,True,SUCCESS,0.029523300006985664,173,690,18,6538dca2c8929a2ff760c1cf26521b1a5adcbdbff4d71796c27c61d89bc24d6c,0,True,BASELINE_IDENTITY,N/A
c090_primary,EXP-009,000186,186,True,SUCCESS,0.029909446835517883,172,687,18,6538dca2c8929a2ff760c1cf26521b1a5adcbdbff4d71796c27c61d89bc24d6c,0,True,S_TO_S,BOTH_SUCCEED
q95_symmetric,EXP-010,000186,186,True,SUCCESS,0.02913466840982437,174,694,18,6538dca2c8929a2ff760c1cf26521b1a5adcbdbff4d71796c27c61d89bc24d6c,0,True,S_TO_S,BOTH_SUCCEED
baseline,EXP-008,000187,187,True,SUCCESS,0.029242703691124916,190,759,19,415acf52e76a181f20faf74d6893d6a4871442b89c2353c04af6f3bb0eb83aa2,0,True,BASELINE_IDENTITY,N/A
c090_primary,EXP-009,000187,187,True,SUCCESS,0.02988417260348797,189,756,19,415acf52e76a181f20faf74d6893d6a4871442b89c2353c04af6f3bb0eb83aa2,0,True,S_TO_S,BOTH_SUCCEED
q95_symmetric,EXP-010,000187,187,True,SUCCESS,0.02978300303220749,193,772,20,415acf52e76a181f20faf74d6893d6a4871442b89c2353c04af6f3bb0eb83aa2,0,True,S_TO_S,BOTH_SUCCEED
baseline,EXP-008,000188,188,True,SUCCESS,0.029994750395417213,121,483,13,5a52e685beb7e8a515495b88f3d760306455a64c38a5a87b8db654627ff22737,0,True,BASELINE_IDENTITY,N/A
c090_primary,EXP-009,000188,188,True,SUCCESS,0.029883408918976784,122,485,13,5a52e685beb7e8a515495b88f3d760306455a64c38a5a87b8db654627ff22737,0,True,S_TO_S,BOTH_SUCCEED
q95_symmetric,EXP-010,000188,188,True,SUCCESS,0.02994406223297119,122,485,13,5a52e685beb7e8a515495b88f3d760306455a64c38a5a87b8db654627ff22737,0,True,S_TO_S,BOTH_SUCCEED
baseline,EXP-008,000189,189,False,FAILURE,0.14163921773433685,350,1400,35,491f07ed610d536fe734349f2b720e28b10173f10f2f8fd8c39b52a14242b8ee,0,False,BASELINE_IDENTITY,N/A
c090_primary,EXP-009,000189,189,False,FAILURE,0.1366739571094513,350,1400,35,491f07ed610d536fe734349f2b720e28b10173f10f2f8fd8c39b52a14242b8ee,0,False,F_TO_F,BOTH_FAIL
q95_symmetric,EXP-010,000189,189,False,FAILURE,0.1396639049053192,350,1400,35,491f07ed610d536fe734349f2b720e28b10173f10f2f8fd8c39b52a14242b8ee,0,False,F_TO_F,BOTH_FAIL
baseline,EXP-008,000190,190,True,SUCCESS,0.02939801849424839,162,646,17,8625c2b687a173c8d58d92487b5ce3f52347ffd6f5a454f2d6abdacd13c955f4,0,True,BASELINE_IDENTITY,N/A
c090_primary,EXP-009,000190,190,True,SUCCESS,0.029652688652276993,161,641,17,8625c2b687a173c8d58d92487b5ce3f52347ffd6f5a454f2d6abdacd13c955f4,0,True,S_TO_S,BOTH_SUCCEED
q95_symmetric,EXP-010,000190,190,True,SUCCESS,0.02948787622153759,162,647,17,8625c2b687a173c8d58d92487b5ce3f52347ffd6f5a454f2d6abdacd13c955f4,0,True,S_TO_S,BOTH_SUCCEED
baseline,EXP-008,000191,191,False,FAILURE,0.27495908737182617,350,1400,35,85b9d21cf50aa639ca70c23d7b6992e0bad3098db4674a065a8421ba9977fff7,0,False,BASELINE_IDENTITY,N/A
c090_primary,EXP-009,000191,191,False,FAILURE,0.2046537697315216,350,1400,35,85b9d21cf50aa639ca70c23d7b6992e0bad3098db4674a065a8421ba9977fff7,0,False,F_TO_F,BOTH_FAIL
q95_symmetric,EXP-010,000191,191,False,FAILURE,0.27743828296661377,350,1400,35,85b9d21cf50aa639ca70c23d7b6992e0bad3098db4674a065a8421ba9977fff7,0,False,F_TO_F,BOTH_FAIL
baseline,EXP-008,000192,192,True,SUCCESS,0.029507528990507126,198,792,20,63d561e7c3813e4aaa636b5443eb3c7c0ca33ec2fa455c0be0fa81804fe613e6,0,True,BASELINE_IDENTITY,N/A
c090_primary,EXP-009,000192,192,True,SUCCESS,0.029618622735142708,199,793,20,63d561e7c3813e4aaa636b5443eb3c7c0ca33ec2fa455c0be0fa81804fe613e6,0,True,S_TO_S,BOTH_SUCCEED
q95_symmetric,EXP-010,000192,192,True,SUCCESS,0.029689790681004524,198,791,20,63d561e7c3813e4aaa636b5443eb3c7c0ca33ec2fa455c0be0fa81804fe613e6,0,True,S_TO_S,BOTH_SUCCEED
baseline,EXP-008,000193,193,False,FAILURE,0.0554257333278656,350,1400,35,5a1d265503cd16b92a9232b7eea6924601d51f4ab5c9becd9ad5057d0c5c0a1e,0,False,BASELINE_IDENTITY,N/A
c090_primary,EXP-009,000193,193,False,FAILURE,0.04630682244896889,350,1400,35,5a1d265503cd16b92a9232b7eea6924601d51f4ab5c9becd9ad5057d0c5c0a1e,0,False,F_TO_F,BOTH_FAIL
q95_symmetric,EXP-010,000193,193,False,FAILURE,0.048593923449516296,350,1400,35,5a1d265503cd16b92a9232b7eea6924601d51f4ab5c9becd9ad5057d0c5c0a1e,0,False,F_TO_F,BOTH_FAIL
baseline,EXP-008,000194,194,True,SUCCESS,0.029251161962747574,162,646,17,7086ee3550bbefdefa68b4e10be9bc49ac4fee2866647a49bcff3b417ed0a6e1,0,True,BASELINE_IDENTITY,N/A
c090_primary,EXP-009,000194,194,True,SUCCESS,0.029957814142107964,161,642,17,7086ee3550bbefdefa68b4e10be9bc49ac4fee2866647a49bcff3b417ed0a6e1,0,True,S_TO_S,BOTH_SUCCEED
q95_symmetric,EXP-010,000194,194,True,SUCCESS,0.02993505634367466,161,644,17,7086ee3550bbefdefa68b4e10be9bc49ac4fee2866647a49bcff3b417ed0a6e1,0,True,S_TO_S,BOTH_SUCCEED
baseline,EXP-008,000195,195,False,FAILURE,0.09870454668998718,350,1400,35,d927732b7b5f0cc349f3a77bacf8c00a0f51d9223b788a8bf096b13231738491,0,False,BASELINE_IDENTITY,N/A
c090_primary,EXP-009,000195,195,False,FAILURE,0.10252200067043304,350,1400,35,d927732b7b5f0cc349f3a77bacf8c00a0f51d9223b788a8bf096b13231738491,0,False,F_TO_F,BOTH_FAIL
q95_symmetric,EXP-010,000195,195,False,FAILURE,0.39466315507888794,350,1400,35,d927732b7b5f0cc349f3a77bacf8c00a0f51d9223b788a8bf096b13231738491,0,False,F_TO_F,BOTH_FAIL
baseline,EXP-008,000196,196,False,FAILURE,0.03079948015511036,350,1400,35,caf996625eb9019861d894996096a142cd57669a13220257fcd382726709ac87,0,False,BASELINE_IDENTITY,N/A
c090_primary,EXP-009,000196,196,False,FAILURE,0.033297836780548096,350,1400,35,caf996625eb9019861d894996096a142cd57669a13220257fcd382726709ac87,0,False,F_TO_F,BOTH_FAIL
q95_symmetric,EXP-010,000196,196,False,FAILURE,0.03683128580451012,350,1400,35,caf996625eb9019861d894996096a142cd57669a13220257fcd382726709ac87,0,False,F_TO_F,BOTH_FAIL
baseline,EXP-008,000197,197,False,FAILURE,0.06265243887901306,350,1400,35,8e54b47a5533541652b1c26cac6042d109759a1f31fe88445169f36a625e4701,0,False,BASELINE_IDENTITY,N/A
c090_primary,EXP-009,000197,197,False,FAILURE,0.07083196938037872,350,1400,35,8e54b47a5533541652b1c26cac6042d109759a1f31fe88445169f36a625e4701,0,False,F_TO_F,BOTH_FAIL
q95_symmetric,EXP-010,000197,197,False,FAILURE,0.20854707062244415,350,1400,35,8e54b47a5533541652b1c26cac6042d109759a1f31fe88445169f36a625e4701,0,False,F_TO_F,BOTH_FAIL
baseline,EXP-008,000198,198,True,SUCCESS,0.029642805457115173,148,590,15,e7ae7f7f1023b928eb968bbcf7e9f878ada3a40a473692a2223c001b61a47223,0,True,BASELINE_IDENTITY,N/A
c090_primary,EXP-009,000198,198,True,SUCCESS,0.02936463989317417,148,590,15,e7ae7f7f1023b928eb968bbcf7e9f878ada3a40a473692a2223c001b61a47223,0,True,S_TO_S,BOTH_SUCCEED
q95_symmetric,EXP-010,000198,198,True,SUCCESS,0.029896680265665054,148,590,15,e7ae7f7f1023b928eb968bbcf7e9f878ada3a40a473692a2223c001b61a47223,0,True,S_TO_S,BOTH_SUCCEED
baseline,EXP-008,000199,199,False,FAILURE,0.04736027866601944,350,1400,35,135fa4fd71a33e24eda0a0413cb1de80abb0d9cf2aaff4d8530661fcc957233f,0,False,BASELINE_IDENTITY,N/A
c090_primary,EXP-009,000199,199,False,FAILURE,0.04671173170208931,350,1400,35,135fa4fd71a33e24eda0a0413cb1de80abb0d9cf2aaff4d8530661fcc957233f,0,False,F_TO_F,BOTH_FAIL
q95_symmetric,EXP-010,000199,199,False,FAILURE,0.04662012681365013,350,1400,35,135fa4fd71a33e24eda0a0413cb1de80abb0d9cf2aaff4d8530661fcc957233f,0,False,F_TO_F,BOTH_FAIL
baseline,EXP-008,000200,200,False,FAILURE,0.03441006317734718,350,1400,35,2d1c68fe855b8e5da19f97cdb0d8a86302b9f8ec2e1e3139533356569ea7de6d,0,False,BASELINE_IDENTITY,N/A
c090_primary,EXP-009,000200,200,True,SUCCESS,0.029771890491247177,122,487,13,2d1c68fe855b8e5da19f97cdb0d8a86302b9f8ec2e1e3139533356569ea7de6d,0,False,F_TO_S_RESCUE,BOTH_SUCCEED
q95_symmetric,EXP-010,000200,200,True,SUCCESS,0.029824452474713326,123,490,13,2d1c68fe855b8e5da19f97cdb0d8a86302b9f8ec2e1e3139533356569ea7de6d,0,False,F_TO_S_RESCUE,BOTH_SUCCEED
baseline,EXP-008,000201,201,True,SUCCESS,0.029279585927724838,188,750,19,11d8c42f58f5f6e819c0ef97eb117f8bc0b538aae83c63aca12a349fbc19ad3e,0,True,BASELINE_IDENTITY,N/A
c090_primary,EXP-009,000201,201,True,SUCCESS,0.029423341155052185,188,749,19,11d8c42f58f5f6e819c0ef97eb117f8bc0b538aae83c63aca12a349fbc19ad3e,0,True,S_TO_S,BOTH_SUCCEED
q95_symmetric,EXP-010,000201,201,True,SUCCESS,0.02949514612555504,188,752,19,11d8c42f58f5f6e819c0ef97eb117f8bc0b538aae83c63aca12a349fbc19ad3e,0,True,S_TO_S,BOTH_SUCCEED
baseline,EXP-008,000202,202,True,SUCCESS,0.029918456450104713,121,483,13,61c6472d56d7b7464969c5f5a1b343d68202491507bc3194380819b9867fa32c,0,True,BASELINE_IDENTITY,N/A
c090_primary,EXP-009,000202,202,True,SUCCESS,0.029842564836144447,121,482,13,61c6472d56d7b7464969c5f5a1b343d68202491507bc3194380819b9867fa32c,0,True,S_TO_S,BOTH_SUCCEED
q95_symmetric,EXP-010,000202,202,True,SUCCESS,0.029813669621944427,121,482,13,61c6472d56d7b7464969c5f5a1b343d68202491507bc3194380819b9867fa32c,0,True,S_TO_S,BOTH_SUCCEED
baseline,EXP-008,000203,203,False,FAILURE,0.16315560042858124,350,1400,35,e239fef319ab37e741adfa4a30de067fb194ec1cea076b2c6a480dff8bdadd5f,0,False,BASELINE_IDENTITY,N/A
c090_primary,EXP-009,000203,203,False,FAILURE,0.16467174887657166,350,1400,35,e239fef319ab37e741adfa4a30de067fb194ec1cea076b2c6a480dff8bdadd5f,0,False,F_TO_F,BOTH_FAIL
q95_symmetric,EXP-010,000203,203,False,FAILURE,0.16450658440589905,350,1400,35,e239fef319ab37e741adfa4a30de067fb194ec1cea076b2c6a480dff8bdadd5f,0,False,F_TO_F,BOTH_FAIL
baseline,EXP-008,000204,204,False,FAILURE,0.14799964427947998,350,1400,35,60a7cf4e7c14660755e9bcf85bbf5b430ba3cc732849d2ff9f35031ae7a20335,0,False,BASELINE_IDENTITY,N/A
c090_primary,EXP-009,000204,204,False,FAILURE,0.14273381233215332,350,1400,35,60a7cf4e7c14660755e9bcf85bbf5b430ba3cc732849d2ff9f35031ae7a20335,0,False,F_TO_F,BOTH_FAIL
q95_symmetric,EXP-010,000204,204,False,FAILURE,0.12351413816213608,350,1400,35,60a7cf4e7c14660755e9bcf85bbf5b430ba3cc732849d2ff9f35031ae7a20335,0,False,F_TO_F,BOTH_FAIL
baseline,EXP-008,000205,205,False,FAILURE,0.0377359613776207,350,1400,35,46f54f6952d10e98557f02d341f3499f54b897088e28b18d0277264aa3fe76fb,0,False,BASELINE_IDENTITY,N/A
c090_primary,EXP-009,000205,205,False,FAILURE,0.04412698373198509,350,1400,35,46f54f6952d10e98557f02d341f3499f54b897088e28b18d0277264aa3fe76fb,0,False,F_TO_F,BOTH_FAIL
q95_symmetric,EXP-010,000205,205,False,FAILURE,0.0792311280965805,350,1400,35,46f54f6952d10e98557f02d341f3499f54b897088e28b18d0277264aa3fe76fb,0,False,F_TO_F,BOTH_FAIL
baseline,EXP-008,000206,206,True,SUCCESS,0.0293719582259655,187,745,19,4b516322f1f596bd90a40ea73746ba05d16648eb4bc6320fe4cba1ae79acc47a,0,True,BASELINE_IDENTITY,N/A
c090_primary,EXP-009,000206,206,True,SUCCESS,0.029697522521018982,187,746,19,4b516322f1f596bd90a40ea73746ba05d16648eb4bc6320fe4cba1ae79acc47a,0,True,S_TO_S,BOTH_SUCCEED
q95_symmetric,EXP-010,000206,206,True,SUCCESS,0.029390733689069748,187,745,19,4b516322f1f596bd90a40ea73746ba05d16648eb4bc6320fe4cba1ae79acc47a,0,True,S_TO_S,BOTH_SUCCEED
baseline,EXP-008,000207,207,True,SUCCESS,0.029711775481700897,212,847,22,5d79d151f5124cd8c24cba72566d4d98f6075f92de607b64e86a8834d8fd277b,0,True,BASELINE_IDENTITY,N/A
c090_primary,EXP-009,000207,207,True,SUCCESS,0.029370883479714394,211,843,22,5d79d151f5124cd8c24cba72566d4d98f6075f92de607b64e86a8834d8fd277b,0,True,S_TO_S,BOTH_SUCCEED
q95_symmetric,EXP-010,000207,207,True,SUCCESS,0.02952640689909458,213,850,22,5d79d151f5124cd8c24cba72566d4d98f6075f92de607b64e86a8834d8fd277b,0,True,S_TO_S,BOTH_SUCCEED
baseline,EXP-008,000208,208,False,FAILURE,0.29589855670928955,350,1400,35,7c3d1c13ea77ebff324d42247316f5375497deb8ac87f6d998de82852fc84ca0,0,False,BASELINE_IDENTITY,N/A
c090_primary,EXP-009,000208,208,False,FAILURE,0.1410589963197708,350,1400,35,7c3d1c13ea77ebff324d42247316f5375497deb8ac87f6d998de82852fc84ca0,0,False,F_TO_F,BOTH_FAIL
q95_symmetric,EXP-010,000208,208,False,FAILURE,0.15488263964653015,350,1400,35,7c3d1c13ea77ebff324d42247316f5375497deb8ac87f6d998de82852fc84ca0,0,False,F_TO_F,BOTH_FAIL
baseline,EXP-008,000209,209,False,FAILURE,0.29421353340148926,350,1400,35,83b1545e6f591b09aa08c9c17f238b9abf8191aa67b031deaee52bcbe039d74a,0,False,BASELINE_IDENTITY,N/A
c090_primary,EXP-009,000209,209,False,FAILURE,0.2759891450405121,350,1400,35,83b1545e6f591b09aa08c9c17f238b9abf8191aa67b031deaee52bcbe039d74a,0,False,F_TO_F,BOTH_FAIL
q95_symmetric,EXP-010,000209,209,False,FAILURE,0.3161708414554596,350,1400,35,83b1545e6f591b09aa08c9c17f238b9abf8191aa67b031deaee52bcbe039d74a,0,False,F_TO_F,BOTH_FAIL
baseline,EXP-008,000210,210,False,FAILURE,0.2879122197628021,350,1400,35,a5406d19ca74523fc302c2a758b91e9fc6222dafd28c8e1c6c70a1cff8d098e3,0,False,BASELINE_IDENTITY,N/A
c090_primary,EXP-009,000210,210,False,FAILURE,0.28729093074798584,350,1400,35,a5406d19ca74523fc302c2a758b91e9fc6222dafd28c8e1c6c70a1cff8d098e3,0,False,F_TO_F,BOTH_FAIL
q95_symmetric,EXP-010,000210,210,False,FAILURE,0.2872397303581238,350,1400,35,a5406d19ca74523fc302c2a758b91e9fc6222dafd28c8e1c6c70a1cff8d098e3,0,False,F_TO_F,BOTH_FAIL
baseline,EXP-008,000211,211,False,FAILURE,0.038016848266124725,350,1400,35,49880e1a7fc8064d3e5099fa034a666d85ae92944a14443de9a569c1a7ea8b8d,0,False,BASELINE_IDENTITY,N/A
c090_primary,EXP-009,000211,211,False,FAILURE,0.039233796298503876,350,1400,35,49880e1a7fc8064d3e5099fa034a666d85ae92944a14443de9a569c1a7ea8b8d,0,False,F_TO_F,BOTH_FAIL
q95_symmetric,EXP-010,000211,211,False,FAILURE,0.03793542832136154,350,1400,35,49880e1a7fc8064d3e5099fa034a666d85ae92944a14443de9a569c1a7ea8b8d,0,False,F_TO_F,BOTH_FAIL
baseline,EXP-008,000212,212,False,FAILURE,0.36908820271492004,350,1400,35,f0400caf0c11ceb6ab482cb70a01dd5b701408ddc0463227657e338f1054e6e0,0,False,BASELINE_IDENTITY,N/A
c090_primary,EXP-009,000212,212,False,FAILURE,0.369264155626297,350,1400,35,f0400caf0c11ceb6ab482cb70a01dd5b701408ddc0463227657e338f1054e6e0,0,False,F_TO_F,BOTH_FAIL
q95_symmetric,EXP-010,000212,212,False,FAILURE,0.06455274671316147,350,1400,35,f0400caf0c11ceb6ab482cb70a01dd5b701408ddc0463227657e338f1054e6e0,0,False,F_TO_F,BOTH_FAIL
baseline,EXP-008,000213,213,True,SUCCESS,0.0297196414321661,76,302,8,9140c2029d480f464bb9c3d1808c9c1becbc8b82a2ef664cda9b75ce3ebb250d,0,True,BASELINE_IDENTITY,N/A
c090_primary,EXP-009,000213,213,True,SUCCESS,0.029773758724331856,74,294,8,9140c2029d480f464bb9c3d1808c9c1becbc8b82a2ef664cda9b75ce3ebb250d,0,True,S_TO_S,BOTH_SUCCEED
q95_symmetric,EXP-010,000213,213,True,SUCCESS,0.029576515778899193,71,284,8,9140c2029d480f464bb9c3d1808c9c1becbc8b82a2ef664cda9b75ce3ebb250d,0,True,S_TO_S,BOTH_SUCCEED
baseline,EXP-008,000214,214,True,SUCCESS,0.029667316004633904,143,572,15,e014e57cb609a7d2ad5d1c066803381350bf77e9c65c24239fff63ed993c6a4d,0,True,BASELINE_IDENTITY,N/A
c090_primary,EXP-009,000214,214,True,SUCCESS,0.029738469049334526,143,572,15,e014e57cb609a7d2ad5d1c066803381350bf77e9c65c24239fff63ed993c6a4d,0,True,S_TO_S,BOTH_SUCCEED
q95_symmetric,EXP-010,000214,214,True,SUCCESS,0.029905784875154495,144,573,15,e014e57cb609a7d2ad5d1c066803381350bf77e9c65c24239fff63ed993c6a4d,0,True,S_TO_S,BOTH_SUCCEED
baseline,EXP-008,000215,215,True,SUCCESS,0.029753459617495537,129,514,13,e72c8e6dc4ac97578313781912fe51a19dd3900ffe04fd82ac76cc91eacb0c87,0,True,BASELINE_IDENTITY,N/A
c090_primary,EXP-009,000215,215,True,SUCCESS,0.0296324510127306,129,516,13,e72c8e6dc4ac97578313781912fe51a19dd3900ffe04fd82ac76cc91eacb0c87,0,True,S_TO_S,BOTH_SUCCEED
q95_symmetric,EXP-010,000215,215,True,SUCCESS,0.029771922156214714,128,511,13,e72c8e6dc4ac97578313781912fe51a19dd3900ffe04fd82ac76cc91eacb0c87,0,True,S_TO_S,BOTH_SUCCEED
baseline,EXP-008,000216,216,True,SUCCESS,0.029853204265236855,185,738,19,d9bda31368cf80fce1daf5e52c13cddb63450a49f4d0c7cc7b7dd7a3a4fd4f4e,0,True,BASELINE_IDENTITY,N/A
c090_primary,EXP-009,000216,216,True,SUCCESS,0.0298971738666296,185,739,19,d9bda31368cf80fce1daf5e52c13cddb63450a49f4d0c7cc7b7dd7a3a4fd4f4e,0,True,S_TO_S,BOTH_SUCCEED
q95_symmetric,EXP-010,000216,216,True,SUCCESS,0.029185937717556953,183,732,19,d9bda31368cf80fce1daf5e52c13cddb63450a49f4d0c7cc7b7dd7a3a4fd4f4e,0,True,S_TO_S,BOTH_SUCCEED
baseline,EXP-008,000217,217,True,SUCCESS,0.02981477975845337,163,649,17,10d23db2cb64536e0c9988f3c15e5cc8d3bb96ff0c7563b4d5f23a4dfed0ee0c,0,True,BASELINE_IDENTITY,N/A
c090_primary,EXP-009,000217,217,True,SUCCESS,0.029631268233060837,164,653,17,10d23db2cb64536e0c9988f3c15e5cc8d3bb96ff0c7563b4d5f23a4dfed0ee0c,0,True,S_TO_S,BOTH_SUCCEED
q95_symmetric,EXP-010,000217,217,True,SUCCESS,0.029896270483732224,163,652,17,10d23db2cb64536e0c9988f3c15e5cc8d3bb96ff0c7563b4d5f23a4dfed0ee0c,0,True,S_TO_S,BOTH_SUCCEED
baseline,EXP-008,000218,218,True,SUCCESS,0.02995302900671959,124,496,13,a8064d0b91d07138e23017e3b274f961b4a41d74abc76500a7fd31468bebf093,0,True,BASELINE_IDENTITY,N/A
c090_primary,EXP-009,000218,218,True,SUCCESS,0.029729973524808884,125,497,13,a8064d0b91d07138e23017e3b274f961b4a41d74abc76500a7fd31468bebf093,0,True,S_TO_S,BOTH_SUCCEED
q95_symmetric,EXP-010,000218,218,True,SUCCESS,0.02985028550028801,125,498,13,a8064d0b91d07138e23017e3b274f961b4a41d74abc76500a7fd31468bebf093,0,True,S_TO_S,BOTH_SUCCEED
baseline,EXP-008,000219,219,False,FAILURE,0.3877761960029602,350,1400,35,aa5ff6886f877d108a9982262b9c8c783d77d045931f209223952821e95717f7,0,False,BASELINE_IDENTITY,N/A
c090_primary,EXP-009,000219,219,False,FAILURE,0.3873056173324585,350,1400,35,aa5ff6886f877d108a9982262b9c8c783d77d045931f209223952821e95717f7,0,False,F_TO_F,BOTH_FAIL
q95_symmetric,EXP-010,000219,219,False,FAILURE,0.3877752721309662,350,1400,35,aa5ff6886f877d108a9982262b9c8c783d77d045931f209223952821e95717f7,0,False,F_TO_F,BOTH_FAIL
baseline,EXP-008,000220,220,True,SUCCESS,0.029174277558922768,179,715,18,cd31b32eeb14087174cb907d08ba0c55692b07c9dbb254fb930d29ce59b19743,0,True,BASELINE_IDENTITY,N/A
c090_primary,EXP-009,000220,220,True,SUCCESS,0.029660377651453018,180,717,18,cd31b32eeb14087174cb907d08ba0c55692b07c9dbb254fb930d29ce59b19743,0,True,S_TO_S,BOTH_SUCCEED
q95_symmetric,EXP-010,000220,220,True,SUCCESS,0.029798781499266624,180,718,18,cd31b32eeb14087174cb907d08ba0c55692b07c9dbb254fb930d29ce59b19743,0,True,S_TO_S,BOTH_SUCCEED
baseline,EXP-008,000221,221,True,SUCCESS,0.029894929379224777,126,502,13,39cfd1497d4e76a5a770668d5a0f47250a6ef12bf3e2741f59a11d29f265cb08,0,True,BASELINE_IDENTITY,N/A
c090_primary,EXP-009,000221,221,True,SUCCESS,0.029698064550757408,123,491,13,39cfd1497d4e76a5a770668d5a0f47250a6ef12bf3e2741f59a11d29f265cb08,0,True,S_TO_S,BOTH_SUCCEED
q95_symmetric,EXP-010,000221,221,True,SUCCESS,0.02977931685745716,126,502,13,39cfd1497d4e76a5a770668d5a0f47250a6ef12bf3e2741f59a11d29f265cb08,0,True,S_TO_S,BOTH_SUCCEED
baseline,EXP-008,000222,222,False,FAILURE,0.03368068486452103,350,1400,35,0f8606706420c61326e8c071a9650702a0c4da9c0c9b38c8d09281340a65bd5a,0,False,BASELINE_IDENTITY,N/A
c090_primary,EXP-009,000222,222,False,FAILURE,0.03182201832532883,350,1400,35,0f8606706420c61326e8c071a9650702a0c4da9c0c9b38c8d09281340a65bd5a,0,False,F_TO_F,Q95_ONLY_SUCCEEDS
q95_symmetric,EXP-010,000222,222,True,SUCCESS,0.029830802232027054,193,771,20,0f8606706420c61326e8c071a9650702a0c4da9c0c9b38c8d09281340a65bd5a,0,False,F_TO_S_RESCUE,Q95_ONLY_SUCCEEDS
baseline,EXP-008,000223,223,False,FAILURE,0.16374626755714417,350,1400,35,3ed4c058114ebf59bebf5891d09c0e131d28cfbe5017df7dda4404979ccaa366,0,False,BASELINE_IDENTITY,N/A
c090_primary,EXP-009,000223,223,False,FAILURE,0.16452744603157043,350,1400,35,3ed4c058114ebf59bebf5891d09c0e131d28cfbe5017df7dda4404979ccaa366,0,False,F_TO_F,BOTH_FAIL
q95_symmetric,EXP-010,000223,223,False,FAILURE,0.16260938346385956,350,1400,35,3ed4c058114ebf59bebf5891d09c0e131d28cfbe5017df7dda4404979ccaa366,0,False,F_TO_F,BOTH_FAIL
baseline,EXP-008,000224,224,False,FAILURE,0.06433258205652237,350,1400,35,29e49dd66f8b0dc616c5a6b7e1ff9848d63c4b2c210a3781050db30cad441735,0,False,BASELINE_IDENTITY,N/A
c090_primary,EXP-009,000224,224,False,FAILURE,0.07078802585601807,350,1400,35,29e49dd66f8b0dc616c5a6b7e1ff9848d63c4b2c210a3781050db30cad441735,0,False,F_TO_F,BOTH_FAIL
q95_symmetric,EXP-010,000224,224,False,FAILURE,0.04270447418093681,350,1400,35,29e49dd66f8b0dc616c5a6b7e1ff9848d63c4b2c210a3781050db30cad441735,0,False,F_TO_F,BOTH_FAIL
baseline,EXP-008,000225,225,False,FAILURE,0.15896087884902954,350,1400,35,a9a49dc7408b065e160b84c6ee01dc7f330ba5d91ac3b433272ad339ba9477fb,0,False,BASELINE_IDENTITY,N/A
c090_primary,EXP-009,000225,225,False,FAILURE,0.11729545146226883,350,1400,35,a9a49dc7408b065e160b84c6ee01dc7f330ba5d91ac3b433272ad339ba9477fb,0,False,F_TO_F,BOTH_FAIL
q95_symmetric,EXP-010,000225,225,False,FAILURE,0.14303313195705414,350,1400,35,a9a49dc7408b065e160b84c6ee01dc7f330ba5d91ac3b433272ad339ba9477fb,0,False,F_TO_F,BOTH_FAIL
baseline,EXP-008,000226,226,True,SUCCESS,0.029403259977698326,202,805,21,fa634b26a61a90afdad483ac55781d988128891a5639fbad708e5adf555f4535,0,True,BASELINE_IDENTITY,N/A
c090_primary,EXP-009,000226,226,True,SUCCESS,0.029632776975631714,202,805,21,fa634b26a61a90afdad483ac55781d988128891a5639fbad708e5adf555f4535,0,True,S_TO_S,BOTH_SUCCEED
q95_symmetric,EXP-010,000226,226,True,SUCCESS,0.029546339064836502,200,798,20,fa634b26a61a90afdad483ac55781d988128891a5639fbad708e5adf555f4535,0,True,S_TO_S,BOTH_SUCCEED
baseline,EXP-008,000227,227,False,FAILURE,0.08405359834432602,350,1400,35,163cd5edb1779cc1c13380a6237ce7c7a27d089815277f2005819736ad21b7ac,0,False,BASELINE_IDENTITY,N/A
c090_primary,EXP-009,000227,227,False,FAILURE,0.30614766478538513,350,1400,35,163cd5edb1779cc1c13380a6237ce7c7a27d089815277f2005819736ad21b7ac,0,False,F_TO_F,BOTH_FAIL
q95_symmetric,EXP-010,000227,227,False,FAILURE,0.30526408553123474,350,1400,35,163cd5edb1779cc1c13380a6237ce7c7a27d089815277f2005819736ad21b7ac,0,False,F_TO_F,BOTH_FAIL
baseline,EXP-008,000228,228,False,FAILURE,0.2920282185077667,350,1400,35,891e0b8ca82086682805538e8b015dc390a170794aff14993d7af32986ac9cdf,0,False,BASELINE_IDENTITY,N/A
c090_primary,EXP-009,000228,228,False,FAILURE,0.29424288868904114,350,1400,35,891e0b8ca82086682805538e8b015dc390a170794aff14993d7af32986ac9cdf,0,False,F_TO_F,BOTH_FAIL
q95_symmetric,EXP-010,000228,228,False,FAILURE,0.1176220178604126,350,1400,35,891e0b8ca82086682805538e8b015dc390a170794aff14993d7af32986ac9cdf,0,False,F_TO_F,BOTH_FAIL
baseline,EXP-008,000229,229,False,FAILURE,0.21647320687770844,350,1400,35,fa7c3e956dbe524d32097a68ea3f9dc4d3b3f5d8231f28b75d4e034d750a6c27,0,False,BASELINE_IDENTITY,N/A
c090_primary,EXP-009,000229,229,False,FAILURE,0.21659448742866516,350,1400,35,fa7c3e956dbe524d32097a68ea3f9dc4d3b3f5d8231f28b75d4e034d750a6c27,0,False,F_TO_F,BOTH_FAIL
q95_symmetric,EXP-010,000229,229,False,FAILURE,0.21360939741134644,350,1400,35,fa7c3e956dbe524d32097a68ea3f9dc4d3b3f5d8231f28b75d4e034d750a6c27,0,False,F_TO_F,BOTH_FAIL
baseline,EXP-008,000230,230,True,SUCCESS,0.029437361285090446,186,744,19,dc148ef0506433ff1eaff90c3ee1c5844b0b2a3ac371bb6f89aaacf169d0f007,0,True,BASELINE_IDENTITY,N/A
c090_primary,EXP-009,000230,230,True,SUCCESS,0.029387807473540306,187,745,19,dc148ef0506433ff1eaff90c3ee1c5844b0b2a3ac371bb6f89aaacf169d0f007,0,True,S_TO_S,BOTH_SUCCEED
q95_symmetric,EXP-010,000230,230,True,SUCCESS,0.029726708307862282,186,744,19,dc148ef0506433ff1eaff90c3ee1c5844b0b2a3ac371bb6f89aaacf169d0f007,0,True,S_TO_S,BOTH_SUCCEED
baseline,EXP-008,000231,231,True,SUCCESS,0.029597414657473564,166,662,17,6524548e7ebc481ea3da0feccf621b6018b336d350429d95614f2180e34b07c7,0,True,BASELINE_IDENTITY,N/A
c090_primary,EXP-009,000231,231,True,SUCCESS,0.029556959867477417,162,647,17,6524548e7ebc481ea3da0feccf621b6018b336d350429d95614f2180e34b07c7,0,True,S_TO_S,BOTH_SUCCEED
q95_symmetric,EXP-010,000231,231,True,SUCCESS,0.0299850981682539,162,645,17,6524548e7ebc481ea3da0feccf621b6018b336d350429d95614f2180e34b07c7,0,True,S_TO_S,BOTH_SUCCEED
baseline,EXP-008,000232,232,True,SUCCESS,0.0299436766654253,174,693,18,2512ccc6089468dbf644bee916fd216608e459b62cb01557a54d7810ed8c6214,0,True,BASELINE_IDENTITY,N/A
c090_primary,EXP-009,000232,232,True,SUCCESS,0.029629187658429146,175,698,18,2512ccc6089468dbf644bee916fd216608e459b62cb01557a54d7810ed8c6214,0,True,S_TO_S,BOTH_SUCCEED
q95_symmetric,EXP-010,000232,232,True,SUCCESS,0.02991613931953907,174,695,18,2512ccc6089468dbf644bee916fd216608e459b62cb01557a54d7810ed8c6214,0,True,S_TO_S,BOTH_SUCCEED
baseline,EXP-008,000233,233,False,FAILURE,0.29058292508125305,350,1400,35,b5172b4d6eb7c50903938f841bb54d528325fd0ffe61f8f7570eec03780b5511,0,False,BASELINE_IDENTITY,N/A
c090_primary,EXP-009,000233,233,False,FAILURE,0.29189997911453247,350,1400,35,b5172b4d6eb7c50903938f841bb54d528325fd0ffe61f8f7570eec03780b5511,0,False,F_TO_F,BOTH_FAIL
q95_symmetric,EXP-010,000233,233,False,FAILURE,0.29402396082878113,350,1400,35,b5172b4d6eb7c50903938f841bb54d528325fd0ffe61f8f7570eec03780b5511,0,False,F_TO_F,BOTH_FAIL
baseline,EXP-008,000234,234,False,FAILURE,0.30586838722229004,350,1400,35,88ba6433d63f630365b81b5a9d4fc55723ce40d49ae46f67d1d7169b8b5991c4,0,False,BASELINE_IDENTITY,N/A
c090_primary,EXP-009,000234,234,False,FAILURE,0.3160229027271271,350,1400,35,88ba6433d63f630365b81b5a9d4fc55723ce40d49ae46f67d1d7169b8b5991c4,0,False,F_TO_F,BOTH_FAIL
q95_symmetric,EXP-010,000234,234,False,FAILURE,0.30687108635902405,350,1400,35,88ba6433d63f630365b81b5a9d4fc55723ce40d49ae46f67d1d7169b8b5991c4,0,False,F_TO_F,BOTH_FAIL
baseline,EXP-008,000235,235,True,SUCCESS,0.029227441176772118,207,826,21,0474f1399946b582792cffbb8d37bd83122a4e4001b3e350a6b019c121b76eeb,0,True,BASELINE_IDENTITY,N/A
c090_primary,EXP-009,000235,235,True,SUCCESS,0.029334062710404396,206,821,21,0474f1399946b582792cffbb8d37bd83122a4e4001b3e350a6b019c121b76eeb,0,True,S_TO_S,BOTH_SUCCEED
q95_symmetric,EXP-010,000235,235,True,SUCCESS,0.029363876208662987,207,826,21,0474f1399946b582792cffbb8d37bd83122a4e4001b3e350a6b019c121b76eeb,0,True,S_TO_S,BOTH_SUCCEED
baseline,EXP-008,000236,236,True,SUCCESS,0.029381992295384407,162,648,17,0d52ae618f7e4066ded40d26d89e26358c24ee865aa0f9218fa4e69c020f2878,0,True,BASELINE_IDENTITY,N/A
c090_primary,EXP-009,000236,236,True,SUCCESS,0.029360134154558182,162,646,17,0d52ae618f7e4066ded40d26d89e26358c24ee865aa0f9218fa4e69c020f2878,0,True,S_TO_S,BOTH_SUCCEED
q95_symmetric,EXP-010,000236,236,True,SUCCESS,0.02980463206768036,162,646,17,0d52ae618f7e4066ded40d26d89e26358c24ee865aa0f9218fa4e69c020f2878,0,True,S_TO_S,BOTH_SUCCEED
baseline,EXP-008,000237,237,False,FAILURE,0.22234570980072021,350,1400,35,b43a87c37919eae08306b307160974ae048b2c493e0a977670b1cf7e283812cd,0,False,BASELINE_IDENTITY,N/A
c090_primary,EXP-009,000237,237,False,FAILURE,0.22274331748485565,350,1400,35,b43a87c37919eae08306b307160974ae048b2c493e0a977670b1cf7e283812cd,0,False,F_TO_F,BOTH_FAIL
q95_symmetric,EXP-010,000237,237,False,FAILURE,0.2153511494398117,350,1400,35,b43a87c37919eae08306b307160974ae048b2c493e0a977670b1cf7e283812cd,0,False,F_TO_F,BOTH_FAIL
baseline,EXP-008,000238,238,False,FAILURE,0.3507423400878906,350,1400,35,3f5ce14bd0a51448ec1ee65b639f07180163d1a43943033cf3ee4cfa7e4ff663,0,False,BASELINE_IDENTITY,N/A
c090_primary,EXP-009,000238,238,False,FAILURE,0.3445923626422882,350,1400,35,3f5ce14bd0a51448ec1ee65b639f07180163d1a43943033cf3ee4cfa7e4ff663,0,False,F_TO_F,BOTH_FAIL
q95_symmetric,EXP-010,000238,238,False,FAILURE,0.34914126992225647,350,1400,35,3f5ce14bd0a51448ec1ee65b639f07180163d1a43943033cf3ee4cfa7e4ff663,0,False,F_TO_F,BOTH_FAIL
baseline,EXP-008,000239,239,True,SUCCESS,0.029957041144371033,164,655,17,e00caa49c0d96cc2f3d01c57c9d5bc72840ce5bf972be39e8b2159f43233e5bb,0,True,BASELINE_IDENTITY,N/A
c090_primary,EXP-009,000239,239,True,SUCCESS,0.02988109551370144,167,665,17,e00caa49c0d96cc2f3d01c57c9d5bc72840ce5bf972be39e8b2159f43233e5bb,0,True,S_TO_S,BOTH_SUCCEED
q95_symmetric,EXP-010,000239,239,True,SUCCESS,0.029655728489160538,165,659,17,e00caa49c0d96cc2f3d01c57c9d5bc72840ce5bf972be39e8b2159f43233e5bb,0,True,S_TO_S,BOTH_SUCCEED
baseline,EXP-008,000240,240,True,SUCCESS,0.029861237853765488,140,558,14,01087f154e5d5a4c8968019d74177452cee4470be8bfd8ba0d413d324ffd50b5,0,True,BASELINE_IDENTITY,N/A
c090_primary,EXP-009,000240,240,True,SUCCESS,0.029685022309422493,139,556,14,01087f154e5d5a4c8968019d74177452cee4470be8bfd8ba0d413d324ffd50b5,0,True,S_TO_S,BOTH_SUCCEED
q95_symmetric,EXP-010,000240,240,True,SUCCESS,0.029833346605300903,140,557,14,01087f154e5d5a4c8968019d74177452cee4470be8bfd8ba0d413d324ffd50b5,0,True,S_TO_S,BOTH_SUCCEED
baseline,EXP-008,000241,241,False,FAILURE,0.0498865507543087,350,1400,35,52bfa095e0baf66ee74df2e924fcd6305f855cb308d9a9c07cb34d706e6dc4a0,0,False,BASELINE_IDENTITY,N/A
c090_primary,EXP-009,000241,241,False,FAILURE,0.03048699162900448,350,1400,35,52bfa095e0baf66ee74df2e924fcd6305f855cb308d9a9c07cb34d706e6dc4a0,0,False,F_TO_F,BOTH_FAIL
q95_symmetric,EXP-010,000241,241,False,FAILURE,0.04012862965464592,350,1400,35,52bfa095e0baf66ee74df2e924fcd6305f855cb308d9a9c07cb34d706e6dc4a0,0,False,F_TO_F,BOTH_FAIL
baseline,EXP-008,000242,242,True,SUCCESS,0.02956964075565338,156,621,16,636a39cd1bce93dbe8bf85bf447de5434e372384fb57e70407f6ec0d07d9213f,0,True,BASELINE_IDENTITY,N/A
c090_primary,EXP-009,000242,242,True,SUCCESS,0.029922004789114,155,619,16,636a39cd1bce93dbe8bf85bf447de5434e372384fb57e70407f6ec0d07d9213f,0,True,S_TO_S,BOTH_SUCCEED
q95_symmetric,EXP-010,000242,242,True,SUCCESS,0.029628843069076538,155,620,16,636a39cd1bce93dbe8bf85bf447de5434e372384fb57e70407f6ec0d07d9213f,0,True,S_TO_S,BOTH_SUCCEED
baseline,EXP-008,000243,243,True,SUCCESS,0.029934367164969444,160,637,16,d29a7874ca2f227a57492e574626dbf26683077ed47c68fc89f412481298df46,0,True,BASELINE_IDENTITY,N/A
c090_primary,EXP-009,000243,243,True,SUCCESS,0.02931135706603527,160,638,16,d29a7874ca2f227a57492e574626dbf26683077ed47c68fc89f412481298df46,0,True,S_TO_S,BOTH_SUCCEED
q95_symmetric,EXP-010,000243,243,True,SUCCESS,0.02963240072131157,160,638,16,d29a7874ca2f227a57492e574626dbf26683077ed47c68fc89f412481298df46,0,True,S_TO_S,BOTH_SUCCEED
baseline,EXP-008,000244,244,True,SUCCESS,0.029792072251439095,173,690,18,fb3192d79d7567cc43f53b9461c46f7c1482a4a4df9c41819821dd9f43cbdfeb,0,True,BASELINE_IDENTITY,N/A
c090_primary,EXP-009,000244,244,True,SUCCESS,0.029936233535408974,173,689,18,fb3192d79d7567cc43f53b9461c46f7c1482a4a4df9c41819821dd9f43cbdfeb,0,True,S_TO_S,BOTH_SUCCEED
q95_symmetric,EXP-010,000244,244,True,SUCCESS,0.02998490072786808,173,689,18,fb3192d79d7567cc43f53b9461c46f7c1482a4a4df9c41819821dd9f43cbdfeb,0,True,S_TO_S,BOTH_SUCCEED
baseline,EXP-008,000245,245,True,SUCCESS,0.029657261446118355,168,671,17,d16c1da14c80cfc1ffb65d4c87e49ea3757c326ae5ec59ab14a164aa698b2a46,0,True,BASELINE_IDENTITY,N/A
c090_primary,EXP-009,000245,245,True,SUCCESS,0.029632939025759697,167,666,17,d16c1da14c80cfc1ffb65d4c87e49ea3757c326ae5ec59ab14a164aa698b2a46,0,True,S_TO_S,BOTH_SUCCEED
q95_symmetric,EXP-010,000245,245,True,SUCCESS,0.02981133572757244,167,667,17,d16c1da14c80cfc1ffb65d4c87e49ea3757c326ae5ec59ab14a164aa698b2a46,0,True,S_TO_S,BOTH_SUCCEED
baseline,EXP-008,000246,246,False,FAILURE,0.13506673276424408,350,1400,35,c3f35cfd32acebb31342fe004a25e26e4cbeea03d8cd2ef1cb57bf7fa50d0657,0,False,BASELINE_IDENTITY,N/A
c090_primary,EXP-009,000246,246,False,FAILURE,0.2385670691728592,350,1400,35,c3f35cfd32acebb31342fe004a25e26e4cbeea03d8cd2ef1cb57bf7fa50d0657,0,False,F_TO_F,BOTH_FAIL
q95_symmetric,EXP-010,000246,246,False,FAILURE,0.20995751023292542,350,1400,35,c3f35cfd32acebb31342fe004a25e26e4cbeea03d8cd2ef1cb57bf7fa50d0657,0,False,F_TO_F,BOTH_FAIL
baseline,EXP-008,000247,247,False,FAILURE,0.3457756042480469,350,1400,35,4bf8bc0ce713f3667964d5a03b14acae9619c81ffd69a2fd9f0247091f0999a7,0,False,BASELINE_IDENTITY,N/A
c090_primary,EXP-009,000247,247,False,FAILURE,0.34569814801216125,350,1400,35,4bf8bc0ce713f3667964d5a03b14acae9619c81ffd69a2fd9f0247091f0999a7,0,False,F_TO_F,BOTH_FAIL
q95_symmetric,EXP-010,000247,247,False,FAILURE,0.34319889545440674,350,1400,35,4bf8bc0ce713f3667964d5a03b14acae9619c81ffd69a2fd9f0247091f0999a7,0,False,F_TO_F,BOTH_FAIL
baseline,EXP-008,000248,248,False,FAILURE,0.3293454945087433,350,1400,35,dcbd131910aae4f18b80dc238081a642a9c4bfeb80b0529f8efaae2021736457,0,False,BASELINE_IDENTITY,N/A
c090_primary,EXP-009,000248,248,False,FAILURE,0.3295292556285858,350,1400,35,dcbd131910aae4f18b80dc238081a642a9c4bfeb80b0529f8efaae2021736457,0,False,F_TO_F,BOTH_FAIL
q95_symmetric,EXP-010,000248,248,False,FAILURE,0.3254818320274353,350,1400,35,dcbd131910aae4f18b80dc238081a642a9c4bfeb80b0529f8efaae2021736457,0,False,F_TO_F,BOTH_FAIL
baseline,EXP-008,000249,249,True,SUCCESS,0.029793916270136833,161,642,17,4482089b399f247b7fafabdc7439af7f11defb802b89ace93e5e69c9fc065362,0,True,BASELINE_IDENTITY,N/A
c090_primary,EXP-009,000249,249,True,SUCCESS,0.02995135262608528,174,693,18,4482089b399f247b7fafabdc7439af7f11defb802b89ace93e5e69c9fc065362,0,True,S_TO_S,BOTH_SUCCEED
q95_symmetric,EXP-010,000249,249,True,SUCCESS,0.029923129826784134,161,642,17,4482089b399f247b7fafabdc7439af7f11defb802b89ace93e5e69c9fc065362,0,True,S_TO_S,BOTH_SUCCEED
baseline,EXP-008,000250,250,False,FAILURE,0.3585011661052704,350,1400,35,0ea5c4d05b633baded6b4c4b36092eb50af95f511de3aa707bba3302d035f08e,0,False,BASELINE_IDENTITY,N/A
c090_primary,EXP-009,000250,250,False,FAILURE,0.043407175689935684,350,1400,35,0ea5c4d05b633baded6b4c4b36092eb50af95f511de3aa707bba3302d035f08e,0,False,F_TO_F,BOTH_FAIL
q95_symmetric,EXP-010,000250,250,False,FAILURE,0.16180643439292908,350,1400,35,0ea5c4d05b633baded6b4c4b36092eb50af95f511de3aa707bba3302d035f08e,0,False,F_TO_F,BOTH_FAIL
baseline,EXP-008,000251,251,False,FAILURE,0.04429131746292114,350,1400,35,8ae84658bd57ff1a0341b0c35e86561522b765f3726c6f79ecbc0db88384a7fc,0,False,BASELINE_IDENTITY,N/A
c090_primary,EXP-009,000251,251,False,FAILURE,0.045124154537916183,350,1400,35,8ae84658bd57ff1a0341b0c35e86561522b765f3726c6f79ecbc0db88384a7fc,0,False,F_TO_F,BOTH_FAIL
q95_symmetric,EXP-010,000251,251,False,FAILURE,0.04398488625884056,350,1400,35,8ae84658bd57ff1a0341b0c35e86561522b765f3726c6f79ecbc0db88384a7fc,0,False,F_TO_F,BOTH_FAIL
baseline,EXP-008,000252,252,True,SUCCESS,0.029643697664141655,194,774,20,11e5d6f693c3c53b2ce5c09a72499aff65877c0125b44d669f347e67d34edc1b,0,True,BASELINE_IDENTITY,N/A
c090_primary,EXP-009,000252,252,True,SUCCESS,0.029490744695067406,194,775,20,11e5d6f693c3c53b2ce5c09a72499aff65877c0125b44d669f347e67d34edc1b,0,True,S_TO_S,BOTH_SUCCEED
q95_symmetric,EXP-010,000252,252,True,SUCCESS,0.029937932267785072,193,772,20,11e5d6f693c3c53b2ce5c09a72499aff65877c0125b44d669f347e67d34edc1b,0,True,S_TO_S,BOTH_SUCCEED
baseline,EXP-008,000253,253,False,FAILURE,0.1953294724225998,350,1400,35,485c968f71c909cb09ada41c65e6ce2bd051c3956833ccddb14be52e65a5a5c6,0,False,BASELINE_IDENTITY,N/A
c090_primary,EXP-009,000253,253,False,FAILURE,0.19593499600887299,350,1400,35,485c968f71c909cb09ada41c65e6ce2bd051c3956833ccddb14be52e65a5a5c6,0,False,F_TO_F,BOTH_FAIL
q95_symmetric,EXP-010,000253,253,False,FAILURE,0.20350158214569092,350,1400,35,485c968f71c909cb09ada41c65e6ce2bd051c3956833ccddb14be52e65a5a5c6,0,False,F_TO_F,BOTH_FAIL
baseline,EXP-008,000254,254,True,SUCCESS,0.029793834313750267,172,685,18,62e9cc81e17cf8d02ba4f0c56927691fe72190a70d1b2117d438bd2b9cafd98b,0,True,BASELINE_IDENTITY,N/A
c090_primary,EXP-009,000254,254,True,SUCCESS,0.029789986088871956,172,686,18,62e9cc81e17cf8d02ba4f0c56927691fe72190a70d1b2117d438bd2b9cafd98b,0,True,S_TO_S,BOTH_SUCCEED
q95_symmetric,EXP-010,000254,254,True,SUCCESS,0.029706981033086777,171,683,18,62e9cc81e17cf8d02ba4f0c56927691fe72190a70d1b2117d438bd2b9cafd98b,0,True,S_TO_S,BOTH_SUCCEED
baseline,EXP-008,000255,255,False,FAILURE,0.31677770614624023,350,1400,35,cd2c4b2e59b5c29d6b6a7a8120818379fbe93d02f148b3643cf0353d031854cd,0,False,BASELINE_IDENTITY,N/A
c090_primary,EXP-009,000255,255,False,FAILURE,0.3170170783996582,350,1400,35,cd2c4b2e59b5c29d6b6a7a8120818379fbe93d02f148b3643cf0353d031854cd,0,False,F_TO_F,BOTH_FAIL
q95_symmetric,EXP-010,000255,255,False,FAILURE,0.31653085350990295,350,1400,35,cd2c4b2e59b5c29d6b6a7a8120818379fbe93d02f148b3643cf0353d031854cd,0,False,F_TO_F,BOTH_FAIL
baseline,EXP-008,000256,256,True,SUCCESS,0.029674898833036423,143,569,15,c2131032c8cfe1b8330a3cbf3a5c1a21de6743997fb043aeb54230e5bc71c250,0,True,BASELINE_IDENTITY,N/A
c090_primary,EXP-009,000256,256,True,SUCCESS,0.02944962866604328,145,578,15,c2131032c8cfe1b8330a3cbf3a5c1a21de6743997fb043aeb54230e5bc71c250,0,True,S_TO_S,BOTH_SUCCEED
q95_symmetric,EXP-010,000256,256,True,SUCCESS,0.029886119067668915,145,580,15,c2131032c8cfe1b8330a3cbf3a5c1a21de6743997fb043aeb54230e5bc71c250,0,True,S_TO_S,BOTH_SUCCEED
baseline,EXP-008,000257,257,True,SUCCESS,0.02985689975321293,184,736,19,484b1f600b3ea327f7f38c9b64b3a38c31fc4e910ed92d5de172c85ce952624d,0,True,BASELINE_IDENTITY,N/A
c090_primary,EXP-009,000257,257,True,SUCCESS,0.029999226331710815,190,760,19,484b1f600b3ea327f7f38c9b64b3a38c31fc4e910ed92d5de172c85ce952624d,0,True,S_TO_S,BOTH_SUCCEED
q95_symmetric,EXP-010,000257,257,True,SUCCESS,0.029588179662823677,182,725,19,484b1f600b3ea327f7f38c9b64b3a38c31fc4e910ed92d5de172c85ce952624d,0,True,S_TO_S,BOTH_SUCCEED
baseline,EXP-008,000258,258,False,FAILURE,0.03394754230976105,350,1400,35,769bfc49a59559cc87e8a1015b083a09052ee86bf0e7ec7db29328a881654f10,0,False,BASELINE_IDENTITY,N/A
c090_primary,EXP-009,000258,258,False,FAILURE,0.035332679748535156,350,1400,35,769bfc49a59559cc87e8a1015b083a09052ee86bf0e7ec7db29328a881654f10,0,False,F_TO_F,BOTH_FAIL
q95_symmetric,EXP-010,000258,258,False,FAILURE,0.04178641736507416,350,1400,35,769bfc49a59559cc87e8a1015b083a09052ee86bf0e7ec7db29328a881654f10,0,False,F_TO_F,BOTH_FAIL
baseline,EXP-008,000259,259,False,FAILURE,0.2551339268684387,350,1400,35,42e6a4ddd7f29f138927c6945fb0db740d2a3186fe4175f19a352213e140cda5,0,False,BASELINE_IDENTITY,N/A
c090_primary,EXP-009,000259,259,False,FAILURE,0.2554662525653839,350,1400,35,42e6a4ddd7f29f138927c6945fb0db740d2a3186fe4175f19a352213e140cda5,0,False,F_TO_F,BOTH_FAIL
q95_symmetric,EXP-010,000259,259,False,FAILURE,0.25422802567481995,350,1400,35,42e6a4ddd7f29f138927c6945fb0db740d2a3186fe4175f19a352213e140cda5,0,False,F_TO_F,BOTH_FAIL
baseline,EXP-008,000260,260,True,SUCCESS,0.029768509790301323,157,627,16,e0a046742c88b98728d98d81d5868ebb10f51686eec3b5bce332858aa4a75560,0,True,BASELINE_IDENTITY,N/A
c090_primary,EXP-009,000260,260,True,SUCCESS,0.029835078865289688,158,630,16,e0a046742c88b98728d98d81d5868ebb10f51686eec3b5bce332858aa4a75560,0,True,S_TO_S,BOTH_SUCCEED
q95_symmetric,EXP-010,000260,260,True,SUCCESS,0.029676133766770363,158,630,16,e0a046742c88b98728d98d81d5868ebb10f51686eec3b5bce332858aa4a75560,0,True,S_TO_S,BOTH_SUCCEED
baseline,EXP-008,000261,261,True,SUCCESS,0.029453836381435394,114,455,12,7a865c1da7abd90ceae0ac96bb397017146c96d45a8a8975448aa9c942b591a9,0,True,BASELINE_IDENTITY,N/A
c090_primary,EXP-009,000261,261,True,SUCCESS,0.029938938096165657,112,447,12,7a865c1da7abd90ceae0ac96bb397017146c96d45a8a8975448aa9c942b591a9,0,True,S_TO_S,BOTH_SUCCEED
q95_symmetric,EXP-010,000261,261,True,SUCCESS,0.029931027442216873,110,439,11,7a865c1da7abd90ceae0ac96bb397017146c96d45a8a8975448aa9c942b591a9,0,True,S_TO_S,BOTH_SUCCEED
baseline,EXP-008,000262,262,True,SUCCESS,0.02993111126124859,179,714,18,552b1c111be369dcaacc3a5da0c09d7548830906edbb2defe4a4e66f68253651,0,True,BASELINE_IDENTITY,N/A
c090_primary,EXP-009,000262,262,True,SUCCESS,0.029969923198223114,179,713,18,552b1c111be369dcaacc3a5da0c09d7548830906edbb2defe4a4e66f68253651,0,True,S_TO_S,BOTH_SUCCEED
q95_symmetric,EXP-010,000262,262,True,SUCCESS,0.029911156743764877,178,712,18,552b1c111be369dcaacc3a5da0c09d7548830906edbb2defe4a4e66f68253651,0,True,S_TO_S,BOTH_SUCCEED
baseline,EXP-008,000263,263,True,SUCCESS,0.029337996616959572,188,749,19,be3615683318da3adbb123847c22bfe8b0e1bd0bdc2b35c02fea0cff59834a7f,0,True,BASELINE_IDENTITY,N/A
c090_primary,EXP-009,000263,263,True,SUCCESS,0.029623307287693024,191,762,20,be3615683318da3adbb123847c22bfe8b0e1bd0bdc2b35c02fea0cff59834a7f,0,True,S_TO_S,BOTH_SUCCEED
q95_symmetric,EXP-010,000263,263,True,SUCCESS,0.02964835613965988,186,744,19,be3615683318da3adbb123847c22bfe8b0e1bd0bdc2b35c02fea0cff59834a7f,0,True,S_TO_S,BOTH_SUCCEED
baseline,EXP-008,000264,264,False,FAILURE,0.3852497935295105,350,1400,35,da1d300007b4c1c25e7f743623832eb7f8c8e8deb21991dcb8200d3703744ca0,0,False,BASELINE_IDENTITY,N/A
c090_primary,EXP-009,000264,264,False,FAILURE,0.38498198986053467,350,1400,35,da1d300007b4c1c25e7f743623832eb7f8c8e8deb21991dcb8200d3703744ca0,0,False,F_TO_F,BOTH_FAIL
q95_symmetric,EXP-010,000264,264,False,FAILURE,0.3862362802028656,350,1400,35,da1d300007b4c1c25e7f743623832eb7f8c8e8deb21991dcb8200d3703744ca0,0,False,F_TO_F,BOTH_FAIL
baseline,EXP-008,000265,265,True,SUCCESS,0.029635649174451828,84,335,9,65ce97b96948c373b39f0422465507f8b79587528aaf9c14aa774bd4b277dc5d,0,True,BASELINE_IDENTITY,N/A
c090_primary,EXP-009,000265,265,True,SUCCESS,0.02989719994366169,85,337,9,65ce97b96948c373b39f0422465507f8b79587528aaf9c14aa774bd4b277dc5d,0,True,S_TO_S,BOTH_SUCCEED
q95_symmetric,EXP-010,000265,265,True,SUCCESS,0.029886526986956596,84,336,9,65ce97b96948c373b39f0422465507f8b79587528aaf9c14aa774bd4b277dc5d,0,True,S_TO_S,BOTH_SUCCEED
baseline,EXP-008,000266,266,True,SUCCESS,0.029717199504375458,168,671,17,6ac8bfa1598aeebfed0a67cf2500698e0aebb55c241f1cb085442890709ad5c2,0,True,BASELINE_IDENTITY,N/A
c090_primary,EXP-009,000266,266,True,SUCCESS,0.029658198356628418,169,673,17,6ac8bfa1598aeebfed0a67cf2500698e0aebb55c241f1cb085442890709ad5c2,0,True,S_TO_S,BOTH_SUCCEED
q95_symmetric,EXP-010,000266,266,True,SUCCESS,0.029810303822159767,168,671,17,6ac8bfa1598aeebfed0a67cf2500698e0aebb55c241f1cb085442890709ad5c2,0,True,S_TO_S,BOTH_SUCCEED
baseline,EXP-008,000267,267,True,SUCCESS,0.029394233599305153,135,539,14,b6644867816b8be7612196e28b1e50c8102193b4d003bc2f740fee2f30597907,0,True,BASELINE_IDENTITY,N/A
c090_primary,EXP-009,000267,267,True,SUCCESS,0.029633017256855965,135,538,14,b6644867816b8be7612196e28b1e50c8102193b4d003bc2f740fee2f30597907,0,True,S_TO_S,BOTH_SUCCEED
q95_symmetric,EXP-010,000267,267,True,SUCCESS,0.029926631599664688,134,535,14,b6644867816b8be7612196e28b1e50c8102193b4d003bc2f740fee2f30597907,0,True,S_TO_S,BOTH_SUCCEED
baseline,EXP-008,000268,268,False,FAILURE,0.08234599232673645,350,1400,35,7cb299d3afdd59d029300b18bc13b86397139a8587aef331fbe660364e7263d5,0,False,BASELINE_IDENTITY,N/A
c090_primary,EXP-009,000268,268,False,FAILURE,0.08091042190790176,350,1400,35,7cb299d3afdd59d029300b18bc13b86397139a8587aef331fbe660364e7263d5,0,False,F_TO_F,BOTH_FAIL
q95_symmetric,EXP-010,000268,268,False,FAILURE,0.08170656859874725,350,1400,35,7cb299d3afdd59d029300b18bc13b86397139a8587aef331fbe660364e7263d5,0,False,F_TO_F,BOTH_FAIL
baseline,EXP-008,000269,269,False,FAILURE,0.21133528649806976,350,1400,35,7577d396e6bc3daf321c2570120c99fe572fc348062cd6403a412bc3d162e79b,0,False,BASELINE_IDENTITY,N/A
c090_primary,EXP-009,000269,269,True,SUCCESS,0.029717132449150085,149,595,15,7577d396e6bc3daf321c2570120c99fe572fc348062cd6403a412bc3d162e79b,0,False,F_TO_S_RESCUE,C090_ONLY_SUCCEEDS
q95_symmetric,EXP-010,000269,269,False,FAILURE,0.24468296766281128,350,1400,35,7577d396e6bc3daf321c2570120c99fe572fc348062cd6403a412bc3d162e79b,0,False,F_TO_F,C090_ONLY_SUCCEEDS
baseline,EXP-008,000270,270,True,SUCCESS,0.029290396720170975,178,711,18,e47e826565af21026fcce6c08467df4610ddb6b49043df4e7fa658d86d1de261,0,True,BASELINE_IDENTITY,N/A
c090_primary,EXP-009,000270,270,True,SUCCESS,0.029659979045391083,180,719,18,e47e826565af21026fcce6c08467df4610ddb6b49043df4e7fa658d86d1de261,0,True,S_TO_S,C090_ONLY_SUCCEEDS
q95_symmetric,EXP-010,000270,270,False,FAILURE,0.2106677144765854,350,1400,35,e47e826565af21026fcce6c08467df4610ddb6b49043df4e7fa658d86d1de261,0,True,S_TO_F_REGRESSION,C090_ONLY_SUCCEEDS
baseline,EXP-008,000271,271,True,SUCCESS,0.029867440462112427,180,720,18,5f5a9fd08c00965fb6d3df1d0ec170912bc57ea4120c540b2d97e56838466356,0,True,BASELINE_IDENTITY,N/A
c090_primary,EXP-009,000271,271,True,SUCCESS,0.02931434102356434,181,722,19,5f5a9fd08c00965fb6d3df1d0ec170912bc57ea4120c540b2d97e56838466356,0,True,S_TO_S,BOTH_SUCCEED
q95_symmetric,EXP-010,000271,271,True,SUCCESS,0.029422402381896973,180,719,18,5f5a9fd08c00965fb6d3df1d0ec170912bc57ea4120c540b2d97e56838466356,0,True,S_TO_S,BOTH_SUCCEED
baseline,EXP-008,000272,272,True,SUCCESS,0.029976706951856613,168,671,17,fdaaf3bacd777e86e71be0685e77e0be8de35db244560bc4b32ec28869c66bf0,0,True,BASELINE_IDENTITY,N/A
c090_primary,EXP-009,000272,272,True,SUCCESS,0.029929984360933304,168,672,17,fdaaf3bacd777e86e71be0685e77e0be8de35db244560bc4b32ec28869c66bf0,0,True,S_TO_S,BOTH_SUCCEED
q95_symmetric,EXP-010,000272,272,True,SUCCESS,0.029844043776392937,168,671,17,fdaaf3bacd777e86e71be0685e77e0be8de35db244560bc4b32ec28869c66bf0,0,True,S_TO_S,BOTH_SUCCEED
baseline,EXP-008,000273,273,True,SUCCESS,0.029877927154302597,140,560,14,d410552c9df36d31c6c8de41e7f42056b11ccf0277758ee01f015977b4ecbb99,0,True,BASELINE_IDENTITY,N/A
c090_primary,EXP-009,000273,273,True,SUCCESS,0.02923513948917389,140,560,14,d410552c9df36d31c6c8de41e7f42056b11ccf0277758ee01f015977b4ecbb99,0,True,S_TO_S,BOTH_SUCCEED
q95_symmetric,EXP-010,000273,273,True,SUCCESS,0.029601018875837326,142,566,15,d410552c9df36d31c6c8de41e7f42056b11ccf0277758ee01f015977b4ecbb99,0,True,S_TO_S,BOTH_SUCCEED
baseline,EXP-008,000274,274,True,SUCCESS,0.029788171872496605,144,575,15,da0fabde704f1de1f01738c528eecfe87020dcabe142454af2887182c6ba8f98,0,True,BASELINE_IDENTITY,N/A
c090_primary,EXP-009,000274,274,True,SUCCESS,0.029293706640601158,145,577,15,da0fabde704f1de1f01738c528eecfe87020dcabe142454af2887182c6ba8f98,0,True,S_TO_S,BOTH_SUCCEED
q95_symmetric,EXP-010,000274,274,True,SUCCESS,0.0298155490309,144,576,15,da0fabde704f1de1f01738c528eecfe87020dcabe142454af2887182c6ba8f98,0,True,S_TO_S,BOTH_SUCCEED
baseline,EXP-008,000275,275,True,SUCCESS,0.029921067878603935,133,530,14,8b527349970ae0e3d1dfb353511bbb787ccee7ce153d22d7d18a75234aa67e0a,0,True,BASELINE_IDENTITY,N/A
c090_primary,EXP-009,000275,275,True,SUCCESS,0.029456108808517456,132,526,14,8b527349970ae0e3d1dfb353511bbb787ccee7ce153d22d7d18a75234aa67e0a,0,True,S_TO_S,BOTH_SUCCEED
q95_symmetric,EXP-010,000275,275,True,SUCCESS,0.02964014559984207,132,527,14,8b527349970ae0e3d1dfb353511bbb787ccee7ce153d22d7d18a75234aa67e0a,0,True,S_TO_S,BOTH_SUCCEED
baseline,EXP-008,000276,276,True,SUCCESS,0.029600180685520172,199,794,20,61edea792333b737785b9b55e6ac29c05ade5def99e38884f44c6c8d913f43fe,0,True,BASELINE_IDENTITY,N/A
c090_primary,EXP-009,000276,276,False,FAILURE,0.030433256179094315,350,1400,35,61edea792333b737785b9b55e6ac29c05ade5def99e38884f44c6c8d913f43fe,0,True,S_TO_F_REGRESSION,Q95_ONLY_SUCCEEDS
q95_symmetric,EXP-010,000276,276,True,SUCCESS,0.02999347262084484,199,796,20,61edea792333b737785b9b55e6ac29c05ade5def99e38884f44c6c8d913f43fe,0,True,S_TO_S,Q95_ONLY_SUCCEEDS
baseline,EXP-008,000277,277,True,SUCCESS,0.02998138591647148,166,662,17,a121d21c39e35d1e8db32be72d63803afa066581c7455de23a349903abceed39,0,True,BASELINE_IDENTITY,N/A
c090_primary,EXP-009,000277,277,True,SUCCESS,0.029513848945498466,165,658,17,a121d21c39e35d1e8db32be72d63803afa066581c7455de23a349903abceed39,0,True,S_TO_S,BOTH_SUCCEED
q95_symmetric,EXP-010,000277,277,True,SUCCESS,0.02965386211872101,167,665,17,a121d21c39e35d1e8db32be72d63803afa066581c7455de23a349903abceed39,0,True,S_TO_S,BOTH_SUCCEED
baseline,EXP-008,000278,278,True,SUCCESS,0.0295951459556818,169,676,17,f0764bb61b8cf20e43c49d308c84979072e896db6bdaa5415bdf56904dcdcef6,0,True,BASELINE_IDENTITY,N/A
c090_primary,EXP-009,000278,278,True,SUCCESS,0.02951194904744625,170,679,17,f0764bb61b8cf20e43c49d308c84979072e896db6bdaa5415bdf56904dcdcef6,0,True,S_TO_S,BOTH_SUCCEED
q95_symmetric,EXP-010,000278,278,True,SUCCESS,0.029469577595591545,169,676,17,f0764bb61b8cf20e43c49d308c84979072e896db6bdaa5415bdf56904dcdcef6,0,True,S_TO_S,BOTH_SUCCEED
baseline,EXP-008,000279,279,True,SUCCESS,0.02982671931385994,172,688,18,76bd691ea4f93fc2f93a5499e4ba8e48d4271d5f6acafb614e08ba8529e42adf,0,True,BASELINE_IDENTITY,N/A
c090_primary,EXP-009,000279,279,True,SUCCESS,0.02973976731300354,173,690,18,76bd691ea4f93fc2f93a5499e4ba8e48d4271d5f6acafb614e08ba8529e42adf,0,True,S_TO_S,BOTH_SUCCEED
q95_symmetric,EXP-010,000279,279,True,SUCCESS,0.0298507958650589,174,694,18,76bd691ea4f93fc2f93a5499e4ba8e48d4271d5f6acafb614e08ba8529e42adf,0,True,S_TO_S,BOTH_SUCCEED
baseline,EXP-008,000280,280,False,FAILURE,0.06918146461248398,350,1400,35,b19d05362931c07a4c93ba3b21a3c4abbe5bf3fea706250facd9ccf347edc2b6,0,False,BASELINE_IDENTITY,N/A
c090_primary,EXP-009,000280,280,False,FAILURE,0.06952906399965286,350,1400,35,b19d05362931c07a4c93ba3b21a3c4abbe5bf3fea706250facd9ccf347edc2b6,0,False,F_TO_F,BOTH_FAIL
q95_symmetric,EXP-010,000280,280,False,FAILURE,0.07205350697040558,350,1400,35,b19d05362931c07a4c93ba3b21a3c4abbe5bf3fea706250facd9ccf347edc2b6,0,False,F_TO_F,BOTH_FAIL
baseline,EXP-008,000281,281,True,SUCCESS,0.029880866408348083,152,605,16,a4c69a7588912cd08cdcf60ae66164172b0e602b24e16d9e2ee331c5b03fab81,0,True,BASELINE_IDENTITY,N/A
c090_primary,EXP-009,000281,281,True,SUCCESS,0.02965124137699604,151,604,16,a4c69a7588912cd08cdcf60ae66164172b0e602b24e16d9e2ee331c5b03fab81,0,True,S_TO_S,BOTH_SUCCEED
q95_symmetric,EXP-010,000281,281,True,SUCCESS,0.029508333653211594,152,606,16,a4c69a7588912cd08cdcf60ae66164172b0e602b24e16d9e2ee331c5b03fab81,0,True,S_TO_S,BOTH_SUCCEED
baseline,EXP-008,000282,282,True,SUCCESS,0.029919719323515892,141,563,15,44a7d1c8736a309cf291b1b7f0edcffd83b9e6809aee15e70f26b5073cd627fb,0,True,BASELINE_IDENTITY,N/A
c090_primary,EXP-009,000282,282,True,SUCCESS,0.02950444258749485,141,564,15,44a7d1c8736a309cf291b1b7f0edcffd83b9e6809aee15e70f26b5073cd627fb,0,True,S_TO_S,BOTH_SUCCEED
q95_symmetric,EXP-010,000282,282,True,SUCCESS,0.02946806326508522,141,564,15,44a7d1c8736a309cf291b1b7f0edcffd83b9e6809aee15e70f26b5073cd627fb,0,True,S_TO_S,BOTH_SUCCEED
baseline,EXP-008,000283,283,True,SUCCESS,0.02967926301062107,158,629,16,dd9d21f71a3ddbe5433b1b96697ab53c7ea88f88b9b7a70eb9bfadc5f84e2c6f,0,True,BASELINE_IDENTITY,N/A
c090_primary,EXP-009,000283,283,True,SUCCESS,0.02956998348236084,158,631,16,dd9d21f71a3ddbe5433b1b96697ab53c7ea88f88b9b7a70eb9bfadc5f84e2c6f,0,True,S_TO_S,BOTH_SUCCEED
q95_symmetric,EXP-010,000283,283,True,SUCCESS,0.029549920931458473,157,628,16,dd9d21f71a3ddbe5433b1b96697ab53c7ea88f88b9b7a70eb9bfadc5f84e2c6f,0,True,S_TO_S,BOTH_SUCCEED
baseline,EXP-008,000284,284,False,FAILURE,0.11896651983261108,350,1400,35,23615cb9917d203af0e22eae6f0d5382ea7272d2131565970e63aeef66018c84,0,False,BASELINE_IDENTITY,N/A
c090_primary,EXP-009,000284,284,False,FAILURE,0.12580007314682007,350,1400,35,23615cb9917d203af0e22eae6f0d5382ea7272d2131565970e63aeef66018c84,0,False,F_TO_F,BOTH_FAIL
q95_symmetric,EXP-010,000284,284,False,FAILURE,0.128900408744812,350,1400,35,23615cb9917d203af0e22eae6f0d5382ea7272d2131565970e63aeef66018c84,0,False,F_TO_F,BOTH_FAIL
baseline,EXP-008,000285,285,True,SUCCESS,0.02976827323436737,150,597,15,e0488d9420148843e4ca69646203fbde75720b073bdbbfd675d4c671b38da3a0,0,True,BASELINE_IDENTITY,N/A
c090_primary,EXP-009,000285,285,True,SUCCESS,0.029600225389003754,150,599,15,e0488d9420148843e4ca69646203fbde75720b073bdbbfd675d4c671b38da3a0,0,True,S_TO_S,BOTH_SUCCEED
q95_symmetric,EXP-010,000285,285,True,SUCCESS,0.029923172667622566,150,598,15,e0488d9420148843e4ca69646203fbde75720b073bdbbfd675d4c671b38da3a0,0,True,S_TO_S,BOTH_SUCCEED
baseline,EXP-008,000286,286,True,SUCCESS,0.029569247737526894,107,427,11,b6fe06d4d1291e5136e63c7ce15d8c6cdbe5b332c87e7f7d060ef97e6e3e06c2,0,True,BASELINE_IDENTITY,N/A
c090_primary,EXP-009,000286,286,True,SUCCESS,0.029437977820634842,110,440,11,b6fe06d4d1291e5136e63c7ce15d8c6cdbe5b332c87e7f7d060ef97e6e3e06c2,0,True,S_TO_S,BOTH_SUCCEED
q95_symmetric,EXP-010,000286,286,True,SUCCESS,0.029619064182043076,105,417,11,b6fe06d4d1291e5136e63c7ce15d8c6cdbe5b332c87e7f7d060ef97e6e3e06c2,0,True,S_TO_S,BOTH_SUCCEED
baseline,EXP-008,000287,287,False,FAILURE,0.40401604771614075,350,1400,35,2b7399a4029c92490505d352e1ff8dc2e24b9620f011e748a16fa8cf8497b09b,0,False,BASELINE_IDENTITY,N/A
c090_primary,EXP-009,000287,287,False,FAILURE,0.03236827999353409,350,1400,35,2b7399a4029c92490505d352e1ff8dc2e24b9620f011e748a16fa8cf8497b09b,0,False,F_TO_F,BOTH_FAIL
q95_symmetric,EXP-010,000287,287,False,FAILURE,0.050160814076662064,350,1400,35,2b7399a4029c92490505d352e1ff8dc2e24b9620f011e748a16fa8cf8497b09b,0,False,F_TO_F,BOTH_FAIL
baseline,EXP-008,000288,288,False,FAILURE,0.09380444139242172,350,1400,35,ebc54fe4c52097c8323a943192d44922d211754737742c97eeee53235b09eb5e,0,False,BASELINE_IDENTITY,N/A
c090_primary,EXP-009,000288,288,False,FAILURE,0.09455445408821106,350,1400,35,ebc54fe4c52097c8323a943192d44922d211754737742c97eeee53235b09eb5e,0,False,F_TO_F,BOTH_FAIL
q95_symmetric,EXP-010,000288,288,False,FAILURE,0.09657865017652512,350,1400,35,ebc54fe4c52097c8323a943192d44922d211754737742c97eeee53235b09eb5e,0,False,F_TO_F,BOTH_FAIL
baseline,EXP-008,000289,289,True,SUCCESS,0.029607778415083885,170,679,17,3ad2471c34ff797b5e996ccdefbb570c605bd30240fb45a95ad38628d2b82649,0,True,BASELINE_IDENTITY,N/A
c090_primary,EXP-009,000289,289,True,SUCCESS,0.029826393350958824,171,681,18,3ad2471c34ff797b5e996ccdefbb570c605bd30240fb45a95ad38628d2b82649,0,True,S_TO_S,BOTH_SUCCEED
q95_symmetric,EXP-010,000289,289,True,SUCCESS,0.02974245697259903,168,672,17,3ad2471c34ff797b5e996ccdefbb570c605bd30240fb45a95ad38628d2b82649,0,True,S_TO_S,BOTH_SUCCEED
baseline,EXP-008,000290,290,True,SUCCESS,0.029739854857325554,166,661,17,582b00674e7a1f500bd26168604dbbf8ddd4a98d59bdb134e687889afb212cb0,0,True,BASELINE_IDENTITY,N/A
c090_primary,EXP-009,000290,290,True,SUCCESS,0.02955566719174385,166,662,17,582b00674e7a1f500bd26168604dbbf8ddd4a98d59bdb134e687889afb212cb0,0,True,S_TO_S,BOTH_SUCCEED
q95_symmetric,EXP-010,000290,290,True,SUCCESS,0.029903659597039223,165,660,17,582b00674e7a1f500bd26168604dbbf8ddd4a98d59bdb134e687889afb212cb0,0,True,S_TO_S,BOTH_SUCCEED
baseline,EXP-008,000291,291,True,SUCCESS,0.02977178804576397,125,497,13,17d0d631834ff2475391a5bab5b22587d10717e96bbbccc71a00708f7f289980,0,True,BASELINE_IDENTITY,N/A
c090_primary,EXP-009,000291,291,True,SUCCESS,0.029926490038633347,124,495,13,17d0d631834ff2475391a5bab5b22587d10717e96bbbccc71a00708f7f289980,0,True,S_TO_S,BOTH_SUCCEED
q95_symmetric,EXP-010,000291,291,True,SUCCESS,0.02997230924665928,124,493,13,17d0d631834ff2475391a5bab5b22587d10717e96bbbccc71a00708f7f289980,0,True,S_TO_S,BOTH_SUCCEED
baseline,EXP-008,000292,292,False,FAILURE,0.39347755908966064,350,1400,35,f1bcecd59e8fec6129e399470974a3f8d241c285a4e3b1a8231ee08d2321f25e,0,False,BASELINE_IDENTITY,N/A
c090_primary,EXP-009,000292,292,False,FAILURE,0.06290540844202042,350,1400,35,f1bcecd59e8fec6129e399470974a3f8d241c285a4e3b1a8231ee08d2321f25e,0,False,F_TO_F,BOTH_FAIL
q95_symmetric,EXP-010,000292,292,False,FAILURE,0.06111970543861389,350,1400,35,f1bcecd59e8fec6129e399470974a3f8d241c285a4e3b1a8231ee08d2321f25e,0,False,F_TO_F,BOTH_FAIL
baseline,EXP-008,000293,293,True,SUCCESS,0.029818449169397354,172,688,18,4c0446f22990b13e55fade486febfe2884ab645fa7b1c812c0fdcd68957d445c,0,True,BASELINE_IDENTITY,N/A
c090_primary,EXP-009,000293,293,True,SUCCESS,0.029629981145262718,173,689,18,4c0446f22990b13e55fade486febfe2884ab645fa7b1c812c0fdcd68957d445c,0,True,S_TO_S,BOTH_SUCCEED
q95_symmetric,EXP-010,000293,293,True,SUCCESS,0.029499849304556847,172,688,18,4c0446f22990b13e55fade486febfe2884ab645fa7b1c812c0fdcd68957d445c,0,True,S_TO_S,BOTH_SUCCEED
baseline,EXP-008,000294,294,True,SUCCESS,0.029861249029636383,180,717,18,bd7f99e68f68f037cc00dfba72026383d206cc5a712f1ff6e1efb043a8b3b7d0,0,True,BASELINE_IDENTITY,N/A
c090_primary,EXP-009,000294,294,True,SUCCESS,0.02931998297572136,180,717,18,bd7f99e68f68f037cc00dfba72026383d206cc5a712f1ff6e1efb043a8b3b7d0,0,True,S_TO_S,BOTH_SUCCEED
q95_symmetric,EXP-010,000294,294,True,SUCCESS,0.029779933393001556,179,715,18,bd7f99e68f68f037cc00dfba72026383d206cc5a712f1ff6e1efb043a8b3b7d0,0,True,S_TO_S,BOTH_SUCCEED
baseline,EXP-008,000295,295,True,SUCCESS,0.02938917465507984,122,485,13,fba7e39a07b9f5e83d9f97424b6d845740b163b0363867fdda77dc795ea1b3dc,0,True,BASELINE_IDENTITY,N/A
c090_primary,EXP-009,000295,295,True,SUCCESS,0.029483478516340256,122,485,13,fba7e39a07b9f5e83d9f97424b6d845740b163b0363867fdda77dc795ea1b3dc,0,True,S_TO_S,BOTH_SUCCEED
q95_symmetric,EXP-010,000295,295,True,SUCCESS,0.029476281255483627,122,485,13,fba7e39a07b9f5e83d9f97424b6d845740b163b0363867fdda77dc795ea1b3dc,0,True,S_TO_S,BOTH_SUCCEED
baseline,EXP-008,000296,296,True,SUCCESS,0.02966872788965702,162,646,17,1c35441f8e8d683d1843576d100deb2e70fd39fbc2b108acab3f939484f5e2c5,0,True,BASELINE_IDENTITY,N/A
c090_primary,EXP-009,000296,296,True,SUCCESS,0.029359638690948486,162,646,17,1c35441f8e8d683d1843576d100deb2e70fd39fbc2b108acab3f939484f5e2c5,0,True,S_TO_S,BOTH_SUCCEED
q95_symmetric,EXP-010,000296,296,True,SUCCESS,0.02966810017824173,162,645,17,1c35441f8e8d683d1843576d100deb2e70fd39fbc2b108acab3f939484f5e2c5,0,True,S_TO_S,BOTH_SUCCEED
baseline,EXP-008,000297,297,False,FAILURE,0.09882429242134094,350,1400,35,7b4a7bd44c5856497bc3e13307cbb600f869b73bb64536367fd3d364ac10131c,0,False,BASELINE_IDENTITY,N/A
c090_primary,EXP-009,000297,297,False,FAILURE,0.09958741813898087,350,1400,35,7b4a7bd44c5856497bc3e13307cbb600f869b73bb64536367fd3d364ac10131c,0,False,F_TO_F,BOTH_FAIL
q95_symmetric,EXP-010,000297,297,False,FAILURE,0.10362856090068817,350,1400,35,7b4a7bd44c5856497bc3e13307cbb600f869b73bb64536367fd3d364ac10131c,0,False,F_TO_F,BOTH_FAIL
baseline,EXP-008,000298,298,True,SUCCESS,0.029843345284461975,117,467,12,231fac9ce1282907d8ed4e9a21770bb640ccfbf1c8dac1994599287d8f52b81e,0,True,BASELINE_IDENTITY,N/A
c090_primary,EXP-009,000298,298,True,SUCCESS,0.029884207993745804,117,465,12,231fac9ce1282907d8ed4e9a21770bb640ccfbf1c8dac1994599287d8f52b81e,0,True,S_TO_S,BOTH_SUCCEED
q95_symmetric,EXP-010,000298,298,True,SUCCESS,0.029794368892908096,116,464,12,231fac9ce1282907d8ed4e9a21770bb640ccfbf1c8dac1994599287d8f52b81e,0,True,S_TO_S,BOTH_SUCCEED
baseline,EXP-008,000299,299,True,SUCCESS,0.02981160208582878,191,764,20,7e08b113fc0a537f1cf5c3bb46f441db7e381408ba6ff92179f8e9e276a2f55d,0,True,BASELINE_IDENTITY,N/A
c090_primary,EXP-009,000299,299,True,SUCCESS,0.029921002686023712,190,760,19,7e08b113fc0a537f1cf5c3bb46f441db7e381408ba6ff92179f8e9e276a2f55d,0,True,S_TO_S,BOTH_SUCCEED
q95_symmetric,EXP-010,000299,299,True,SUCCESS,0.029698893427848816,193,769,20,7e08b113fc0a537f1cf5c3bb46f441db7e381408ba6ff92179f8e9e276a2f55d,0,True,S_TO_S,BOTH_SUCCEED
baseline,EXP-008,000300,300,False,FAILURE,0.2799288332462311,350,1400,35,71fd2cffe96b3ab86498abe4c256b2e85449483f036024a6db91cd0650ad4071,0,False,BASELINE_IDENTITY,N/A
c090_primary,EXP-009,000300,300,False,FAILURE,0.2830166816711426,350,1400,35,71fd2cffe96b3ab86498abe4c256b2e85449483f036024a6db91cd0650ad4071,0,False,F_TO_F,BOTH_FAIL
q95_symmetric,EXP-010,000300,300,False,FAILURE,0.27164411544799805,350,1400,35,71fd2cffe96b3ab86498abe4c256b2e85449483f036024a6db91cd0650ad4071,0,False,F_TO_F,BOTH_FAIL
baseline,EXP-008,000301,301,False,FAILURE,0.0873219445347786,350,1400,35,1918560e40199a058a5c0719aafe1a41e06b9158adfdd3e9181543ba81e52bea,0,False,BASELINE_IDENTITY,N/A
c090_primary,EXP-009,000301,301,False,FAILURE,0.08790530264377594,350,1400,35,1918560e40199a058a5c0719aafe1a41e06b9158adfdd3e9181543ba81e52bea,0,False,F_TO_F,BOTH_FAIL
q95_symmetric,EXP-010,000301,301,False,FAILURE,0.08758708834648132,350,1400,35,1918560e40199a058a5c0719aafe1a41e06b9158adfdd3e9181543ba81e52bea,0,False,F_TO_F,BOTH_FAIL
baseline,EXP-008,000302,302,True,SUCCESS,0.029667116701602936,190,760,19,a8f6e8632eda3021c39c3380687c5cb9bfbaa94411d8635f83bb68c97fc781f6,0,True,BASELINE_IDENTITY,N/A
c090_primary,EXP-009,000302,302,False,FAILURE,0.031089354306459427,350,1400,35,a8f6e8632eda3021c39c3380687c5cb9bfbaa94411d8635f83bb68c97fc781f6,0,True,S_TO_F_REGRESSION,Q95_ONLY_SUCCEEDS
q95_symmetric,EXP-010,000302,302,True,SUCCESS,0.029817234724760056,192,768,20,a8f6e8632eda3021c39c3380687c5cb9bfbaa94411d8635f83bb68c97fc781f6,0,True,S_TO_S,Q95_ONLY_SUCCEEDS
baseline,EXP-008,000303,303,False,FAILURE,0.16408240795135498,350,1400,35,ac05a18ce4a4af7e91b7f2fc2ad33090bde5676408e55c3c915f29f42b756e7e,0,False,BASELINE_IDENTITY,N/A
c090_primary,EXP-009,000303,303,False,FAILURE,0.16567367315292358,350,1400,35,ac05a18ce4a4af7e91b7f2fc2ad33090bde5676408e55c3c915f29f42b756e7e,0,False,F_TO_F,BOTH_FAIL
q95_symmetric,EXP-010,000303,303,False,FAILURE,0.16330401599407196,350,1400,35,ac05a18ce4a4af7e91b7f2fc2ad33090bde5676408e55c3c915f29f42b756e7e,0,False,F_TO_F,BOTH_FAIL
baseline,EXP-008,000304,304,False,FAILURE,0.04253477603197098,350,1400,35,7c6319f0da362e6c6213a11934d7da748b13246c835f41b3009045a664851a40,0,False,BASELINE_IDENTITY,N/A
c090_primary,EXP-009,000304,304,False,FAILURE,0.0467977449297905,350,1400,35,7c6319f0da362e6c6213a11934d7da748b13246c835f41b3009045a664851a40,0,False,F_TO_F,BOTH_FAIL
q95_symmetric,EXP-010,000304,304,False,FAILURE,0.04404003545641899,350,1400,35,7c6319f0da362e6c6213a11934d7da748b13246c835f41b3009045a664851a40,0,False,F_TO_F,BOTH_FAIL
baseline,EXP-008,000305,305,True,SUCCESS,0.02991900034248829,184,735,19,33753cc610633dfc1f0aa7e151a4e96f32c493c0bded6a6b44e5eb6673af7b2e,0,True,BASELINE_IDENTITY,N/A
c090_primary,EXP-009,000305,305,True,SUCCESS,0.029703108593821526,185,739,19,33753cc610633dfc1f0aa7e151a4e96f32c493c0bded6a6b44e5eb6673af7b2e,0,True,S_TO_S,BOTH_SUCCEED
q95_symmetric,EXP-010,000305,305,True,SUCCESS,0.029423365369439125,182,727,19,33753cc610633dfc1f0aa7e151a4e96f32c493c0bded6a6b44e5eb6673af7b2e,0,True,S_TO_S,BOTH_SUCCEED
baseline,EXP-008,000306,306,False,FAILURE,0.292627215385437,350,1400,35,f26f4a618758697ce08568274f08ff3f1fdf4aa4a4694a3cdeb98e9352b37be3,0,False,BASELINE_IDENTITY,N/A
c090_primary,EXP-009,000306,306,False,FAILURE,0.29268282651901245,350,1400,35,f26f4a618758697ce08568274f08ff3f1fdf4aa4a4694a3cdeb98e9352b37be3,0,False,F_TO_F,BOTH_FAIL
q95_symmetric,EXP-010,000306,306,False,FAILURE,0.2929786741733551,350,1400,35,f26f4a618758697ce08568274f08ff3f1fdf4aa4a4694a3cdeb98e9352b37be3,0,False,F_TO_F,BOTH_FAIL
baseline,EXP-008,000307,307,True,SUCCESS,0.029462719336152077,172,685,18,b602593b081c70cd68f63bb52315a954029e59fe485d2c37d629c78b3a1473a9,0,True,BASELINE_IDENTITY,N/A
c090_primary,EXP-009,000307,307,True,SUCCESS,0.029761550948023796,167,668,17,b602593b081c70cd68f63bb52315a954029e59fe485d2c37d629c78b3a1473a9,0,True,S_TO_S,BOTH_SUCCEED
q95_symmetric,EXP-010,000307,307,True,SUCCESS,0.029875874519348145,171,683,18,b602593b081c70cd68f63bb52315a954029e59fe485d2c37d629c78b3a1473a9,0,True,S_TO_S,BOTH_SUCCEED
baseline,EXP-008,000308,308,False,FAILURE,0.39262691140174866,350,1400,35,9eade24c4cf26c8022b4248502608cf4510a939aabb3072daa647689dd977785,0,False,BASELINE_IDENTITY,N/A
c090_primary,EXP-009,000308,308,False,FAILURE,0.3927968740463257,350,1400,35,9eade24c4cf26c8022b4248502608cf4510a939aabb3072daa647689dd977785,0,False,F_TO_F,BOTH_FAIL
q95_symmetric,EXP-010,000308,308,False,FAILURE,0.39282822608947754,350,1400,35,9eade24c4cf26c8022b4248502608cf4510a939aabb3072daa647689dd977785,0,False,F_TO_F,BOTH_FAIL
baseline,EXP-008,000309,309,True,SUCCESS,0.029614945873618126,144,573,15,27c31b50b30c6fdf430b4374ae13b7dfe02cefcbcd91d91ec3f240e5268f222d,0,True,BASELINE_IDENTITY,N/A
c090_primary,EXP-009,000309,309,True,SUCCESS,0.029822938144207,144,573,15,27c31b50b30c6fdf430b4374ae13b7dfe02cefcbcd91d91ec3f240e5268f222d,0,True,S_TO_S,BOTH_SUCCEED
q95_symmetric,EXP-010,000309,309,True,SUCCESS,0.029702873900532722,143,572,15,27c31b50b30c6fdf430b4374ae13b7dfe02cefcbcd91d91ec3f240e5268f222d,0,True,S_TO_S,BOTH_SUCCEED
baseline,EXP-008,000310,310,False,FAILURE,0.16818517446517944,350,1400,35,6e315d4faad06cc10fadb97cb6db9bdfc7f9db1f62c76e1d982387a5ede0894f,0,False,BASELINE_IDENTITY,N/A
c090_primary,EXP-009,000310,310,False,FAILURE,0.15507717430591583,350,1400,35,6e315d4faad06cc10fadb97cb6db9bdfc7f9db1f62c76e1d982387a5ede0894f,0,False,F_TO_F,BOTH_FAIL
q95_symmetric,EXP-010,000310,310,False,FAILURE,0.17001262307167053,350,1400,35,6e315d4faad06cc10fadb97cb6db9bdfc7f9db1f62c76e1d982387a5ede0894f,0,False,F_TO_F,BOTH_FAIL
baseline,EXP-008,000311,311,False,FAILURE,0.34653744101524353,350,1400,35,d610becad4fd8f80cf4c6fa249c7d5c38d9c98738d908fdadabe3f6089d56b1b,0,False,BASELINE_IDENTITY,N/A
c090_primary,EXP-009,000311,311,False,FAILURE,0.3458079695701599,350,1400,35,d610becad4fd8f80cf4c6fa249c7d5c38d9c98738d908fdadabe3f6089d56b1b,0,False,F_TO_F,BOTH_FAIL
q95_symmetric,EXP-010,000311,311,False,FAILURE,0.3487316071987152,350,1400,35,d610becad4fd8f80cf4c6fa249c7d5c38d9c98738d908fdadabe3f6089d56b1b,0,False,F_TO_F,BOTH_FAIL
baseline,EXP-008,000312,312,False,FAILURE,0.21500442922115326,350,1400,35,576526e5604a9c3f705478f8221d3340f2f60002d40df53107f12f0a3fcf613e,0,False,BASELINE_IDENTITY,N/A
c090_primary,EXP-009,000312,312,False,FAILURE,0.2157432585954666,350,1400,35,576526e5604a9c3f705478f8221d3340f2f60002d40df53107f12f0a3fcf613e,0,False,F_TO_F,BOTH_FAIL
q95_symmetric,EXP-010,000312,312,False,FAILURE,0.21637381613254547,350,1400,35,576526e5604a9c3f705478f8221d3340f2f60002d40df53107f12f0a3fcf613e,0,False,F_TO_F,BOTH_FAIL
baseline,EXP-008,000313,313,True,SUCCESS,0.029931144788861275,181,721,19,357cf68f37fe281902caef05a78452bf424f387cb200feba46856989409da6f9,0,True,BASELINE_IDENTITY,N/A
c090_primary,EXP-009,000313,313,True,SUCCESS,0.029864739626646042,179,713,18,357cf68f37fe281902caef05a78452bf424f387cb200feba46856989409da6f9,0,True,S_TO_S,BOTH_SUCCEED
q95_symmetric,EXP-010,000313,313,True,SUCCESS,0.029998840764164925,180,718,18,357cf68f37fe281902caef05a78452bf424f387cb200feba46856989409da6f9,0,True,S_TO_S,BOTH_SUCCEED
baseline,EXP-008,000314,314,False,FAILURE,0.08101357519626617,350,1400,35,250489a09e60775298204eaf712edfec3fb0ba53676b5642b8dfbde8987c24ae,0,False,BASELINE_IDENTITY,N/A
c090_primary,EXP-009,000314,314,False,FAILURE,0.1251557320356369,350,1400,35,250489a09e60775298204eaf712edfec3fb0ba53676b5642b8dfbde8987c24ae,0,False,F_TO_F,BOTH_FAIL
q95_symmetric,EXP-010,000314,314,False,FAILURE,0.12682756781578064,350,1400,35,250489a09e60775298204eaf712edfec3fb0ba53676b5642b8dfbde8987c24ae,0,False,F_TO_F,BOTH_FAIL
baseline,EXP-008,000315,315,False,FAILURE,0.4065404236316681,350,1400,35,bae7c16562f055e68be3c50363e5a409994e4ffb17b2b39f7ab9d4ad51a5b719,0,False,BASELINE_IDENTITY,N/A
c090_primary,EXP-009,000315,315,False,FAILURE,0.19060660898685455,350,1400,35,bae7c16562f055e68be3c50363e5a409994e4ffb17b2b39f7ab9d4ad51a5b719,0,False,F_TO_F,BOTH_FAIL
q95_symmetric,EXP-010,000315,315,False,FAILURE,0.20449723303318024,350,1400,35,bae7c16562f055e68be3c50363e5a409994e4ffb17b2b39f7ab9d4ad51a5b719,0,False,F_TO_F,BOTH_FAIL
baseline,EXP-008,000316,316,False,FAILURE,0.1361108273267746,350,1400,35,cfb00a44073dc972b6549c456ac056982160445aa60184579e87add582c52148,0,False,BASELINE_IDENTITY,N/A
c090_primary,EXP-009,000316,316,False,FAILURE,0.35350319743156433,350,1400,35,cfb00a44073dc972b6549c456ac056982160445aa60184579e87add582c52148,0,False,F_TO_F,Q95_ONLY_SUCCEEDS
q95_symmetric,EXP-010,000316,316,True,SUCCESS,0.029882151633501053,203,811,21,cfb00a44073dc972b6549c456ac056982160445aa60184579e87add582c52148,0,False,F_TO_S_RESCUE,Q95_ONLY_SUCCEEDS
baseline,EXP-008,000317,317,False,FAILURE,0.032473787665367126,350,1400,35,fc8a7ad62be016a792f324a63354b1696d9bcfa2a15e7939acda79580f1abb6c,0,False,BASELINE_IDENTITY,N/A
c090_primary,EXP-009,000317,317,False,FAILURE,0.03654448688030243,350,1400,35,fc8a7ad62be016a792f324a63354b1696d9bcfa2a15e7939acda79580f1abb6c,0,False,F_TO_F,BOTH_FAIL
q95_symmetric,EXP-010,000317,317,False,FAILURE,0.03242777660489082,350,1400,35,fc8a7ad62be016a792f324a63354b1696d9bcfa2a15e7939acda79580f1abb6c,0,False,F_TO_F,BOTH_FAIL
baseline,EXP-008,000318,318,True,SUCCESS,0.0295663233846426,151,601,16,9d29fc9e60ea3b13dedb270c2ae577e2cbd6230a809a14d3f980babdb067799a,0,True,BASELINE_IDENTITY,N/A
c090_primary,EXP-009,000318,318,True,SUCCESS,0.02980390563607216,150,600,15,9d29fc9e60ea3b13dedb270c2ae577e2cbd6230a809a14d3f980babdb067799a,0,True,S_TO_S,BOTH_SUCCEED
q95_symmetric,EXP-010,000318,318,True,SUCCESS,0.029915841296315193,149,595,15,9d29fc9e60ea3b13dedb270c2ae577e2cbd6230a809a14d3f980babdb067799a,0,True,S_TO_S,BOTH_SUCCEED
baseline,EXP-008,000319,319,True,SUCCESS,0.029584281146526337,170,680,17,2bd3176a921108193ecc50d1e8668af4996770b37778007bec265772e2769ee3,0,True,BASELINE_IDENTITY,N/A
c090_primary,EXP-009,000319,319,True,SUCCESS,0.029604019597172737,170,679,17,2bd3176a921108193ecc50d1e8668af4996770b37778007bec265772e2769ee3,0,True,S_TO_S,BOTH_SUCCEED
q95_symmetric,EXP-010,000319,319,True,SUCCESS,0.029695603996515274,170,678,17,2bd3176a921108193ecc50d1e8668af4996770b37778007bec265772e2769ee3,0,True,S_TO_S,BOTH_SUCCEED
baseline,EXP-008,000320,320,False,FAILURE,0.4184597134590149,350,1400,35,a250cfa08b1f33eee97d707b9568918371f13ef43ac49987d78a2bd08429a4e2,0,False,BASELINE_IDENTITY,N/A
c090_primary,EXP-009,000320,320,False,FAILURE,0.42234674096107483,350,1400,35,a250cfa08b1f33eee97d707b9568918371f13ef43ac49987d78a2bd08429a4e2,0,False,F_TO_F,BOTH_FAIL
q95_symmetric,EXP-010,000320,320,False,FAILURE,0.41836094856262207,350,1400,35,a250cfa08b1f33eee97d707b9568918371f13ef43ac49987d78a2bd08429a4e2,0,False,F_TO_F,BOTH_FAIL
baseline,EXP-008,000321,321,True,SUCCESS,0.029912935569882393,185,739,19,371c72a9243e6e696aa385d4439d6631e9b31c1c2d277215c8134cf869cafe22,0,True,BASELINE_IDENTITY,N/A
c090_primary,EXP-009,000321,321,True,SUCCESS,0.029793018475174904,187,746,19,371c72a9243e6e696aa385d4439d6631e9b31c1c2d277215c8134cf869cafe22,0,True,S_TO_S,BOTH_SUCCEED
q95_symmetric,EXP-010,000321,321,True,SUCCESS,0.029911426827311516,187,746,19,371c72a9243e6e696aa385d4439d6631e9b31c1c2d277215c8134cf869cafe22,0,True,S_TO_S,BOTH_SUCCEED
baseline,EXP-008,000322,322,False,FAILURE,0.17428655922412872,350,1400,35,7a872501ed6e610a0cd0937c7496062a7639d16682d2ce53096605212eb0d798,0,False,BASELINE_IDENTITY,N/A
c090_primary,EXP-009,000322,322,False,FAILURE,0.1787625551223755,350,1400,35,7a872501ed6e610a0cd0937c7496062a7639d16682d2ce53096605212eb0d798,0,False,F_TO_F,BOTH_FAIL
q95_symmetric,EXP-010,000322,322,False,FAILURE,0.1746763437986374,350,1400,35,7a872501ed6e610a0cd0937c7496062a7639d16682d2ce53096605212eb0d798,0,False,F_TO_F,BOTH_FAIL
baseline,EXP-008,000323,323,True,SUCCESS,0.02968687005341053,162,647,17,8c2b722db68be09987e014135553dd08a0f3b597b62c117e37bca19eeb590839,0,True,BASELINE_IDENTITY,N/A
c090_primary,EXP-009,000323,323,True,SUCCESS,0.029655303806066513,162,648,17,8c2b722db68be09987e014135553dd08a0f3b597b62c117e37bca19eeb590839,0,True,S_TO_S,BOTH_SUCCEED
q95_symmetric,EXP-010,000323,323,True,SUCCESS,0.02945121005177498,164,656,17,8c2b722db68be09987e014135553dd08a0f3b597b62c117e37bca19eeb590839,0,True,S_TO_S,BOTH_SUCCEED
baseline,EXP-008,000324,324,True,SUCCESS,0.029447732493281364,160,638,16,caf75d93df621bd4a01c32852e9df703b7bbc3c5806464dace86e554d731ea59,0,True,BASELINE_IDENTITY,N/A
c090_primary,EXP-009,000324,324,True,SUCCESS,0.029874786734580994,160,638,16,caf75d93df621bd4a01c32852e9df703b7bbc3c5806464dace86e554d731ea59,0,True,S_TO_S,BOTH_SUCCEED
q95_symmetric,EXP-010,000324,324,True,SUCCESS,0.029520047828555107,161,644,17,caf75d93df621bd4a01c32852e9df703b7bbc3c5806464dace86e554d731ea59,0,True,S_TO_S,BOTH_SUCCEED
baseline,EXP-008,000325,325,True,SUCCESS,0.029747677966952324,123,491,13,39c07d79a4d831e857319246c478d4e1dfe0c64ed39fd0ec15193e846404d26a,0,True,BASELINE_IDENTITY,N/A
c090_primary,EXP-009,000325,325,True,SUCCESS,0.029953086748719215,123,491,13,39c07d79a4d831e857319246c478d4e1dfe0c64ed39fd0ec15193e846404d26a,0,True,S_TO_S,BOTH_SUCCEED
q95_symmetric,EXP-010,000325,325,True,SUCCESS,0.02999282442033291,124,495,13,39c07d79a4d831e857319246c478d4e1dfe0c64ed39fd0ec15193e846404d26a,0,True,S_TO_S,BOTH_SUCCEED
baseline,EXP-008,000326,326,True,SUCCESS,0.029644640162587166,172,685,18,60b5a531b8cde29ec82e5f5db711e401e4701e3ceb60611a8126d338162bb933,0,True,BASELINE_IDENTITY,N/A
c090_primary,EXP-009,000326,326,True,SUCCESS,0.02948899194598198,173,689,18,60b5a531b8cde29ec82e5f5db711e401e4701e3ceb60611a8126d338162bb933,0,True,S_TO_S,BOTH_SUCCEED
q95_symmetric,EXP-010,000326,326,True,SUCCESS,0.029469888657331467,172,687,18,60b5a531b8cde29ec82e5f5db711e401e4701e3ceb60611a8126d338162bb933,0,True,S_TO_S,BOTH_SUCCEED
baseline,EXP-008,000327,327,False,FAILURE,0.1490483433008194,350,1400,35,571b1776cd81d59ed0c11fa0ff91709390270b774103528c604aded619da8c52,0,False,BASELINE_IDENTITY,N/A
c090_primary,EXP-009,000327,327,False,FAILURE,0.18578630685806274,350,1400,35,571b1776cd81d59ed0c11fa0ff91709390270b774103528c604aded619da8c52,0,False,F_TO_F,BOTH_FAIL
q95_symmetric,EXP-010,000327,327,False,FAILURE,0.1873653382062912,350,1400,35,571b1776cd81d59ed0c11fa0ff91709390270b774103528c604aded619da8c52,0,False,F_TO_F,BOTH_FAIL
baseline,EXP-008,000328,328,False,FAILURE,0.3446848392486572,350,1400,35,f86d85926d70cbc20f2d372680c6630c4d22cfee4c09ac2c4ab62529ff6e26cc,0,False,BASELINE_IDENTITY,N/A
c090_primary,EXP-009,000328,328,False,FAILURE,0.3443455398082733,350,1400,35,f86d85926d70cbc20f2d372680c6630c4d22cfee4c09ac2c4ab62529ff6e26cc,0,False,F_TO_F,BOTH_FAIL
q95_symmetric,EXP-010,000328,328,False,FAILURE,0.3428402245044708,350,1400,35,f86d85926d70cbc20f2d372680c6630c4d22cfee4c09ac2c4ab62529ff6e26cc,0,False,F_TO_F,BOTH_FAIL
baseline,EXP-008,000329,329,True,SUCCESS,0.029455561190843582,180,719,18,5d87f8f3f64995a99fec75b34b57cadc4eef16a1b956614077e73ab67cf02537,0,True,BASELINE_IDENTITY,N/A
c090_primary,EXP-009,000329,329,True,SUCCESS,0.029854826629161835,181,723,19,5d87f8f3f64995a99fec75b34b57cadc4eef16a1b956614077e73ab67cf02537,0,True,S_TO_S,BOTH_SUCCEED
q95_symmetric,EXP-010,000329,329,True,SUCCESS,0.029372110962867737,183,729,19,5d87f8f3f64995a99fec75b34b57cadc4eef16a1b956614077e73ab67cf02537,0,True,S_TO_S,BOTH_SUCCEED
baseline,EXP-008,000330,330,True,SUCCESS,0.029670139774680138,163,651,17,73bf8c2f28058111ce917ee6bab34e2f542d0db3446582ab6baa5c960d5fb363,0,True,BASELINE_IDENTITY,N/A
c090_primary,EXP-009,000330,330,True,SUCCESS,0.02963925711810589,161,642,17,73bf8c2f28058111ce917ee6bab34e2f542d0db3446582ab6baa5c960d5fb363,0,True,S_TO_S,BOTH_SUCCEED
q95_symmetric,EXP-010,000330,330,True,SUCCESS,0.029597442597150803,163,652,17,73bf8c2f28058111ce917ee6bab34e2f542d0db3446582ab6baa5c960d5fb363,0,True,S_TO_S,BOTH_SUCCEED
baseline,EXP-008,000331,331,True,SUCCESS,0.029111603274941444,201,804,21,464d91b3c7b279139495211f2f512942a0e744c4069e358822f501179dbae211,0,True,BASELINE_IDENTITY,N/A
c090_primary,EXP-009,000331,331,True,SUCCESS,0.029863767325878143,202,807,21,464d91b3c7b279139495211f2f512942a0e744c4069e358822f501179dbae211,0,True,S_TO_S,BOTH_SUCCEED
q95_symmetric,EXP-010,000331,331,True,SUCCESS,0.029229246079921722,203,809,21,464d91b3c7b279139495211f2f512942a0e744c4069e358822f501179dbae211,0,True,S_TO_S,BOTH_SUCCEED
baseline,EXP-008,000332,332,False,FAILURE,0.2699328064918518,350,1400,35,d49943d921174ad1c4db1f8fc5e1515668799370476440fc50cb64b26df37273,0,False,BASELINE_IDENTITY,N/A
c090_primary,EXP-009,000332,332,False,FAILURE,0.045835092663764954,350,1400,35,d49943d921174ad1c4db1f8fc5e1515668799370476440fc50cb64b26df37273,0,False,F_TO_F,BOTH_FAIL
q95_symmetric,EXP-010,000332,332,False,FAILURE,0.286153107881546,350,1400,35,d49943d921174ad1c4db1f8fc5e1515668799370476440fc50cb64b26df37273,0,False,F_TO_F,BOTH_FAIL
baseline,EXP-008,000333,333,True,SUCCESS,0.029197270050644875,176,701,18,1add7ee6d054db18fa5f2e096579d0e69f3c42267495b8c011933babdafaf8b6,0,True,BASELINE_IDENTITY,N/A
c090_primary,EXP-009,000333,333,True,SUCCESS,0.029412148520350456,175,699,18,1add7ee6d054db18fa5f2e096579d0e69f3c42267495b8c011933babdafaf8b6,0,True,S_TO_S,BOTH_SUCCEED
q95_symmetric,EXP-010,000333,333,True,SUCCESS,0.029452312737703323,176,703,18,1add7ee6d054db18fa5f2e096579d0e69f3c42267495b8c011933babdafaf8b6,0,True,S_TO_S,BOTH_SUCCEED
baseline,EXP-008,000334,334,False,FAILURE,0.09337291866540909,350,1400,35,ec13b8e7a2d808fa7a6a9b4cf4eccee55acaf87d61310cf47d12590ad0d2515a,0,False,BASELINE_IDENTITY,N/A
c090_primary,EXP-009,000334,334,False,FAILURE,0.09355469793081284,350,1400,35,ec13b8e7a2d808fa7a6a9b4cf4eccee55acaf87d61310cf47d12590ad0d2515a,0,False,F_TO_F,BOTH_FAIL
q95_symmetric,EXP-010,000334,334,False,FAILURE,0.09372281283140182,350,1400,35,ec13b8e7a2d808fa7a6a9b4cf4eccee55acaf87d61310cf47d12590ad0d2515a,0,False,F_TO_F,BOTH_FAIL
baseline,EXP-008,000335,335,False,FAILURE,0.09014584124088287,350,1400,35,a0071fbb6d5733bd96ee54cb5bb14f72d87e7c2ea01f948172ac7cb222da9ca1,0,False,BASELINE_IDENTITY,N/A
c090_primary,EXP-009,000335,335,False,FAILURE,0.09027019143104553,350,1400,35,a0071fbb6d5733bd96ee54cb5bb14f72d87e7c2ea01f948172ac7cb222da9ca1,0,False,F_TO_F,BOTH_FAIL
q95_symmetric,EXP-010,000335,335,False,FAILURE,0.09064079821109772,350,1400,35,a0071fbb6d5733bd96ee54cb5bb14f72d87e7c2ea01f948172ac7cb222da9ca1,0,False,F_TO_F,BOTH_FAIL
baseline,EXP-008,000336,336,True,SUCCESS,0.02992105484008789,124,495,13,a6fdedfe7466b4b1cee38526c45ba3b2e84812c73daceaecd18301ce77f6949f,0,True,BASELINE_IDENTITY,N/A
c090_primary,EXP-009,000336,336,True,SUCCESS,0.029749777168035507,125,500,13,a6fdedfe7466b4b1cee38526c45ba3b2e84812c73daceaecd18301ce77f6949f,0,True,S_TO_S,BOTH_SUCCEED
q95_symmetric,EXP-010,000336,336,True,SUCCESS,0.029657192528247833,124,495,13,a6fdedfe7466b4b1cee38526c45ba3b2e84812c73daceaecd18301ce77f6949f,0,True,S_TO_S,BOTH_SUCCEED
baseline,EXP-008,000337,337,True,SUCCESS,0.029548222199082375,60,238,6,66054d8a95fd8facf7652a29781fa9dcef7a0bd3e6d6ed898d129ff1485a6e02,0,True,BASELINE_IDENTITY,N/A
c090_primary,EXP-009,000337,337,True,SUCCESS,0.02989986352622509,60,239,6,66054d8a95fd8facf7652a29781fa9dcef7a0bd3e6d6ed898d129ff1485a6e02,0,True,S_TO_S,BOTH_SUCCEED
q95_symmetric,EXP-010,000337,337,True,SUCCESS,0.029932470992207527,59,236,6,66054d8a95fd8facf7652a29781fa9dcef7a0bd3e6d6ed898d129ff1485a6e02,0,True,S_TO_S,BOTH_SUCCEED
baseline,EXP-008,000338,338,False,FAILURE,0.03449515998363495,350,1400,35,69c256b5fb56c4298670e5edcd65fd10f7521a575f9cdc932c1d371d45665856,0,False,BASELINE_IDENTITY,N/A
c090_primary,EXP-009,000338,338,False,FAILURE,0.03705919533967972,350,1400,35,69c256b5fb56c4298670e5edcd65fd10f7521a575f9cdc932c1d371d45665856,0,False,F_TO_F,BOTH_FAIL
q95_symmetric,EXP-010,000338,338,False,FAILURE,0.035569481551647186,350,1400,35,69c256b5fb56c4298670e5edcd65fd10f7521a575f9cdc932c1d371d45665856,0,False,F_TO_F,BOTH_FAIL
baseline,EXP-008,000339,339,False,FAILURE,0.07590542733669281,350,1400,35,5dcf42d5b36638158390ba9d8e1cfef089fc3d20599e75cdcd41823d0ed8239c,0,False,BASELINE_IDENTITY,N/A
c090_primary,EXP-009,000339,339,False,FAILURE,0.07826713472604752,350,1400,35,5dcf42d5b36638158390ba9d8e1cfef089fc3d20599e75cdcd41823d0ed8239c,0,False,F_TO_F,BOTH_FAIL
q95_symmetric,EXP-010,000339,339,False,FAILURE,0.0780085027217865,350,1400,35,5dcf42d5b36638158390ba9d8e1cfef089fc3d20599e75cdcd41823d0ed8239c,0,False,F_TO_F,BOTH_FAIL
baseline,EXP-008,000340,340,True,SUCCESS,0.029374228790402412,175,700,18,d009c66ecb3a4c8a5d8104321dd95edd3134bd51ccd2be25cd9a98ce5550eb36,0,True,BASELINE_IDENTITY,N/A
c090_primary,EXP-009,000340,340,True,SUCCESS,0.029962895438075066,175,697,18,d009c66ecb3a4c8a5d8104321dd95edd3134bd51ccd2be25cd9a98ce5550eb36,0,True,S_TO_S,BOTH_SUCCEED
q95_symmetric,EXP-010,000340,340,True,SUCCESS,0.02988126128911972,175,698,18,d009c66ecb3a4c8a5d8104321dd95edd3134bd51ccd2be25cd9a98ce5550eb36,0,True,S_TO_S,BOTH_SUCCEED
baseline,EXP-008,000341,341,True,SUCCESS,0.029659269377589226,169,673,17,0853850977fc05300bd510ef7efcc173448acef1ac6ac14e56a76ddf844dd2c4,0,True,BASELINE_IDENTITY,N/A
c090_primary,EXP-009,000341,341,True,SUCCESS,0.029452791437506676,169,675,17,0853850977fc05300bd510ef7efcc173448acef1ac6ac14e56a76ddf844dd2c4,0,True,S_TO_S,BOTH_SUCCEED
q95_symmetric,EXP-010,000341,341,True,SUCCESS,0.02998632751405239,168,671,17,0853850977fc05300bd510ef7efcc173448acef1ac6ac14e56a76ddf844dd2c4,0,True,S_TO_S,BOTH_SUCCEED
baseline,EXP-008,000342,342,True,SUCCESS,0.02977551706135273,158,630,16,40348e771070ac0ed21af630e70f57a7d5cac9e81450426d94cd02bb6f44e227,0,True,BASELINE_IDENTITY,N/A
c090_primary,EXP-009,000342,342,True,SUCCESS,0.029475921764969826,159,633,16,40348e771070ac0ed21af630e70f57a7d5cac9e81450426d94cd02bb6f44e227,0,True,S_TO_S,BOTH_SUCCEED
q95_symmetric,EXP-010,000342,342,True,SUCCESS,0.029603982344269753,156,624,16,40348e771070ac0ed21af630e70f57a7d5cac9e81450426d94cd02bb6f44e227,0,True,S_TO_S,BOTH_SUCCEED
baseline,EXP-008,000343,343,False,FAILURE,0.06137468293309212,350,1400,35,01b3d357289148c8064ac81d99f4c5ccfbf413e38520ffcbd5a4600c9c5da8c3,0,False,BASELINE_IDENTITY,N/A
c090_primary,EXP-009,000343,343,False,FAILURE,0.06113426387310028,350,1400,35,01b3d357289148c8064ac81d99f4c5ccfbf413e38520ffcbd5a4600c9c5da8c3,0,False,F_TO_F,BOTH_FAIL
q95_symmetric,EXP-010,000343,343,False,FAILURE,0.06393501907587051,350,1400,35,01b3d357289148c8064ac81d99f4c5ccfbf413e38520ffcbd5a4600c9c5da8c3,0,False,F_TO_F,BOTH_FAIL
baseline,EXP-008,000344,344,False,FAILURE,0.0936657041311264,350,1400,35,ddffed78f8b8aa64ee6a1092add92a168352eff49658fcfe6a633f3018681640,0,False,BASELINE_IDENTITY,N/A
c090_primary,EXP-009,000344,344,False,FAILURE,0.09340357035398483,350,1400,35,ddffed78f8b8aa64ee6a1092add92a168352eff49658fcfe6a633f3018681640,0,False,F_TO_F,BOTH_FAIL
q95_symmetric,EXP-010,000344,344,False,FAILURE,0.09462059289216995,350,1400,35,ddffed78f8b8aa64ee6a1092add92a168352eff49658fcfe6a633f3018681640,0,False,F_TO_F,BOTH_FAIL
baseline,EXP-008,000345,345,True,SUCCESS,0.029785575345158577,96,383,10,b660eef0740bb3a1890f13a7cf26f4964646e958569ff9caf7d1176821880c54,0,True,BASELINE_IDENTITY,N/A
c090_primary,EXP-009,000345,345,True,SUCCESS,0.02969500795006752,96,381,10,b660eef0740bb3a1890f13a7cf26f4964646e958569ff9caf7d1176821880c54,0,True,S_TO_S,BOTH_SUCCEED
q95_symmetric,EXP-010,000345,345,True,SUCCESS,0.029836971312761307,97,388,10,b660eef0740bb3a1890f13a7cf26f4964646e958569ff9caf7d1176821880c54,0,True,S_TO_S,BOTH_SUCCEED
baseline,EXP-008,000346,346,True,SUCCESS,0.029860248789191246,170,680,17,e76e8dc28adae0f713c4e50827bbb8bbadfb27231a58a6db1f33911451f870ab,0,True,BASELINE_IDENTITY,N/A
c090_primary,EXP-009,000346,346,True,SUCCESS,0.029909443110227585,171,681,18,e76e8dc28adae0f713c4e50827bbb8bbadfb27231a58a6db1f33911451f870ab,0,True,S_TO_S,BOTH_SUCCEED
q95_symmetric,EXP-010,000346,346,True,SUCCESS,0.02960086241364479,171,682,18,e76e8dc28adae0f713c4e50827bbb8bbadfb27231a58a6db1f33911451f870ab,0,True,S_TO_S,BOTH_SUCCEED
baseline,EXP-008,000347,347,True,SUCCESS,0.029741642996668816,165,657,17,cf503d975f83d1e887b8949c68113ba85b14be31caa4843197a7356fbf63be1c,0,True,BASELINE_IDENTITY,N/A
c090_primary,EXP-009,000347,347,True,SUCCESS,0.029817383736371994,164,653,17,cf503d975f83d1e887b8949c68113ba85b14be31caa4843197a7356fbf63be1c,0,True,S_TO_S,BOTH_SUCCEED
q95_symmetric,EXP-010,000347,347,True,SUCCESS,0.029766399413347244,166,661,17,cf503d975f83d1e887b8949c68113ba85b14be31caa4843197a7356fbf63be1c,0,True,S_TO_S,BOTH_SUCCEED
baseline,EXP-008,000348,348,False,FAILURE,0.37250208854675293,350,1400,35,a218de47e9a36410446a139431086da281a6833f8249ec38cabe38c8c3a9c1e0,0,False,BASELINE_IDENTITY,N/A
c090_primary,EXP-009,000348,348,False,FAILURE,0.37295177578926086,350,1400,35,a218de47e9a36410446a139431086da281a6833f8249ec38cabe38c8c3a9c1e0,0,False,F_TO_F,Q95_ONLY_SUCCEEDS
q95_symmetric,EXP-010,000348,348,True,SUCCESS,0.029791831970214844,195,780,20,a218de47e9a36410446a139431086da281a6833f8249ec38cabe38c8c3a9c1e0,0,False,F_TO_S_RESCUE,Q95_ONLY_SUCCEEDS
baseline,EXP-008,000349,349,True,SUCCESS,0.029614809900522232,162,646,17,c333c7da7a2e8308f29c5ce6159cecb23a0043c38c6867fb3cc7be8a758f80d3,0,True,BASELINE_IDENTITY,N/A
c090_primary,EXP-009,000349,349,True,SUCCESS,0.02951117232441902,161,643,17,c333c7da7a2e8308f29c5ce6159cecb23a0043c38c6867fb3cc7be8a758f80d3,0,True,S_TO_S,BOTH_SUCCEED
q95_symmetric,EXP-010,000349,349,True,SUCCESS,0.029574576765298843,161,644,17,c333c7da7a2e8308f29c5ce6159cecb23a0043c38c6867fb3cc7be8a758f80d3,0,True,S_TO_S,BOTH_SUCCEED
baseline,EXP-008,000350,350,True,SUCCESS,0.02984670177102089,192,766,20,9fdc2335464d2251f2fc11d4467798142121d590369839fbc2bf2e917b2dcec8,0,True,BASELINE_IDENTITY,N/A
c090_primary,EXP-009,000350,350,True,SUCCESS,0.0295792855322361,192,767,20,9fdc2335464d2251f2fc11d4467798142121d590369839fbc2bf2e917b2dcec8,0,True,S_TO_S,BOTH_SUCCEED
q95_symmetric,EXP-010,000350,350,True,SUCCESS,0.029718920588493347,193,769,20,9fdc2335464d2251f2fc11d4467798142121d590369839fbc2bf2e917b2dcec8,0,True,S_TO_S,BOTH_SUCCEED
baseline,EXP-008,000351,351,False,FAILURE,0.26986634731292725,350,1400,35,7f275359cbb0b330235f27efabc305119bb07daca93976cf693de27ef18ce041,0,False,BASELINE_IDENTITY,N/A
c090_primary,EXP-009,000351,351,False,FAILURE,0.2648768723011017,350,1400,35,7f275359cbb0b330235f27efabc305119bb07daca93976cf693de27ef18ce041,0,False,F_TO_F,BOTH_FAIL
q95_symmetric,EXP-010,000351,351,False,FAILURE,0.25793251395225525,350,1400,35,7f275359cbb0b330235f27efabc305119bb07daca93976cf693de27ef18ce041,0,False,F_TO_F,BOTH_FAIL
baseline,EXP-008,000352,352,False,FAILURE,0.26832515001296997,350,1400,35,46a310c61296d45f1a364198a0b4ec9d622b1d53dcb2806cbd7360489cef3118,0,False,BASELINE_IDENTITY,N/A
c090_primary,EXP-009,000352,352,False,FAILURE,0.2663542628288269,350,1400,35,46a310c61296d45f1a364198a0b4ec9d622b1d53dcb2806cbd7360489cef3118,0,False,F_TO_F,Q95_ONLY_SUCCEEDS
q95_symmetric,EXP-010,000352,352,True,SUCCESS,0.029902944341301918,149,593,15,46a310c61296d45f1a364198a0b4ec9d622b1d53dcb2806cbd7360489cef3118,0,False,F_TO_S_RESCUE,Q95_ONLY_SUCCEEDS
baseline,EXP-008,000353,353,False,FAILURE,0.12611114978790283,350,1400,35,ab7a81d4eed9a25bc91b8dea8569bf533db6db3881d6c62b91d32d44a41a00c9,0,False,BASELINE_IDENTITY,N/A
c090_primary,EXP-009,000353,353,False,FAILURE,0.03430438041687012,350,1400,35,ab7a81d4eed9a25bc91b8dea8569bf533db6db3881d6c62b91d32d44a41a00c9,0,False,F_TO_F,BOTH_FAIL
q95_symmetric,EXP-010,000353,353,False,FAILURE,0.033917997032403946,350,1400,35,ab7a81d4eed9a25bc91b8dea8569bf533db6db3881d6c62b91d32d44a41a00c9,0,False,F_TO_F,BOTH_FAIL
baseline,EXP-008,000354,354,False,FAILURE,0.17081515491008759,350,1400,35,412af0eca5fe829e59c1d801fb5032724715ddf37c37e16701c46a3bede50260,0,False,BASELINE_IDENTITY,N/A
c090_primary,EXP-009,000354,354,False,FAILURE,0.17033396661281586,350,1400,35,412af0eca5fe829e59c1d801fb5032724715ddf37c37e16701c46a3bede50260,0,False,F_TO_F,BOTH_FAIL
q95_symmetric,EXP-010,000354,354,False,FAILURE,0.16465091705322266,350,1400,35,412af0eca5fe829e59c1d801fb5032724715ddf37c37e16701c46a3bede50260,0,False,F_TO_F,BOTH_FAIL
baseline,EXP-008,000355,355,True,SUCCESS,0.02993549220263958,149,593,15,0aee3b79c3b3bb14dcf4ca938952b71a6d0cf0c6f8f319f510d58c7e7cbf8fa6,0,True,BASELINE_IDENTITY,N/A
c090_primary,EXP-009,000355,355,True,SUCCESS,0.029758306220173836,147,586,15,0aee3b79c3b3bb14dcf4ca938952b71a6d0cf0c6f8f319f510d58c7e7cbf8fa6,0,True,S_TO_S,BOTH_SUCCEED
q95_symmetric,EXP-010,000355,355,True,SUCCESS,0.0295907873660326,147,587,15,0aee3b79c3b3bb14dcf4ca938952b71a6d0cf0c6f8f319f510d58c7e7cbf8fa6,0,True,S_TO_S,BOTH_SUCCEED
baseline,EXP-008,000356,356,False,FAILURE,0.03173791244626045,350,1400,35,c89aae9529229e0534457076e09156ba09d05e588607e86985861158734dcc67,0,False,BASELINE_IDENTITY,N/A
c090_primary,EXP-009,000356,356,False,FAILURE,0.32283326983451843,350,1400,35,c89aae9529229e0534457076e09156ba09d05e588607e86985861158734dcc67,0,False,F_TO_F,BOTH_FAIL
q95_symmetric,EXP-010,000356,356,False,FAILURE,0.32010477781295776,350,1400,35,c89aae9529229e0534457076e09156ba09d05e588607e86985861158734dcc67,0,False,F_TO_F,BOTH_FAIL
baseline,EXP-008,000357,357,True,SUCCESS,0.029648801311850548,138,551,14,a11dfbf3f1c1ea938cba6d6ff36ecae2cf523ea62ea8e33f49fbe6b723b38829,0,True,BASELINE_IDENTITY,N/A
c090_primary,EXP-009,000357,357,True,SUCCESS,0.029615698382258415,138,550,14,a11dfbf3f1c1ea938cba6d6ff36ecae2cf523ea62ea8e33f49fbe6b723b38829,0,True,S_TO_S,BOTH_SUCCEED
q95_symmetric,EXP-010,000357,357,True,SUCCESS,0.029832830652594566,138,549,14,a11dfbf3f1c1ea938cba6d6ff36ecae2cf523ea62ea8e33f49fbe6b723b38829,0,True,S_TO_S,BOTH_SUCCEED
baseline,EXP-008,000358,358,True,SUCCESS,0.029561767354607582,155,617,16,fb251696ca263a804cb48d3e3826e544aace7e630432f275d85373cccf28ea19,0,True,BASELINE_IDENTITY,N/A
c090_primary,EXP-009,000358,358,True,SUCCESS,0.02977684512734413,155,618,16,fb251696ca263a804cb48d3e3826e544aace7e630432f275d85373cccf28ea19,0,True,S_TO_S,BOTH_SUCCEED
q95_symmetric,EXP-010,000358,358,True,SUCCESS,0.0297087412327528,154,616,16,fb251696ca263a804cb48d3e3826e544aace7e630432f275d85373cccf28ea19,0,True,S_TO_S,BOTH_SUCCEED
baseline,EXP-008,000359,359,True,SUCCESS,0.029761293902993202,146,581,15,467e47f1f13bd6c4222fd6c95d326e018adc84869e7ae7e7b3a12866c1d3bbf2,0,True,BASELINE_IDENTITY,N/A
c090_primary,EXP-009,000359,359,True,SUCCESS,0.029794620350003242,146,583,15,467e47f1f13bd6c4222fd6c95d326e018adc84869e7ae7e7b3a12866c1d3bbf2,0,True,S_TO_S,BOTH_SUCCEED
q95_symmetric,EXP-010,000359,359,True,SUCCESS,0.029704226180911064,146,584,15,467e47f1f13bd6c4222fd6c95d326e018adc84869e7ae7e7b3a12866c1d3bbf2,0,True,S_TO_S,BOTH_SUCCEED
baseline,EXP-008,000360,360,False,FAILURE,0.08642011880874634,350,1400,35,bc3884172df622e377c40593796d85995334a26ff954354c159338a9b688b0a3,0,False,BASELINE_IDENTITY,N/A
c090_primary,EXP-009,000360,360,True,SUCCESS,0.029421856626868248,169,675,17,bc3884172df622e377c40593796d85995334a26ff954354c159338a9b688b0a3,0,False,F_TO_S_RESCUE,C090_ONLY_SUCCEEDS
q95_symmetric,EXP-010,000360,360,False,FAILURE,0.03384624049067497,350,1400,35,bc3884172df622e377c40593796d85995334a26ff954354c159338a9b688b0a3,0,False,F_TO_F,C090_ONLY_SUCCEEDS
baseline,EXP-008,000361,361,False,FAILURE,0.2075592428445816,350,1400,35,12f449466a09975006960298888d7cf419f3d6c52a052aa1008e8e3fe872f1dd,0,False,BASELINE_IDENTITY,N/A
c090_primary,EXP-009,000361,361,False,FAILURE,0.2631113529205322,350,1400,35,12f449466a09975006960298888d7cf419f3d6c52a052aa1008e8e3fe872f1dd,0,False,F_TO_F,Q95_ONLY_SUCCEEDS
q95_symmetric,EXP-010,000361,361,True,SUCCESS,0.029823821038007736,156,624,16,12f449466a09975006960298888d7cf419f3d6c52a052aa1008e8e3fe872f1dd,0,False,F_TO_S_RESCUE,Q95_ONLY_SUCCEEDS
baseline,EXP-008,000362,362,True,SUCCESS,0.029140012338757515,180,717,18,b1c96c8bfc250da770fe7cc769673f8c83a7a33a716388fcdc52fdcb7758385a,0,True,BASELINE_IDENTITY,N/A
c090_primary,EXP-009,000362,362,True,SUCCESS,0.02947975881397724,179,715,18,b1c96c8bfc250da770fe7cc769673f8c83a7a33a716388fcdc52fdcb7758385a,0,True,S_TO_S,BOTH_SUCCEED
q95_symmetric,EXP-010,000362,362,True,SUCCESS,0.02975568175315857,179,714,18,b1c96c8bfc250da770fe7cc769673f8c83a7a33a716388fcdc52fdcb7758385a,0,True,S_TO_S,BOTH_SUCCEED
baseline,EXP-008,000363,363,True,SUCCESS,0.02999437414109707,104,413,11,117916aecd906d505b8da962fdf2f9bfb4ac04a7b25c2263482851b33c092f2a,0,True,BASELINE_IDENTITY,N/A
c090_primary,EXP-009,000363,363,True,SUCCESS,0.029690470546483994,106,421,11,117916aecd906d505b8da962fdf2f9bfb4ac04a7b25c2263482851b33c092f2a,0,True,S_TO_S,BOTH_SUCCEED
q95_symmetric,EXP-010,000363,363,True,SUCCESS,0.02939380146563053,102,407,11,117916aecd906d505b8da962fdf2f9bfb4ac04a7b25c2263482851b33c092f2a,0,True,S_TO_S,BOTH_SUCCEED
baseline,EXP-008,000364,364,True,SUCCESS,0.02934296615421772,181,724,19,2944351a2edf4cb6d5b4ac358d21676f18698aa5b399ff4b66ece16c872cce75,0,True,BASELINE_IDENTITY,N/A
c090_primary,EXP-009,000364,364,True,SUCCESS,0.029242683202028275,181,723,19,2944351a2edf4cb6d5b4ac358d21676f18698aa5b399ff4b66ece16c872cce75,0,True,S_TO_S,BOTH_SUCCEED
q95_symmetric,EXP-010,000364,364,True,SUCCESS,0.02950248308479786,181,721,19,2944351a2edf4cb6d5b4ac358d21676f18698aa5b399ff4b66ece16c872cce75,0,True,S_TO_S,BOTH_SUCCEED
baseline,EXP-008,000365,365,True,SUCCESS,0.029541771858930588,146,581,15,b47ab3487bc03ee9f1c5fbc6375cceb16adcb92631c072f8e7159d58b0892f15,0,True,BASELINE_IDENTITY,N/A
c090_primary,EXP-009,000365,365,True,SUCCESS,0.02992548793554306,145,577,15,b47ab3487bc03ee9f1c5fbc6375cceb16adcb92631c072f8e7159d58b0892f15,0,True,S_TO_S,BOTH_SUCCEED
q95_symmetric,EXP-010,000365,365,True,SUCCESS,0.029910173267126083,145,580,15,b47ab3487bc03ee9f1c5fbc6375cceb16adcb92631c072f8e7159d58b0892f15,0,True,S_TO_S,BOTH_SUCCEED
baseline,EXP-008,000366,366,True,SUCCESS,0.029861971735954285,166,662,17,bb2813b912ddee55b5f83daf8649b54830d849bcafc781d193a226bb29f0bc55,0,True,BASELINE_IDENTITY,N/A
c090_primary,EXP-009,000366,366,True,SUCCESS,0.029336772859096527,165,660,17,bb2813b912ddee55b5f83daf8649b54830d849bcafc781d193a226bb29f0bc55,0,True,S_TO_S,BOTH_SUCCEED
q95_symmetric,EXP-010,000366,366,True,SUCCESS,0.02968512661755085,165,657,17,bb2813b912ddee55b5f83daf8649b54830d849bcafc781d193a226bb29f0bc55,0,True,S_TO_S,BOTH_SUCCEED
baseline,EXP-008,000367,367,True,SUCCESS,0.02974160760641098,160,638,16,73c445f63b4c2736faf908d4e86d3b0ca7055874c550d57dce13266df19811c5,0,True,BASELINE_IDENTITY,N/A
c090_primary,EXP-009,000367,367,True,SUCCESS,0.02994316630065441,160,638,16,73c445f63b4c2736faf908d4e86d3b0ca7055874c550d57dce13266df19811c5,0,True,S_TO_S,BOTH_SUCCEED
q95_symmetric,EXP-010,000367,367,True,SUCCESS,0.02956457994878292,159,635,16,73c445f63b4c2736faf908d4e86d3b0ca7055874c550d57dce13266df19811c5,0,True,S_TO_S,BOTH_SUCCEED
baseline,EXP-008,000368,368,True,SUCCESS,0.029918279498815536,114,455,12,e120c4b1b6f9b24bef3b989c0c5716026fc98ea1bcd898f5e45f85c6c6ed51e9,0,True,BASELINE_IDENTITY,N/A
c090_primary,EXP-009,000368,368,True,SUCCESS,0.029942085966467857,114,453,12,e120c4b1b6f9b24bef3b989c0c5716026fc98ea1bcd898f5e45f85c6c6ed51e9,0,True,S_TO_S,BOTH_SUCCEED
q95_symmetric,EXP-010,000368,368,True,SUCCESS,0.029996847733855247,115,457,12,e120c4b1b6f9b24bef3b989c0c5716026fc98ea1bcd898f5e45f85c6c6ed51e9,0,True,S_TO_S,BOTH_SUCCEED
baseline,EXP-008,000369,369,False,FAILURE,0.2041882574558258,350,1400,35,0ad30db8e82fcd45f61621a25089bcb984d38daf45d6d2d1a998c6d48e4bbabd,0,False,BASELINE_IDENTITY,N/A
c090_primary,EXP-009,000369,369,False,FAILURE,0.20121924579143524,350,1400,35,0ad30db8e82fcd45f61621a25089bcb984d38daf45d6d2d1a998c6d48e4bbabd,0,False,F_TO_F,BOTH_FAIL
q95_symmetric,EXP-010,000369,369,False,FAILURE,0.2028849571943283,350,1400,35,0ad30db8e82fcd45f61621a25089bcb984d38daf45d6d2d1a998c6d48e4bbabd,0,False,F_TO_F,BOTH_FAIL
baseline,EXP-008,000370,370,True,SUCCESS,0.02945333532989025,172,687,18,d02718c7abeb9e56837f3a4bb0c3d4643aa9d4e2b1c80154cf2efd30c4c680af,0,True,BASELINE_IDENTITY,N/A
c090_primary,EXP-009,000370,370,True,SUCCESS,0.029837746173143387,172,685,18,d02718c7abeb9e56837f3a4bb0c3d4643aa9d4e2b1c80154cf2efd30c4c680af,0,True,S_TO_S,BOTH_SUCCEED
q95_symmetric,EXP-010,000370,370,True,SUCCESS,0.02966180630028248,172,685,18,d02718c7abeb9e56837f3a4bb0c3d4643aa9d4e2b1c80154cf2efd30c4c680af,0,True,S_TO_S,BOTH_SUCCEED
baseline,EXP-008,000371,371,False,FAILURE,0.20396296679973602,350,1400,35,72ee0e32be9e66db957f630da417fb3f7df1b3eb5006b9ee1be1da0174f43e14,0,False,BASELINE_IDENTITY,N/A
c090_primary,EXP-009,000371,371,False,FAILURE,0.21045972406864166,350,1400,35,72ee0e32be9e66db957f630da417fb3f7df1b3eb5006b9ee1be1da0174f43e14,0,False,F_TO_F,BOTH_FAIL
q95_symmetric,EXP-010,000371,371,False,FAILURE,0.21844083070755005,350,1400,35,72ee0e32be9e66db957f630da417fb3f7df1b3eb5006b9ee1be1da0174f43e14,0,False,F_TO_F,BOTH_FAIL
baseline,EXP-008,000372,372,False,FAILURE,0.1093563586473465,350,1400,35,19e0d06a0728fd4001a0bae21ab6394ba226faae91bfc63e0e57f57eeeecfa39,0,False,BASELINE_IDENTITY,N/A
c090_primary,EXP-009,000372,372,False,FAILURE,0.1116047278046608,350,1400,35,19e0d06a0728fd4001a0bae21ab6394ba226faae91bfc63e0e57f57eeeecfa39,0,False,F_TO_F,BOTH_FAIL
q95_symmetric,EXP-010,000372,372,False,FAILURE,0.3480262756347656,350,1400,35,19e0d06a0728fd4001a0bae21ab6394ba226faae91bfc63e0e57f57eeeecfa39,0,False,F_TO_F,BOTH_FAIL
baseline,EXP-008,000373,373,True,SUCCESS,0.029829569160938263,194,773,20,e35c92e0c7eb2f228cb064cf17d15f62fa440f6f0ff8bbefc1f302bfcec7e90b,0,True,BASELINE_IDENTITY,N/A
c090_primary,EXP-009,000373,373,True,SUCCESS,0.029973136261105537,194,773,20,e35c92e0c7eb2f228cb064cf17d15f62fa440f6f0ff8bbefc1f302bfcec7e90b,0,True,S_TO_S,BOTH_SUCCEED
q95_symmetric,EXP-010,000373,373,True,SUCCESS,0.029565751552581787,193,772,20,e35c92e0c7eb2f228cb064cf17d15f62fa440f6f0ff8bbefc1f302bfcec7e90b,0,True,S_TO_S,BOTH_SUCCEED
baseline,EXP-008,000374,374,False,FAILURE,0.25500622391700745,350,1400,35,416cb55da050a701124a80400dd6836a1bacc808da4a89ca725677eb4768e72b,0,False,BASELINE_IDENTITY,N/A
c090_primary,EXP-009,000374,374,False,FAILURE,0.2778415381908417,350,1400,35,416cb55da050a701124a80400dd6836a1bacc808da4a89ca725677eb4768e72b,0,False,F_TO_F,BOTH_FAIL
q95_symmetric,EXP-010,000374,374,False,FAILURE,0.273612380027771,350,1400,35,416cb55da050a701124a80400dd6836a1bacc808da4a89ca725677eb4768e72b,0,False,F_TO_F,BOTH_FAIL
baseline,EXP-008,000375,375,False,FAILURE,0.3545984923839569,350,1400,35,0b8c40dd192a10320c79262c1f775187e65809196885cf92d2bcc3fb6841bfa9,0,False,BASELINE_IDENTITY,N/A
c090_primary,EXP-009,000375,375,False,FAILURE,0.049198217689991,350,1400,35,0b8c40dd192a10320c79262c1f775187e65809196885cf92d2bcc3fb6841bfa9,0,False,F_TO_F,BOTH_FAIL
q95_symmetric,EXP-010,000375,375,False,FAILURE,0.054229799658060074,350,1400,35,0b8c40dd192a10320c79262c1f775187e65809196885cf92d2bcc3fb6841bfa9,0,False,F_TO_F,BOTH_FAIL
baseline,EXP-008,000376,376,True,SUCCESS,0.029918845742940903,157,628,16,1f45654d8957cf558c92d76ffb47dd5945e3da3e0cbeb491fb12e56ab950935f,0,True,BASELINE_IDENTITY,N/A
c090_primary,EXP-009,000376,376,True,SUCCESS,0.02986726723611355,150,599,15,1f45654d8957cf558c92d76ffb47dd5945e3da3e0cbeb491fb12e56ab950935f,0,True,S_TO_S,BOTH_SUCCEED
q95_symmetric,EXP-010,000376,376,True,SUCCESS,0.029849080368876457,154,616,16,1f45654d8957cf558c92d76ffb47dd5945e3da3e0cbeb491fb12e56ab950935f,0,True,S_TO_S,BOTH_SUCCEED
baseline,EXP-008,000377,377,True,SUCCESS,0.029571276158094406,209,834,21,00b6bb327f891651e469194c6970fd63b068b810c79216fac703d4e58549031b,0,True,BASELINE_IDENTITY,N/A
c090_primary,EXP-009,000377,377,True,SUCCESS,0.029795026406645775,211,843,22,00b6bb327f891651e469194c6970fd63b068b810c79216fac703d4e58549031b,0,True,S_TO_S,BOTH_SUCCEED
q95_symmetric,EXP-010,000377,377,True,SUCCESS,0.029263466596603394,208,832,21,00b6bb327f891651e469194c6970fd63b068b810c79216fac703d4e58549031b,0,True,S_TO_S,BOTH_SUCCEED
baseline,EXP-008,000378,378,False,FAILURE,0.35866332054138184,350,1400,35,7eb563d127c1e6b47f7fc5d94e2c17528911576dd8c4078e73235615d5d84dc6,0,False,BASELINE_IDENTITY,N/A
c090_primary,EXP-009,000378,378,True,SUCCESS,0.029591938480734825,165,657,17,7eb563d127c1e6b47f7fc5d94e2c17528911576dd8c4078e73235615d5d84dc6,0,False,F_TO_S_RESCUE,C090_ONLY_SUCCEEDS
q95_symmetric,EXP-010,000378,378,False,FAILURE,0.35999661684036255,350,1400,35,7eb563d127c1e6b47f7fc5d94e2c17528911576dd8c4078e73235615d5d84dc6,0,False,F_TO_F,C090_ONLY_SUCCEEDS
baseline,EXP-008,000379,379,False,FAILURE,0.20739315450191498,350,1400,35,fd55c20534999de1c7b4a17fe884f7d1e881683472e09d6b01a2c999a1bfc71a,0,False,BASELINE_IDENTITY,N/A
c090_primary,EXP-009,000379,379,True,SUCCESS,0.029610877856612206,123,489,13,fd55c20534999de1c7b4a17fe884f7d1e881683472e09d6b01a2c999a1bfc71a,0,False,F_TO_S_RESCUE,BOTH_SUCCEED
q95_symmetric,EXP-010,000379,379,True,SUCCESS,0.02954776957631111,121,481,13,fd55c20534999de1c7b4a17fe884f7d1e881683472e09d6b01a2c999a1bfc71a,0,False,F_TO_S_RESCUE,BOTH_SUCCEED
baseline,EXP-008,000380,380,True,SUCCESS,0.0296395942568779,157,626,16,5145460372c4590c3c001db3223483d7d857ef8a692cf1453fe9ecd86053f696,0,True,BASELINE_IDENTITY,N/A
c090_primary,EXP-009,000380,380,True,SUCCESS,0.02929275669157505,157,625,16,5145460372c4590c3c001db3223483d7d857ef8a692cf1453fe9ecd86053f696,0,True,S_TO_S,BOTH_SUCCEED
q95_symmetric,EXP-010,000380,380,True,SUCCESS,0.029860638082027435,157,626,16,5145460372c4590c3c001db3223483d7d857ef8a692cf1453fe9ecd86053f696,0,True,S_TO_S,BOTH_SUCCEED
baseline,EXP-008,000381,381,True,SUCCESS,0.029819440096616745,149,593,15,214413635a9c1b774156e48e96f8d71117bdb502a58de49f8572c9152128b575,0,True,BASELINE_IDENTITY,N/A
c090_primary,EXP-009,000381,381,True,SUCCESS,0.029964633285999298,149,593,15,214413635a9c1b774156e48e96f8d71117bdb502a58de49f8572c9152128b575,0,True,S_TO_S,BOTH_SUCCEED
q95_symmetric,EXP-010,000381,381,True,SUCCESS,0.029534688219428062,149,595,15,214413635a9c1b774156e48e96f8d71117bdb502a58de49f8572c9152128b575,0,True,S_TO_S,BOTH_SUCCEED
baseline,EXP-008,000382,382,True,SUCCESS,0.029532695189118385,101,402,11,8888dfa65ac18fad1a9806b01cc37589013583ed48023990c13bef1dc977ecf8,0,True,BASELINE_IDENTITY,N/A
c090_primary,EXP-009,000382,382,True,SUCCESS,0.029729526489973068,100,398,10,8888dfa65ac18fad1a9806b01cc37589013583ed48023990c13bef1dc977ecf8,0,True,S_TO_S,BOTH_SUCCEED
q95_symmetric,EXP-010,000382,382,True,SUCCESS,0.029789218679070473,99,396,10,8888dfa65ac18fad1a9806b01cc37589013583ed48023990c13bef1dc977ecf8,0,True,S_TO_S,BOTH_SUCCEED
baseline,EXP-008,000383,383,True,SUCCESS,0.029848255217075348,161,643,17,56c8b61ebfc304fdd9a1c168cc59bddca0161222bccc299b1010165305ead2e9,0,True,BASELINE_IDENTITY,N/A
c090_primary,EXP-009,000383,383,True,SUCCESS,0.029345151036977768,161,644,17,56c8b61ebfc304fdd9a1c168cc59bddca0161222bccc299b1010165305ead2e9,0,True,S_TO_S,BOTH_SUCCEED
q95_symmetric,EXP-010,000383,383,True,SUCCESS,0.02953500486910343,161,644,17,56c8b61ebfc304fdd9a1c168cc59bddca0161222bccc299b1010165305ead2e9,0,True,S_TO_S,BOTH_SUCCEED
baseline,EXP-008,000384,384,True,SUCCESS,0.0299302339553833,149,594,15,daf0275163b0d5333636cb7c8c0bf9562cb3026ada7949f9c2b459df93498609,0,True,BASELINE_IDENTITY,N/A
c090_primary,EXP-009,000384,384,True,SUCCESS,0.0296937245875597,148,591,15,daf0275163b0d5333636cb7c8c0bf9562cb3026ada7949f9c2b459df93498609,0,True,S_TO_S,BOTH_SUCCEED
q95_symmetric,EXP-010,000384,384,True,SUCCESS,0.029748836532235146,149,593,15,daf0275163b0d5333636cb7c8c0bf9562cb3026ada7949f9c2b459df93498609,0,True,S_TO_S,BOTH_SUCCEED
baseline,EXP-008,000385,385,False,FAILURE,0.09402155876159668,350,1400,35,942940ba6a313dfc2eb371e48c65af4910c8bcdd0012d177e8e010288fad5099,0,False,BASELINE_IDENTITY,N/A
c090_primary,EXP-009,000385,385,False,FAILURE,0.09390922635793686,350,1400,35,942940ba6a313dfc2eb371e48c65af4910c8bcdd0012d177e8e010288fad5099,0,False,F_TO_F,BOTH_FAIL
q95_symmetric,EXP-010,000385,385,False,FAILURE,0.0955624058842659,350,1400,35,942940ba6a313dfc2eb371e48c65af4910c8bcdd0012d177e8e010288fad5099,0,False,F_TO_F,BOTH_FAIL
baseline,EXP-008,000386,386,True,SUCCESS,0.02972286567091942,166,661,17,0e6c88349fb98efd51910e576ede712c8029695d3e02e4cac9aef6585e5812e3,0,True,BASELINE_IDENTITY,N/A
c090_primary,EXP-009,000386,386,True,SUCCESS,0.0297841876745224,167,665,17,0e6c88349fb98efd51910e576ede712c8029695d3e02e4cac9aef6585e5812e3,0,True,S_TO_S,BOTH_SUCCEED
q95_symmetric,EXP-010,000386,386,True,SUCCESS,0.02988779917359352,166,661,17,0e6c88349fb98efd51910e576ede712c8029695d3e02e4cac9aef6585e5812e3,0,True,S_TO_S,BOTH_SUCCEED
baseline,EXP-008,000387,387,True,SUCCESS,0.029237333685159683,171,682,18,1ecd99cbd45472318b58ae710e45f248b00e7e3b68fc466c0613e33da30c634d,0,True,BASELINE_IDENTITY,N/A
c090_primary,EXP-009,000387,387,True,SUCCESS,0.029256390407681465,171,684,18,1ecd99cbd45472318b58ae710e45f248b00e7e3b68fc466c0613e33da30c634d,0,True,S_TO_S,BOTH_SUCCEED
q95_symmetric,EXP-010,000387,387,True,SUCCESS,0.02963205985724926,170,677,17,1ecd99cbd45472318b58ae710e45f248b00e7e3b68fc466c0613e33da30c634d,0,True,S_TO_S,BOTH_SUCCEED
baseline,EXP-008,000388,388,True,SUCCESS,0.029586216434836388,180,717,18,85d0d9ff92f44543e83d915c57464bf9f32be87ba3940b184f1e567dd79d8e8a,0,True,BASELINE_IDENTITY,N/A
c090_primary,EXP-009,000388,388,True,SUCCESS,0.029608920216560364,178,712,18,85d0d9ff92f44543e83d915c57464bf9f32be87ba3940b184f1e567dd79d8e8a,0,True,S_TO_S,BOTH_SUCCEED
q95_symmetric,EXP-010,000388,388,True,SUCCESS,0.029381005093455315,180,718,18,85d0d9ff92f44543e83d915c57464bf9f32be87ba3940b184f1e567dd79d8e8a,0,True,S_TO_S,BOTH_SUCCEED
baseline,EXP-008,000389,389,False,FAILURE,0.1447131335735321,350,1400,35,536b15b68129f667d09fe7a16250bb89f41eb8ba24b7b950ab9e6534bb5cc4b8,0,False,BASELINE_IDENTITY,N/A
c090_primary,EXP-009,000389,389,False,FAILURE,0.14706872403621674,350,1400,35,536b15b68129f667d09fe7a16250bb89f41eb8ba24b7b950ab9e6534bb5cc4b8,0,False,F_TO_F,BOTH_FAIL
q95_symmetric,EXP-010,000389,389,False,FAILURE,0.14759360253810883,350,1400,35,536b15b68129f667d09fe7a16250bb89f41eb8ba24b7b950ab9e6534bb5cc4b8,0,False,F_TO_F,BOTH_FAIL
baseline,EXP-008,000390,390,True,SUCCESS,0.02990475483238697,101,403,11,cc70047c05de20dc928e0fff39ba0ccd3a8ffa86c8ba6932a7ddd7137f0a997e,0,True,BASELINE_IDENTITY,N/A
c090_primary,EXP-009,000390,390,True,SUCCESS,0.029581623151898384,101,402,11,cc70047c05de20dc928e0fff39ba0ccd3a8ffa86c8ba6932a7ddd7137f0a997e,0,True,S_TO_S,BOTH_SUCCEED
q95_symmetric,EXP-010,000390,390,True,SUCCESS,0.02975958026945591,102,407,11,cc70047c05de20dc928e0fff39ba0ccd3a8ffa86c8ba6932a7ddd7137f0a997e,0,True,S_TO_S,BOTH_SUCCEED
baseline,EXP-008,000391,391,False,FAILURE,0.1797991245985031,350,1400,35,31a0dc862f2fe94836664d2d1e14944ad6d366e472af67f83bb87c685ea7d80c,0,False,BASELINE_IDENTITY,N/A
c090_primary,EXP-009,000391,391,False,FAILURE,0.18111778795719147,350,1400,35,31a0dc862f2fe94836664d2d1e14944ad6d366e472af67f83bb87c685ea7d80c,0,False,F_TO_F,BOTH_FAIL
q95_symmetric,EXP-010,000391,391,False,FAILURE,0.1813369244337082,350,1400,35,31a0dc862f2fe94836664d2d1e14944ad6d366e472af67f83bb87c685ea7d80c,0,False,F_TO_F,BOTH_FAIL
baseline,EXP-008,000392,392,True,SUCCESS,0.029522793367505074,66,261,7,51b4d1741c6abb738bf1edd66282ebadf6049285ef0a877ba2261ca21d12746a,0,True,BASELINE_IDENTITY,N/A
c090_primary,EXP-009,000392,392,True,SUCCESS,0.02955995686352253,65,259,7,51b4d1741c6abb738bf1edd66282ebadf6049285ef0a877ba2261ca21d12746a,0,True,S_TO_S,BOTH_SUCCEED
q95_symmetric,EXP-010,000392,392,True,SUCCESS,0.029596799984574318,65,258,7,51b4d1741c6abb738bf1edd66282ebadf6049285ef0a877ba2261ca21d12746a,0,True,S_TO_S,BOTH_SUCCEED
baseline,EXP-008,000393,393,True,SUCCESS,0.029730020090937614,137,547,14,c48a0435dc54360081e0b3e40ff0366a9a1d56f270d6f0b57bef3a7e96a4bd16,0,True,BASELINE_IDENTITY,N/A
c090_primary,EXP-009,000393,393,True,SUCCESS,0.02989388071000576,138,551,14,c48a0435dc54360081e0b3e40ff0366a9a1d56f270d6f0b57bef3a7e96a4bd16,0,True,S_TO_S,BOTH_SUCCEED
q95_symmetric,EXP-010,000393,393,True,SUCCESS,0.0297404695302248,138,552,14,c48a0435dc54360081e0b3e40ff0366a9a1d56f270d6f0b57bef3a7e96a4bd16,0,True,S_TO_S,BOTH_SUCCEED
baseline,EXP-008,000394,394,True,SUCCESS,0.02981090173125267,65,260,7,ae2e47eda27d8763370c58873dc0a29470ca194676ed63bb1ac638aa5043b862,0,True,BASELINE_IDENTITY,N/A
c090_primary,EXP-009,000394,394,True,SUCCESS,0.029703328385949135,65,259,7,ae2e47eda27d8763370c58873dc0a29470ca194676ed63bb1ac638aa5043b862,0,True,S_TO_S,BOTH_SUCCEED
q95_symmetric,EXP-010,000394,394,True,SUCCESS,0.02952677570283413,65,260,7,ae2e47eda27d8763370c58873dc0a29470ca194676ed63bb1ac638aa5043b862,0,True,S_TO_S,BOTH_SUCCEED
baseline,EXP-008,000395,395,False,FAILURE,0.23781289160251617,350,1400,35,4fb178626dc0f3e628d855389f20064dfb7b3bc0ba2d46f97be05509cef55c65,0,False,BASELINE_IDENTITY,N/A
c090_primary,EXP-009,000395,395,False,FAILURE,0.23662938177585602,350,1400,35,4fb178626dc0f3e628d855389f20064dfb7b3bc0ba2d46f97be05509cef55c65,0,False,F_TO_F,BOTH_FAIL
q95_symmetric,EXP-010,000395,395,False,FAILURE,0.23538848757743835,350,1400,35,4fb178626dc0f3e628d855389f20064dfb7b3bc0ba2d46f97be05509cef55c65,0,False,F_TO_F,BOTH_FAIL
baseline,EXP-008,000396,396,False,FAILURE,0.2376864105463028,350,1400,35,c9809ec1d0d602b8b26c57fcd9a06b3ce4aa8a10e24444ea9515177be1e9653a,0,False,BASELINE_IDENTITY,N/A
c090_primary,EXP-009,000396,396,False,FAILURE,0.21195508539676666,350,1400,35,c9809ec1d0d602b8b26c57fcd9a06b3ce4aa8a10e24444ea9515177be1e9653a,0,False,F_TO_F,BOTH_FAIL
q95_symmetric,EXP-010,000396,396,False,FAILURE,0.20890773832798004,350,1400,35,c9809ec1d0d602b8b26c57fcd9a06b3ce4aa8a10e24444ea9515177be1e9653a,0,False,F_TO_F,BOTH_FAIL
baseline,EXP-008,000397,397,True,SUCCESS,0.02967316098511219,131,521,14,d74a55d23bbad94ab8c42abab58944d9a08aaed0023b0e14d2d18c6cb395c369,0,True,BASELINE_IDENTITY,N/A
c090_primary,EXP-009,000397,397,True,SUCCESS,0.029669012874364853,131,522,14,d74a55d23bbad94ab8c42abab58944d9a08aaed0023b0e14d2d18c6cb395c369,0,True,S_TO_S,BOTH_SUCCEED
q95_symmetric,EXP-010,000397,397,True,SUCCESS,0.029950598254799843,130,520,13,d74a55d23bbad94ab8c42abab58944d9a08aaed0023b0e14d2d18c6cb395c369,0,True,S_TO_S,BOTH_SUCCEED
baseline,EXP-008,000398,398,True,SUCCESS,0.02981143444776535,73,290,8,91fdf1f58df208988a0b948be53718bd8de5b607c10c7d702b5aeb7580b91ac0,0,True,BASELINE_IDENTITY,N/A
c090_primary,EXP-009,000398,398,True,SUCCESS,0.029714863747358322,72,287,8,91fdf1f58df208988a0b948be53718bd8de5b607c10c7d702b5aeb7580b91ac0,0,True,S_TO_S,BOTH_SUCCEED
q95_symmetric,EXP-010,000398,398,True,SUCCESS,0.029555199667811394,73,290,8,91fdf1f58df208988a0b948be53718bd8de5b607c10c7d702b5aeb7580b91ac0,0,True,S_TO_S,BOTH_SUCCEED
baseline,EXP-008,000399,399,True,SUCCESS,0.029446659609675407,73,291,8,8c8ce5d07d013e0c8f8ce3f51d420eea8df32560dcadb4a089b9a23634760663,0,True,BASELINE_IDENTITY,N/A
c090_primary,EXP-009,000399,399,True,SUCCESS,0.029838385060429573,73,290,8,8c8ce5d07d013e0c8f8ce3f51d420eea8df32560dcadb4a089b9a23634760663,0,True,S_TO_S,BOTH_SUCCEED
q95_symmetric,EXP-010,000399,399,True,SUCCESS,0.029432935640215874,73,290,8,8c8ce5d07d013e0c8f8ce3f51d420eea8df32560dcadb4a089b9a23634760663,0,True,S_TO_S,BOTH_SUCCEED
