The '--headless' CLI argument is deprecated. Omit '--viz' for default headless. If config visualizers are enabled and you want to force headless, use '--viz none'.
WARNING: All log messages before absl::InitializeLog() is called are written to STDERR
E0000 00:00:1783024823.426227 2501159 descriptor_database.cc:633] File already exists in database: grpc/health/v1/health.proto
W0000 00:00:1783024823.426266 2501159 message.cc:301] Protobuf GeneratedMessageFactory: File is already registered: grpc/health/v1/health.proto
Loading user config located at: '/home/rootalkhatib/miniconda3/envs/env_isaaclab_6_0/lib/python3.12/site-packages/isaacsim/kit/data/Kit/IsaacLab/3.0/user.config.json'
2026-07-02T20:40:23Z [Info] [carb] Logging to file: /home/rootalkhatib/miniconda3/envs/env_isaaclab_6_0/lib/python3.12/site-packages/isaacsim/kit/logs/Kit/IsaacLab/3.0/kit_20260702_224023.log
2026-07-02T20:40:23Z [6ms] [Warning] [omni.ext.plugin] [ext: isaaclab_visualizers] Extensions config 'extension.toml' doesn't exist '/home/rootalkhatib/IsaacLab-6.0/source/isaaclab_visualizers' or '/home/rootalkhatib/IsaacLab-6.0/source/isaaclab_visualizers/config'
2026-07-02T20:40:23Z [6ms] [Warning] [omni.ext.plugin] [ext: isaacsim.replicator.nurec_utils] Extensions config 'extension.toml' doesn't exist '/home/rootalkhatib/miniconda3/envs/env_isaaclab_6_0/lib/python3.12/site-packages/isaacsim/exts/isaacsim.replicator.nurec_utils' or '/home/rootalkhatib/miniconda3/envs/env_isaaclab_6_0/lib/python3.12/site-packages/isaacsim/exts/isaacsim.replicator.nurec_utils/config'
2026-07-02T20:40:23Z [6ms] [Warning] [omni.ext.plugin] [ext: isaacsim.app.compatibility_check-1.1.4+110.1.2.lx64.r.cp312] Extensions config 'extension.toml' doesn't exist '/home/rootalkhatib/miniconda3/envs/env_isaaclab_6_0/lib/python3.12/site-packages/isaacsim/exts/isaacsim.app.compatibility_check-1.1.4+110.1.2.lx64.r.cp312' or '/home/rootalkhatib/miniconda3/envs/env_isaaclab_6_0/lib/python3.12/site-packages/isaacsim/exts/isaacsim.app.compatibility_check-1.1.4+110.1.2.lx64.r.cp312/config'
2026-07-02T20:40:23Z [486ms] [Warning] [omni.platforminfo.plugin] failed to open the default display.  Can't verify X Server version.

|---------------------------------------------------------------------------------------------|
| Driver Version: 595.71.05     | Graphics API: Vulkan
|=============================================================================================|
| GPU | Name                             | Active | LDA | GPU Memory | Vendor-ID | LUID       |
|     |                                  |        |     |            | Device-ID | UUID       |
|     |                                  |        |     |            | Bus-ID    |            |
|---------------------------------------------------------------------------------------------|
| 0   | NVIDIA GeForce RTX 4070 Ti SUPER | Yes: 0 |     | 16622   MB | 10de      | 0          |
|     |                                  |        |     |            | 2705      | d588fc24.. |
|     |                                  |        |     |            | a2        |            |
|=============================================================================================|
| OS: 22.04.5 LTS (Jammy Jellyfish) ubuntu, Version: 22.04.5, Kernel: 6.8.0-124-generic
| Processor: Intel(R) Xeon(R) w3-2423
| Cores: 6 | Logical Cores: 12
|---------------------------------------------------------------------------------------------|
| Total Memory (MB): 31333 | Free Memory: 23794
| Total Page/Swap (MB): 2047 | Free Page/Swap: 1425
|---------------------------------------------------------------------------------------------|
2026-07-02T20:40:24Z [1,054ms] [Warning] [omni.rtx] CPU performance profile is set to powersave. This profile sets the CPU to the lowest frequency reducing performance.
2026-07-02T20:40:24Z [1,063ms] [Warning] [omni.rtx] IOMMU is enabled.
2026-07-02T20:40:25Z [1,813ms] [Warning] [carb.windowing-glfw.plugin] GLFW initialization failed.
2026-07-02T20:40:25Z [1,813ms] [Warning] [carb] Failed to startup plugin carb.windowing-glfw.plugin (interfaces: [carb::windowing::IGLContext v1.0],[carb::windowing::IWindowing v1.5]) (impl: carb.windowing-glfw.plugin)
2026-07-02T20:40:25Z [1,893ms] [Warning] [carb.windowing-glfw.plugin] GLFW initialization failed.
2026-07-02T20:40:25Z [1,893ms] [Warning] [carb] Failed to startup plugin carb.windowing-glfw.plugin (interfaces: [carb::windowing::IGLContext v1.0],[carb::windowing::IWindowing v1.5]) (impl: carb.windowing-glfw.plugin)
2026-07-02T20:40:25Z [1,895ms] [Warning] [carb.windowing-glfw.plugin] GLFW initialization failed.
[ISAACLAB] AppLauncher initialization complete
[INFO] Connecting Pi0.5 remote runtime for closed-loop rollout...
[INFO] Connected to Pi0.5 policy server metadata={}
[INFO]: Registered backend 'physx' for factory Articulation.
[INFO]: Registered backend 'physx' for factory FrameView.
[INFO]: Registered backend 'physx' for factory RigidObject.
[INFO]: Physics scene prim path: /physicsScene
[INFO]: Simulation parameters for joints in /World/envs/env_.*/Robot:
+---------------------------------------------------------------------------------------------------------------------------------------------------------------------------+
|                                                     Simulation Joint Information (Prim path: /World/envs/env_.*/Robot)                                                    |
+-------+---------------------+-----------+---------+----------+-----------------+------------------+------------------+------------------+-----------------+---------------+
| Index | Name                | Stiffness | Damping | Armature | Static Friction | Dynamic Friction | Viscous Friction | Position Limits  | Velocity Limits | Effort Limits |
+-------+---------------------+-----------+---------+----------+-----------------+------------------+------------------+------------------+-----------------+---------------+
|   0   | panda_joint1        |  400.000  |  80.000 |  0.001   |      0.000      |      0.000       |      0.000       | [-2.897, 2.897]  |      2.175      |     87.000    |
|   1   | panda_joint2        |  400.000  |  80.000 |  0.001   |      0.000      |      0.000       |      0.000       | [-1.763, 1.763]  |      2.175      |     87.000    |
|   2   | panda_joint3        |  400.000  |  80.000 |  0.001   |      0.000      |      0.000       |      0.000       | [-2.897, 2.897]  |      2.175      |     87.000    |
|   3   | panda_joint4        |  400.000  |  80.000 |  0.001   |      0.000      |      0.000       |      0.000       | [-3.072, -0.070] |      2.175      |     87.000    |
|   4   | panda_joint5        |  400.000  |  80.000 |  0.001   |      0.000      |      0.000       |      0.000       | [-2.897, 2.897]  |      2.610      |     12.000    |
|   5   | panda_joint6        |  400.000  |  80.000 |  0.001   |      0.000      |      0.000       |      0.000       | [-0.018, 3.753]  |      2.610      |     12.000    |
|   6   | panda_joint7        |  400.000  |  80.000 |  0.001   |      0.000      |      0.000       |      0.000       | [-2.897, 2.897]  |      2.610      |     12.000    |
|   7   | panda_finger_joint1 |  2.0e+03  | 100.000 |  0.000   |      0.000      |      0.000       |      0.000       |  [0.000, 0.040]  |      0.200      |    200.000    |
|   8   | panda_finger_joint2 |  2.0e+03  | 100.000 |  0.000   |      0.000      |      0.000       |      0.000       |  [0.000, 0.040]  |      0.200      |    200.000    |
+-------+---------------------+-----------+---------+----------+-----------------+------------------+------------------+------------------+-----------------+---------------+
[INFO]: Registered backend 'physx' for factory Renderer.
[INFO]: Created new renderer for simulation: IsaacRtxRenderer
[INFO]: Using renderer: IsaacRtxRenderer
[INFO]: Using renderer: IsaacRtxRenderer
[INFO] Starting Pi0.5 reaching episode 0: instruction='reach the avocado', target_label='avocado'
2026-07-02T20:40:25Z [1,895ms] [Warning] [carb] Failed to startup plugin carb.windowing-glfw.plugin (interfaces: [carb::windowing::IGLContext v1.0],[carb::windowing::IWindowing v1.5]) (impl: carb.windowing-glfw.plugin)
2026-07-02T20:40:25Z [2,267ms] [Warning] [isaacsim.core.simulation_manager.plugin] USD stage is not available; stage-opened subscription is deferred
2026-07-02T20:40:25Z [2,267ms] [Warning] [isaacsim.core.simulation_manager.plugin] USD stage is not available; stage-opened subscription is deferred
2026-07-02T20:40:25Z [2,306ms] [Warning] [omni.log] Source: omni.hydra was already registered.
2026-07-02T20:40:26Z [2,879ms] [Warning] [pxr.Semantics] pxr.Semantics is deprecated - please use Semantics instead
2026-07-02T20:40:26Z [2,969ms] [Warning] [omni.replicator.core.scripts.extension] No material configuration file, adding configuration to material settings directly.
2026-07-02T20:40:31Z [8,162ms] [Warning] [omni.usd] Encountered USD Warnings but USD Diagnostics are currently muted. To view USD Warnings, please set the '/persistent/app/usd/muteUsdDiagnostics' setting to false in Preferences page.
2026-07-02T20:40:32Z [8,958ms] [Warning] [omni.rtx] DLSS increasing input dimensions: Render resolution of (150, 150) is below minimal input resolution of 300.
2026-07-02T20:40:32Z [9,035ms] [Warning] [omni.syntheticdata.plugin] OgnSdPostRenderVarToHost : rendervar copy from texture directly to host buffer is counter-performant. Please use copy from texture to device buffer first.
2026-07-02T20:40:32Z [9,054ms] [Error] [omni.physx.plugin] PhysX error: PxRigidDynamic::setLinearVelocity: Body must be non-kinematic!, FILE /builds/omniverse/physics/physx/source/physx/src/NpRigidDynamic.cpp, LINE 251
2026-07-02T20:40:32Z [9,054ms] [Error] [omni.physx.plugin] PhysX error: PxRigidDynamic::setAngularVelocity: Body must be non-kinematic!, FILE /builds/omniverse/physics/physx/source/physx/src/NpRigidDynamic.cpp, LINE 284
2026-07-02T20:40:32Z [9,055ms] [Error] [omni.physx.plugin] PhysX error: PxRigidDynamic::setLinearVelocity: Body must be non-kinematic!, FILE /builds/omniverse/physics/physx/source/physx/src/NpRigidDynamic.cpp, LINE 251
2026-07-02T20:40:32Z [9,055ms] [Error] [omni.physx.plugin] PhysX error: PxRigidDynamic::setAngularVelocity: Body must be non-kinematic!, FILE /builds/omniverse/physics/physx/source/physx/src/NpRigidDynamic.cpp, LINE 284
2026-07-02T20:40:32Z [9,056ms] [Error] [omni.physx.plugin] PhysX error: PxRigidDynamic::setLinearVelocity: Body must be non-kinematic!, FILE /builds/omniverse/physics/physx/source/physx/src/NpRigidDynamic.cpp, LINE 251
2026-07-02T20:40:32Z [9,056ms] [Error] [omni.physx.plugin] PhysX error: PxRigidDynamic::setAngularVelocity: Body must be non-kinematic!, FILE /builds/omniverse/physics/physx/source/physx/src/NpRigidDynamic.cpp, LINE 284
2026-07-02T20:40:32Z [9,056ms] [Error] [omni.physx.plugin] PhysX error: PxRigidDynamic::setLinearVelocity: Body must be non-kinematic!, FILE /builds/omniverse/physics/physx/source/physx/src/NpRigidDynamic.cpp, LINE 251
2026-07-02T20:40:32Z [9,056ms] [Error] [omni.physx.plugin] PhysX error: PxRigidDynamic::setAngularVelocity: Body must be non-kinematic!, FILE /builds/omniverse/physics/physx/source/physx/src/NpRigidDynamic.cpp, LINE 284
2026-07-02T20:40:32Z [9,057ms] [Error] [omni.physx.plugin] PhysX error: PxRigidDynamic::setLinearVelocity: Body must be non-kinematic!, FILE /builds/omniverse/physics/physx/source/physx/src/NpRigidDynamic.cpp, LINE 251
2026-07-02T20:40:32Z [9,057ms] [Error] [omni.physx.plugin] PhysX error: PxRigidDynamic::setAngularVelocity: Body must be non-kinematic!, FILE /builds/omniverse/physics/physx/source/physx/src/NpRigidDynamic.cpp, LINE 284
2026-07-02T20:40:32Z [9,058ms] [Error] [omni.physx.plugin] PhysX error: PxRigidDynamic::setLinearVelocity: Body must be non-kinematic!, FILE /builds/omniverse/physics/physx/source/physx/src/NpRigidDynamic.cpp, LINE 251
2026-07-02T20:40:32Z [9,058ms] [Error] [omni.physx.plugin] PhysX error: PxRigidDynamic::setAngularVelocity: Body must be non-kinematic!, FILE /builds/omniverse/physics/physx/source/physx/src/NpRigidDynamic.cpp, LINE 284
2026-07-02T20:40:32Z [9,059ms] [Error] [omni.physx.plugin] PhysX error: PxRigidDynamic::setLinearVelocity: Body must be non-kinematic!, FILE /builds/omniverse/physics/physx/source/physx/src/NpRigidDynamic.cpp, LINE 251
2026-07-02T20:40:32Z [9,059ms] [Error] [omni.physx.plugin] PhysX error: PxRigidDynamic::setAngularVelocity: Body must be non-kinematic!, FILE /builds/omniverse/physics/physx/source/physx/src/NpRigidDynamic.cpp, LINE 284
2026-07-02T20:40:32Z [9,059ms] [Error] [omni.physx.plugin] PhysX error: PxRigidDynamic::setLinearVelocity: Body must be non-kinematic!, FILE /builds/omniverse/physics/physx/source/physx/src/NpRigidDynamic.cpp, LINE 251
2026-07-02T20:40:32Z [9,059ms] [Error] [omni.physx.plugin] PhysX error: PxRigidDynamic::setAngularVelocity: Body must be non-kinematic!, FILE /builds/omniverse/physics/physx/source/physx/src/NpRigidDynamic.cpp, LINE 284
2026-07-02T20:40:32Z [9,060ms] [Error] [omni.physx.plugin] PhysX error: PxRigidDynamic::setLinearVelocity: Body must be non-kinematic!, FILE /builds/omniverse/physics/physx/source/physx/src/NpRigidDynamic.cpp, LINE 251
2026-07-02T20:40:32Z [9,060ms] [Error] [omni.physx.plugin] PhysX error: PxRigidDynamic::setAngularVelocity: Body must be non-kinematic!, FILE /builds/omniverse/physics/physx/source/physx/src/NpRigidDynamic.cpp, LINE 284
2026-07-02T20:40:32Z [9,061ms] [Error] [omni.physx.plugin] PhysX error: PxRigidDynamic::setLinearVelocity: Body must be non-kinematic!, FILE /builds/omniverse/physics/physx/source/physx/src/NpRigidDynamic.cpp, LINE 251
2026-07-02T20:40:32Z [9,061ms] [Error] [omni.physx.plugin] PhysX error: PxRigidDynamic::setAngularVelocity: Body must be non-kinematic!, FILE /builds/omniverse/physics/physx/source/physx/src/NpRigidDynamic.cpp, LINE 284
2026-07-02T20:40:32Z [9,061ms] [Error] [omni.physx.plugin] PhysX error: PxRigidDynamic::setLinearVelocity: Body must be non-kinematic!, FILE /builds/omniverse/physics/physx/source/physx/src/NpRigidDynamic.cpp, LINE 251
2026-07-02T20:40:32Z [9,061ms] [Error] [omni.physx.plugin] PhysX error: PxRigidDynamic::setAngularVelocity: Body must be non-kinematic!, FILE /builds/omniverse/physics/physx/source/physx/src/NpRigidDynamic.cpp, LINE 284
2026-07-02T20:40:32Z [9,062ms] [Error] [omni.physx.plugin] PhysX error: PxRigidDynamic::setLinearVelocity: Body must be non-kinematic!, FILE /builds/omniverse/physics/physx/source/physx/src/NpRigidDynamic.cpp, LINE 251
2026-07-02T20:40:32Z [9,062ms] [Error] [omni.physx.plugin] PhysX error: PxRigidDynamic::setAngularVelocity: Body must be non-kinematic!, FILE /builds/omniverse/physics/physx/source/physx/src/NpRigidDynamic.cpp, LINE 284
2026-07-02T20:40:32Z [9,063ms] [Error] [omni.physx.plugin] PhysX error: PxRigidDynamic::setLinearVelocity: Body must be non-kinematic!, FILE /builds/omniverse/physics/physx/source/physx/src/NpRigidDynamic.cpp, LINE 251
2026-07-02T20:40:32Z [9,063ms] [Error] [omni.physx.plugin] PhysX error: PxRigidDynamic::setAngularVelocity: Body must be non-kinematic!, FILE /builds/omniverse/physics/physx/source/physx/src/NpRigidDynamic.cpp, LINE 284
2026-07-02T20:40:32Z [9,063ms] [Error] [omni.physx.plugin] PhysX error: PxRigidDynamic::setLinearVelocity: Body must be non-kinematic!, FILE /builds/omniverse/physics/physx/source/physx/src/NpRigidDynamic.cpp, LINE 251
2026-07-02T20:40:32Z [9,063ms] [Error] [omni.physx.plugin] PhysX error: PxRigidDynamic::setAngularVelocity: Body must be non-kinematic!, FILE /builds/omniverse/physics/physx/source/physx/src/NpRigidDynamic.cpp, LINE 284
2026-07-02T20:40:32Z [9,064ms] [Error] [omni.physx.plugin] PhysX error: PxRigidDynamic::setLinearVelocity: Body must be non-kinematic!, FILE /builds/omniverse/physics/physx/source/physx/src/NpRigidDynamic.cpp, LINE 251
2026-07-02T20:40:32Z [9,064ms] [Error] [omni.physx.plugin] PhysX error: PxRigidDynamic::setAngularVelocity: Body must be non-kinematic!, FILE /builds/omniverse/physics/physx/source/physx/src/NpRigidDynamic.cpp, LINE 284
2026-07-02T20:40:32Z [9,065ms] [Error] [omni.physx.plugin] PhysX error: PxRigidDynamic::setLinearVelocity: Body must be non-kinematic!, FILE /builds/omniverse/physics/physx/source/physx/src/NpRigidDynamic.cpp, LINE 251
2026-07-02T20:40:32Z [9,065ms] [Error] [omni.physx.plugin] PhysX error: PxRigidDynamic::setAngularVelocity: Body must be non-kinematic!, FILE /builds/omniverse/physics/physx/source/physx/src/NpRigidDynamic.cpp, LINE 284
2026-07-02T20:40:32Z [9,065ms] [Error] [omni.physx.plugin] PhysX error: PxRigidDynamic::setLinearVelocity: Body must be non-kinematic!, FILE /builds/omniverse/physics/physx/source/physx/src/NpRigidDynamic.cpp, LINE 251
2026-07-02T20:40:32Z [9,065ms] [Error] [omni.physx.plugin] PhysX error: PxRigidDynamic::setAngularVelocity: Body must be non-kinematic!, FILE /builds/omniverse/physics/physx/source/physx/src/NpRigidDynamic.cpp, LINE 284
2026-07-02T20:40:32Z [9,066ms] [Error] [omni.physx.plugin] PhysX error: PxRigidDynamic::setLinearVelocity: Body must be non-kinematic!, FILE /builds/omniverse/physics/physx/source/physx/src/NpRigidDynamic.cpp, LINE 251
2026-07-02T20:40:32Z [9,066ms] [Error] [omni.physx.plugin] PhysX error: PxRigidDynamic::setAngularVelocity: Body must be non-kinematic!, FILE /builds/omniverse/physics/physx/source/physx/src/NpRigidDynamic.cpp, LINE 284
2026-07-02T20:40:32Z [9,067ms] [Error] [omni.physx.plugin] PhysX error: PxRigidDynamic::setLinearVelocity: Body must be non-kinematic!, FILE /builds/omniverse/physics/physx/source/physx/src/NpRigidDynamic.cpp, LINE 251
2026-07-02T20:40:32Z [9,067ms] [Error] [omni.physx.plugin] PhysX error: PxRigidDynamic::setAngularVelocity: Body must be non-kinematic!, FILE /builds/omniverse/physics/physx/source/physx/src/NpRigidDynamic.cpp, LINE 284
2026-07-02T20:40:32Z [9,068ms] [Error] [omni.physx.plugin] PhysX error: PxRigidDynamic::setLinearVelocity: Body must be non-kinematic!, FILE /builds/omniverse/physics/physx/source/physx/src/NpRigidDynamic.cpp, LINE 251
2026-07-02T20:40:32Z [9,068ms] [Error] [omni.physx.plugin] PhysX error: PxRigidDynamic::setAngularVelocity: Body must be non-kinematic!, FILE /builds/omniverse/physics/physx/source/physx/src/NpRigidDynamic.cpp, LINE 284
2026-07-02T20:40:32Z [9,069ms] [Error] [omni.physx.plugin] PhysX error: PxRigidDynamic::setLinearVelocity: Body must be non-kinematic!, FILE /builds/omniverse/physics/physx/source/physx/src/NpRigidDynamic.cpp, LINE 251
2026-07-02T20:40:32Z [9,069ms] [Error] [omni.physx.plugin] PhysX error: PxRigidDynamic::setAngularVelocity: Body must be non-kinematic!, FILE /builds/omniverse/physics/physx/source/physx/src/NpRigidDynamic.cpp, LINE 284
2026-07-02T20:40:32Z [9,069ms] [Error] [omni.physx.plugin] PhysX error: PxRigidDynamic::setLinearVelocity: Body must be non-kinematic!, FILE /builds/omniverse/physics/physx/source/physx/src/NpRigidDynamic.cpp, LINE 251
2026-07-02T20:40:32Z [9,069ms] [Error] [omni.physx.plugin] PhysX error: PxRigidDynamic::setAngularVelocity: Body must be non-kinematic!, FILE /builds/omniverse/physics/physx/source/physx/src/NpRigidDynamic.cpp, LINE 284
2026-07-02T20:40:32Z [9,070ms] [Error] [omni.physx.plugin] PhysX error: PxRigidDynamic::setLinearVelocity: Body must be non-kinematic!, FILE /builds/omniverse/physics/physx/source/physx/src/NpRigidDynamic.cpp, LINE 251
2026-07-02T20:40:32Z [9,070ms] [Error] [omni.physx.plugin] PhysX error: PxRigidDynamic::setAngularVelocity: Body must be non-kinematic!, FILE /builds/omniverse/physics/physx/source/physx/src/NpRigidDynamic.cpp, LINE 284
2026-07-02T20:40:32Z [9,071ms] [Error] [omni.physx.plugin] PhysX error: PxRigidDynamic::setLinearVelocity: Body must be non-kinematic!, FILE /builds/omniverse/physics/physx/source/physx/src/NpRigidDynamic.cpp, LINE 251
2026-07-02T20:40:32Z [9,071ms] [Error] [omni.physx.plugin] PhysX error: PxRigidDynamic::setAngularVelocity: Body must be non-kinematic!, FILE /builds/omniverse/physics/physx/source/physx/src/NpRigidDynamic.cpp, LINE 284
2026-07-02T20:40:32Z [9,071ms] [Error] [omni.physx.plugin] PhysX error: PxRigidDynamic::setLinearVelocity: Body must be non-kinematic!, FILE /builds/omniverse/physics/physx/source/physx/src/NpRigidDynamic.cpp, LINE 251
2026-07-02T20:40:32Z [9,071ms] [Error] [omni.physx.plugin] PhysX error: PxRigidDynamic::setAngularVelocity: Body must be non-kinematic!, FILE /builds/omniverse/physics/physx/source/physx/src/NpRigidDynamic.cpp, LINE 284
2026-07-02T20:40:32Z [9,072ms] [Error] [omni.physx.plugin] PhysX error: PxRigidDynamic::setLinearVelocity: Body must be non-kinematic!, FILE /builds/omniverse/physics/physx/source/physx/src/NpRigidDynamic.cpp, LINE 251
2026-07-02T20:40:32Z [9,072ms] [Error] [omni.physx.plugin] PhysX error: PxRigidDynamic::setAngularVelocity: Body must be non-kinematic!, FILE /builds/omniverse/physics/physx/source/physx/src/NpRigidDynamic.cpp, LINE 284
2026-07-02T20:40:32Z [9,073ms] [Error] [omni.physx.plugin] PhysX error: PxRigidDynamic::setLinearVelocity: Body must be non-kinematic!, FILE /builds/omniverse/physics/physx/source/physx/src/NpRigidDynamic.cpp, LINE 251
2026-07-02T20:40:32Z [9,073ms] [Error] [omni.physx.plugin] PhysX error: PxRigidDynamic::setAngularVelocity: Body must be non-kinematic!, FILE /builds/omniverse/physics/physx/source/physx/src/NpRigidDynamic.cpp, LINE 284
2026-07-02T20:40:32Z [9,073ms] [Error] [omni.physx.plugin] PhysX error: PxRigidDynamic::setLinearVelocity: Body must be non-kinematic!, FILE /builds/omniverse/physics/physx/source/physx/src/NpRigidDynamic.cpp, LINE 251
2026-07-02T20:40:32Z [9,073ms] [Error] [omni.physx.plugin] PhysX error: PxRigidDynamic::setAngularVelocity: Body must be non-kinematic!, FILE /builds/omniverse/physics/physx/source/physx/src/NpRigidDynamic.cpp, LINE 284
2026-07-02T20:40:32Z [9,074ms] [Error] [omni.physx.plugin] PhysX error: PxRigidDynamic::setLinearVelocity: Body must be non-kinematic!, FILE /builds/omniverse/physics/physx/source/physx/src/NpRigidDynamic.cpp, LINE 251
2026-07-02T20:40:32Z [9,074ms] [Error] [omni.physx.plugin] PhysX error: PxRigidDynamic::setAngularVelocity: Body must be non-kinematic!, FILE /builds/omniverse/physics/physx/source/physx/src/NpRigidDynamic.cpp, LINE 284
2026-07-02T20:40:32Z [9,075ms] [Error] [omni.physx.plugin] PhysX error: PxRigidDynamic::setLinearVelocity: Body must be non-kinematic!, FILE /builds/omniverse/physics/physx/source/physx/src/NpRigidDynamic.cpp, LINE 251
2026-07-02T20:40:32Z [9,075ms] [Error] [omni.physx.plugin] PhysX error: PxRigidDynamic::setAngularVelocity: Body must be non-kinematic!, FILE /builds/omniverse/physics/physx/source/physx/src/NpRigidDynamic.cpp, LINE 284
2026-07-02T20:40:32Z [9,075ms] [Error] [omni.physx.plugin] PhysX error: PxRigidDynamic::setLinearVelocity: Body must be non-kinematic!, FILE /builds/omniverse/physics/physx/source/physx/src/NpRigidDynamic.cpp, LINE 251
2026-07-02T20:40:32Z [9,075ms] [Error] [omni.physx.plugin] PhysX error: PxRigidDynamic::setAngularVelocity: Body must be non-kinematic!, FILE /builds/omniverse/physics/physx/source/physx/src/NpRigidDynamic.cpp, LINE 284
2026-07-02T20:40:32Z [9,076ms] [Error] [omni.physx.plugin] PhysX error: PxRigidDynamic::setLinearVelocity: Body must be non-kinematic!, FILE /builds/omniverse/physics/physx/source/physx/src/NpRigidDynamic.cpp, LINE 251
2026-07-02T20:40:32Z [9,076ms] [Error] [omni.physx.plugin] PhysX error: PxRigidDynamic::setAngularVelocity: Body must be non-kinematic!, FILE /builds/omniverse/physics/physx/source/physx/src/NpRigidDynamic.cpp, LINE 284
2026-07-02T20:40:32Z [9,077ms] [Error] [omni.physx.plugin] PhysX error: PxRigidDynamic::setLinearVelocity: Body must be non-kinematic!, FILE /builds/omniverse/physics/physx/source/physx/src/NpRigidDynamic.cpp, LINE 251
2026-07-02T20:40:32Z [9,077ms] [Error] [omni.physx.plugin] PhysX error: PxRigidDynamic::setAngularVelocity: Body must be non-kinematic!, FILE /builds/omniverse/physics/physx/source/physx/src/NpRigidDynamic.cpp, LINE 284
2026-07-02T20:40:32Z [9,077ms] [Error] [omni.physx.plugin] PhysX error: PxRigidDynamic::setLinearVelocity: Body must be non-kinematic!, FILE /builds/omniverse/physics/physx/source/physx/src/NpRigidDynamic.cpp, LINE 251
2026-07-02T20:40:32Z [9,077ms] [Error] [omni.physx.plugin] PhysX error: PxRigidDynamic::setAngularVelocity: Body must be non-kinematic!, FILE /builds/omniverse/physics/physx/source/physx/src/NpRigidDynamic.cpp, LINE 284
2026-07-02T20:40:32Z [9,078ms] [Error] [omni.physx.plugin] PhysX error: PxRigidDynamic::setLinearVelocity: Body must be non-kinematic!, FILE /builds/omniverse/physics/physx/source/physx/src/NpRigidDynamic.cpp, LINE 251
2026-07-02T20:40:32Z [9,078ms] [Error] [omni.physx.plugin] PhysX error: PxRigidDynamic::setAngularVelocity: Body must be non-kinematic!, FILE /builds/omniverse/physics/physx/source/physx/src/NpRigidDynamic.cpp, LINE 284
2026-07-02T20:40:32Z [9,079ms] [Error] [omni.physx.plugin] PhysX error: PxRigidDynamic::setLinearVelocity: Body must be non-kinematic!, FILE /builds/omniverse/physics/physx/source/physx/src/NpRigidDynamic.cpp, LINE 251
2026-07-02T20:40:32Z [9,080ms] [Error] [omni.physx.plugin] PhysX error: PxRigidDynamic::setAngularVelocity: Body must be non-kinematic!, FILE /builds/omniverse/physics/physx/source/physx/src/NpRigidDynamic.cpp, LINE 284
2026-07-02T20:40:32Z [9,080ms] [Error] [omni.physx.plugin] PhysX error: PxRigidDynamic::setLinearVelocity: Body must be non-kinematic!, FILE /builds/omniverse/physics/physx/source/physx/src/NpRigidDynamic.cpp, LINE 251
2026-07-02T20:40:32Z [9,080ms] [Error] [omni.physx.plugin] PhysX error: PxRigidDynamic::setAngularVelocity: Body must be non-kinematic!, FILE /builds/omniverse/physics/physx/source/physx/src/NpRigidDynamic.cpp, LINE 284
2026-07-02T20:40:32Z [9,081ms] [Error] [omni.physx.plugin] PhysX error: PxRigidDynamic::setLinearVelocity: Body must be non-kinematic!, FILE /builds/omniverse/physics/physx/source/physx/src/NpRigidDynamic.cpp, LINE 251
2026-07-02T20:40:32Z [9,081ms] [Error] [omni.physx.plugin] PhysX error: PxRigidDynamic::setAngularVelocity: Body must be non-kinematic!, FILE /builds/omniverse/physics/physx/source/physx/src/NpRigidDynamic.cpp, LINE 284
2026-07-02T20:40:32Z [9,082ms] [Error] [omni.physx.plugin] PhysX error: PxRigidDynamic::setLinearVelocity: Body must be non-kinematic!, FILE /builds/omniverse/physics/physx/source/physx/src/NpRigidDynamic.cpp, LINE 251
2026-07-02T20:40:32Z [9,082ms] [Error] [omni.physx.plugin] PhysX error: PxRigidDynamic::setAngularVelocity: Body must be non-kinematic!, FILE /builds/omniverse/physics/physx/source/physx/src/NpRigidDynamic.cpp, LINE 284
2026-07-02T20:40:32Z [9,082ms] [Error] [omni.physx.plugin] PhysX error: PxRigidDynamic::setLinearVelocity: Body must be non-kinematic!, FILE /builds/omniverse/physics/physx/source/physx/src/NpRigidDynamic.cpp, LINE 251
2026-07-02T20:40:32Z [9,082ms] [Error] [omni.physx.plugin] PhysX error: PxRigidDynamic::setAngularVelocity: Body must be non-kinematic!, FILE /builds/omniverse/physics/physx/source/physx/src/NpRigidDynamic.cpp, LINE 284
2026-07-02T20:40:32Z [9,083ms] [Error] [omni.physx.plugin] PhysX error: PxRigidDynamic::setLinearVelocity: Body must be non-kinematic!, FILE /builds/omniverse/physics/physx/source/physx/src/NpRigidDynamic.cpp, LINE 251
2026-07-02T20:40:32Z [9,083ms] [Error] [omni.physx.plugin] PhysX error: PxRigidDynamic::setAngularVelocity: Body must be non-kinematic!, FILE /builds/omniverse/physics/physx/source/physx/src/NpRigidDynamic.cpp, LINE 284
2026-07-02T20:40:32Z [9,084ms] [Error] [omni.physx.plugin] PhysX error: PxRigidDynamic::setLinearVelocity: Body must be non-kinematic!, FILE /builds/omniverse/physics/physx/source/physx/src/NpRigidDynamic.cpp, LINE 251
2026-07-02T20:40:32Z [9,084ms] [Error] [omni.physx.plugin] PhysX error: PxRigidDynamic::setAngularVelocity: Body must be non-kinematic!, FILE /builds/omniverse/physics/physx/source/physx/src/NpRigidDynamic.cpp, LINE 284
2026-07-02T20:40:32Z [9,085ms] [Error] [omni.physx.plugin] PhysX error: PxRigidDynamic::setLinearVelocity: Body must be non-kinematic!, FILE /builds/omniverse/physics/physx/source/physx/src/NpRigidDynamic.cpp, LINE 251
2026-07-02T20:40:32Z [9,085ms] [Error] [omni.physx.plugin] PhysX error: PxRigidDynamic::setAngularVelocity: Body must be non-kinematic!, FILE /builds/omniverse/physics/physx/source/physx/src/NpRigidDynamic.cpp, LINE 284
2026-07-02T20:40:32Z [9,085ms] [Error] [omni.physx.plugin] PhysX error: PxRigidDynamic::setLinearVelocity: Body must be non-kinematic!, FILE /builds/omniverse/physics/physx/source/physx/src/NpRigidDynamic.cpp, LINE 251
2026-07-02T20:40:32Z [9,085ms] [Error] [omni.physx.plugin] PhysX error: PxRigidDynamic::setAngularVelocity: Body must be non-kinematic!, FILE /builds/omniverse/physics/physx/source/physx/src/NpRigidDynamic.cpp, LINE 284
2026-07-02T20:40:32Z [9,086ms] [Error] [omni.physx.plugin] PhysX error: PxRigidDynamic::setLinearVelocity: Body must be non-kinematic!, FILE /builds/omniverse/physics/physx/source/physx/src/NpRigidDynamic.cpp, LINE 251
2026-07-02T20:40:32Z [9,086ms] [Error] [omni.physx.plugin] PhysX error: PxRigidDynamic::setAngularVelocity: Body must be non-kinematic!, FILE /builds/omniverse/physics/physx/source/physx/src/NpRigidDynamic.cpp, LINE 284
2026-07-02T20:40:32Z [9,087ms] [Error] [omni.physx.plugin] PhysX error: PxRigidDynamic::setLinearVelocity: Body must be non-kinematic!, FILE /builds/omniverse/physics/physx/source/physx/src/NpRigidDynamic.cpp, LINE 251
2026-07-02T20:40:32Z [9,087ms] [Error] [omni.physx.plugin] PhysX error: PxRigidDynamic::setAngularVelocity: Body must be non-kinematic!, FILE /builds/omniverse/physics/physx/source/physx/src/NpRigidDynamic.cpp, LINE 284
2026-07-02T20:40:32Z [9,087ms] [Error] [omni.physx.plugin] PhysX error: PxRigidDynamic::setLinearVelocity: Body must be non-kinematic!, FILE /builds/omniverse/physics/physx/source/physx/src/NpRigidDynamic.cpp, LINE 251
2026-07-02T20:40:32Z [9,087ms] [Error] [omni.physx.plugin] PhysX error: PxRigidDynamic::setAngularVelocity: Body must be non-kinematic!, FILE /builds/omniverse/physics/physx/source/physx/src/NpRigidDynamic.cpp, LINE 284
2026-07-02T20:40:32Z [9,088ms] [Error] [omni.physx.plugin] PhysX error: PxRigidDynamic::setLinearVelocity: Body must be non-kinematic!, FILE /builds/omniverse/physics/physx/source/physx/src/NpRigidDynamic.cpp, LINE 251
2026-07-02T20:40:32Z [9,088ms] [Error] [omni.physx.plugin] PhysX error: PxRigidDynamic::setAngularVelocity: Body must be non-kinematic!, FILE /builds/omniverse/physics/physx/source/physx/src/NpRigidDynamic.cpp, LINE 284
2026-07-02T20:40:32Z [9,089ms] [Error] [omni.physx.plugin] PhysX error: PxRigidDynamic::setLinearVelocity: Body must be non-kinematic!, FILE /builds/omniverse/physics/physx/source/physx/src/NpRigidDynamic.cpp, LINE 251
2026-07-02T20:40:32Z [9,089ms] [Error] [omni.physx.plugin] PhysX error: PxRigidDynamic::setAngularVelocity: Body must be non-kinematic!, FILE /builds/omniverse/physics/physx/source/physx/src/NpRigidDynamic.cpp, LINE 284
2026-07-02T20:40:32Z [9,261ms] [Error] [omni.physx.plugin] PhysX error: PxRigidDynamic::setLinearVelocity: Body must be non-kinematic!, FILE /builds/omniverse/physics/physx/source/physx/src/NpRigidDynamic.cpp, LINE 251
2026-07-02T20:40:32Z [9,261ms] [Error] [omni.physx.plugin] PhysX error: PxRigidDynamic::setAngularVelocity: Body must be non-kinematic!, FILE /builds/omniverse/physics/physx/source/physx/src/NpRigidDynamic.cpp, LINE 284
2026-07-02T20:40:32Z [9,271ms] [Error] [omni.physx.plugin] PhysX error: PxRigidDynamic::setLinearVelocity: Body must be non-kinematic!, FILE /builds/omniverse/physics/physx/source/physx/src/NpRigidDynamic.cpp, LINE 251
2026-07-02T20:40:32Z [9,271ms] [Error] [omni.physx.plugin] PhysX error: PxRigidDynamic::setAngularVelocity: Body must be non-kinematic!, FILE /builds/omniverse/physics/physx/source/physx/src/NpRigidDynamic.cpp, LINE 284
2026-07-02T20:40:32Z [9,272ms] [Error] [omni.physx.plugin] PhysX error: PxRigidDynamic::setLinearVelocity: Body must be non-kinematic!, FILE /builds/omniverse/physics/physx/source/physx/src/NpRigidDynamic.cpp, LINE 251
2026-07-02T20:40:32Z [9,272ms] [Error] [omni.physx.plugin] PhysX error: PxRigidDynamic::setAngularVelocity: Body must be non-kinematic!, FILE /builds/omniverse/physics/physx/source/physx/src/NpRigidDynamic.cpp, LINE 284
2026-07-02T20:40:32Z [9,272ms] [Error] [omni.physx.plugin] PhysX error: PxRigidDynamic::setLinearVelocity: Body must be non-kinematic!, FILE /builds/omniverse/physics/physx/source/physx/src/NpRigidDynamic.cpp, LINE 251
2026-07-02T20:40:32Z [9,272ms] [Error] [omni.physx.plugin] PhysX error: PxRigidDynamic::setAngularVelocity: Body must be non-kinematic!, FILE /builds/omniverse/physics/physx/source/physx/src/NpRigidDynamic.cpp, LINE 284
2026-07-02T20:40:32Z [9,272ms] [Error] [omni.physx.plugin] PhysX error: PxRigidDynamic::setLinearVelocity: Body must be non-kinematic!, FILE /builds/omniverse/physics/physx/source/physx/src/NpRigidDynamic.cpp, LINE 251
2026-07-02T20:40:32Z [9,273ms] [Error] [omni.physx.plugin] PhysX error: PxRigidDynamic::setAngularVelocity: Body must be non-kinematic!, FILE /builds/omniverse/physics/physx/source/physx/src/NpRigidDynamic.cpp, LINE 284
2026-07-02T20:40:32Z [9,273ms] [Error] [omni.physx.plugin] PhysX error: PxRigidDynamic::setLinearVelocity: Body must be non-kinematic!, FILE /builds/omniverse/physics/physx/source/physx/src/NpRigidDynamic.cpp, LINE 251
2026-07-02T20:40:32Z [9,273ms] [Error] [omni.physx.plugin] PhysX error: PxRigidDynamic::setAngularVelocity: Body must be non-kinematic!, FILE /builds/omniverse/physics/physx/source/physx/src/NpRigidDynamic.cpp, LINE 284
2026-07-02T20:40:32Z [9,273ms] [Error] [omni.physx.plugin] PhysX error: PxRigidDynamic::setLinearVelocity: Body must be non-kinematic!, FILE /builds/omniverse/physics/physx/source/physx/src/NpRigidDynamic.cpp, LINE 251
2026-07-02T20:40:32Z [9,273ms] [Error] [omni.physx.plugin] PhysX error: PxRigidDynamic::setAngularVelocity: Body must be non-kinematic!, FILE /builds/omniverse/physics/physx/source/physx/src/NpRigidDynamic.cpp, LINE 284
2026-07-02T20:40:32Z [9,274ms] [Error] [omni.physx.plugin] PhysX error: PxRigidDynamic::setLinearVelocity: Body must be non-kinematic!, FILE /builds/omniverse/physics/physx/source/physx/src/NpRigidDynamic.cpp, LINE 251
2026-07-02T20:40:32Z [9,274ms] [Error] [omni.physx.plugin] PhysX error: PxRigidDynamic::setAngularVelocity: Body must be non-kinematic!, FILE /builds/omniverse/physics/physx/source/physx/src/NpRigidDynamic.cpp, LINE 284
2026-07-02T20:40:32Z [9,274ms] [Error] [omni.physx.plugin] PhysX error: PxRigidDynamic::setLinearVelocity: Body must be non-kinematic!, FILE /builds/omniverse/physics/physx/source/physx/src/NpRigidDynamic.cpp, LINE 251
2026-07-02T20:40:32Z [9,274ms] [Error] [omni.physx.plugin] PhysX error: PxRigidDynamic::setAngularVelocity: Body must be non-kinematic!, FILE /builds/omniverse/physics/physx/source/physx/src/NpRigidDynamic.cpp, LINE 284
2026-07-02T20:40:32Z [9,275ms] [Error] [omni.physx.plugin] PhysX error: PxRigidDynamic::setLinearVelocity: Body must be non-kinematic!, FILE /builds/omniverse/physics/physx/source/physx/src/NpRigidDynamic.cpp, LINE 251
2026-07-02T20:40:32Z [9,275ms] [Error] [omni.physx.plugin] PhysX error: PxRigidDynamic::setAngularVelocity: Body must be non-kinematic!, FILE /builds/omniverse/physics/physx/source/physx/src/NpRigidDynamic.cpp, LINE 284
2026-07-02T20:40:32Z [9,275ms] [Error] [omni.physx.plugin] PhysX error: PxRigidDynamic::setLinearVelocity: Body must be non-kinematic!, FILE /builds/omniverse/physics/physx/source/physx/src/NpRigidDynamic.cpp, LINE 251
2026-07-02T20:40:32Z [9,275ms] [Error] [omni.physx.plugin] PhysX error: PxRigidDynamic::setAngularVelocity: Body must be non-kinematic!, FILE /builds/omniverse/physics/physx/source/physx/src/NpRigidDynamic.cpp, LINE 284
2026-07-02T20:40:32Z [9,276ms] [Error] [omni.physx.plugin] PhysX error: PxRigidDynamic::setLinearVelocity: Body must be non-kinematic!, FILE /builds/omniverse/physics/physx/source/physx/src/NpRigidDynamic.cpp, LINE 251
2026-07-02T20:40:32Z [9,276ms] [Error] [omni.physx.plugin] PhysX error: PxRigidDynamic::setAngularVelocity: Body must be non-kinematic!, FILE /builds/omniverse/physics/physx/source/physx/src/NpRigidDynamic.cpp, LINE 284
2026-07-02T20:40:32Z [9,276ms] [Error] [omni.physx.plugin] PhysX error: PxRigidDynamic::setLinearVelocity: Body must be non-kinematic!, FILE /builds/omniverse/physics/physx/source/physx/src/NpRigidDynamic.cpp, LINE 251
2026-07-02T20:40:32Z [9,276ms] [Error] [omni.physx.plugin] PhysX error: PxRigidDynamic::setAngularVelocity: Body must be non-kinematic!, FILE /builds/omniverse/physics/physx/source/physx/src/NpRigidDynamic.cpp, LINE 284
2026-07-02T20:40:32Z [9,276ms] [Error] [omni.physx.plugin] PhysX error: PxRigidDynamic::setLinearVelocity: Body must be non-kinematic!, FILE /builds/omniverse/physics/physx/source/physx/src/NpRigidDynamic.cpp, LINE 251
2026-07-02T20:40:32Z [9,277ms] [Error] [omni.physx.plugin] PhysX error: PxRigidDynamic::setAngularVelocity: Body must be non-kinematic!, FILE /builds/omniverse/physics/physx/source/physx/src/NpRigidDynamic.cpp, LINE 284
2026-07-02T20:40:32Z [9,277ms] [Error] [omni.physx.plugin] PhysX error: PxRigidDynamic::setLinearVelocity: Body must be non-kinematic!, FILE /builds/omniverse/physics/physx/source/physx/src/NpRigidDynamic.cpp, LINE 251
2026-07-02T20:40:32Z [9,277ms] [Error] [omni.physx.plugin] PhysX error: PxRigidDynamic::setAngularVelocity: Body must be non-kinematic!, FILE /builds/omniverse/physics/physx/source/physx/src/NpRigidDynamic.cpp, LINE 284
2026-07-02T20:40:32Z [9,277ms] [Error] [omni.physx.plugin] PhysX error: PxRigidDynamic::setLinearVelocity: Body must be non-kinematic!, FILE /builds/omniverse/physics/physx/source/physx/src/NpRigidDynamic.cpp, LINE 251
2026-07-02T20:40:32Z [9,277ms] [Error] [omni.physx.plugin] PhysX error: PxRigidDynamic::setAngularVelocity: Body must be non-kinematic!, FILE /builds/omniverse/physics/physx/source/physx/src/NpRigidDynamic.cpp, LINE 284
2026-07-02T20:40:32Z [9,278ms] [Error] [omni.physx.plugin] PhysX error: PxRigidDynamic::setLinearVelocity: Body must be non-kinematic!, FILE /builds/omniverse/physics/physx/source/physx/src/NpRigidDynamic.cpp, LINE 251
2026-07-02T20:40:32Z [9,278ms] [Error] [omni.physx.plugin] PhysX error: PxRigidDynamic::setAngularVelocity: Body must be non-kinematic!, FILE /builds/omniverse/physics/physx/source/physx/src/NpRigidDynamic.cpp, LINE 284
2026-07-02T20:40:32Z [9,278ms] [Error] [omni.physx.plugin] PhysX error: PxRigidDynamic::setLinearVelocity: Body must be non-kinematic!, FILE /builds/omniverse/physics/physx/source/physx/src/NpRigidDynamic.cpp, LINE 251
2026-07-02T20:40:32Z [9,278ms] [Error] [omni.physx.plugin] PhysX error: PxRigidDynamic::setAngularVelocity: Body must be non-kinematic!, FILE /builds/omniverse/physics/physx/source/physx/src/NpRigidDynamic.cpp, LINE 284
2026-07-02T20:40:32Z [9,279ms] [Error] [omni.physx.plugin] PhysX error: PxRigidDynamic::setLinearVelocity: Body must be non-kinematic!, FILE /builds/omniverse/physics/physx/source/physx/src/NpRigidDynamic.cpp, LINE 251
2026-07-02T20:40:32Z [9,279ms] [Error] [omni.physx.plugin] PhysX error: PxRigidDynamic::setAngularVelocity: Body must be non-kinematic!, FILE /builds/omniverse/physics/physx/source/physx/src/NpRigidDynamic.cpp, LINE 284
2026-07-02T20:40:32Z [9,279ms] [Error] [omni.physx.plugin] PhysX error: PxRigidDynamic::setLinearVelocity: Body must be non-kinematic!, FILE /builds/omniverse/physics/physx/source/physx/src/NpRigidDynamic.cpp, LINE 251
2026-07-02T20:40:32Z [9,279ms] [Error] [omni.physx.plugin] PhysX error: PxRigidDynamic::setAngularVelocity: Body must be non-kinematic!, FILE /builds/omniverse/physics/physx/source/physx/src/NpRigidDynamic.cpp, LINE 284
2026-07-02T20:40:32Z [9,279ms] [Error] [omni.physx.plugin] PhysX error: PxRigidDynamic::setLinearVelocity: Body must be non-kinematic!, FILE /builds/omniverse/physics/physx/source/physx/src/NpRigidDynamic.cpp, LINE 251
2026-07-02T20:40:32Z [9,279ms] [Error] [omni.physx.plugin] PhysX error: PxRigidDynamic::setAngularVelocity: Body must be non-kinematic!, FILE /builds/omniverse/physics/physx/source/physx/src/NpRigidDynamic.cpp, LINE 284
2026-07-02T20:40:32Z [9,280ms] [Error] [omni.physx.plugin] PhysX error: PxRigidDynamic::setLinearVelocity: Body must be non-kinematic!, FILE /builds/omniverse/physics/physx/source/physx/src/NpRigidDynamic.cpp, LINE 251
2026-07-02T20:40:32Z [9,280ms] [Error] [omni.physx.plugin] PhysX error: PxRigidDynamic::setAngularVelocity: Body must be non-kinematic!, FILE /builds/omniverse/physics/physx/source/physx/src/NpRigidDynamic.cpp, LINE 284
2026-07-02T20:40:32Z [9,280ms] [Error] [omni.physx.plugin] PhysX error: PxRigidDynamic::setLinearVelocity: Body must be non-kinematic!, FILE /builds/omniverse/physics/physx/source/physx/src/NpRigidDynamic.cpp, LINE 251
2026-07-02T20:40:32Z [9,280ms] [Error] [omni.physx.plugin] PhysX error: PxRigidDynamic::setAngularVelocity: Body must be non-kinematic!, FILE /builds/omniverse/physics/physx/source/physx/src/NpRigidDynamic.cpp, LINE 284
2026-07-02T20:40:32Z [9,281ms] [Error] [omni.physx.plugin] PhysX error: PxRigidDynamic::setLinearVelocity: Body must be non-kinematic!, FILE /builds/omniverse/physics/physx/source/physx/src/NpRigidDynamic.cpp, LINE 251
2026-07-02T20:40:32Z [9,281ms] [Error] [omni.physx.plugin] PhysX error: PxRigidDynamic::setAngularVelocity: Body must be non-kinematic!, FILE /builds/omniverse/physics/physx/source/physx/src/NpRigidDynamic.cpp, LINE 284
2026-07-02T20:40:32Z [9,281ms] [Error] [omni.physx.plugin] PhysX error: PxRigidDynamic::setLinearVelocity: Body must be non-kinematic!, FILE /builds/omniverse/physics/physx/source/physx/src/NpRigidDynamic.cpp, LINE 251
2026-07-02T20:40:32Z [9,281ms] [Error] [omni.physx.plugin] PhysX error: PxRigidDynamic::setAngularVelocity: Body must be non-kinematic!, FILE /builds/omniverse/physics/physx/source/physx/src/NpRigidDynamic.cpp, LINE 284
2026-07-02T20:40:32Z [9,281ms] [Error] [omni.physx.plugin] PhysX error: PxRigidDynamic::setLinearVelocity: Body must be non-kinematic!, FILE /builds/omniverse/physics/physx/source/physx/src/NpRigidDynamic.cpp, LINE 251
2026-07-02T20:40:32Z [9,282ms] [Error] [omni.physx.plugin] PhysX error: PxRigidDynamic::setAngularVelocity: Body must be non-kinematic!, FILE /builds/omniverse/physics/physx/source/physx/src/NpRigidDynamic.cpp, LINE 284
2026-07-02T20:40:32Z [9,282ms] [Error] [omni.physx.plugin] PhysX error: PxRigidDynamic::setLinearVelocity: Body must be non-kinematic!, FILE /builds/omniverse/physics/physx/source/physx/src/NpRigidDynamic.cpp, LINE 251
2026-07-02T20:40:32Z [9,282ms] [Error] [omni.physx.plugin] PhysX error: PxRigidDynamic::setAngularVelocity: Body must be non-kinematic!, FILE /builds/omniverse/physics/physx/source/physx/src/NpRigidDynamic.cpp, LINE 284
2026-07-02T20:40:32Z [9,282ms] [Error] [omni.physx.plugin] PhysX error: PxRigidDynamic::setLinearVelocity: Body must be non-kinematic!, FILE /builds/omniverse/physics/physx/source/physx/src/NpRigidDynamic.cpp, LINE 251
2026-07-02T20:40:32Z [9,282ms] [Error] [omni.physx.plugin] PhysX error: PxRigidDynamic::setAngularVelocity: Body must be non-kinematic!, FILE /builds/omniverse/physics/physx/source/physx/src/NpRigidDynamic.cpp, LINE 284
2026-07-02T20:40:32Z [9,283ms] [Error] [omni.physx.plugin] PhysX error: PxRigidDynamic::setLinearVelocity: Body must be non-kinematic!, FILE /builds/omniverse/physics/physx/source/physx/src/NpRigidDynamic.cpp, LINE 251
2026-07-02T20:40:32Z [9,283ms] [Error] [omni.physx.plugin] PhysX error: PxRigidDynamic::setAngularVelocity: Body must be non-kinematic!, FILE /builds/omniverse/physics/physx/source/physx/src/NpRigidDynamic.cpp, LINE 284
2026-07-02T20:40:32Z [9,283ms] [Error] [omni.physx.plugin] PhysX error: PxRigidDynamic::setLinearVelocity: Body must be non-kinematic!, FILE /builds/omniverse/physics/physx/source/physx/src/NpRigidDynamic.cpp, LINE 251
2026-07-02T20:40:32Z [9,283ms] [Error] [omni.physx.plugin] PhysX error: PxRigidDynamic::setAngularVelocity: Body must be non-kinematic!, FILE /builds/omniverse/physics/physx/source/physx/src/NpRigidDynamic.cpp, LINE 284
2026-07-02T20:40:32Z [9,284ms] [Error] [omni.physx.plugin] PhysX error: PxRigidDynamic::setLinearVelocity: Body must be non-kinematic!, FILE /builds/omniverse/physics/physx/source/physx/src/NpRigidDynamic.cpp, LINE 251
2026-07-02T20:40:32Z [9,284ms] [Error] [omni.physx.plugin] PhysX error: PxRigidDynamic::setAngularVelocity: Body must be non-kinematic!, FILE /builds/omniverse/physics/physx/source/physx/src/NpRigidDynamic.cpp, LINE 284
2026-07-02T20:40:32Z [9,284ms] [Error] [omni.physx.plugin] PhysX error: PxRigidDynamic::setLinearVelocity: Body must be non-kinematic!, FILE /builds/omniverse/physics/physx/source/physx/src/NpRigidDynamic.cpp, LINE 251
2026-07-02T20:40:32Z [9,284ms] [Error] [omni.physx.plugin] PhysX error: PxRigidDynamic::setAngularVelocity: Body must be non-kinematic!, FILE /builds/omniverse/physics/physx/source/physx/src/NpRigidDynamic.cpp, LINE 284
2026-07-02T20:40:32Z [9,284ms] [Error] [omni.physx.plugin] PhysX error: PxRigidDynamic::setLinearVelocity: Body must be non-kinematic!, FILE /builds/omniverse/physics/physx/source/physx/src/NpRigidDynamic.cpp, LINE 251
2026-07-02T20:40:32Z [9,284ms] [Error] [omni.physx.plugin] PhysX error: PxRigidDynamic::setAngularVelocity: Body must be non-kinematic!, FILE /builds/omniverse/physics/physx/source/physx/src/NpRigidDynamic.cpp, LINE 284
2026-07-02T20:40:32Z [9,285ms] [Error] [omni.physx.plugin] PhysX error: PxRigidDynamic::setLinearVelocity: Body must be non-kinematic!, FILE /builds/omniverse/physics/physx/source/physx/src/NpRigidDynamic.cpp, LINE 251
2026-07-02T20:40:32Z [9,285ms] [Error] [omni.physx.plugin] PhysX error: PxRigidDynamic::setAngularVelocity: Body must be non-kinematic!, FILE /builds/omniverse/physics/physx/source/physx/src/NpRigidDynamic.cpp, LINE 284
2026-07-02T20:40:32Z [9,285ms] [Error] [omni.physx.plugin] PhysX error: PxRigidDynamic::setLinearVelocity: Body must be non-kinematic!, FILE /builds/omniverse/physics/physx/source/physx/src/NpRigidDynamic.cpp, LINE 251
2026-07-02T20:40:32Z [9,285ms] [Error] [omni.physx.plugin] PhysX error: PxRigidDynamic::setAngularVelocity: Body must be non-kinematic!, FILE /builds/omniverse/physics/physx/source/physx/src/NpRigidDynamic.cpp, LINE 284
2026-07-02T20:40:32Z [9,286ms] [Error] [omni.physx.plugin] PhysX error: PxRigidDynamic::setLinearVelocity: Body must be non-kinematic!, FILE /builds/omniverse/physics/physx/source/physx/src/NpRigidDynamic.cpp, LINE 251
2026-07-02T20:40:32Z [9,286ms] [Error] [omni.physx.plugin] PhysX error: PxRigidDynamic::setAngularVelocity: Body must be non-kinematic!, FILE /builds/omniverse/physics/physx/source/physx/src/NpRigidDynamic.cpp, LINE 284
2026-07-02T20:40:32Z [9,286ms] [Error] [omni.physx.plugin] PhysX error: PxRigidDynamic::setLinearVelocity: Body must be non-kinematic!, FILE /builds/omniverse/physics/physx/source/physx/src/NpRigidDynamic.cpp, LINE 251
2026-07-02T20:40:32Z [9,286ms] [Error] [omni.physx.plugin] PhysX error: PxRigidDynamic::setAngularVelocity: Body must be non-kinematic!, FILE /builds/omniverse/physics/physx/source/physx/src/NpRigidDynamic.cpp, LINE 284
2026-07-02T20:40:32Z [9,286ms] [Error] [omni.physx.plugin] PhysX error: PxRigidDynamic::setLinearVelocity: Body must be non-kinematic!, FILE /builds/omniverse/physics/physx/source/physx/src/NpRigidDynamic.cpp, LINE 251
2026-07-02T20:40:32Z [9,286ms] [Error] [omni.physx.plugin] PhysX error: PxRigidDynamic::setAngularVelocity: Body must be non-kinematic!, FILE /builds/omniverse/physics/physx/source/physx/src/NpRigidDynamic.cpp, LINE 284
2026-07-02T20:40:32Z [9,287ms] [Error] [omni.physx.plugin] PhysX error: PxRigidDynamic::setLinearVelocity: Body must be non-kinematic!, FILE /builds/omniverse/physics/physx/source/physx/src/NpRigidDynamic.cpp, LINE 251
2026-07-02T20:40:32Z [9,287ms] [Error] [omni.physx.plugin] PhysX error: PxRigidDynamic::setAngularVelocity: Body must be non-kinematic!, FILE /builds/omniverse/physics/physx/source/physx/src/NpRigidDynamic.cpp, LINE 284
2026-07-02T20:40:32Z [9,287ms] [Error] [omni.physx.plugin] PhysX error: PxRigidDynamic::setLinearVelocity: Body must be non-kinematic!, FILE /builds/omniverse/physics/physx/source/physx/src/NpRigidDynamic.cpp, LINE 251
2026-07-02T20:40:32Z [9,287ms] [Error] [omni.physx.plugin] PhysX error: PxRigidDynamic::setAngularVelocity: Body must be non-kinematic!, FILE /builds/omniverse/physics/physx/source/physx/src/NpRigidDynamic.cpp, LINE 284
2026-07-02T20:40:32Z [9,288ms] [Error] [omni.physx.plugin] PhysX error: PxRigidDynamic::setLinearVelocity: Body must be non-kinematic!, FILE /builds/omniverse/physics/physx/source/physx/src/NpRigidDynamic.cpp, LINE 251
2026-07-02T20:40:32Z [9,288ms] [Error] [omni.physx.plugin] PhysX error: PxRigidDynamic::setAngularVelocity: Body must be non-kinematic!, FILE /builds/omniverse/physics/physx/source/physx/src/NpRigidDynamic.cpp, LINE 284
2026-07-02T20:40:32Z [9,288ms] [Error] [omni.physx.plugin] PhysX error: PxRigidDynamic::setLinearVelocity: Body must be non-kinematic!, FILE /builds/omniverse/physics/physx/source/physx/src/NpRigidDynamic.cpp, LINE 251
2026-07-02T20:40:32Z [9,288ms] [Error] [omni.physx.plugin] PhysX error: PxRigidDynamic::setAngularVelocity: Body must be non-kinematic!, FILE /builds/omniverse/physics/physx/source/physx/src/NpRigidDynamic.cpp, LINE 284
2026-07-02T20:40:32Z [9,288ms] [Error] [omni.physx.plugin] PhysX error: PxRigidDynamic::setLinearVelocity: Body must be non-kinematic!, FILE /builds/omniverse/physics/physx/source/physx/src/NpRigidDynamic.cpp, LINE 251
2026-07-02T20:40:32Z [9,289ms] [Error] [omni.physx.plugin] PhysX error: PxRigidDynamic::setAngularVelocity: Body must be non-kinematic!, FILE /builds/omniverse/physics/physx/source/physx/src/NpRigidDynamic.cpp, LINE 284
2026-07-02T20:40:32Z [9,289ms] [Error] [omni.physx.plugin] PhysX error: PxRigidDynamic::setLinearVelocity: Body must be non-kinematic!, FILE /builds/omniverse/physics/physx/source/physx/src/NpRigidDynamic.cpp, LINE 251
2026-07-02T20:40:32Z [9,289ms] [Error] [omni.physx.plugin] PhysX error: PxRigidDynamic::setAngularVelocity: Body must be non-kinematic!, FILE /builds/omniverse/physics/physx/source/physx/src/NpRigidDynamic.cpp, LINE 284
2026-07-02T20:40:32Z [9,290ms] [Error] [omni.physx.plugin] PhysX error: PxRigidDynamic::setLinearVelocity: Body must be non-kinematic!, FILE /builds/omniverse/physics/physx/source/physx/src/NpRigidDynamic.cpp, LINE 251
2026-07-02T20:40:32Z [9,290ms] [Error] [omni.physx.plugin] PhysX error: PxRigidDynamic::setAngularVelocity: Body must be non-kinematic!, FILE /builds/omniverse/physics/physx/source/physx/src/NpRigidDynamic.cpp, LINE 284
2026-07-02T20:40:32Z [9,290ms] [Error] [omni.physx.plugin] PhysX error: PxRigidDynamic::setLinearVelocity: Body must be non-kinematic!, FILE /builds/omniverse/physics/physx/source/physx/src/NpRigidDynamic.cpp, LINE 251
2026-07-02T20:40:32Z [9,290ms] [Error] [omni.physx.plugin] PhysX error: PxRigidDynamic::setAngularVelocity: Body must be non-kinematic!, FILE /builds/omniverse/physics/physx/source/physx/src/NpRigidDynamic.cpp, LINE 284
2026-07-02T20:40:32Z [9,290ms] [Error] [omni.physx.plugin] PhysX error: PxRigidDynamic::setLinearVelocity: Body must be non-kinematic!, FILE /builds/omniverse/physics/physx/source/physx/src/NpRigidDynamic.cpp, LINE 251
2026-07-02T20:40:32Z [9,290ms] [Error] [omni.physx.plugin] PhysX error: PxRigidDynamic::setAngularVelocity: Body must be non-kinematic!, FILE /builds/omniverse/physics/physx/source/physx/src/NpRigidDynamic.cpp, LINE 284
2026-07-02T20:40:32Z [9,291ms] [Error] [omni.physx.plugin] PhysX error: PxRigidDynamic::setLinearVelocity: Body must be non-kinematic!, FILE /builds/omniverse/physics/physx/source/physx/src/NpRigidDynamic.cpp, LINE 251
2026-07-02T20:40:32Z [9,291ms] [Error] [omni.physx.plugin] PhysX error: PxRigidDynamic::setAngularVelocity: Body must be non-kinematic!, FILE /builds/omniverse/physics/physx/source/physx/src/NpRigidDynamic.cpp, LINE 284
2026-07-02T20:40:32Z [9,291ms] [Error] [omni.physx.plugin] PhysX error: PxRigidDynamic::setLinearVelocity: Body must be non-kinematic!, FILE /builds/omniverse/physics/physx/source/physx/src/NpRigidDynamic.cpp, LINE 251
2026-07-02T20:40:32Z [9,291ms] [Error] [omni.physx.plugin] PhysX error: PxRigidDynamic::setAngularVelocity: Body must be non-kinematic!, FILE /builds/omniverse/physics/physx/source/physx/src/NpRigidDynamic.cpp, LINE 284
2026-07-02T20:40:32Z [9,292ms] [Error] [omni.physx.plugin] PhysX error: PxRigidDynamic::setLinearVelocity: Body must be non-kinematic!, FILE /builds/omniverse/physics/physx/source/physx/src/NpRigidDynamic.cpp, LINE 251
2026-07-02T20:40:32Z [9,292ms] [Error] [omni.physx.plugin] PhysX error: PxRigidDynamic::setAngularVelocity: Body must be non-kinematic!, FILE /builds/omniverse/physics/physx/source/physx/src/NpRigidDynamic.cpp, LINE 284
2026-07-02T20:40:32Z [9,292ms] [Error] [omni.physx.plugin] PhysX error: PxRigidDynamic::setLinearVelocity: Body must be non-kinematic!, FILE /builds/omniverse/physics/physx/source/physx/src/NpRigidDynamic.cpp, LINE 251
2026-07-02T20:40:32Z [9,292ms] [Error] [omni.physx.plugin] PhysX error: PxRigidDynamic::setAngularVelocity: Body must be non-kinematic!, FILE /builds/omniverse/physics/physx/source/physx/src/NpRigidDynamic.cpp, LINE 284
[INFO]: RTX streaming completed in 0.01 s.
/home/rootalkhatib/isaaclab_repo/franka_wrist_camera_isaaclab/scripts/pi05_reaching_rollout.py:306: DeprecationWarning: The function 'set_joint_position_target' will be deprecated in a future release. Please use 'set_joint_position_target_index' instead.
  robot.set_joint_position_target(current_cmd.target_joint_pos, joint_ids=arm_joint_ids)
[INFO]: RTX streaming completed in 0.04 s.
[INFO] Pi0.5 episode 0 success=False mode=failure completed=False steps=3600 instruction='reach the avocado'
[INFO] Starting Pi0.5 reaching episode 1: instruction='reach the bowl', target_label='bowl'
2026-07-02T20:40:32Z [9,517ms] [Warning] [omni.kit.material.library.material_extensions] Could not initialize context menu integration: No module named 'omni.kit.context_menu'
2026-07-02T20:41:05Z [42,102ms] [Error] [omni.physx.plugin] PhysX error: PxRigidDynamic::setLinearVelocity: Body must be non-kinematic!, FILE /builds/omniverse/physics/physx/source/physx/src/NpRigidDynamic.cpp, LINE 251
2026-07-02T20:41:05Z [42,102ms] [Error] [omni.physx.plugin] PhysX error: PxRigidDynamic::setAngularVelocity: Body must be non-kinematic!, FILE /builds/omniverse/physics/physx/source/physx/src/NpRigidDynamic.cpp, LINE 284
2026-07-02T20:41:05Z [42,103ms] [Error] [omni.physx.plugin] PhysX error: PxRigidDynamic::setLinearVelocity: Body must be non-kinematic!, FILE /builds/omniverse/physics/physx/source/physx/src/NpRigidDynamic.cpp, LINE 251
2026-07-02T20:41:05Z [42,103ms] [Error] [omni.physx.plugin] PhysX error: PxRigidDynamic::setAngularVelocity: Body must be non-kinematic!, FILE /builds/omniverse/physics/physx/source/physx/src/NpRigidDynamic.cpp, LINE 284
2026-07-02T20:41:05Z [42,104ms] [Error] [omni.physx.plugin] PhysX error: PxRigidDynamic::setLinearVelocity: Body must be non-kinematic!, FILE /builds/omniverse/physics/physx/source/physx/src/NpRigidDynamic.cpp, LINE 251
2026-07-02T20:41:05Z [42,104ms] [Error] [omni.physx.plugin] PhysX error: PxRigidDynamic::setAngularVelocity: Body must be non-kinematic!, FILE /builds/omniverse/physics/physx/source/physx/src/NpRigidDynamic.cpp, LINE 284
2026-07-02T20:41:05Z [42,104ms] [Error] [omni.physx.plugin] PhysX error: PxRigidDynamic::setLinearVelocity: Body must be non-kinematic!, FILE /builds/omniverse/physics/physx/source/physx/src/NpRigidDynamic.cpp, LINE 251
2026-07-02T20:41:05Z [42,105ms] [Error] [omni.physx.plugin] PhysX error: PxRigidDynamic::setAngularVelocity: Body must be non-kinematic!, FILE /builds/omniverse/physics/physx/source/physx/src/NpRigidDynamic.cpp, LINE 284
2026-07-02T20:41:05Z [42,105ms] [Error] [omni.physx.plugin] PhysX error: PxRigidDynamic::setLinearVelocity: Body must be non-kinematic!, FILE /builds/omniverse/physics/physx/source/physx/src/NpRigidDynamic.cpp, LINE 251
2026-07-02T20:41:05Z [42,105ms] [Error] [omni.physx.plugin] PhysX error: PxRigidDynamic::setAngularVelocity: Body must be non-kinematic!, FILE /builds/omniverse/physics/physx/source/physx/src/NpRigidDynamic.cpp, LINE 284
2026-07-02T20:41:05Z [42,106ms] [Error] [omni.physx.plugin] PhysX error: PxRigidDynamic::setLinearVelocity: Body must be non-kinematic!, FILE /builds/omniverse/physics/physx/source/physx/src/NpRigidDynamic.cpp, LINE 251
2026-07-02T20:41:05Z [42,106ms] [Error] [omni.physx.plugin] PhysX error: PxRigidDynamic::setAngularVelocity: Body must be non-kinematic!, FILE /builds/omniverse/physics/physx/source/physx/src/NpRigidDynamic.cpp, LINE 284
2026-07-02T20:41:05Z [42,107ms] [Error] [omni.physx.plugin] PhysX error: PxRigidDynamic::setLinearVelocity: Body must be non-kinematic!, FILE /builds/omniverse/physics/physx/source/physx/src/NpRigidDynamic.cpp, LINE 251
2026-07-02T20:41:05Z [42,107ms] [Error] [omni.physx.plugin] PhysX error: PxRigidDynamic::setAngularVelocity: Body must be non-kinematic!, FILE /builds/omniverse/physics/physx/source/physx/src/NpRigidDynamic.cpp, LINE 284
2026-07-02T20:41:05Z [42,107ms] [Error] [omni.physx.plugin] PhysX error: PxRigidDynamic::setLinearVelocity: Body must be non-kinematic!, FILE /builds/omniverse/physics/physx/source/physx/src/NpRigidDynamic.cpp, LINE 251
2026-07-02T20:41:05Z [42,108ms] [Error] [omni.physx.plugin] PhysX error: PxRigidDynamic::setAngularVelocity: Body must be non-kinematic!, FILE /builds/omniverse/physics/physx/source/physx/src/NpRigidDynamic.cpp, LINE 284
2026-07-02T20:41:05Z [42,108ms] [Error] [omni.physx.plugin] PhysX error: PxRigidDynamic::setLinearVelocity: Body must be non-kinematic!, FILE /builds/omniverse/physics/physx/source/physx/src/NpRigidDynamic.cpp, LINE 251
2026-07-02T20:41:05Z [42,108ms] [Error] [omni.physx.plugin] PhysX error: PxRigidDynamic::setAngularVelocity: Body must be non-kinematic!, FILE /builds/omniverse/physics/physx/source/physx/src/NpRigidDynamic.cpp, LINE 284
2026-07-02T20:41:05Z [42,109ms] [Error] [omni.physx.plugin] PhysX error: PxRigidDynamic::setLinearVelocity: Body must be non-kinematic!, FILE /builds/omniverse/physics/physx/source/physx/src/NpRigidDynamic.cpp, LINE 251
2026-07-02T20:41:05Z [42,109ms] [Error] [omni.physx.plugin] PhysX error: PxRigidDynamic::setAngularVelocity: Body must be non-kinematic!, FILE /builds/omniverse/physics/physx/source/physx/src/NpRigidDynamic.cpp, LINE 284
2026-07-02T20:41:05Z [42,110ms] [Error] [omni.physx.plugin] PhysX error: PxRigidDynamic::setLinearVelocity: Body must be non-kinematic!, FILE /builds/omniverse/physics/physx/source/physx/src/NpRigidDynamic.cpp, LINE 251
2026-07-02T20:41:05Z [42,110ms] [Error] [omni.physx.plugin] PhysX error: PxRigidDynamic::setAngularVelocity: Body must be non-kinematic!, FILE /builds/omniverse/physics/physx/source/physx/src/NpRigidDynamic.cpp, LINE 284
2026-07-02T20:41:05Z [42,111ms] [Error] [omni.physx.plugin] PhysX error: PxRigidDynamic::setLinearVelocity: Body must be non-kinematic!, FILE /builds/omniverse/physics/physx/source/physx/src/NpRigidDynamic.cpp, LINE 251
2026-07-02T20:41:05Z [42,111ms] [Error] [omni.physx.plugin] PhysX error: PxRigidDynamic::setAngularVelocity: Body must be non-kinematic!, FILE /builds/omniverse/physics/physx/source/physx/src/NpRigidDynamic.cpp, LINE 284
2026-07-02T20:41:05Z [42,111ms] [Error] [omni.physx.plugin] PhysX error: PxRigidDynamic::setLinearVelocity: Body must be non-kinematic!, FILE /builds/omniverse/physics/physx/source/physx/src/NpRigidDynamic.cpp, LINE 251
2026-07-02T20:41:05Z [42,111ms] [Error] [omni.physx.plugin] PhysX error: PxRigidDynamic::setAngularVelocity: Body must be non-kinematic!, FILE /builds/omniverse/physics/physx/source/physx/src/NpRigidDynamic.cpp, LINE 284
2026-07-02T20:41:05Z [42,112ms] [Error] [omni.physx.plugin] PhysX error: PxRigidDynamic::setLinearVelocity: Body must be non-kinematic!, FILE /builds/omniverse/physics/physx/source/physx/src/NpRigidDynamic.cpp, LINE 251
2026-07-02T20:41:05Z [42,112ms] [Error] [omni.physx.plugin] PhysX error: PxRigidDynamic::setAngularVelocity: Body must be non-kinematic!, FILE /builds/omniverse/physics/physx/source/physx/src/NpRigidDynamic.cpp, LINE 284
2026-07-02T20:41:05Z [42,113ms] [Error] [omni.physx.plugin] PhysX error: PxRigidDynamic::setLinearVelocity: Body must be non-kinematic!, FILE /builds/omniverse/physics/physx/source/physx/src/NpRigidDynamic.cpp, LINE 251
2026-07-02T20:41:05Z [42,113ms] [Error] [omni.physx.plugin] PhysX error: PxRigidDynamic::setAngularVelocity: Body must be non-kinematic!, FILE /builds/omniverse/physics/physx/source/physx/src/NpRigidDynamic.cpp, LINE 284
2026-07-02T20:41:05Z [42,114ms] [Error] [omni.physx.plugin] PhysX error: PxRigidDynamic::setLinearVelocity: Body must be non-kinematic!, FILE /builds/omniverse/physics/physx/source/physx/src/NpRigidDynamic.cpp, LINE 251
2026-07-02T20:41:05Z [42,114ms] [Error] [omni.physx.plugin] PhysX error: PxRigidDynamic::setAngularVelocity: Body must be non-kinematic!, FILE /builds/omniverse/physics/physx/source/physx/src/NpRigidDynamic.cpp, LINE 284
2026-07-02T20:41:05Z [42,114ms] [Error] [omni.physx.plugin] PhysX error: PxRigidDynamic::setLinearVelocity: Body must be non-kinematic!, FILE /builds/omniverse/physics/physx/source/physx/src/NpRigidDynamic.cpp, LINE 251
2026-07-02T20:41:05Z [42,115ms] [Error] [omni.physx.plugin] PhysX error: PxRigidDynamic::setAngularVelocity: Body must be non-kinematic!, FILE /builds/omniverse/physics/physx/source/physx/src/NpRigidDynamic.cpp, LINE 284
2026-07-02T20:41:05Z [42,115ms] [Error] [omni.physx.plugin] PhysX error: PxRigidDynamic::setLinearVelocity: Body must be non-kinematic!, FILE /builds/omniverse/physics/physx/source/physx/src/NpRigidDynamic.cpp, LINE 251
2026-07-02T20:41:05Z [42,115ms] [Error] [omni.physx.plugin] PhysX error: PxRigidDynamic::setAngularVelocity: Body must be non-kinematic!, FILE /builds/omniverse/physics/physx/source/physx/src/NpRigidDynamic.cpp, LINE 284
2026-07-02T20:41:05Z [42,116ms] [Error] [omni.physx.plugin] PhysX error: PxRigidDynamic::setLinearVelocity: Body must be non-kinematic!, FILE /builds/omniverse/physics/physx/source/physx/src/NpRigidDynamic.cpp, LINE 251
2026-07-02T20:41:05Z [42,116ms] [Error] [omni.physx.plugin] PhysX error: PxRigidDynamic::setAngularVelocity: Body must be non-kinematic!, FILE /builds/omniverse/physics/physx/source/physx/src/NpRigidDynamic.cpp, LINE 284
2026-07-02T20:41:05Z [42,117ms] [Error] [omni.physx.plugin] PhysX error: PxRigidDynamic::setLinearVelocity: Body must be non-kinematic!, FILE /builds/omniverse/physics/physx/source/physx/src/NpRigidDynamic.cpp, LINE 251
2026-07-02T20:41:05Z [42,117ms] [Error] [omni.physx.plugin] PhysX error: PxRigidDynamic::setAngularVelocity: Body must be non-kinematic!, FILE /builds/omniverse/physics/physx/source/physx/src/NpRigidDynamic.cpp, LINE 284
2026-07-02T20:41:05Z [42,118ms] [Error] [omni.physx.plugin] PhysX error: PxRigidDynamic::setLinearVelocity: Body must be non-kinematic!, FILE /builds/omniverse/physics/physx/source/physx/src/NpRigidDynamic.cpp, LINE 251
2026-07-02T20:41:05Z [42,118ms] [Error] [omni.physx.plugin] PhysX error: PxRigidDynamic::setAngularVelocity: Body must be non-kinematic!, FILE /builds/omniverse/physics/physx/source/physx/src/NpRigidDynamic.cpp, LINE 284
2026-07-02T20:41:05Z [42,118ms] [Error] [omni.physx.plugin] PhysX error: PxRigidDynamic::setLinearVelocity: Body must be non-kinematic!, FILE /builds/omniverse/physics/physx/source/physx/src/NpRigidDynamic.cpp, LINE 251
2026-07-02T20:41:05Z [42,118ms] [Error] [omni.physx.plugin] PhysX error: PxRigidDynamic::setAngularVelocity: Body must be non-kinematic!, FILE /builds/omniverse/physics/physx/source/physx/src/NpRigidDynamic.cpp, LINE 284
2026-07-02T20:41:05Z [42,119ms] [Error] [omni.physx.plugin] PhysX error: PxRigidDynamic::setLinearVelocity: Body must be non-kinematic!, FILE /builds/omniverse/physics/physx/source/physx/src/NpRigidDynamic.cpp, LINE 251
2026-07-02T20:41:05Z [42,119ms] [Error] [omni.physx.plugin] PhysX error: PxRigidDynamic::setAngularVelocity: Body must be non-kinematic!, FILE /builds/omniverse/physics/physx/source/physx/src/NpRigidDynamic.cpp, LINE 284
2026-07-02T20:41:05Z [42,120ms] [Error] [omni.physx.plugin] PhysX error: PxRigidDynamic::setLinearVelocity: Body must be non-kinematic!, FILE /builds/omniverse/physics/physx/source/physx/src/NpRigidDynamic.cpp, LINE 251
2026-07-02T20:41:05Z [42,120ms] [Error] [omni.physx.plugin] PhysX error: PxRigidDynamic::setAngularVelocity: Body must be non-kinematic!, FILE /builds/omniverse/physics/physx/source/physx/src/NpRigidDynamic.cpp, LINE 284
2026-07-02T20:41:05Z [42,123ms] [Error] [omni.physx.plugin] PhysX error: PxRigidDynamic::setLinearVelocity: Body must be non-kinematic!, FILE /builds/omniverse/physics/physx/source/physx/src/NpRigidDynamic.cpp, LINE 251
2026-07-02T20:41:05Z [42,123ms] [Error] [omni.physx.plugin] PhysX error: PxRigidDynamic::setAngularVelocity: Body must be non-kinematic!, FILE /builds/omniverse/physics/physx/source/physx/src/NpRigidDynamic.cpp, LINE 284
2026-07-02T20:41:05Z [42,124ms] [Error] [omni.physx.plugin] PhysX error: PxRigidDynamic::setLinearVelocity: Body must be non-kinematic!, FILE /builds/omniverse/physics/physx/source/physx/src/NpRigidDynamic.cpp, LINE 251
2026-07-02T20:41:05Z [42,124ms] [Error] [omni.physx.plugin] PhysX error: PxRigidDynamic::setAngularVelocity: Body must be non-kinematic!, FILE /builds/omniverse/physics/physx/source/physx/src/NpRigidDynamic.cpp, LINE 284
2026-07-02T20:41:05Z [42,124ms] [Error] [omni.physx.plugin] PhysX error: PxRigidDynamic::setLinearVelocity: Body must be non-kinematic!, FILE /builds/omniverse/physics/physx/source/physx/src/NpRigidDynamic.cpp, LINE 251
2026-07-02T20:41:05Z [42,124ms] [Error] [omni.physx.plugin] PhysX error: PxRigidDynamic::setAngularVelocity: Body must be non-kinematic!, FILE /builds/omniverse/physics/physx/source/physx/src/NpRigidDynamic.cpp, LINE 284
2026-07-02T20:41:05Z [42,125ms] [Error] [omni.physx.plugin] PhysX error: PxRigidDynamic::setLinearVelocity: Body must be non-kinematic!, FILE /builds/omniverse/physics/physx/source/physx/src/NpRigidDynamic.cpp, LINE 251
2026-07-02T20:41:05Z [42,125ms] [Error] [omni.physx.plugin] PhysX error: PxRigidDynamic::setAngularVelocity: Body must be non-kinematic!, FILE /builds/omniverse/physics/physx/source/physx/src/NpRigidDynamic.cpp, LINE 284
2026-07-02T20:41:05Z [42,126ms] [Error] [omni.physx.plugin] PhysX error: PxRigidDynamic::setLinearVelocity: Body must be non-kinematic!, FILE /builds/omniverse/physics/physx/source/physx/src/NpRigidDynamic.cpp, LINE 251
2026-07-02T20:41:05Z [42,126ms] [Error] [omni.physx.plugin] PhysX error: PxRigidDynamic::setAngularVelocity: Body must be non-kinematic!, FILE /builds/omniverse/physics/physx/source/physx/src/NpRigidDynamic.cpp, LINE 284
2026-07-02T20:41:05Z [42,127ms] [Error] [omni.physx.plugin] PhysX error: PxRigidDynamic::setLinearVelocity: Body must be non-kinematic!, FILE /builds/omniverse/physics/physx/source/physx/src/NpRigidDynamic.cpp, LINE 251
2026-07-02T20:41:05Z [42,127ms] [Error] [omni.physx.plugin] PhysX error: PxRigidDynamic::setAngularVelocity: Body must be non-kinematic!, FILE /builds/omniverse/physics/physx/source/physx/src/NpRigidDynamic.cpp, LINE 284
2026-07-02T20:41:05Z [42,127ms] [Error] [omni.physx.plugin] PhysX error: PxRigidDynamic::setLinearVelocity: Body must be non-kinematic!, FILE /builds/omniverse/physics/physx/source/physx/src/NpRigidDynamic.cpp, LINE 251
2026-07-02T20:41:05Z [42,127ms] [Error] [omni.physx.plugin] PhysX error: PxRigidDynamic::setAngularVelocity: Body must be non-kinematic!, FILE /builds/omniverse/physics/physx/source/physx/src/NpRigidDynamic.cpp, LINE 284
2026-07-02T20:41:05Z [42,128ms] [Error] [omni.physx.plugin] PhysX error: PxRigidDynamic::setLinearVelocity: Body must be non-kinematic!, FILE /builds/omniverse/physics/physx/source/physx/src/NpRigidDynamic.cpp, LINE 251
2026-07-02T20:41:05Z [42,128ms] [Error] [omni.physx.plugin] PhysX error: PxRigidDynamic::setAngularVelocity: Body must be non-kinematic!, FILE /builds/omniverse/physics/physx/source/physx/src/NpRigidDynamic.cpp, LINE 284
2026-07-02T20:41:05Z [42,129ms] [Error] [omni.physx.plugin] PhysX error: PxRigidDynamic::setLinearVelocity: Body must be non-kinematic!, FILE /builds/omniverse/physics/physx/source/physx/src/NpRigidDynamic.cpp, LINE 251
2026-07-02T20:41:05Z [42,129ms] [Error] [omni.physx.plugin] PhysX error: PxRigidDynamic::setAngularVelocity: Body must be non-kinematic!, FILE /builds/omniverse/physics/physx/source/physx/src/NpRigidDynamic.cpp, LINE 284
2026-07-02T20:41:05Z [42,130ms] [Error] [omni.physx.plugin] PhysX error: PxRigidDynamic::setLinearVelocity: Body must be non-kinematic!, FILE /builds/omniverse/physics/physx/source/physx/src/NpRigidDynamic.cpp, LINE 251
2026-07-02T20:41:05Z [42,130ms] [Error] [omni.physx.plugin] PhysX error: PxRigidDynamic::setAngularVelocity: Body must be non-kinematic!, FILE /builds/omniverse/physics/physx/source/physx/src/NpRigidDynamic.cpp, LINE 284
2026-07-02T20:41:05Z [42,130ms] [Error] [omni.physx.plugin] PhysX error: PxRigidDynamic::setLinearVelocity: Body must be non-kinematic!, FILE /builds/omniverse/physics/physx/source/physx/src/NpRigidDynamic.cpp, LINE 251
2026-07-02T20:41:05Z [42,130ms] [Error] [omni.physx.plugin] PhysX error: PxRigidDynamic::setAngularVelocity: Body must be non-kinematic!, FILE /builds/omniverse/physics/physx/source/physx/src/NpRigidDynamic.cpp, LINE 284
2026-07-02T20:41:05Z [42,131ms] [Error] [omni.physx.plugin] PhysX error: PxRigidDynamic::setLinearVelocity: Body must be non-kinematic!, FILE /builds/omniverse/physics/physx/source/physx/src/NpRigidDynamic.cpp, LINE 251
2026-07-02T20:41:05Z [42,131ms] [Error] [omni.physx.plugin] PhysX error: PxRigidDynamic::setAngularVelocity: Body must be non-kinematic!, FILE /builds/omniverse/physics/physx/source/physx/src/NpRigidDynamic.cpp, LINE 284
2026-07-02T20:41:05Z [42,132ms] [Error] [omni.physx.plugin] PhysX error: PxRigidDynamic::setLinearVelocity: Body must be non-kinematic!, FILE /builds/omniverse/physics/physx/source/physx/src/NpRigidDynamic.cpp, LINE 251
2026-07-02T20:41:05Z [42,132ms] [Error] [omni.physx.plugin] PhysX error: PxRigidDynamic::setAngularVelocity: Body must be non-kinematic!, FILE /builds/omniverse/physics/physx/source/physx/src/NpRigidDynamic.cpp, LINE 284
2026-07-02T20:41:05Z [42,132ms] [Error] [omni.physx.plugin] PhysX error: PxRigidDynamic::setLinearVelocity: Body must be non-kinematic!, FILE /builds/omniverse/physics/physx/source/physx/src/NpRigidDynamic.cpp, LINE 251
2026-07-02T20:41:05Z [42,132ms] [Error] [omni.physx.plugin] PhysX error: PxRigidDynamic::setAngularVelocity: Body must be non-kinematic!, FILE /builds/omniverse/physics/physx/source/physx/src/NpRigidDynamic.cpp, LINE 284
2026-07-02T20:41:05Z [42,133ms] [Error] [omni.physx.plugin] PhysX error: PxRigidDynamic::setLinearVelocity: Body must be non-kinematic!, FILE /builds/omniverse/physics/physx/source/physx/src/NpRigidDynamic.cpp, LINE 251
2026-07-02T20:41:05Z [42,133ms] [Error] [omni.physx.plugin] PhysX error: PxRigidDynamic::setAngularVelocity: Body must be non-kinematic!, FILE /builds/omniverse/physics/physx/source/physx/src/NpRigidDynamic.cpp, LINE 284
2026-07-02T20:41:05Z [42,134ms] [Error] [omni.physx.plugin] PhysX error: PxRigidDynamic::setLinearVelocity: Body must be non-kinematic!, FILE /builds/omniverse/physics/physx/source/physx/src/NpRigidDynamic.cpp, LINE 251
2026-07-02T20:41:05Z [42,134ms] [Error] [omni.physx.plugin] PhysX error: PxRigidDynamic::setAngularVelocity: Body must be non-kinematic!, FILE /builds/omniverse/physics/physx/source/physx/src/NpRigidDynamic.cpp, LINE 284
2026-07-02T20:41:05Z [42,134ms] [Error] [omni.physx.plugin] PhysX error: PxRigidDynamic::setLinearVelocity: Body must be non-kinematic!, FILE /builds/omniverse/physics/physx/source/physx/src/NpRigidDynamic.cpp, LINE 251
2026-07-02T20:41:05Z [42,134ms] [Error] [omni.physx.plugin] PhysX error: PxRigidDynamic::setAngularVelocity: Body must be non-kinematic!, FILE /builds/omniverse/physics/physx/source/physx/src/NpRigidDynamic.cpp, LINE 284
2026-07-02T20:41:05Z [42,135ms] [Error] [omni.physx.plugin] PhysX error: PxRigidDynamic::setLinearVelocity: Body must be non-kinematic!, FILE /builds/omniverse/physics/physx/source/physx/src/NpRigidDynamic.cpp, LINE 251
2026-07-02T20:41:05Z [42,135ms] [Error] [omni.physx.plugin] PhysX error: PxRigidDynamic::setAngularVelocity: Body must be non-kinematic!, FILE /builds/omniverse/physics/physx/source/physx/src/NpRigidDynamic.cpp, LINE 284
2026-07-02T20:41:05Z [42,136ms] [Error] [omni.physx.plugin] PhysX error: PxRigidDynamic::setLinearVelocity: Body must be non-kinematic!, FILE /builds/omniverse/physics/physx/source/physx/src/NpRigidDynamic.cpp, LINE 251
2026-07-02T20:41:05Z [42,136ms] [Error] [omni.physx.plugin] PhysX error: PxRigidDynamic::setAngularVelocity: Body must be non-kinematic!, FILE /builds/omniverse/physics/physx/source/physx/src/NpRigidDynamic.cpp, LINE 284
2026-07-02T20:41:05Z [42,137ms] [Error] [omni.physx.plugin] PhysX error: PxRigidDynamic::setLinearVelocity: Body must be non-kinematic!, FILE /builds/omniverse/physics/physx/source/physx/src/NpRigidDynamic.cpp, LINE 251
2026-07-02T20:41:05Z [42,137ms] [Error] [omni.physx.plugin] PhysX error: PxRigidDynamic::setAngularVelocity: Body must be non-kinematic!, FILE /builds/omniverse/physics/physx/source/physx/src/NpRigidDynamic.cpp, LINE 284
2026-07-02T20:41:05Z [42,137ms] [Error] [omni.physx.plugin] PhysX error: PxRigidDynamic::setLinearVelocity: Body must be non-kinematic!, FILE /builds/omniverse/physics/physx/source/physx/src/NpRigidDynamic.cpp, LINE 251
2026-07-02T20:41:05Z [42,138ms] [Error] [omni.physx.plugin] PhysX error: PxRigidDynamic::setAngularVelocity: Body must be non-kinematic!, FILE /builds/omniverse/physics/physx/source/physx/src/NpRigidDynamic.cpp, LINE 284
2026-07-02T20:41:05Z [42,138ms] [Error] [omni.physx.plugin] PhysX error: PxRigidDynamic::setLinearVelocity: Body must be non-kinematic!, FILE /builds/omniverse/physics/physx/source/physx/src/NpRigidDynamic.cpp, LINE 251
2026-07-02T20:41:05Z [42,138ms] [Error] [omni.physx.plugin] PhysX error: PxRigidDynamic::setAngularVelocity: Body must be non-kinematic!, FILE /builds/omniverse/physics/physx/source/physx/src/NpRigidDynamic.cpp, LINE 284
2026-07-02T20:41:05Z [42,139ms] [Error] [omni.physx.plugin] PhysX error: PxRigidDynamic::setLinearVelocity: Body must be non-kinematic!, FILE /builds/omniverse/physics/physx/source/physx/src/NpRigidDynamic.cpp, LINE 251
2026-07-02T20:41:05Z [42,139ms] [Error] [omni.physx.plugin] PhysX error: PxRigidDynamic::setAngularVelocity: Body must be non-kinematic!, FILE /builds/omniverse/physics/physx/source/physx/src/NpRigidDynamic.cpp, LINE 284
2026-07-02T20:41:05Z [42,139ms] [Error] [omni.physx.plugin] PhysX error: PxRigidDynamic::setLinearVelocity: Body must be non-kinematic!, FILE /builds/omniverse/physics/physx/source/physx/src/NpRigidDynamic.cpp, LINE 251
2026-07-02T20:41:05Z [42,139ms] [Error] [omni.physx.plugin] PhysX error: PxRigidDynamic::setAngularVelocity: Body must be non-kinematic!, FILE /builds/omniverse/physics/physx/source/physx/src/NpRigidDynamic.cpp, LINE 284
2026-07-02T20:41:05Z [42,140ms] [Error] [omni.physx.plugin] PhysX error: PxRigidDynamic::setLinearVelocity: Body must be non-kinematic!, FILE /builds/omniverse/physics/physx/source/physx/src/NpRigidDynamic.cpp, LINE 251
2026-07-02T20:41:05Z [42,140ms] [Error] [omni.physx.plugin] PhysX error: PxRigidDynamic::setAngularVelocity: Body must be non-kinematic!, FILE /builds/omniverse/physics/physx/source/physx/src/NpRigidDynamic.cpp, LINE 284
2026-07-02T20:41:05Z [42,141ms] [Error] [omni.physx.plugin] PhysX error: PxRigidDynamic::setLinearVelocity: Body must be non-kinematic!, FILE /builds/omniverse/physics/physx/source/physx/src/NpRigidDynamic.cpp, LINE 251
2026-07-02T20:41:05Z [42,141ms] [Error] [omni.physx.plugin] PhysX error: PxRigidDynamic::setAngularVelocity: Body must be non-kinematic!, FILE /builds/omniverse/physics/physx/source/physx/src/NpRigidDynamic.cpp, LINE 284
2026-07-02T20:41:05Z [42,150ms] [Error] [omni.physx.plugin] PhysX error: PxRigidDynamic::setLinearVelocity: Body must be non-kinematic!, FILE /builds/omniverse/physics/physx/source/physx/src/NpRigidDynamic.cpp, LINE 251
2026-07-02T20:41:05Z [42,150ms] [Error] [omni.physx.plugin] PhysX error: PxRigidDynamic::setAngularVelocity: Body must be non-kinematic!, FILE /builds/omniverse/physics/physx/source/physx/src/NpRigidDynamic.cpp, LINE 284
2026-07-02T20:41:05Z [42,151ms] [Error] [omni.physx.plugin] PhysX error: PxRigidDynamic::setLinearVelocity: Body must be non-kinematic!, FILE /builds/omniverse/physics/physx/source/physx/src/NpRigidDynamic.cpp, LINE 251
2026-07-02T20:41:05Z [42,151ms] [Error] [omni.physx.plugin] PhysX error: PxRigidDynamic::setAngularVelocity: Body must be non-kinematic!, FILE /builds/omniverse/physics/physx/source/physx/src/NpRigidDynamic.cpp, LINE 284
2026-07-02T20:41:05Z [42,151ms] [Error] [omni.physx.plugin] PhysX error: PxRigidDynamic::setLinearVelocity: Body must be non-kinematic!, FILE /builds/omniverse/physics/physx/source/physx/src/NpRigidDynamic.cpp, LINE 251
2026-07-02T20:41:05Z [42,151ms] [Error] [omni.physx.plugin] PhysX error: PxRigidDynamic::setAngularVelocity: Body must be non-kinematic!, FILE /builds/omniverse/physics/physx/source/physx/src/NpRigidDynamic.cpp, LINE 284
2026-07-02T20:41:05Z [42,152ms] [Error] [omni.physx.plugin] PhysX error: PxRigidDynamic::setLinearVelocity: Body must be non-kinematic!, FILE /builds/omniverse/physics/physx/source/physx/src/NpRigidDynamic.cpp, LINE 251
2026-07-02T20:41:05Z [42,152ms] [Error] [omni.physx.plugin] PhysX error: PxRigidDynamic::setAngularVelocity: Body must be non-kinematic!, FILE /builds/omniverse/physics/physx/source/physx/src/NpRigidDynamic.cpp, LINE 284
2026-07-02T20:41:05Z [42,152ms] [Error] [omni.physx.plugin] PhysX error: PxRigidDynamic::setLinearVelocity: Body must be non-kinematic!, FILE /builds/omniverse/physics/physx/source/physx/src/NpRigidDynamic.cpp, LINE 251
2026-07-02T20:41:05Z [42,152ms] [Error] [omni.physx.plugin] PhysX error: PxRigidDynamic::setAngularVelocity: Body must be non-kinematic!, FILE /builds/omniverse/physics/physx/source/physx/src/NpRigidDynamic.cpp, LINE 284
2026-07-02T20:41:05Z [42,153ms] [Error] [omni.physx.plugin] PhysX error: PxRigidDynamic::setLinearVelocity: Body must be non-kinematic!, FILE /builds/omniverse/physics/physx/source/physx/src/NpRigidDynamic.cpp, LINE 251
2026-07-02T20:41:05Z [42,153ms] [Error] [omni.physx.plugin] PhysX error: PxRigidDynamic::setAngularVelocity: Body must be non-kinematic!, FILE /builds/omniverse/physics/physx/source/physx/src/NpRigidDynamic.cpp, LINE 284
2026-07-02T20:41:05Z [42,153ms] [Error] [omni.physx.plugin] PhysX error: PxRigidDynamic::setLinearVelocity: Body must be non-kinematic!, FILE /builds/omniverse/physics/physx/source/physx/src/NpRigidDynamic.cpp, LINE 251
2026-07-02T20:41:05Z [42,153ms] [Error] [omni.physx.plugin] PhysX error: PxRigidDynamic::setAngularVelocity: Body must be non-kinematic!, FILE /builds/omniverse/physics/physx/source/physx/src/NpRigidDynamic.cpp, LINE 284
2026-07-02T20:41:05Z [42,153ms] [Error] [omni.physx.plugin] PhysX error: PxRigidDynamic::setLinearVelocity: Body must be non-kinematic!, FILE /builds/omniverse/physics/physx/source/physx/src/NpRigidDynamic.cpp, LINE 251
2026-07-02T20:41:05Z [42,154ms] [Error] [omni.physx.plugin] PhysX error: PxRigidDynamic::setAngularVelocity: Body must be non-kinematic!, FILE /builds/omniverse/physics/physx/source/physx/src/NpRigidDynamic.cpp, LINE 284
2026-07-02T20:41:05Z [42,154ms] [Error] [omni.physx.plugin] PhysX error: PxRigidDynamic::setLinearVelocity: Body must be non-kinematic!, FILE /builds/omniverse/physics/physx/source/physx/src/NpRigidDynamic.cpp, LINE 251
2026-07-02T20:41:05Z [42,154ms] [Error] [omni.physx.plugin] PhysX error: PxRigidDynamic::setAngularVelocity: Body must be non-kinematic!, FILE /builds/omniverse/physics/physx/source/physx/src/NpRigidDynamic.cpp, LINE 284
2026-07-02T20:41:05Z [42,154ms] [Error] [omni.physx.plugin] PhysX error: PxRigidDynamic::setLinearVelocity: Body must be non-kinematic!, FILE /builds/omniverse/physics/physx/source/physx/src/NpRigidDynamic.cpp, LINE 251
2026-07-02T20:41:05Z [42,154ms] [Error] [omni.physx.plugin] PhysX error: PxRigidDynamic::setAngularVelocity: Body must be non-kinematic!, FILE /builds/omniverse/physics/physx/source/physx/src/NpRigidDynamic.cpp, LINE 284
2026-07-02T20:41:05Z [42,155ms] [Error] [omni.physx.plugin] PhysX error: PxRigidDynamic::setLinearVelocity: Body must be non-kinematic!, FILE /builds/omniverse/physics/physx/source/physx/src/NpRigidDynamic.cpp, LINE 251
2026-07-02T20:41:05Z [42,155ms] [Error] [omni.physx.plugin] PhysX error: PxRigidDynamic::setAngularVelocity: Body must be non-kinematic!, FILE /builds/omniverse/physics/physx/source/physx/src/NpRigidDynamic.cpp, LINE 284
2026-07-02T20:41:05Z [42,155ms] [Error] [omni.physx.plugin] PhysX error: PxRigidDynamic::setLinearVelocity: Body must be non-kinematic!, FILE /builds/omniverse/physics/physx/source/physx/src/NpRigidDynamic.cpp, LINE 251
2026-07-02T20:41:05Z [42,155ms] [Error] [omni.physx.plugin] PhysX error: PxRigidDynamic::setAngularVelocity: Body must be non-kinematic!, FILE /builds/omniverse/physics/physx/source/physx/src/NpRigidDynamic.cpp, LINE 284
2026-07-02T20:41:05Z [42,156ms] [Error] [omni.physx.plugin] PhysX error: PxRigidDynamic::setLinearVelocity: Body must be non-kinematic!, FILE /builds/omniverse/physics/physx/source/physx/src/NpRigidDynamic.cpp, LINE 251
2026-07-02T20:41:05Z [42,156ms] [Error] [omni.physx.plugin] PhysX error: PxRigidDynamic::setAngularVelocity: Body must be non-kinematic!, FILE /builds/omniverse/physics/physx/source/physx/src/NpRigidDynamic.cpp, LINE 284
2026-07-02T20:41:05Z [42,156ms] [Error] [omni.physx.plugin] PhysX error: PxRigidDynamic::setLinearVelocity: Body must be non-kinematic!, FILE /builds/omniverse/physics/physx/source/physx/src/NpRigidDynamic.cpp, LINE 251
2026-07-02T20:41:05Z [42,156ms] [Error] [omni.physx.plugin] PhysX error: PxRigidDynamic::setAngularVelocity: Body must be non-kinematic!, FILE /builds/omniverse/physics/physx/source/physx/src/NpRigidDynamic.cpp, LINE 284
2026-07-02T20:41:05Z [42,157ms] [Error] [omni.physx.plugin] PhysX error: PxRigidDynamic::setLinearVelocity: Body must be non-kinematic!, FILE /builds/omniverse/physics/physx/source/physx/src/NpRigidDynamic.cpp, LINE 251
2026-07-02T20:41:05Z [42,157ms] [Error] [omni.physx.plugin] PhysX error: PxRigidDynamic::setAngularVelocity: Body must be non-kinematic!, FILE /builds/omniverse/physics/physx/source/physx/src/NpRigidDynamic.cpp, LINE 284
2026-07-02T20:41:05Z [42,157ms] [Error] [omni.physx.plugin] PhysX error: PxRigidDynamic::setLinearVelocity: Body must be non-kinematic!, FILE /builds/omniverse/physics/physx/source/physx/src/NpRigidDynamic.cpp, LINE 251
2026-07-02T20:41:05Z [42,157ms] [Error] [omni.physx.plugin] PhysX error: PxRigidDynamic::setAngularVelocity: Body must be non-kinematic!, FILE /builds/omniverse/physics/physx/source/physx/src/NpRigidDynamic.cpp, LINE 284
2026-07-02T20:41:05Z [42,157ms] [Error] [omni.physx.plugin] PhysX error: PxRigidDynamic::setLinearVelocity: Body must be non-kinematic!, FILE /builds/omniverse/physics/physx/source/physx/src/NpRigidDynamic.cpp, LINE 251
2026-07-02T20:41:05Z [42,158ms] [Error] [omni.physx.plugin] PhysX error: PxRigidDynamic::setAngularVelocity: Body must be non-kinematic!, FILE /builds/omniverse/physics/physx/source/physx/src/NpRigidDynamic.cpp, LINE 284
2026-07-02T20:41:05Z [42,158ms] [Error] [omni.physx.plugin] PhysX error: PxRigidDynamic::setLinearVelocity: Body must be non-kinematic!, FILE /builds/omniverse/physics/physx/source/physx/src/NpRigidDynamic.cpp, LINE 251
2026-07-02T20:41:05Z [42,158ms] [Error] [omni.physx.plugin] PhysX error: PxRigidDynamic::setAngularVelocity: Body must be non-kinematic!, FILE /builds/omniverse/physics/physx/source/physx/src/NpRigidDynamic.cpp, LINE 284
2026-07-02T20:41:05Z [42,158ms] [Error] [omni.physx.plugin] PhysX error: PxRigidDynamic::setLinearVelocity: Body must be non-kinematic!, FILE /builds/omniverse/physics/physx/source/physx/src/NpRigidDynamic.cpp, LINE 251
2026-07-02T20:41:05Z [42,158ms] [Error] [omni.physx.plugin] PhysX error: PxRigidDynamic::setAngularVelocity: Body must be non-kinematic!, FILE /builds/omniverse/physics/physx/source/physx/src/NpRigidDynamic.cpp, LINE 284
2026-07-02T20:41:05Z [42,159ms] [Error] [omni.physx.plugin] PhysX error: PxRigidDynamic::setLinearVelocity: Body must be non-kinematic!, FILE /builds/omniverse/physics/physx/source/physx/src/NpRigidDynamic.cpp, LINE 251
2026-07-02T20:41:05Z [42,159ms] [Error] [omni.physx.plugin] PhysX error: PxRigidDynamic::setAngularVelocity: Body must be non-kinematic!, FILE /builds/omniverse/physics/physx/source/physx/src/NpRigidDynamic.cpp, LINE 284
2026-07-02T20:41:05Z [42,159ms] [Error] [omni.physx.plugin] PhysX error: PxRigidDynamic::setLinearVelocity: Body must be non-kinematic!, FILE /builds/omniverse/physics/physx/source/physx/src/NpRigidDynamic.cpp, LINE 251
2026-07-02T20:41:05Z [42,159ms] [Error] [omni.physx.plugin] PhysX error: PxRigidDynamic::setAngularVelocity: Body must be non-kinematic!, FILE /builds/omniverse/physics/physx/source/physx/src/NpRigidDynamic.cpp, LINE 284
2026-07-02T20:41:05Z [42,160ms] [Error] [omni.physx.plugin] PhysX error: PxRigidDynamic::setLinearVelocity: Body must be non-kinematic!, FILE /builds/omniverse/physics/physx/source/physx/src/NpRigidDynamic.cpp, LINE 251
2026-07-02T20:41:05Z [42,160ms] [Error] [omni.physx.plugin] PhysX error: PxRigidDynamic::setAngularVelocity: Body must be non-kinematic!, FILE /builds/omniverse/physics/physx/source/physx/src/NpRigidDynamic.cpp, LINE 284
2026-07-02T20:41:05Z [42,160ms] [Error] [omni.physx.plugin] PhysX error: PxRigidDynamic::setLinearVelocity: Body must be non-kinematic!, FILE /builds/omniverse/physics/physx/source/physx/src/NpRigidDynamic.cpp, LINE 251
2026-07-02T20:41:05Z [42,160ms] [Error] [omni.physx.plugin] PhysX error: PxRigidDynamic::setAngularVelocity: Body must be non-kinematic!, FILE /builds/omniverse/physics/physx/source/physx/src/NpRigidDynamic.cpp, LINE 284
2026-07-02T20:41:05Z [42,161ms] [Error] [omni.physx.plugin] PhysX error: PxRigidDynamic::setLinearVelocity: Body must be non-kinematic!, FILE /builds/omniverse/physics/physx/source/physx/src/NpRigidDynamic.cpp, LINE 251
2026-07-02T20:41:05Z [42,161ms] [Error] [omni.physx.plugin] PhysX error: PxRigidDynamic::setAngularVelocity: Body must be non-kinematic!, FILE /builds/omniverse/physics/physx/source/physx/src/NpRigidDynamic.cpp, LINE 284
2026-07-02T20:41:05Z [42,163ms] [Error] [omni.physx.plugin] PhysX error: PxRigidDynamic::setLinearVelocity: Body must be non-kinematic!, FILE /builds/omniverse/physics/physx/source/physx/src/NpRigidDynamic.cpp, LINE 251
2026-07-02T20:41:05Z [42,163ms] [Error] [omni.physx.plugin] PhysX error: PxRigidDynamic::setAngularVelocity: Body must be non-kinematic!, FILE /builds/omniverse/physics/physx/source/physx/src/NpRigidDynamic.cpp, LINE 284
2026-07-02T20:41:05Z [42,163ms] [Error] [omni.physx.plugin] PhysX error: PxRigidDynamic::setLinearVelocity: Body must be non-kinematic!, FILE /builds/omniverse/physics/physx/source/physx/src/NpRigidDynamic.cpp, LINE 251
2026-07-02T20:41:05Z [42,163ms] [Error] [omni.physx.plugin] PhysX error: PxRigidDynamic::setAngularVelocity: Body must be non-kinematic!, FILE /builds/omniverse/physics/physx/source/physx/src/NpRigidDynamic.cpp, LINE 284
2026-07-02T20:41:05Z [42,164ms] [Error] [omni.physx.plugin] PhysX error: PxRigidDynamic::setLinearVelocity: Body must be non-kinematic!, FILE /builds/omniverse/physics/physx/source/physx/src/NpRigidDynamic.cpp, LINE 251
2026-07-02T20:41:05Z [42,164ms] [Error] [omni.physx.plugin] PhysX error: PxRigidDynamic::setAngularVelocity: Body must be non-kinematic!, FILE /builds/omniverse/physics/physx/source/physx/src/NpRigidDynamic.cpp, LINE 284
2026-07-02T20:41:05Z [42,164ms] [Error] [omni.physx.plugin] PhysX error: PxRigidDynamic::setLinearVelocity: Body must be non-kinematic!, FILE /builds/omniverse/physics/physx/source/physx/src/NpRigidDynamic.cpp, LINE 251
2026-07-02T20:41:05Z [42,164ms] [Error] [omni.physx.plugin] PhysX error: PxRigidDynamic::setAngularVelocity: Body must be non-kinematic!, FILE /builds/omniverse/physics/physx/source/physx/src/NpRigidDynamic.cpp, LINE 284
2026-07-02T20:41:05Z [42,165ms] [Error] [omni.physx.plugin] PhysX error: PxRigidDynamic::setLinearVelocity: Body must be non-kinematic!, FILE /builds/omniverse/physics/physx/source/physx/src/NpRigidDynamic.cpp, LINE 251
2026-07-02T20:41:05Z [42,165ms] [Error] [omni.physx.plugin] PhysX error: PxRigidDynamic::setAngularVelocity: Body must be non-kinematic!, FILE /builds/omniverse/physics/physx/source/physx/src/NpRigidDynamic.cpp, LINE 284
2026-07-02T20:41:05Z [42,165ms] [Error] [omni.physx.plugin] PhysX error: PxRigidDynamic::setLinearVelocity: Body must be non-kinematic!, FILE /builds/omniverse/physics/physx/source/physx/src/NpRigidDynamic.cpp, LINE 251
2026-07-02T20:41:05Z [42,165ms] [Error] [omni.physx.plugin] PhysX error: PxRigidDynamic::setAngularVelocity: Body must be non-kinematic!, FILE /builds/omniverse/physics/physx/source/physx/src/NpRigidDynamic.cpp, LINE 284
2026-07-02T20:41:05Z [42,166ms] [Error] [omni.physx.plugin] PhysX error: PxRigidDynamic::setLinearVelocity: Body must be non-kinematic!, FILE /builds/omniverse/physics/physx/source/physx/src/NpRigidDynamic.cpp, LINE 251
2026-07-02T20:41:05Z [42,166ms] [Error] [omni.physx.plugin] PhysX error: PxRigidDynamic::setAngularVelocity: Body must be non-kinematic!, FILE /builds/omniverse/physics/physx/source/physx/src/NpRigidDynamic.cpp, LINE 284
2026-07-02T20:41:05Z [42,166ms] [Error] [omni.physx.plugin] PhysX error: PxRigidDynamic::setLinearVelocity: Body must be non-kinematic!, FILE /builds/omniverse/physics/physx/source/physx/src/NpRigidDynamic.cpp, LINE 251
2026-07-02T20:41:05Z [42,166ms] [Error] [omni.physx.plugin] PhysX error: PxRigidDynamic::setAngularVelocity: Body must be non-kinematic!, FILE /builds/omniverse/physics/physx/source/physx/src/NpRigidDynamic.cpp, LINE 284
2026-07-02T20:41:05Z [42,166ms] [Error] [omni.physx.plugin] PhysX error: PxRigidDynamic::setLinearVelocity: Body must be non-kinematic!, FILE /builds/omniverse/physics/physx/source/physx/src/NpRigidDynamic.cpp, LINE 251
2026-07-02T20:41:05Z [42,166ms] [Error] [omni.physx.plugin] PhysX error: PxRigidDynamic::setAngularVelocity: Body must be non-kinematic!, FILE /builds/omniverse/physics/physx/source/physx/src/NpRigidDynamic.cpp, LINE 284
2026-07-02T20:41:05Z [42,167ms] [Error] [omni.physx.plugin] PhysX error: PxRigidDynamic::setLinearVelocity: Body must be non-kinematic!, FILE /builds/omniverse/physics/physx/source/physx/src/NpRigidDynamic.cpp, LINE 251
2026-07-02T20:41:05Z [42,167ms] [Error] [omni.physx.plugin] PhysX error: PxRigidDynamic::setAngularVelocity: Body must be non-kinematic!, FILE /builds/omniverse/physics/physx/source/physx/src/NpRigidDynamic.cpp, LINE 284
2026-07-02T20:41:05Z [42,167ms] [Error] [omni.physx.plugin] PhysX error: PxRigidDynamic::setLinearVelocity: Body must be non-kinematic!, FILE /builds/omniverse/physics/physx/source/physx/src/NpRigidDynamic.cpp, LINE 251
2026-07-02T20:41:05Z [42,167ms] [Error] [omni.physx.plugin] PhysX error: PxRigidDynamic::setAngularVelocity: Body must be non-kinematic!, FILE /builds/omniverse/physics/physx/source/physx/src/NpRigidDynamic.cpp, LINE 284
2026-07-02T20:41:05Z [42,168ms] [Error] [omni.physx.plugin] PhysX error: PxRigidDynamic::setLinearVelocity: Body must be non-kinematic!, FILE /builds/omniverse/physics/physx/source/physx/src/NpRigidDynamic.cpp, LINE 251
2026-07-02T20:41:05Z [42,168ms] [Error] [omni.physx.plugin] PhysX error: PxRigidDynamic::setAngularVelocity: Body must be non-kinematic!, FILE /builds/omniverse/physics/physx/source/physx/src/NpRigidDynamic.cpp, LINE 284
2026-07-02T20:41:05Z [42,168ms] [Error] [omni.physx.plugin] PhysX error: PxRigidDynamic::setLinearVelocity: Body must be non-kinematic!, FILE /builds/omniverse/physics/physx/source/physx/src/NpRigidDynamic.cpp, LINE 251
2026-07-02T20:41:05Z [42,168ms] [Error] [omni.physx.plugin] PhysX error: PxRigidDynamic::setAngularVelocity: Body must be non-kinematic!, FILE /builds/omniverse/physics/physx/source/physx/src/NpRigidDynamic.cpp, LINE 284
2026-07-02T20:41:05Z [42,169ms] [Error] [omni.physx.plugin] PhysX error: PxRigidDynamic::setLinearVelocity: Body must be non-kinematic!, FILE /builds/omniverse/physics/physx/source/physx/src/NpRigidDynamic.cpp, LINE 251
2026-07-02T20:41:05Z [42,169ms] [Error] [omni.physx.plugin] PhysX error: PxRigidDynamic::setAngularVelocity: Body must be non-kinematic!, FILE /builds/omniverse/physics/physx/source/physx/src/NpRigidDynamic.cpp, LINE 284
2026-07-02T20:41:05Z [42,169ms] [Error] [omni.physx.plugin] PhysX error: PxRigidDynamic::setLinearVelocity: Body must be non-kinematic!, FILE /builds/omniverse/physics/physx/source/physx/src/NpRigidDynamic.cpp, LINE 251
2026-07-02T20:41:05Z [42,170ms] [Error] [omni.physx.plugin] PhysX error: PxRigidDynamic::setAngularVelocity: Body must be non-kinematic!, FILE /builds/omniverse/physics/physx/source/physx/src/NpRigidDynamic.cpp, LINE 284
2026-07-02T20:41:05Z [42,170ms] [Error] [omni.physx.plugin] PhysX error: PxRigidDynamic::setLinearVelocity: Body must be non-kinematic!, FILE /builds/omniverse/physics/physx/source/physx/src/NpRigidDynamic.cpp, LINE 251
2026-07-02T20:41:05Z [42,170ms] [Error] [omni.physx.plugin] PhysX error: PxRigidDynamic::setAngularVelocity: Body must be non-kinematic!, FILE /builds/omniverse/physics/physx/source/physx/src/NpRigidDynamic.cpp, LINE 284
2026-07-02T20:41:05Z [42,170ms] [Error] [omni.physx.plugin] PhysX error: PxRigidDynamic::setLinearVelocity: Body must be non-kinematic!, FILE /builds/omniverse/physics/physx/source/physx/src/NpRigidDynamic.cpp, LINE 251
2026-07-02T20:41:05Z [42,170ms] [Error] [omni.physx.plugin] PhysX error: PxRigidDynamic::setAngularVelocity: Body must be non-kinematic!, FILE /builds/omniverse/physics/physx/source/physx/src/NpRigidDynamic.cpp, LINE 284
2026-07-02T20:41:05Z [42,171ms] [Error] [omni.physx.plugin] PhysX error: PxRigidDynamic::setLinearVelocity: Body must be non-kinematic!, FILE /builds/omniverse/physics/physx/source/physx/src/NpRigidDynamic.cpp, LINE 251
2026-07-02T20:41:05Z [42,171ms] [Error] [omni.physx.plugin] PhysX error: PxRigidDynamic::setAngularVelocity: Body must be non-kinematic!, FILE /builds/omniverse/physics/physx/source/physx/src/NpRigidDynamic.cpp, LINE 284
2026-07-02T20:41:05Z [42,171ms] [Error] [omni.physx.plugin] PhysX error: PxRigidDynamic::setLinearVelocity: Body must be non-kinematic!, FILE /builds/omniverse/physics/physx/source/physx/src/NpRigidDynamic.cpp, LINE 251
2026-07-02T20:41:05Z [42,171ms] [Error] [omni.physx.plugin] PhysX error: PxRigidDynamic::setAngularVelocity: Body must be non-kinematic!, FILE /builds/omniverse/physics/physx/source/physx/src/NpRigidDynamic.cpp, LINE 284
2026-07-02T20:41:05Z [42,172ms] [Error] [omni.physx.plugin] PhysX error: PxRigidDynamic::setLinearVelocity: Body must be non-kinematic!, FILE /builds/omniverse/physics/physx/source/physx/src/NpRigidDynamic.cpp, LINE 251
2026-07-02T20:41:05Z [42,172ms] [Error] [omni.physx.plugin] PhysX error: PxRigidDynamic::setAngularVelocity: Body must be non-kinematic!, FILE /builds/omniverse/physics/physx/source/physx/src/NpRigidDynamic.cpp, LINE 284
2026-07-02T20:41:05Z [42,172ms] [Error] [omni.physx.plugin] PhysX error: PxRigidDynamic::setLinearVelocity: Body must be non-kinematic!, FILE /builds/omniverse/physics/physx/source/physx/src/NpRigidDynamic.cpp, LINE 251
2026-07-02T20:41:05Z [42,172ms] [Error] [omni.physx.plugin] PhysX error: PxRigidDynamic::setAngularVelocity: Body must be non-kinematic!, FILE /builds/omniverse/physics/physx/source/physx/src/NpRigidDynamic.cpp, LINE 284
2026-07-02T20:41:05Z [42,173ms] [Error] [omni.physx.plugin] PhysX error: PxRigidDynamic::setLinearVelocity: Body must be non-kinematic!, FILE /builds/omniverse/physics/physx/source/physx/src/NpRigidDynamic.cpp, LINE 251
2026-07-02T20:41:05Z [42,173ms] [Error] [omni.physx.plugin] PhysX error: PxRigidDynamic::setAngularVelocity: Body must be non-kinematic!, FILE /builds/omniverse/physics/physx/source/physx/src/NpRigidDynamic.cpp, LINE 284
2026-07-02T20:41:05Z [42,173ms] [Error] [omni.physx.plugin] PhysX error: PxRigidDynamic::setLinearVelocity: Body must be non-kinematic!, FILE /builds/omniverse/physics/physx/source/physx/src/NpRigidDynamic.cpp, LINE 251
2026-07-02T20:41:05Z [42,173ms] [Error] [omni.physx.plugin] PhysX error: PxRigidDynamic::setAngularVelocity: Body must be non-kinematic!, FILE /builds/omniverse/physics/physx/source/physx/src/NpRigidDynamic.cpp, LINE 284
2026-07-02T20:41:05Z [42,173ms] [Error] [omni.physx.plugin] PhysX error: PxRigidDynamic::setLinearVelocity: Body must be non-kinematic!, FILE /builds/omniverse/physics/physx/source/physx/src/NpRigidDynamic.cpp, LINE 251
2026-07-02T20:41:05Z [42,174ms] [Error] [omni.physx.plugin] PhysX error: PxRigidDynamic::setAngularVelocity: Body must be non-kinematic!, FILE /builds/omniverse/physics/physx/source/physx/src/NpRigidDynamic.cpp, LINE 284
2026-07-02T20:41:05Z [42,174ms] [Error] [omni.physx.plugin] PhysX error: PxRigidDynamic::setLinearVelocity: Body must be non-kinematic!, FILE /builds/omniverse/physics/physx/source/physx/src/NpRigidDynamic.cpp, LINE 251
2026-07-02T20:41:05Z [42,174ms] [Error] [omni.physx.plugin] PhysX error: PxRigidDynamic::setAngularVelocity: Body must be non-kinematic!, FILE /builds/omniverse/physics/physx/source/physx/src/NpRigidDynamic.cpp, LINE 284
2026-07-02T20:41:05Z [42,174ms] [Error] [omni.physx.plugin] PhysX error: PxRigidDynamic::setLinearVelocity: Body must be non-kinematic!, FILE /builds/omniverse/physics/physx/source/physx/src/NpRigidDynamic.cpp, LINE 251
2026-07-02T20:41:05Z [42,174ms] [Error] [omni.physx.plugin] PhysX error: PxRigidDynamic::setAngularVelocity: Body must be non-kinematic!, FILE /builds/omniverse/physics/physx/source/physx/src/NpRigidDynamic.cpp, LINE 284
[INFO] Pi0.5 episode 1 success=False mode=failure completed=False steps=3600 instruction='reach the bowl'
[INFO] Starting Pi0.5 reaching episode 2: instruction='reach the basket', target_label='basket'
2026-07-02T20:41:38Z [74,882ms] [Error] [omni.physx.plugin] PhysX error: PxRigidDynamic::setLinearVelocity: Body must be non-kinematic!, FILE /builds/omniverse/physics/physx/source/physx/src/NpRigidDynamic.cpp, LINE 251
2026-07-02T20:41:38Z [74,882ms] [Error] [omni.physx.plugin] PhysX error: PxRigidDynamic::setAngularVelocity: Body must be non-kinematic!, FILE /builds/omniverse/physics/physx/source/physx/src/NpRigidDynamic.cpp, LINE 284
2026-07-02T20:41:38Z [74,883ms] [Error] [omni.physx.plugin] PhysX error: PxRigidDynamic::setLinearVelocity: Body must be non-kinematic!, FILE /builds/omniverse/physics/physx/source/physx/src/NpRigidDynamic.cpp, LINE 251
2026-07-02T20:41:38Z [74,883ms] [Error] [omni.physx.plugin] PhysX error: PxRigidDynamic::setAngularVelocity: Body must be non-kinematic!, FILE /builds/omniverse/physics/physx/source/physx/src/NpRigidDynamic.cpp, LINE 284
2026-07-02T20:41:38Z [74,883ms] [Error] [omni.physx.plugin] PhysX error: PxRigidDynamic::setLinearVelocity: Body must be non-kinematic!, FILE /builds/omniverse/physics/physx/source/physx/src/NpRigidDynamic.cpp, LINE 251
2026-07-02T20:41:38Z [74,883ms] [Error] [omni.physx.plugin] PhysX error: PxRigidDynamic::setAngularVelocity: Body must be non-kinematic!, FILE /builds/omniverse/physics/physx/source/physx/src/NpRigidDynamic.cpp, LINE 284
2026-07-02T20:41:38Z [74,884ms] [Error] [omni.physx.plugin] PhysX error: PxRigidDynamic::setLinearVelocity: Body must be non-kinematic!, FILE /builds/omniverse/physics/physx/source/physx/src/NpRigidDynamic.cpp, LINE 251
2026-07-02T20:41:38Z [74,884ms] [Error] [omni.physx.plugin] PhysX error: PxRigidDynamic::setAngularVelocity: Body must be non-kinematic!, FILE /builds/omniverse/physics/physx/source/physx/src/NpRigidDynamic.cpp, LINE 284
2026-07-02T20:41:38Z [74,884ms] [Error] [omni.physx.plugin] PhysX error: PxRigidDynamic::setLinearVelocity: Body must be non-kinematic!, FILE /builds/omniverse/physics/physx/source/physx/src/NpRigidDynamic.cpp, LINE 251
2026-07-02T20:41:38Z [74,884ms] [Error] [omni.physx.plugin] PhysX error: PxRigidDynamic::setAngularVelocity: Body must be non-kinematic!, FILE /builds/omniverse/physics/physx/source/physx/src/NpRigidDynamic.cpp, LINE 284
2026-07-02T20:41:38Z [74,885ms] [Error] [omni.physx.plugin] PhysX error: PxRigidDynamic::setLinearVelocity: Body must be non-kinematic!, FILE /builds/omniverse/physics/physx/source/physx/src/NpRigidDynamic.cpp, LINE 251
2026-07-02T20:41:38Z [74,885ms] [Error] [omni.physx.plugin] PhysX error: PxRigidDynamic::setAngularVelocity: Body must be non-kinematic!, FILE /builds/omniverse/physics/physx/source/physx/src/NpRigidDynamic.cpp, LINE 284
2026-07-02T20:41:38Z [74,886ms] [Error] [omni.physx.plugin] PhysX error: PxRigidDynamic::setLinearVelocity: Body must be non-kinematic!, FILE /builds/omniverse/physics/physx/source/physx/src/NpRigidDynamic.cpp, LINE 251
2026-07-02T20:41:38Z [74,886ms] [Error] [omni.physx.plugin] PhysX error: PxRigidDynamic::setAngularVelocity: Body must be non-kinematic!, FILE /builds/omniverse/physics/physx/source/physx/src/NpRigidDynamic.cpp, LINE 284
2026-07-02T20:41:38Z [74,886ms] [Error] [omni.physx.plugin] PhysX error: PxRigidDynamic::setLinearVelocity: Body must be non-kinematic!, FILE /builds/omniverse/physics/physx/source/physx/src/NpRigidDynamic.cpp, LINE 251
2026-07-02T20:41:38Z [74,886ms] [Error] [omni.physx.plugin] PhysX error: PxRigidDynamic::setAngularVelocity: Body must be non-kinematic!, FILE /builds/omniverse/physics/physx/source/physx/src/NpRigidDynamic.cpp, LINE 284
2026-07-02T20:41:38Z [74,887ms] [Error] [omni.physx.plugin] PhysX error: PxRigidDynamic::setLinearVelocity: Body must be non-kinematic!, FILE /builds/omniverse/physics/physx/source/physx/src/NpRigidDynamic.cpp, LINE 251
2026-07-02T20:41:38Z [74,887ms] [Error] [omni.physx.plugin] PhysX error: PxRigidDynamic::setAngularVelocity: Body must be non-kinematic!, FILE /builds/omniverse/physics/physx/source/physx/src/NpRigidDynamic.cpp, LINE 284
2026-07-02T20:41:38Z [74,887ms] [Error] [omni.physx.plugin] PhysX error: PxRigidDynamic::setLinearVelocity: Body must be non-kinematic!, FILE /builds/omniverse/physics/physx/source/physx/src/NpRigidDynamic.cpp, LINE 251
2026-07-02T20:41:38Z [74,887ms] [Error] [omni.physx.plugin] PhysX error: PxRigidDynamic::setAngularVelocity: Body must be non-kinematic!, FILE /builds/omniverse/physics/physx/source/physx/src/NpRigidDynamic.cpp, LINE 284
2026-07-02T20:41:38Z [74,888ms] [Error] [omni.physx.plugin] PhysX error: PxRigidDynamic::setLinearVelocity: Body must be non-kinematic!, FILE /builds/omniverse/physics/physx/source/physx/src/NpRigidDynamic.cpp, LINE 251
2026-07-02T20:41:38Z [74,888ms] [Error] [omni.physx.plugin] PhysX error: PxRigidDynamic::setAngularVelocity: Body must be non-kinematic!, FILE /builds/omniverse/physics/physx/source/physx/src/NpRigidDynamic.cpp, LINE 284
2026-07-02T20:41:38Z [74,888ms] [Error] [omni.physx.plugin] PhysX error: PxRigidDynamic::setLinearVelocity: Body must be non-kinematic!, FILE /builds/omniverse/physics/physx/source/physx/src/NpRigidDynamic.cpp, LINE 251
2026-07-02T20:41:38Z [74,888ms] [Error] [omni.physx.plugin] PhysX error: PxRigidDynamic::setAngularVelocity: Body must be non-kinematic!, FILE /builds/omniverse/physics/physx/source/physx/src/NpRigidDynamic.cpp, LINE 284
2026-07-02T20:41:38Z [74,889ms] [Error] [omni.physx.plugin] PhysX error: PxRigidDynamic::setLinearVelocity: Body must be non-kinematic!, FILE /builds/omniverse/physics/physx/source/physx/src/NpRigidDynamic.cpp, LINE 251
2026-07-02T20:41:38Z [74,889ms] [Error] [omni.physx.plugin] PhysX error: PxRigidDynamic::setAngularVelocity: Body must be non-kinematic!, FILE /builds/omniverse/physics/physx/source/physx/src/NpRigidDynamic.cpp, LINE 284
2026-07-02T20:41:38Z [74,889ms] [Error] [omni.physx.plugin] PhysX error: PxRigidDynamic::setLinearVelocity: Body must be non-kinematic!, FILE /builds/omniverse/physics/physx/source/physx/src/NpRigidDynamic.cpp, LINE 251
2026-07-02T20:41:38Z [74,890ms] [Error] [omni.physx.plugin] PhysX error: PxRigidDynamic::setAngularVelocity: Body must be non-kinematic!, FILE /builds/omniverse/physics/physx/source/physx/src/NpRigidDynamic.cpp, LINE 284
2026-07-02T20:41:38Z [74,892ms] [Error] [omni.physx.plugin] PhysX error: PxRigidDynamic::setLinearVelocity: Body must be non-kinematic!, FILE /builds/omniverse/physics/physx/source/physx/src/NpRigidDynamic.cpp, LINE 251
2026-07-02T20:41:38Z [74,892ms] [Error] [omni.physx.plugin] PhysX error: PxRigidDynamic::setAngularVelocity: Body must be non-kinematic!, FILE /builds/omniverse/physics/physx/source/physx/src/NpRigidDynamic.cpp, LINE 284
2026-07-02T20:41:38Z [74,892ms] [Error] [omni.physx.plugin] PhysX error: PxRigidDynamic::setLinearVelocity: Body must be non-kinematic!, FILE /builds/omniverse/physics/physx/source/physx/src/NpRigidDynamic.cpp, LINE 251
2026-07-02T20:41:38Z [74,893ms] [Error] [omni.physx.plugin] PhysX error: PxRigidDynamic::setAngularVelocity: Body must be non-kinematic!, FILE /builds/omniverse/physics/physx/source/physx/src/NpRigidDynamic.cpp, LINE 284
2026-07-02T20:41:38Z [74,893ms] [Error] [omni.physx.plugin] PhysX error: PxRigidDynamic::setLinearVelocity: Body must be non-kinematic!, FILE /builds/omniverse/physics/physx/source/physx/src/NpRigidDynamic.cpp, LINE 251
2026-07-02T20:41:38Z [74,893ms] [Error] [omni.physx.plugin] PhysX error: PxRigidDynamic::setAngularVelocity: Body must be non-kinematic!, FILE /builds/omniverse/physics/physx/source/physx/src/NpRigidDynamic.cpp, LINE 284
2026-07-02T20:41:38Z [74,894ms] [Error] [omni.physx.plugin] PhysX error: PxRigidDynamic::setLinearVelocity: Body must be non-kinematic!, FILE /builds/omniverse/physics/physx/source/physx/src/NpRigidDynamic.cpp, LINE 251
2026-07-02T20:41:38Z [74,894ms] [Error] [omni.physx.plugin] PhysX error: PxRigidDynamic::setAngularVelocity: Body must be non-kinematic!, FILE /builds/omniverse/physics/physx/source/physx/src/NpRigidDynamic.cpp, LINE 284
2026-07-02T20:41:38Z [74,894ms] [Error] [omni.physx.plugin] PhysX error: PxRigidDynamic::setLinearVelocity: Body must be non-kinematic!, FILE /builds/omniverse/physics/physx/source/physx/src/NpRigidDynamic.cpp, LINE 251
2026-07-02T20:41:38Z [74,894ms] [Error] [omni.physx.plugin] PhysX error: PxRigidDynamic::setAngularVelocity: Body must be non-kinematic!, FILE /builds/omniverse/physics/physx/source/physx/src/NpRigidDynamic.cpp, LINE 284
2026-07-02T20:41:38Z [74,895ms] [Error] [omni.physx.plugin] PhysX error: PxRigidDynamic::setLinearVelocity: Body must be non-kinematic!, FILE /builds/omniverse/physics/physx/source/physx/src/NpRigidDynamic.cpp, LINE 251
2026-07-02T20:41:38Z [74,895ms] [Error] [omni.physx.plugin] PhysX error: PxRigidDynamic::setAngularVelocity: Body must be non-kinematic!, FILE /builds/omniverse/physics/physx/source/physx/src/NpRigidDynamic.cpp, LINE 284
2026-07-02T20:41:38Z [74,895ms] [Error] [omni.physx.plugin] PhysX error: PxRigidDynamic::setLinearVelocity: Body must be non-kinematic!, FILE /builds/omniverse/physics/physx/source/physx/src/NpRigidDynamic.cpp, LINE 251
2026-07-02T20:41:38Z [74,895ms] [Error] [omni.physx.plugin] PhysX error: PxRigidDynamic::setAngularVelocity: Body must be non-kinematic!, FILE /builds/omniverse/physics/physx/source/physx/src/NpRigidDynamic.cpp, LINE 284
2026-07-02T20:41:38Z [74,896ms] [Error] [omni.physx.plugin] PhysX error: PxRigidDynamic::setLinearVelocity: Body must be non-kinematic!, FILE /builds/omniverse/physics/physx/source/physx/src/NpRigidDynamic.cpp, LINE 251
2026-07-02T20:41:38Z [74,896ms] [Error] [omni.physx.plugin] PhysX error: PxRigidDynamic::setAngularVelocity: Body must be non-kinematic!, FILE /builds/omniverse/physics/physx/source/physx/src/NpRigidDynamic.cpp, LINE 284
2026-07-02T20:41:38Z [74,896ms] [Error] [omni.physx.plugin] PhysX error: PxRigidDynamic::setLinearVelocity: Body must be non-kinematic!, FILE /builds/omniverse/physics/physx/source/physx/src/NpRigidDynamic.cpp, LINE 251
2026-07-02T20:41:38Z [74,896ms] [Error] [omni.physx.plugin] PhysX error: PxRigidDynamic::setAngularVelocity: Body must be non-kinematic!, FILE /builds/omniverse/physics/physx/source/physx/src/NpRigidDynamic.cpp, LINE 284
2026-07-02T20:41:38Z [74,897ms] [Error] [omni.physx.plugin] PhysX error: PxRigidDynamic::setLinearVelocity: Body must be non-kinematic!, FILE /builds/omniverse/physics/physx/source/physx/src/NpRigidDynamic.cpp, LINE 251
2026-07-02T20:41:38Z [74,897ms] [Error] [omni.physx.plugin] PhysX error: PxRigidDynamic::setAngularVelocity: Body must be non-kinematic!, FILE /builds/omniverse/physics/physx/source/physx/src/NpRigidDynamic.cpp, LINE 284
2026-07-02T20:41:38Z [74,898ms] [Error] [omni.physx.plugin] PhysX error: PxRigidDynamic::setLinearVelocity: Body must be non-kinematic!, FILE /builds/omniverse/physics/physx/source/physx/src/NpRigidDynamic.cpp, LINE 251
2026-07-02T20:41:38Z [74,898ms] [Error] [omni.physx.plugin] PhysX error: PxRigidDynamic::setAngularVelocity: Body must be non-kinematic!, FILE /builds/omniverse/physics/physx/source/physx/src/NpRigidDynamic.cpp, LINE 284
2026-07-02T20:41:38Z [74,898ms] [Error] [omni.physx.plugin] PhysX error: PxRigidDynamic::setLinearVelocity: Body must be non-kinematic!, FILE /builds/omniverse/physics/physx/source/physx/src/NpRigidDynamic.cpp, LINE 251
2026-07-02T20:41:38Z [74,898ms] [Error] [omni.physx.plugin] PhysX error: PxRigidDynamic::setAngularVelocity: Body must be non-kinematic!, FILE /builds/omniverse/physics/physx/source/physx/src/NpRigidDynamic.cpp, LINE 284
2026-07-02T20:41:38Z [74,899ms] [Error] [omni.physx.plugin] PhysX error: PxRigidDynamic::setLinearVelocity: Body must be non-kinematic!, FILE /builds/omniverse/physics/physx/source/physx/src/NpRigidDynamic.cpp, LINE 251
2026-07-02T20:41:38Z [74,899ms] [Error] [omni.physx.plugin] PhysX error: PxRigidDynamic::setAngularVelocity: Body must be non-kinematic!, FILE /builds/omniverse/physics/physx/source/physx/src/NpRigidDynamic.cpp, LINE 284
2026-07-02T20:41:38Z [74,899ms] [Error] [omni.physx.plugin] PhysX error: PxRigidDynamic::setLinearVelocity: Body must be non-kinematic!, FILE /builds/omniverse/physics/physx/source/physx/src/NpRigidDynamic.cpp, LINE 251
2026-07-02T20:41:38Z [74,899ms] [Error] [omni.physx.plugin] PhysX error: PxRigidDynamic::setAngularVelocity: Body must be non-kinematic!, FILE /builds/omniverse/physics/physx/source/physx/src/NpRigidDynamic.cpp, LINE 284
2026-07-02T20:41:38Z [74,900ms] [Error] [omni.physx.plugin] PhysX error: PxRigidDynamic::setLinearVelocity: Body must be non-kinematic!, FILE /builds/omniverse/physics/physx/source/physx/src/NpRigidDynamic.cpp, LINE 251
2026-07-02T20:41:38Z [74,900ms] [Error] [omni.physx.plugin] PhysX error: PxRigidDynamic::setAngularVelocity: Body must be non-kinematic!, FILE /builds/omniverse/physics/physx/source/physx/src/NpRigidDynamic.cpp, LINE 284
2026-07-02T20:41:38Z [74,901ms] [Error] [omni.physx.plugin] PhysX error: PxRigidDynamic::setLinearVelocity: Body must be non-kinematic!, FILE /builds/omniverse/physics/physx/source/physx/src/NpRigidDynamic.cpp, LINE 251
2026-07-02T20:41:38Z [74,901ms] [Error] [omni.physx.plugin] PhysX error: PxRigidDynamic::setAngularVelocity: Body must be non-kinematic!, FILE /builds/omniverse/physics/physx/source/physx/src/NpRigidDynamic.cpp, LINE 284
2026-07-02T20:41:38Z [74,901ms] [Error] [omni.physx.plugin] PhysX error: PxRigidDynamic::setLinearVelocity: Body must be non-kinematic!, FILE /builds/omniverse/physics/physx/source/physx/src/NpRigidDynamic.cpp, LINE 251
2026-07-02T20:41:38Z [74,901ms] [Error] [omni.physx.plugin] PhysX error: PxRigidDynamic::setAngularVelocity: Body must be non-kinematic!, FILE /builds/omniverse/physics/physx/source/physx/src/NpRigidDynamic.cpp, LINE 284
2026-07-02T20:41:38Z [74,902ms] [Error] [omni.physx.plugin] PhysX error: PxRigidDynamic::setLinearVelocity: Body must be non-kinematic!, FILE /builds/omniverse/physics/physx/source/physx/src/NpRigidDynamic.cpp, LINE 251
2026-07-02T20:41:38Z [74,902ms] [Error] [omni.physx.plugin] PhysX error: PxRigidDynamic::setAngularVelocity: Body must be non-kinematic!, FILE /builds/omniverse/physics/physx/source/physx/src/NpRigidDynamic.cpp, LINE 284
2026-07-02T20:41:38Z [74,902ms] [Error] [omni.physx.plugin] PhysX error: PxRigidDynamic::setLinearVelocity: Body must be non-kinematic!, FILE /builds/omniverse/physics/physx/source/physx/src/NpRigidDynamic.cpp, LINE 251
2026-07-02T20:41:38Z [74,902ms] [Error] [omni.physx.plugin] PhysX error: PxRigidDynamic::setAngularVelocity: Body must be non-kinematic!, FILE /builds/omniverse/physics/physx/source/physx/src/NpRigidDynamic.cpp, LINE 284
2026-07-02T20:41:38Z [74,903ms] [Error] [omni.physx.plugin] PhysX error: PxRigidDynamic::setLinearVelocity: Body must be non-kinematic!, FILE /builds/omniverse/physics/physx/source/physx/src/NpRigidDynamic.cpp, LINE 251
2026-07-02T20:41:38Z [74,903ms] [Error] [omni.physx.plugin] PhysX error: PxRigidDynamic::setAngularVelocity: Body must be non-kinematic!, FILE /builds/omniverse/physics/physx/source/physx/src/NpRigidDynamic.cpp, LINE 284
2026-07-02T20:41:38Z [74,903ms] [Error] [omni.physx.plugin] PhysX error: PxRigidDynamic::setLinearVelocity: Body must be non-kinematic!, FILE /builds/omniverse/physics/physx/source/physx/src/NpRigidDynamic.cpp, LINE 251
2026-07-02T20:41:38Z [74,904ms] [Error] [omni.physx.plugin] PhysX error: PxRigidDynamic::setAngularVelocity: Body must be non-kinematic!, FILE /builds/omniverse/physics/physx/source/physx/src/NpRigidDynamic.cpp, LINE 284
2026-07-02T20:41:38Z [74,904ms] [Error] [omni.physx.plugin] PhysX error: PxRigidDynamic::setLinearVelocity: Body must be non-kinematic!, FILE /builds/omniverse/physics/physx/source/physx/src/NpRigidDynamic.cpp, LINE 251
2026-07-02T20:41:38Z [74,904ms] [Error] [omni.physx.plugin] PhysX error: PxRigidDynamic::setAngularVelocity: Body must be non-kinematic!, FILE /builds/omniverse/physics/physx/source/physx/src/NpRigidDynamic.cpp, LINE 284
2026-07-02T20:41:38Z [74,905ms] [Error] [omni.physx.plugin] PhysX error: PxRigidDynamic::setLinearVelocity: Body must be non-kinematic!, FILE /builds/omniverse/physics/physx/source/physx/src/NpRigidDynamic.cpp, LINE 251
2026-07-02T20:41:38Z [74,905ms] [Error] [omni.physx.plugin] PhysX error: PxRigidDynamic::setAngularVelocity: Body must be non-kinematic!, FILE /builds/omniverse/physics/physx/source/physx/src/NpRigidDynamic.cpp, LINE 284
2026-07-02T20:41:38Z [74,905ms] [Error] [omni.physx.plugin] PhysX error: PxRigidDynamic::setLinearVelocity: Body must be non-kinematic!, FILE /builds/omniverse/physics/physx/source/physx/src/NpRigidDynamic.cpp, LINE 251
2026-07-02T20:41:38Z [74,905ms] [Error] [omni.physx.plugin] PhysX error: PxRigidDynamic::setAngularVelocity: Body must be non-kinematic!, FILE /builds/omniverse/physics/physx/source/physx/src/NpRigidDynamic.cpp, LINE 284
2026-07-02T20:41:38Z [74,906ms] [Error] [omni.physx.plugin] PhysX error: PxRigidDynamic::setLinearVelocity: Body must be non-kinematic!, FILE /builds/omniverse/physics/physx/source/physx/src/NpRigidDynamic.cpp, LINE 251
2026-07-02T20:41:38Z [74,906ms] [Error] [omni.physx.plugin] PhysX error: PxRigidDynamic::setAngularVelocity: Body must be non-kinematic!, FILE /builds/omniverse/physics/physx/source/physx/src/NpRigidDynamic.cpp, LINE 284
2026-07-02T20:41:38Z [74,906ms] [Error] [omni.physx.plugin] PhysX error: PxRigidDynamic::setLinearVelocity: Body must be non-kinematic!, FILE /builds/omniverse/physics/physx/source/physx/src/NpRigidDynamic.cpp, LINE 251
2026-07-02T20:41:38Z [74,906ms] [Error] [omni.physx.plugin] PhysX error: PxRigidDynamic::setAngularVelocity: Body must be non-kinematic!, FILE /builds/omniverse/physics/physx/source/physx/src/NpRigidDynamic.cpp, LINE 284
2026-07-02T20:41:38Z [74,909ms] [Error] [omni.physx.plugin] PhysX error: PxRigidDynamic::setLinearVelocity: Body must be non-kinematic!, FILE /builds/omniverse/physics/physx/source/physx/src/NpRigidDynamic.cpp, LINE 251
2026-07-02T20:41:38Z [74,909ms] [Error] [omni.physx.plugin] PhysX error: PxRigidDynamic::setAngularVelocity: Body must be non-kinematic!, FILE /builds/omniverse/physics/physx/source/physx/src/NpRigidDynamic.cpp, LINE 284
2026-07-02T20:41:38Z [74,909ms] [Error] [omni.physx.plugin] PhysX error: PxRigidDynamic::setLinearVelocity: Body must be non-kinematic!, FILE /builds/omniverse/physics/physx/source/physx/src/NpRigidDynamic.cpp, LINE 251
2026-07-02T20:41:38Z [74,909ms] [Error] [omni.physx.plugin] PhysX error: PxRigidDynamic::setAngularVelocity: Body must be non-kinematic!, FILE /builds/omniverse/physics/physx/source/physx/src/NpRigidDynamic.cpp, LINE 284
2026-07-02T20:41:38Z [74,910ms] [Error] [omni.physx.plugin] PhysX error: PxRigidDynamic::setLinearVelocity: Body must be non-kinematic!, FILE /builds/omniverse/physics/physx/source/physx/src/NpRigidDynamic.cpp, LINE 251
2026-07-02T20:41:38Z [74,910ms] [Error] [omni.physx.plugin] PhysX error: PxRigidDynamic::setAngularVelocity: Body must be non-kinematic!, FILE /builds/omniverse/physics/physx/source/physx/src/NpRigidDynamic.cpp, LINE 284
2026-07-02T20:41:38Z [74,911ms] [Error] [omni.physx.plugin] PhysX error: PxRigidDynamic::setLinearVelocity: Body must be non-kinematic!, FILE /builds/omniverse/physics/physx/source/physx/src/NpRigidDynamic.cpp, LINE 251
2026-07-02T20:41:38Z [74,911ms] [Error] [omni.physx.plugin] PhysX error: PxRigidDynamic::setAngularVelocity: Body must be non-kinematic!, FILE /builds/omniverse/physics/physx/source/physx/src/NpRigidDynamic.cpp, LINE 284
2026-07-02T20:41:38Z [74,911ms] [Error] [omni.physx.plugin] PhysX error: PxRigidDynamic::setLinearVelocity: Body must be non-kinematic!, FILE /builds/omniverse/physics/physx/source/physx/src/NpRigidDynamic.cpp, LINE 251
2026-07-02T20:41:38Z [74,911ms] [Error] [omni.physx.plugin] PhysX error: PxRigidDynamic::setAngularVelocity: Body must be non-kinematic!, FILE /builds/omniverse/physics/physx/source/physx/src/NpRigidDynamic.cpp, LINE 284
2026-07-02T20:41:38Z [74,912ms] [Error] [omni.physx.plugin] PhysX error: PxRigidDynamic::setLinearVelocity: Body must be non-kinematic!, FILE /builds/omniverse/physics/physx/source/physx/src/NpRigidDynamic.cpp, LINE 251
2026-07-02T20:41:38Z [74,912ms] [Error] [omni.physx.plugin] PhysX error: PxRigidDynamic::setAngularVelocity: Body must be non-kinematic!, FILE /builds/omniverse/physics/physx/source/physx/src/NpRigidDynamic.cpp, LINE 284
2026-07-02T20:41:38Z [74,913ms] [Error] [omni.physx.plugin] PhysX error: PxRigidDynamic::setLinearVelocity: Body must be non-kinematic!, FILE /builds/omniverse/physics/physx/source/physx/src/NpRigidDynamic.cpp, LINE 251
2026-07-02T20:41:38Z [74,913ms] [Error] [omni.physx.plugin] PhysX error: PxRigidDynamic::setAngularVelocity: Body must be non-kinematic!, FILE /builds/omniverse/physics/physx/source/physx/src/NpRigidDynamic.cpp, LINE 284
2026-07-02T20:41:38Z [74,913ms] [Error] [omni.physx.plugin] PhysX error: PxRigidDynamic::setLinearVelocity: Body must be non-kinematic!, FILE /builds/omniverse/physics/physx/source/physx/src/NpRigidDynamic.cpp, LINE 251
2026-07-02T20:41:38Z [74,913ms] [Error] [omni.physx.plugin] PhysX error: PxRigidDynamic::setAngularVelocity: Body must be non-kinematic!, FILE /builds/omniverse/physics/physx/source/physx/src/NpRigidDynamic.cpp, LINE 284
2026-07-02T20:41:38Z [74,914ms] [Error] [omni.physx.plugin] PhysX error: PxRigidDynamic::setLinearVelocity: Body must be non-kinematic!, FILE /builds/omniverse/physics/physx/source/physx/src/NpRigidDynamic.cpp, LINE 251
2026-07-02T20:41:38Z [74,914ms] [Error] [omni.physx.plugin] PhysX error: PxRigidDynamic::setAngularVelocity: Body must be non-kinematic!, FILE /builds/omniverse/physics/physx/source/physx/src/NpRigidDynamic.cpp, LINE 284
2026-07-02T20:41:38Z [74,914ms] [Error] [omni.physx.plugin] PhysX error: PxRigidDynamic::setLinearVelocity: Body must be non-kinematic!, FILE /builds/omniverse/physics/physx/source/physx/src/NpRigidDynamic.cpp, LINE 251
2026-07-02T20:41:38Z [74,914ms] [Error] [omni.physx.plugin] PhysX error: PxRigidDynamic::setAngularVelocity: Body must be non-kinematic!, FILE /builds/omniverse/physics/physx/source/physx/src/NpRigidDynamic.cpp, LINE 284
2026-07-02T20:41:38Z [74,923ms] [Error] [omni.physx.plugin] PhysX error: PxRigidDynamic::setLinearVelocity: Body must be non-kinematic!, FILE /builds/omniverse/physics/physx/source/physx/src/NpRigidDynamic.cpp, LINE 251
2026-07-02T20:41:38Z [74,923ms] [Error] [omni.physx.plugin] PhysX error: PxRigidDynamic::setAngularVelocity: Body must be non-kinematic!, FILE /builds/omniverse/physics/physx/source/physx/src/NpRigidDynamic.cpp, LINE 284
2026-07-02T20:41:38Z [74,926ms] [Error] [omni.physx.plugin] PhysX error: PxRigidDynamic::setLinearVelocity: Body must be non-kinematic!, FILE /builds/omniverse/physics/physx/source/physx/src/NpRigidDynamic.cpp, LINE 251
2026-07-02T20:41:38Z [74,926ms] [Error] [omni.physx.plugin] PhysX error: PxRigidDynamic::setAngularVelocity: Body must be non-kinematic!, FILE /builds/omniverse/physics/physx/source/physx/src/NpRigidDynamic.cpp, LINE 284
2026-07-02T20:41:38Z [74,926ms] [Error] [omni.physx.plugin] PhysX error: PxRigidDynamic::setLinearVelocity: Body must be non-kinematic!, FILE /builds/omniverse/physics/physx/source/physx/src/NpRigidDynamic.cpp, LINE 251
2026-07-02T20:41:38Z [74,926ms] [Error] [omni.physx.plugin] PhysX error: PxRigidDynamic::setAngularVelocity: Body must be non-kinematic!, FILE /builds/omniverse/physics/physx/source/physx/src/NpRigidDynamic.cpp, LINE 284
2026-07-02T20:41:38Z [74,927ms] [Error] [omni.physx.plugin] PhysX error: PxRigidDynamic::setLinearVelocity: Body must be non-kinematic!, FILE /builds/omniverse/physics/physx/source/physx/src/NpRigidDynamic.cpp, LINE 251
2026-07-02T20:41:38Z [74,927ms] [Error] [omni.physx.plugin] PhysX error: PxRigidDynamic::setAngularVelocity: Body must be non-kinematic!, FILE /builds/omniverse/physics/physx/source/physx/src/NpRigidDynamic.cpp, LINE 284
2026-07-02T20:41:38Z [74,927ms] [Error] [omni.physx.plugin] PhysX error: PxRigidDynamic::setLinearVelocity: Body must be non-kinematic!, FILE /builds/omniverse/physics/physx/source/physx/src/NpRigidDynamic.cpp, LINE 251
2026-07-02T20:41:38Z [74,927ms] [Error] [omni.physx.plugin] PhysX error: PxRigidDynamic::setAngularVelocity: Body must be non-kinematic!, FILE /builds/omniverse/physics/physx/source/physx/src/NpRigidDynamic.cpp, LINE 284
2026-07-02T20:41:38Z [74,928ms] [Error] [omni.physx.plugin] PhysX error: PxRigidDynamic::setLinearVelocity: Body must be non-kinematic!, FILE /builds/omniverse/physics/physx/source/physx/src/NpRigidDynamic.cpp, LINE 251
2026-07-02T20:41:38Z [74,928ms] [Error] [omni.physx.plugin] PhysX error: PxRigidDynamic::setAngularVelocity: Body must be non-kinematic!, FILE /builds/omniverse/physics/physx/source/physx/src/NpRigidDynamic.cpp, LINE 284
2026-07-02T20:41:38Z [74,928ms] [Error] [omni.physx.plugin] PhysX error: PxRigidDynamic::setLinearVelocity: Body must be non-kinematic!, FILE /builds/omniverse/physics/physx/source/physx/src/NpRigidDynamic.cpp, LINE 251
2026-07-02T20:41:38Z [74,928ms] [Error] [omni.physx.plugin] PhysX error: PxRigidDynamic::setAngularVelocity: Body must be non-kinematic!, FILE /builds/omniverse/physics/physx/source/physx/src/NpRigidDynamic.cpp, LINE 284
2026-07-02T20:41:38Z [74,928ms] [Error] [omni.physx.plugin] PhysX error: PxRigidDynamic::setLinearVelocity: Body must be non-kinematic!, FILE /builds/omniverse/physics/physx/source/physx/src/NpRigidDynamic.cpp, LINE 251
2026-07-02T20:41:38Z [74,928ms] [Error] [omni.physx.plugin] PhysX error: PxRigidDynamic::setAngularVelocity: Body must be non-kinematic!, FILE /builds/omniverse/physics/physx/source/physx/src/NpRigidDynamic.cpp, LINE 284
2026-07-02T20:41:38Z [74,929ms] [Error] [omni.physx.plugin] PhysX error: PxRigidDynamic::setLinearVelocity: Body must be non-kinematic!, FILE /builds/omniverse/physics/physx/source/physx/src/NpRigidDynamic.cpp, LINE 251
2026-07-02T20:41:38Z [74,929ms] [Error] [omni.physx.plugin] PhysX error: PxRigidDynamic::setAngularVelocity: Body must be non-kinematic!, FILE /builds/omniverse/physics/physx/source/physx/src/NpRigidDynamic.cpp, LINE 284
2026-07-02T20:41:38Z [74,929ms] [Error] [omni.physx.plugin] PhysX error: PxRigidDynamic::setLinearVelocity: Body must be non-kinematic!, FILE /builds/omniverse/physics/physx/source/physx/src/NpRigidDynamic.cpp, LINE 251
2026-07-02T20:41:38Z [74,929ms] [Error] [omni.physx.plugin] PhysX error: PxRigidDynamic::setAngularVelocity: Body must be non-kinematic!, FILE /builds/omniverse/physics/physx/source/physx/src/NpRigidDynamic.cpp, LINE 284
2026-07-02T20:41:38Z [74,930ms] [Error] [omni.physx.plugin] PhysX error: PxRigidDynamic::setLinearVelocity: Body must be non-kinematic!, FILE /builds/omniverse/physics/physx/source/physx/src/NpRigidDynamic.cpp, LINE 251
2026-07-02T20:41:38Z [74,930ms] [Error] [omni.physx.plugin] PhysX error: PxRigidDynamic::setAngularVelocity: Body must be non-kinematic!, FILE /builds/omniverse/physics/physx/source/physx/src/NpRigidDynamic.cpp, LINE 284
2026-07-02T20:41:38Z [74,930ms] [Error] [omni.physx.plugin] PhysX error: PxRigidDynamic::setLinearVelocity: Body must be non-kinematic!, FILE /builds/omniverse/physics/physx/source/physx/src/NpRigidDynamic.cpp, LINE 251
2026-07-02T20:41:38Z [74,930ms] [Error] [omni.physx.plugin] PhysX error: PxRigidDynamic::setAngularVelocity: Body must be non-kinematic!, FILE /builds/omniverse/physics/physx/source/physx/src/NpRigidDynamic.cpp, LINE 284
2026-07-02T20:41:38Z [74,931ms] [Error] [omni.physx.plugin] PhysX error: PxRigidDynamic::setLinearVelocity: Body must be non-kinematic!, FILE /builds/omniverse/physics/physx/source/physx/src/NpRigidDynamic.cpp, LINE 251
2026-07-02T20:41:38Z [74,931ms] [Error] [omni.physx.plugin] PhysX error: PxRigidDynamic::setAngularVelocity: Body must be non-kinematic!, FILE /builds/omniverse/physics/physx/source/physx/src/NpRigidDynamic.cpp, LINE 284
2026-07-02T20:41:38Z [74,931ms] [Error] [omni.physx.plugin] PhysX error: PxRigidDynamic::setLinearVelocity: Body must be non-kinematic!, FILE /builds/omniverse/physics/physx/source/physx/src/NpRigidDynamic.cpp, LINE 251
2026-07-02T20:41:38Z [74,931ms] [Error] [omni.physx.plugin] PhysX error: PxRigidDynamic::setAngularVelocity: Body must be non-kinematic!, FILE /builds/omniverse/physics/physx/source/physx/src/NpRigidDynamic.cpp, LINE 284
2026-07-02T20:41:38Z [74,931ms] [Error] [omni.physx.plugin] PhysX error: PxRigidDynamic::setLinearVelocity: Body must be non-kinematic!, FILE /builds/omniverse/physics/physx/source/physx/src/NpRigidDynamic.cpp, LINE 251
2026-07-02T20:41:38Z [74,931ms] [Error] [omni.physx.plugin] PhysX error: PxRigidDynamic::setAngularVelocity: Body must be non-kinematic!, FILE /builds/omniverse/physics/physx/source/physx/src/NpRigidDynamic.cpp, LINE 284
2026-07-02T20:41:38Z [74,932ms] [Error] [omni.physx.plugin] PhysX error: PxRigidDynamic::setLinearVelocity: Body must be non-kinematic!, FILE /builds/omniverse/physics/physx/source/physx/src/NpRigidDynamic.cpp, LINE 251
2026-07-02T20:41:38Z [74,932ms] [Error] [omni.physx.plugin] PhysX error: PxRigidDynamic::setAngularVelocity: Body must be non-kinematic!, FILE /builds/omniverse/physics/physx/source/physx/src/NpRigidDynamic.cpp, LINE 284
2026-07-02T20:41:38Z [74,932ms] [Error] [omni.physx.plugin] PhysX error: PxRigidDynamic::setLinearVelocity: Body must be non-kinematic!, FILE /builds/omniverse/physics/physx/source/physx/src/NpRigidDynamic.cpp, LINE 251
2026-07-02T20:41:38Z [74,932ms] [Error] [omni.physx.plugin] PhysX error: PxRigidDynamic::setAngularVelocity: Body must be non-kinematic!, FILE /builds/omniverse/physics/physx/source/physx/src/NpRigidDynamic.cpp, LINE 284
2026-07-02T20:41:38Z [74,933ms] [Error] [omni.physx.plugin] PhysX error: PxRigidDynamic::setLinearVelocity: Body must be non-kinematic!, FILE /builds/omniverse/physics/physx/source/physx/src/NpRigidDynamic.cpp, LINE 251
2026-07-02T20:41:38Z [74,933ms] [Error] [omni.physx.plugin] PhysX error: PxRigidDynamic::setAngularVelocity: Body must be non-kinematic!, FILE /builds/omniverse/physics/physx/source/physx/src/NpRigidDynamic.cpp, LINE 284
2026-07-02T20:41:38Z [74,933ms] [Error] [omni.physx.plugin] PhysX error: PxRigidDynamic::setLinearVelocity: Body must be non-kinematic!, FILE /builds/omniverse/physics/physx/source/physx/src/NpRigidDynamic.cpp, LINE 251
2026-07-02T20:41:38Z [74,933ms] [Error] [omni.physx.plugin] PhysX error: PxRigidDynamic::setAngularVelocity: Body must be non-kinematic!, FILE /builds/omniverse/physics/physx/source/physx/src/NpRigidDynamic.cpp, LINE 284
2026-07-02T20:41:38Z [74,934ms] [Error] [omni.physx.plugin] PhysX error: PxRigidDynamic::setLinearVelocity: Body must be non-kinematic!, FILE /builds/omniverse/physics/physx/source/physx/src/NpRigidDynamic.cpp, LINE 251
2026-07-02T20:41:38Z [74,934ms] [Error] [omni.physx.plugin] PhysX error: PxRigidDynamic::setAngularVelocity: Body must be non-kinematic!, FILE /builds/omniverse/physics/physx/source/physx/src/NpRigidDynamic.cpp, LINE 284
2026-07-02T20:41:38Z [74,934ms] [Error] [omni.physx.plugin] PhysX error: PxRigidDynamic::setLinearVelocity: Body must be non-kinematic!, FILE /builds/omniverse/physics/physx/source/physx/src/NpRigidDynamic.cpp, LINE 251
2026-07-02T20:41:38Z [74,934ms] [Error] [omni.physx.plugin] PhysX error: PxRigidDynamic::setAngularVelocity: Body must be non-kinematic!, FILE /builds/omniverse/physics/physx/source/physx/src/NpRigidDynamic.cpp, LINE 284
2026-07-02T20:41:38Z [74,935ms] [Error] [omni.physx.plugin] PhysX error: PxRigidDynamic::setLinearVelocity: Body must be non-kinematic!, FILE /builds/omniverse/physics/physx/source/physx/src/NpRigidDynamic.cpp, LINE 251
2026-07-02T20:41:38Z [74,935ms] [Error] [omni.physx.plugin] PhysX error: PxRigidDynamic::setAngularVelocity: Body must be non-kinematic!, FILE /builds/omniverse/physics/physx/source/physx/src/NpRigidDynamic.cpp, LINE 284
2026-07-02T20:41:38Z [74,935ms] [Error] [omni.physx.plugin] PhysX error: PxRigidDynamic::setLinearVelocity: Body must be non-kinematic!, FILE /builds/omniverse/physics/physx/source/physx/src/NpRigidDynamic.cpp, LINE 251
2026-07-02T20:41:38Z [74,935ms] [Error] [omni.physx.plugin] PhysX error: PxRigidDynamic::setAngularVelocity: Body must be non-kinematic!, FILE /builds/omniverse/physics/physx/source/physx/src/NpRigidDynamic.cpp, LINE 284
2026-07-02T20:41:38Z [74,936ms] [Error] [omni.physx.plugin] PhysX error: PxRigidDynamic::setLinearVelocity: Body must be non-kinematic!, FILE /builds/omniverse/physics/physx/source/physx/src/NpRigidDynamic.cpp, LINE 251
2026-07-02T20:41:38Z [74,936ms] [Error] [omni.physx.plugin] PhysX error: PxRigidDynamic::setAngularVelocity: Body must be non-kinematic!, FILE /builds/omniverse/physics/physx/source/physx/src/NpRigidDynamic.cpp, LINE 284
2026-07-02T20:41:38Z [74,936ms] [Error] [omni.physx.plugin] PhysX error: PxRigidDynamic::setLinearVelocity: Body must be non-kinematic!, FILE /builds/omniverse/physics/physx/source/physx/src/NpRigidDynamic.cpp, LINE 251
2026-07-02T20:41:38Z [74,936ms] [Error] [omni.physx.plugin] PhysX error: PxRigidDynamic::setAngularVelocity: Body must be non-kinematic!, FILE /builds/omniverse/physics/physx/source/physx/src/NpRigidDynamic.cpp, LINE 284
2026-07-02T20:41:38Z [74,936ms] [Error] [omni.physx.plugin] PhysX error: PxRigidDynamic::setLinearVelocity: Body must be non-kinematic!, FILE /builds/omniverse/physics/physx/source/physx/src/NpRigidDynamic.cpp, LINE 251
2026-07-02T20:41:38Z [74,937ms] [Error] [omni.physx.plugin] PhysX error: PxRigidDynamic::setAngularVelocity: Body must be non-kinematic!, FILE /builds/omniverse/physics/physx/source/physx/src/NpRigidDynamic.cpp, LINE 284
2026-07-02T20:41:38Z [74,937ms] [Error] [omni.physx.plugin] PhysX error: PxRigidDynamic::setLinearVelocity: Body must be non-kinematic!, FILE /builds/omniverse/physics/physx/source/physx/src/NpRigidDynamic.cpp, LINE 251
2026-07-02T20:41:38Z [74,937ms] [Error] [omni.physx.plugin] PhysX error: PxRigidDynamic::setAngularVelocity: Body must be non-kinematic!, FILE /builds/omniverse/physics/physx/source/physx/src/NpRigidDynamic.cpp, LINE 284
2026-07-02T20:41:38Z [74,937ms] [Error] [omni.physx.plugin] PhysX error: PxRigidDynamic::setLinearVelocity: Body must be non-kinematic!, FILE /builds/omniverse/physics/physx/source/physx/src/NpRigidDynamic.cpp, LINE 251
2026-07-02T20:41:38Z [74,937ms] [Error] [omni.physx.plugin] PhysX error: PxRigidDynamic::setAngularVelocity: Body must be non-kinematic!, FILE /builds/omniverse/physics/physx/source/physx/src/NpRigidDynamic.cpp, LINE 284
2026-07-02T20:41:38Z [74,938ms] [Error] [omni.physx.plugin] PhysX error: PxRigidDynamic::setLinearVelocity: Body must be non-kinematic!, FILE /builds/omniverse/physics/physx/source/physx/src/NpRigidDynamic.cpp, LINE 251
2026-07-02T20:41:38Z [74,938ms] [Error] [omni.physx.plugin] PhysX error: PxRigidDynamic::setAngularVelocity: Body must be non-kinematic!, FILE /builds/omniverse/physics/physx/source/physx/src/NpRigidDynamic.cpp, LINE 284
2026-07-02T20:41:38Z [74,938ms] [Error] [omni.physx.plugin] PhysX error: PxRigidDynamic::setLinearVelocity: Body must be non-kinematic!, FILE /builds/omniverse/physics/physx/source/physx/src/NpRigidDynamic.cpp, LINE 251
2026-07-02T20:41:38Z [74,938ms] [Error] [omni.physx.plugin] PhysX error: PxRigidDynamic::setAngularVelocity: Body must be non-kinematic!, FILE /builds/omniverse/physics/physx/source/physx/src/NpRigidDynamic.cpp, LINE 284
2026-07-02T20:41:38Z [74,939ms] [Error] [omni.physx.plugin] PhysX error: PxRigidDynamic::setLinearVelocity: Body must be non-kinematic!, FILE /builds/omniverse/physics/physx/source/physx/src/NpRigidDynamic.cpp, LINE 251
2026-07-02T20:41:38Z [74,939ms] [Error] [omni.physx.plugin] PhysX error: PxRigidDynamic::setAngularVelocity: Body must be non-kinematic!, FILE /builds/omniverse/physics/physx/source/physx/src/NpRigidDynamic.cpp, LINE 284
2026-07-02T20:41:38Z [74,939ms] [Error] [omni.physx.plugin] PhysX error: PxRigidDynamic::setLinearVelocity: Body must be non-kinematic!, FILE /builds/omniverse/physics/physx/source/physx/src/NpRigidDynamic.cpp, LINE 251
2026-07-02T20:41:38Z [74,939ms] [Error] [omni.physx.plugin] PhysX error: PxRigidDynamic::setAngularVelocity: Body must be non-kinematic!, FILE /builds/omniverse/physics/physx/source/physx/src/NpRigidDynamic.cpp, LINE 284
2026-07-02T20:41:38Z [74,939ms] [Error] [omni.physx.plugin] PhysX error: PxRigidDynamic::setLinearVelocity: Body must be non-kinematic!, FILE /builds/omniverse/physics/physx/source/physx/src/NpRigidDynamic.cpp, LINE 251
2026-07-02T20:41:38Z [74,940ms] [Error] [omni.physx.plugin] PhysX error: PxRigidDynamic::setAngularVelocity: Body must be non-kinematic!, FILE /builds/omniverse/physics/physx/source/physx/src/NpRigidDynamic.cpp, LINE 284
2026-07-02T20:41:38Z [74,940ms] [Error] [omni.physx.plugin] PhysX error: PxRigidDynamic::setLinearVelocity: Body must be non-kinematic!, FILE /builds/omniverse/physics/physx/source/physx/src/NpRigidDynamic.cpp, LINE 251
2026-07-02T20:41:38Z [74,940ms] [Error] [omni.physx.plugin] PhysX error: PxRigidDynamic::setAngularVelocity: Body must be non-kinematic!, FILE /builds/omniverse/physics/physx/source/physx/src/NpRigidDynamic.cpp, LINE 284
2026-07-02T20:41:38Z [74,942ms] [Error] [omni.physx.plugin] PhysX error: PxRigidDynamic::setLinearVelocity: Body must be non-kinematic!, FILE /builds/omniverse/physics/physx/source/physx/src/NpRigidDynamic.cpp, LINE 251
2026-07-02T20:41:38Z [74,942ms] [Error] [omni.physx.plugin] PhysX error: PxRigidDynamic::setAngularVelocity: Body must be non-kinematic!, FILE /builds/omniverse/physics/physx/source/physx/src/NpRigidDynamic.cpp, LINE 284
2026-07-02T20:41:38Z [74,943ms] [Error] [omni.physx.plugin] PhysX error: PxRigidDynamic::setLinearVelocity: Body must be non-kinematic!, FILE /builds/omniverse/physics/physx/source/physx/src/NpRigidDynamic.cpp, LINE 251
2026-07-02T20:41:38Z [74,943ms] [Error] [omni.physx.plugin] PhysX error: PxRigidDynamic::setAngularVelocity: Body must be non-kinematic!, FILE /builds/omniverse/physics/physx/source/physx/src/NpRigidDynamic.cpp, LINE 284
2026-07-02T20:41:38Z [74,943ms] [Error] [omni.physx.plugin] PhysX error: PxRigidDynamic::setLinearVelocity: Body must be non-kinematic!, FILE /builds/omniverse/physics/physx/source/physx/src/NpRigidDynamic.cpp, LINE 251
2026-07-02T20:41:38Z [74,943ms] [Error] [omni.physx.plugin] PhysX error: PxRigidDynamic::setAngularVelocity: Body must be non-kinematic!, FILE /builds/omniverse/physics/physx/source/physx/src/NpRigidDynamic.cpp, LINE 284
2026-07-02T20:41:38Z [74,943ms] [Error] [omni.physx.plugin] PhysX error: PxRigidDynamic::setLinearVelocity: Body must be non-kinematic!, FILE /builds/omniverse/physics/physx/source/physx/src/NpRigidDynamic.cpp, LINE 251
2026-07-02T20:41:38Z [74,944ms] [Error] [omni.physx.plugin] PhysX error: PxRigidDynamic::setAngularVelocity: Body must be non-kinematic!, FILE /builds/omniverse/physics/physx/source/physx/src/NpRigidDynamic.cpp, LINE 284
2026-07-02T20:41:38Z [74,944ms] [Error] [omni.physx.plugin] PhysX error: PxRigidDynamic::setLinearVelocity: Body must be non-kinematic!, FILE /builds/omniverse/physics/physx/source/physx/src/NpRigidDynamic.cpp, LINE 251
2026-07-02T20:41:38Z [74,944ms] [Error] [omni.physx.plugin] PhysX error: PxRigidDynamic::setAngularVelocity: Body must be non-kinematic!, FILE /builds/omniverse/physics/physx/source/physx/src/NpRigidDynamic.cpp, LINE 284
2026-07-02T20:41:38Z [74,944ms] [Error] [omni.physx.plugin] PhysX error: PxRigidDynamic::setLinearVelocity: Body must be non-kinematic!, FILE /builds/omniverse/physics/physx/source/physx/src/NpRigidDynamic.cpp, LINE 251
2026-07-02T20:41:38Z [74,944ms] [Error] [omni.physx.plugin] PhysX error: PxRigidDynamic::setAngularVelocity: Body must be non-kinematic!, FILE /builds/omniverse/physics/physx/source/physx/src/NpRigidDynamic.cpp, LINE 284
2026-07-02T20:41:38Z [74,945ms] [Error] [omni.physx.plugin] PhysX error: PxRigidDynamic::setLinearVelocity: Body must be non-kinematic!, FILE /builds/omniverse/physics/physx/source/physx/src/NpRigidDynamic.cpp, LINE 251
2026-07-02T20:41:38Z [74,945ms] [Error] [omni.physx.plugin] PhysX error: PxRigidDynamic::setAngularVelocity: Body must be non-kinematic!, FILE /builds/omniverse/physics/physx/source/physx/src/NpRigidDynamic.cpp, LINE 284
2026-07-02T20:41:38Z [74,945ms] [Error] [omni.physx.plugin] PhysX error: PxRigidDynamic::setLinearVelocity: Body must be non-kinematic!, FILE /builds/omniverse/physics/physx/source/physx/src/NpRigidDynamic.cpp, LINE 251
2026-07-02T20:41:38Z [74,945ms] [Error] [omni.physx.plugin] PhysX error: PxRigidDynamic::setAngularVelocity: Body must be non-kinematic!, FILE /builds/omniverse/physics/physx/source/physx/src/NpRigidDynamic.cpp, LINE 284
2026-07-02T20:41:38Z [74,946ms] [Error] [omni.physx.plugin] PhysX error: PxRigidDynamic::setLinearVelocity: Body must be non-kinematic!, FILE /builds/omniverse/physics/physx/source/physx/src/NpRigidDynamic.cpp, LINE 251
2026-07-02T20:41:38Z [74,946ms] [Error] [omni.physx.plugin] PhysX error: PxRigidDynamic::setAngularVelocity: Body must be non-kinematic!, FILE /builds/omniverse/physics/physx/source/physx/src/NpRigidDynamic.cpp, LINE 284
2026-07-02T20:41:38Z [74,946ms] [Error] [omni.physx.plugin] PhysX error: PxRigidDynamic::setLinearVelocity: Body must be non-kinematic!, FILE /builds/omniverse/physics/physx/source/physx/src/NpRigidDynamic.cpp, LINE 251
2026-07-02T20:41:38Z [74,946ms] [Error] [omni.physx.plugin] PhysX error: PxRigidDynamic::setAngularVelocity: Body must be non-kinematic!, FILE /builds/omniverse/physics/physx/source/physx/src/NpRigidDynamic.cpp, LINE 284
2026-07-02T20:41:38Z [74,947ms] [Error] [omni.physx.plugin] PhysX error: PxRigidDynamic::setLinearVelocity: Body must be non-kinematic!, FILE /builds/omniverse/physics/physx/source/physx/src/NpRigidDynamic.cpp, LINE 251
2026-07-02T20:41:38Z [74,947ms] [Error] [omni.physx.plugin] PhysX error: PxRigidDynamic::setAngularVelocity: Body must be non-kinematic!, FILE /builds/omniverse/physics/physx/source/physx/src/NpRigidDynamic.cpp, LINE 284
2026-07-02T20:41:38Z [74,947ms] [Error] [omni.physx.plugin] PhysX error: PxRigidDynamic::setLinearVelocity: Body must be non-kinematic!, FILE /builds/omniverse/physics/physx/source/physx/src/NpRigidDynamic.cpp, LINE 251
2026-07-02T20:41:38Z [74,947ms] [Error] [omni.physx.plugin] PhysX error: PxRigidDynamic::setAngularVelocity: Body must be non-kinematic!, FILE /builds/omniverse/physics/physx/source/physx/src/NpRigidDynamic.cpp, LINE 284
2026-07-02T20:41:38Z [74,948ms] [Error] [omni.physx.plugin] PhysX error: PxRigidDynamic::setLinearVelocity: Body must be non-kinematic!, FILE /builds/omniverse/physics/physx/source/physx/src/NpRigidDynamic.cpp, LINE 251
2026-07-02T20:41:38Z [74,948ms] [Error] [omni.physx.plugin] PhysX error: PxRigidDynamic::setAngularVelocity: Body must be non-kinematic!, FILE /builds/omniverse/physics/physx/source/physx/src/NpRigidDynamic.cpp, LINE 284
2026-07-02T20:41:38Z [74,948ms] [Error] [omni.physx.plugin] PhysX error: PxRigidDynamic::setLinearVelocity: Body must be non-kinematic!, FILE /builds/omniverse/physics/physx/source/physx/src/NpRigidDynamic.cpp, LINE 251
2026-07-02T20:41:38Z [74,948ms] [Error] [omni.physx.plugin] PhysX error: PxRigidDynamic::setAngularVelocity: Body must be non-kinematic!, FILE /builds/omniverse/physics/physx/source/physx/src/NpRigidDynamic.cpp, LINE 284
2026-07-02T20:41:38Z [74,948ms] [Error] [omni.physx.plugin] PhysX error: PxRigidDynamic::setLinearVelocity: Body must be non-kinematic!, FILE /builds/omniverse/physics/physx/source/physx/src/NpRigidDynamic.cpp, LINE 251
2026-07-02T20:41:38Z [74,949ms] [Error] [omni.physx.plugin] PhysX error: PxRigidDynamic::setAngularVelocity: Body must be non-kinematic!, FILE /builds/omniverse/physics/physx/source/physx/src/NpRigidDynamic.cpp, LINE 284
2026-07-02T20:41:38Z [74,949ms] [Error] [omni.physx.plugin] PhysX error: PxRigidDynamic::setLinearVelocity: Body must be non-kinematic!, FILE /builds/omniverse/physics/physx/source/physx/src/NpRigidDynamic.cpp, LINE 251
2026-07-02T20:41:38Z [74,949ms] [Error] [omni.physx.plugin] PhysX error: PxRigidDynamic::setAngularVelocity: Body must be non-kinematic!, FILE /builds/omniverse/physics/physx/source/physx/src/NpRigidDynamic.cpp, LINE 284
[INFO] Pi0.5 episode 2 success=False mode=failure completed=False steps=3600 instruction='reach the basket'
[INFO] Starting Pi0.5 reaching episode 3: instruction='reach the onion', target_label='onion'
2026-07-02T20:42:10Z [107,531ms] [Error] [omni.physx.plugin] PhysX error: PxRigidDynamic::setLinearVelocity: Body must be non-kinematic!, FILE /builds/omniverse/physics/physx/source/physx/src/NpRigidDynamic.cpp, LINE 251
2026-07-02T20:42:10Z [107,531ms] [Error] [omni.physx.plugin] PhysX error: PxRigidDynamic::setAngularVelocity: Body must be non-kinematic!, FILE /builds/omniverse/physics/physx/source/physx/src/NpRigidDynamic.cpp, LINE 284
2026-07-02T20:42:10Z [107,531ms] [Error] [omni.physx.plugin] PhysX error: PxRigidDynamic::setLinearVelocity: Body must be non-kinematic!, FILE /builds/omniverse/physics/physx/source/physx/src/NpRigidDynamic.cpp, LINE 251
2026-07-02T20:42:10Z [107,532ms] [Error] [omni.physx.plugin] PhysX error: PxRigidDynamic::setAngularVelocity: Body must be non-kinematic!, FILE /builds/omniverse/physics/physx/source/physx/src/NpRigidDynamic.cpp, LINE 284
2026-07-02T20:42:10Z [107,532ms] [Error] [omni.physx.plugin] PhysX error: PxRigidDynamic::setLinearVelocity: Body must be non-kinematic!, FILE /builds/omniverse/physics/physx/source/physx/src/NpRigidDynamic.cpp, LINE 251
2026-07-02T20:42:10Z [107,532ms] [Error] [omni.physx.plugin] PhysX error: PxRigidDynamic::setAngularVelocity: Body must be non-kinematic!, FILE /builds/omniverse/physics/physx/source/physx/src/NpRigidDynamic.cpp, LINE 284
2026-07-02T20:42:10Z [107,533ms] [Error] [omni.physx.plugin] PhysX error: PxRigidDynamic::setLinearVelocity: Body must be non-kinematic!, FILE /builds/omniverse/physics/physx/source/physx/src/NpRigidDynamic.cpp, LINE 251
2026-07-02T20:42:10Z [107,533ms] [Error] [omni.physx.plugin] PhysX error: PxRigidDynamic::setAngularVelocity: Body must be non-kinematic!, FILE /builds/omniverse/physics/physx/source/physx/src/NpRigidDynamic.cpp, LINE 284
2026-07-02T20:42:10Z [107,534ms] [Error] [omni.physx.plugin] PhysX error: PxRigidDynamic::setLinearVelocity: Body must be non-kinematic!, FILE /builds/omniverse/physics/physx/source/physx/src/NpRigidDynamic.cpp, LINE 251
2026-07-02T20:42:10Z [107,534ms] [Error] [omni.physx.plugin] PhysX error: PxRigidDynamic::setAngularVelocity: Body must be non-kinematic!, FILE /builds/omniverse/physics/physx/source/physx/src/NpRigidDynamic.cpp, LINE 284
2026-07-02T20:42:10Z [107,534ms] [Error] [omni.physx.plugin] PhysX error: PxRigidDynamic::setLinearVelocity: Body must be non-kinematic!, FILE /builds/omniverse/physics/physx/source/physx/src/NpRigidDynamic.cpp, LINE 251
2026-07-02T20:42:10Z [107,534ms] [Error] [omni.physx.plugin] PhysX error: PxRigidDynamic::setAngularVelocity: Body must be non-kinematic!, FILE /builds/omniverse/physics/physx/source/physx/src/NpRigidDynamic.cpp, LINE 284
2026-07-02T20:42:10Z [107,536ms] [Error] [omni.physx.plugin] PhysX error: PxRigidDynamic::setLinearVelocity: Body must be non-kinematic!, FILE /builds/omniverse/physics/physx/source/physx/src/NpRigidDynamic.cpp, LINE 251
2026-07-02T20:42:10Z [107,536ms] [Error] [omni.physx.plugin] PhysX error: PxRigidDynamic::setAngularVelocity: Body must be non-kinematic!, FILE /builds/omniverse/physics/physx/source/physx/src/NpRigidDynamic.cpp, LINE 284
2026-07-02T20:42:10Z [107,537ms] [Error] [omni.physx.plugin] PhysX error: PxRigidDynamic::setLinearVelocity: Body must be non-kinematic!, FILE /builds/omniverse/physics/physx/source/physx/src/NpRigidDynamic.cpp, LINE 251
2026-07-02T20:42:10Z [107,537ms] [Error] [omni.physx.plugin] PhysX error: PxRigidDynamic::setAngularVelocity: Body must be non-kinematic!, FILE /builds/omniverse/physics/physx/source/physx/src/NpRigidDynamic.cpp, LINE 284
2026-07-02T20:42:10Z [107,537ms] [Error] [omni.physx.plugin] PhysX error: PxRigidDynamic::setLinearVelocity: Body must be non-kinematic!, FILE /builds/omniverse/physics/physx/source/physx/src/NpRigidDynamic.cpp, LINE 251
2026-07-02T20:42:10Z [107,538ms] [Error] [omni.physx.plugin] PhysX error: PxRigidDynamic::setAngularVelocity: Body must be non-kinematic!, FILE /builds/omniverse/physics/physx/source/physx/src/NpRigidDynamic.cpp, LINE 284
2026-07-02T20:42:10Z [107,540ms] [Error] [omni.physx.plugin] PhysX error: PxRigidDynamic::setLinearVelocity: Body must be non-kinematic!, FILE /builds/omniverse/physics/physx/source/physx/src/NpRigidDynamic.cpp, LINE 251
2026-07-02T20:42:10Z [107,540ms] [Error] [omni.physx.plugin] PhysX error: PxRigidDynamic::setAngularVelocity: Body must be non-kinematic!, FILE /builds/omniverse/physics/physx/source/physx/src/NpRigidDynamic.cpp, LINE 284
2026-07-02T20:42:10Z [107,540ms] [Error] [omni.physx.plugin] PhysX error: PxRigidDynamic::setLinearVelocity: Body must be non-kinematic!, FILE /builds/omniverse/physics/physx/source/physx/src/NpRigidDynamic.cpp, LINE 251
2026-07-02T20:42:10Z [107,540ms] [Error] [omni.physx.plugin] PhysX error: PxRigidDynamic::setAngularVelocity: Body must be non-kinematic!, FILE /builds/omniverse/physics/physx/source/physx/src/NpRigidDynamic.cpp, LINE 284
2026-07-02T20:42:10Z [107,541ms] [Error] [omni.physx.plugin] PhysX error: PxRigidDynamic::setLinearVelocity: Body must be non-kinematic!, FILE /builds/omniverse/physics/physx/source/physx/src/NpRigidDynamic.cpp, LINE 251
2026-07-02T20:42:10Z [107,541ms] [Error] [omni.physx.plugin] PhysX error: PxRigidDynamic::setAngularVelocity: Body must be non-kinematic!, FILE /builds/omniverse/physics/physx/source/physx/src/NpRigidDynamic.cpp, LINE 284
2026-07-02T20:42:10Z [107,542ms] [Error] [omni.physx.plugin] PhysX error: PxRigidDynamic::setLinearVelocity: Body must be non-kinematic!, FILE /builds/omniverse/physics/physx/source/physx/src/NpRigidDynamic.cpp, LINE 251
2026-07-02T20:42:10Z [107,542ms] [Error] [omni.physx.plugin] PhysX error: PxRigidDynamic::setAngularVelocity: Body must be non-kinematic!, FILE /builds/omniverse/physics/physx/source/physx/src/NpRigidDynamic.cpp, LINE 284
2026-07-02T20:42:10Z [107,542ms] [Error] [omni.physx.plugin] PhysX error: PxRigidDynamic::setLinearVelocity: Body must be non-kinematic!, FILE /builds/omniverse/physics/physx/source/physx/src/NpRigidDynamic.cpp, LINE 251
2026-07-02T20:42:10Z [107,543ms] [Error] [omni.physx.plugin] PhysX error: PxRigidDynamic::setAngularVelocity: Body must be non-kinematic!, FILE /builds/omniverse/physics/physx/source/physx/src/NpRigidDynamic.cpp, LINE 284
2026-07-02T20:42:10Z [107,543ms] [Error] [omni.physx.plugin] PhysX error: PxRigidDynamic::setLinearVelocity: Body must be non-kinematic!, FILE /builds/omniverse/physics/physx/source/physx/src/NpRigidDynamic.cpp, LINE 251
2026-07-02T20:42:10Z [107,543ms] [Error] [omni.physx.plugin] PhysX error: PxRigidDynamic::setAngularVelocity: Body must be non-kinematic!, FILE /builds/omniverse/physics/physx/source/physx/src/NpRigidDynamic.cpp, LINE 284
2026-07-02T20:42:10Z [107,544ms] [Error] [omni.physx.plugin] PhysX error: PxRigidDynamic::setLinearVelocity: Body must be non-kinematic!, FILE /builds/omniverse/physics/physx/source/physx/src/NpRigidDynamic.cpp, LINE 251
2026-07-02T20:42:10Z [107,544ms] [Error] [omni.physx.plugin] PhysX error: PxRigidDynamic::setAngularVelocity: Body must be non-kinematic!, FILE /builds/omniverse/physics/physx/source/physx/src/NpRigidDynamic.cpp, LINE 284
2026-07-02T20:42:10Z [107,545ms] [Error] [omni.physx.plugin] PhysX error: PxRigidDynamic::setLinearVelocity: Body must be non-kinematic!, FILE /builds/omniverse/physics/physx/source/physx/src/NpRigidDynamic.cpp, LINE 251
2026-07-02T20:42:10Z [107,545ms] [Error] [omni.physx.plugin] PhysX error: PxRigidDynamic::setAngularVelocity: Body must be non-kinematic!, FILE /builds/omniverse/physics/physx/source/physx/src/NpRigidDynamic.cpp, LINE 284
2026-07-02T20:42:10Z [107,545ms] [Error] [omni.physx.plugin] PhysX error: PxRigidDynamic::setLinearVelocity: Body must be non-kinematic!, FILE /builds/omniverse/physics/physx/source/physx/src/NpRigidDynamic.cpp, LINE 251
2026-07-02T20:42:10Z [107,546ms] [Error] [omni.physx.plugin] PhysX error: PxRigidDynamic::setAngularVelocity: Body must be non-kinematic!, FILE /builds/omniverse/physics/physx/source/physx/src/NpRigidDynamic.cpp, LINE 284
2026-07-02T20:42:10Z [107,546ms] [Error] [omni.physx.plugin] PhysX error: PxRigidDynamic::setLinearVelocity: Body must be non-kinematic!, FILE /builds/omniverse/physics/physx/source/physx/src/NpRigidDynamic.cpp, LINE 251
2026-07-02T20:42:10Z [107,546ms] [Error] [omni.physx.plugin] PhysX error: PxRigidDynamic::setAngularVelocity: Body must be non-kinematic!, FILE /builds/omniverse/physics/physx/source/physx/src/NpRigidDynamic.cpp, LINE 284
2026-07-02T20:42:10Z [107,547ms] [Error] [omni.physx.plugin] PhysX error: PxRigidDynamic::setLinearVelocity: Body must be non-kinematic!, FILE /builds/omniverse/physics/physx/source/physx/src/NpRigidDynamic.cpp, LINE 251
2026-07-02T20:42:10Z [107,547ms] [Error] [omni.physx.plugin] PhysX error: PxRigidDynamic::setAngularVelocity: Body must be non-kinematic!, FILE /builds/omniverse/physics/physx/source/physx/src/NpRigidDynamic.cpp, LINE 284
2026-07-02T20:42:10Z [107,548ms] [Error] [omni.physx.plugin] PhysX error: PxRigidDynamic::setLinearVelocity: Body must be non-kinematic!, FILE /builds/omniverse/physics/physx/source/physx/src/NpRigidDynamic.cpp, LINE 251
2026-07-02T20:42:10Z [107,548ms] [Error] [omni.physx.plugin] PhysX error: PxRigidDynamic::setAngularVelocity: Body must be non-kinematic!, FILE /builds/omniverse/physics/physx/source/physx/src/NpRigidDynamic.cpp, LINE 284
2026-07-02T20:42:10Z [107,548ms] [Error] [omni.physx.plugin] PhysX error: PxRigidDynamic::setLinearVelocity: Body must be non-kinematic!, FILE /builds/omniverse/physics/physx/source/physx/src/NpRigidDynamic.cpp, LINE 251
2026-07-02T20:42:10Z [107,548ms] [Error] [omni.physx.plugin] PhysX error: PxRigidDynamic::setAngularVelocity: Body must be non-kinematic!, FILE /builds/omniverse/physics/physx/source/physx/src/NpRigidDynamic.cpp, LINE 284
2026-07-02T20:42:10Z [107,549ms] [Error] [omni.physx.plugin] PhysX error: PxRigidDynamic::setLinearVelocity: Body must be non-kinematic!, FILE /builds/omniverse/physics/physx/source/physx/src/NpRigidDynamic.cpp, LINE 251
2026-07-02T20:42:10Z [107,549ms] [Error] [omni.physx.plugin] PhysX error: PxRigidDynamic::setAngularVelocity: Body must be non-kinematic!, FILE /builds/omniverse/physics/physx/source/physx/src/NpRigidDynamic.cpp, LINE 284
2026-07-02T20:42:10Z [107,549ms] [Error] [omni.physx.plugin] PhysX error: PxRigidDynamic::setLinearVelocity: Body must be non-kinematic!, FILE /builds/omniverse/physics/physx/source/physx/src/NpRigidDynamic.cpp, LINE 251
2026-07-02T20:42:10Z [107,549ms] [Error] [omni.physx.plugin] PhysX error: PxRigidDynamic::setAngularVelocity: Body must be non-kinematic!, FILE /builds/omniverse/physics/physx/source/physx/src/NpRigidDynamic.cpp, LINE 284
2026-07-02T20:42:10Z [107,550ms] [Error] [omni.physx.plugin] PhysX error: PxRigidDynamic::setLinearVelocity: Body must be non-kinematic!, FILE /builds/omniverse/physics/physx/source/physx/src/NpRigidDynamic.cpp, LINE 251
2026-07-02T20:42:10Z [107,550ms] [Error] [omni.physx.plugin] PhysX error: PxRigidDynamic::setAngularVelocity: Body must be non-kinematic!, FILE /builds/omniverse/physics/physx/source/physx/src/NpRigidDynamic.cpp, LINE 284
2026-07-02T20:42:10Z [107,550ms] [Error] [omni.physx.plugin] PhysX error: PxRigidDynamic::setLinearVelocity: Body must be non-kinematic!, FILE /builds/omniverse/physics/physx/source/physx/src/NpRigidDynamic.cpp, LINE 251
2026-07-02T20:42:10Z [107,551ms] [Error] [omni.physx.plugin] PhysX error: PxRigidDynamic::setAngularVelocity: Body must be non-kinematic!, FILE /builds/omniverse/physics/physx/source/physx/src/NpRigidDynamic.cpp, LINE 284
2026-07-02T20:42:10Z [107,551ms] [Error] [omni.physx.plugin] PhysX error: PxRigidDynamic::setLinearVelocity: Body must be non-kinematic!, FILE /builds/omniverse/physics/physx/source/physx/src/NpRigidDynamic.cpp, LINE 251
2026-07-02T20:42:10Z [107,551ms] [Error] [omni.physx.plugin] PhysX error: PxRigidDynamic::setAngularVelocity: Body must be non-kinematic!, FILE /builds/omniverse/physics/physx/source/physx/src/NpRigidDynamic.cpp, LINE 284
2026-07-02T20:42:10Z [107,552ms] [Error] [omni.physx.plugin] PhysX error: PxRigidDynamic::setLinearVelocity: Body must be non-kinematic!, FILE /builds/omniverse/physics/physx/source/physx/src/NpRigidDynamic.cpp, LINE 251
2026-07-02T20:42:10Z [107,552ms] [Error] [omni.physx.plugin] PhysX error: PxRigidDynamic::setAngularVelocity: Body must be non-kinematic!, FILE /builds/omniverse/physics/physx/source/physx/src/NpRigidDynamic.cpp, LINE 284
2026-07-02T20:42:10Z [107,552ms] [Error] [omni.physx.plugin] PhysX error: PxRigidDynamic::setLinearVelocity: Body must be non-kinematic!, FILE /builds/omniverse/physics/physx/source/physx/src/NpRigidDynamic.cpp, LINE 251
2026-07-02T20:42:10Z [107,552ms] [Error] [omni.physx.plugin] PhysX error: PxRigidDynamic::setAngularVelocity: Body must be non-kinematic!, FILE /builds/omniverse/physics/physx/source/physx/src/NpRigidDynamic.cpp, LINE 284
2026-07-02T20:42:10Z [107,553ms] [Error] [omni.physx.plugin] PhysX error: PxRigidDynamic::setLinearVelocity: Body must be non-kinematic!, FILE /builds/omniverse/physics/physx/source/physx/src/NpRigidDynamic.cpp, LINE 251
2026-07-02T20:42:10Z [107,553ms] [Error] [omni.physx.plugin] PhysX error: PxRigidDynamic::setAngularVelocity: Body must be non-kinematic!, FILE /builds/omniverse/physics/physx/source/physx/src/NpRigidDynamic.cpp, LINE 284
2026-07-02T20:42:10Z [107,553ms] [Error] [omni.physx.plugin] PhysX error: PxRigidDynamic::setLinearVelocity: Body must be non-kinematic!, FILE /builds/omniverse/physics/physx/source/physx/src/NpRigidDynamic.cpp, LINE 251
2026-07-02T20:42:10Z [107,553ms] [Error] [omni.physx.plugin] PhysX error: PxRigidDynamic::setAngularVelocity: Body must be non-kinematic!, FILE /builds/omniverse/physics/physx/source/physx/src/NpRigidDynamic.cpp, LINE 284
2026-07-02T20:42:10Z [107,556ms] [Error] [omni.physx.plugin] PhysX error: PxRigidDynamic::setLinearVelocity: Body must be non-kinematic!, FILE /builds/omniverse/physics/physx/source/physx/src/NpRigidDynamic.cpp, LINE 251
2026-07-02T20:42:10Z [107,556ms] [Error] [omni.physx.plugin] PhysX error: PxRigidDynamic::setAngularVelocity: Body must be non-kinematic!, FILE /builds/omniverse/physics/physx/source/physx/src/NpRigidDynamic.cpp, LINE 284
2026-07-02T20:42:10Z [107,556ms] [Error] [omni.physx.plugin] PhysX error: PxRigidDynamic::setLinearVelocity: Body must be non-kinematic!, FILE /builds/omniverse/physics/physx/source/physx/src/NpRigidDynamic.cpp, LINE 251
2026-07-02T20:42:10Z [107,556ms] [Error] [omni.physx.plugin] PhysX error: PxRigidDynamic::setAngularVelocity: Body must be non-kinematic!, FILE /builds/omniverse/physics/physx/source/physx/src/NpRigidDynamic.cpp, LINE 284
2026-07-02T20:42:10Z [107,557ms] [Error] [omni.physx.plugin] PhysX error: PxRigidDynamic::setLinearVelocity: Body must be non-kinematic!, FILE /builds/omniverse/physics/physx/source/physx/src/NpRigidDynamic.cpp, LINE 251
2026-07-02T20:42:10Z [107,557ms] [Error] [omni.physx.plugin] PhysX error: PxRigidDynamic::setAngularVelocity: Body must be non-kinematic!, FILE /builds/omniverse/physics/physx/source/physx/src/NpRigidDynamic.cpp, LINE 284
2026-07-02T20:42:10Z [107,557ms] [Error] [omni.physx.plugin] PhysX error: PxRigidDynamic::setLinearVelocity: Body must be non-kinematic!, FILE /builds/omniverse/physics/physx/source/physx/src/NpRigidDynamic.cpp, LINE 251
2026-07-02T20:42:10Z [107,558ms] [Error] [omni.physx.plugin] PhysX error: PxRigidDynamic::setAngularVelocity: Body must be non-kinematic!, FILE /builds/omniverse/physics/physx/source/physx/src/NpRigidDynamic.cpp, LINE 284
2026-07-02T20:42:10Z [107,558ms] [Error] [omni.physx.plugin] PhysX error: PxRigidDynamic::setLinearVelocity: Body must be non-kinematic!, FILE /builds/omniverse/physics/physx/source/physx/src/NpRigidDynamic.cpp, LINE 251
2026-07-02T20:42:10Z [107,558ms] [Error] [omni.physx.plugin] PhysX error: PxRigidDynamic::setAngularVelocity: Body must be non-kinematic!, FILE /builds/omniverse/physics/physx/source/physx/src/NpRigidDynamic.cpp, LINE 284
2026-07-02T20:42:10Z [107,559ms] [Error] [omni.physx.plugin] PhysX error: PxRigidDynamic::setLinearVelocity: Body must be non-kinematic!, FILE /builds/omniverse/physics/physx/source/physx/src/NpRigidDynamic.cpp, LINE 251
2026-07-02T20:42:10Z [107,559ms] [Error] [omni.physx.plugin] PhysX error: PxRigidDynamic::setAngularVelocity: Body must be non-kinematic!, FILE /builds/omniverse/physics/physx/source/physx/src/NpRigidDynamic.cpp, LINE 284
2026-07-02T20:42:10Z [107,559ms] [Error] [omni.physx.plugin] PhysX error: PxRigidDynamic::setLinearVelocity: Body must be non-kinematic!, FILE /builds/omniverse/physics/physx/source/physx/src/NpRigidDynamic.cpp, LINE 251
2026-07-02T20:42:10Z [107,559ms] [Error] [omni.physx.plugin] PhysX error: PxRigidDynamic::setAngularVelocity: Body must be non-kinematic!, FILE /builds/omniverse/physics/physx/source/physx/src/NpRigidDynamic.cpp, LINE 284
2026-07-02T20:42:10Z [107,560ms] [Error] [omni.physx.plugin] PhysX error: PxRigidDynamic::setLinearVelocity: Body must be non-kinematic!, FILE /builds/omniverse/physics/physx/source/physx/src/NpRigidDynamic.cpp, LINE 251
2026-07-02T20:42:10Z [107,560ms] [Error] [omni.physx.plugin] PhysX error: PxRigidDynamic::setAngularVelocity: Body must be non-kinematic!, FILE /builds/omniverse/physics/physx/source/physx/src/NpRigidDynamic.cpp, LINE 284
2026-07-02T20:42:10Z [107,560ms] [Error] [omni.physx.plugin] PhysX error: PxRigidDynamic::setLinearVelocity: Body must be non-kinematic!, FILE /builds/omniverse/physics/physx/source/physx/src/NpRigidDynamic.cpp, LINE 251
2026-07-02T20:42:10Z [107,560ms] [Error] [omni.physx.plugin] PhysX error: PxRigidDynamic::setAngularVelocity: Body must be non-kinematic!, FILE /builds/omniverse/physics/physx/source/physx/src/NpRigidDynamic.cpp, LINE 284
2026-07-02T20:42:10Z [107,561ms] [Error] [omni.physx.plugin] PhysX error: PxRigidDynamic::setLinearVelocity: Body must be non-kinematic!, FILE /builds/omniverse/physics/physx/source/physx/src/NpRigidDynamic.cpp, LINE 251
2026-07-02T20:42:10Z [107,561ms] [Error] [omni.physx.plugin] PhysX error: PxRigidDynamic::setAngularVelocity: Body must be non-kinematic!, FILE /builds/omniverse/physics/physx/source/physx/src/NpRigidDynamic.cpp, LINE 284
2026-07-02T20:42:10Z [107,562ms] [Error] [omni.physx.plugin] PhysX error: PxRigidDynamic::setLinearVelocity: Body must be non-kinematic!, FILE /builds/omniverse/physics/physx/source/physx/src/NpRigidDynamic.cpp, LINE 251
2026-07-02T20:42:10Z [107,562ms] [Error] [omni.physx.plugin] PhysX error: PxRigidDynamic::setAngularVelocity: Body must be non-kinematic!, FILE /builds/omniverse/physics/physx/source/physx/src/NpRigidDynamic.cpp, LINE 284
2026-07-02T20:42:10Z [107,562ms] [Error] [omni.physx.plugin] PhysX error: PxRigidDynamic::setLinearVelocity: Body must be non-kinematic!, FILE /builds/omniverse/physics/physx/source/physx/src/NpRigidDynamic.cpp, LINE 251
2026-07-02T20:42:10Z [107,563ms] [Error] [omni.physx.plugin] PhysX error: PxRigidDynamic::setAngularVelocity: Body must be non-kinematic!, FILE /builds/omniverse/physics/physx/source/physx/src/NpRigidDynamic.cpp, LINE 284
2026-07-02T20:42:10Z [107,563ms] [Error] [omni.physx.plugin] PhysX error: PxRigidDynamic::setLinearVelocity: Body must be non-kinematic!, FILE /builds/omniverse/physics/physx/source/physx/src/NpRigidDynamic.cpp, LINE 251
2026-07-02T20:42:10Z [107,563ms] [Error] [omni.physx.plugin] PhysX error: PxRigidDynamic::setAngularVelocity: Body must be non-kinematic!, FILE /builds/omniverse/physics/physx/source/physx/src/NpRigidDynamic.cpp, LINE 284
2026-07-02T20:42:10Z [107,564ms] [Error] [omni.physx.plugin] PhysX error: PxRigidDynamic::setLinearVelocity: Body must be non-kinematic!, FILE /builds/omniverse/physics/physx/source/physx/src/NpRigidDynamic.cpp, LINE 251
2026-07-02T20:42:10Z [107,564ms] [Error] [omni.physx.plugin] PhysX error: PxRigidDynamic::setAngularVelocity: Body must be non-kinematic!, FILE /builds/omniverse/physics/physx/source/physx/src/NpRigidDynamic.cpp, LINE 284
2026-07-02T20:42:10Z [107,565ms] [Error] [omni.physx.plugin] PhysX error: PxRigidDynamic::setLinearVelocity: Body must be non-kinematic!, FILE /builds/omniverse/physics/physx/source/physx/src/NpRigidDynamic.cpp, LINE 251
2026-07-02T20:42:10Z [107,565ms] [Error] [omni.physx.plugin] PhysX error: PxRigidDynamic::setAngularVelocity: Body must be non-kinematic!, FILE /builds/omniverse/physics/physx/source/physx/src/NpRigidDynamic.cpp, LINE 284
2026-07-02T20:42:10Z [107,565ms] [Error] [omni.physx.plugin] PhysX error: PxRigidDynamic::setLinearVelocity: Body must be non-kinematic!, FILE /builds/omniverse/physics/physx/source/physx/src/NpRigidDynamic.cpp, LINE 251
2026-07-02T20:42:10Z [107,565ms] [Error] [omni.physx.plugin] PhysX error: PxRigidDynamic::setAngularVelocity: Body must be non-kinematic!, FILE /builds/omniverse/physics/physx/source/physx/src/NpRigidDynamic.cpp, LINE 284
2026-07-02T20:42:10Z [107,566ms] [Error] [omni.physx.plugin] PhysX error: PxRigidDynamic::setLinearVelocity: Body must be non-kinematic!, FILE /builds/omniverse/physics/physx/source/physx/src/NpRigidDynamic.cpp, LINE 251
2026-07-02T20:42:10Z [107,566ms] [Error] [omni.physx.plugin] PhysX error: PxRigidDynamic::setAngularVelocity: Body must be non-kinematic!, FILE /builds/omniverse/physics/physx/source/physx/src/NpRigidDynamic.cpp, LINE 284
2026-07-02T20:42:10Z [107,566ms] [Error] [omni.physx.plugin] PhysX error: PxRigidDynamic::setLinearVelocity: Body must be non-kinematic!, FILE /builds/omniverse/physics/physx/source/physx/src/NpRigidDynamic.cpp, LINE 251
2026-07-02T20:42:10Z [107,566ms] [Error] [omni.physx.plugin] PhysX error: PxRigidDynamic::setAngularVelocity: Body must be non-kinematic!, FILE /builds/omniverse/physics/physx/source/physx/src/NpRigidDynamic.cpp, LINE 284
2026-07-02T20:42:10Z [107,567ms] [Error] [omni.physx.plugin] PhysX error: PxRigidDynamic::setLinearVelocity: Body must be non-kinematic!, FILE /builds/omniverse/physics/physx/source/physx/src/NpRigidDynamic.cpp, LINE 251
2026-07-02T20:42:10Z [107,567ms] [Error] [omni.physx.plugin] PhysX error: PxRigidDynamic::setAngularVelocity: Body must be non-kinematic!, FILE /builds/omniverse/physics/physx/source/physx/src/NpRigidDynamic.cpp, LINE 284
2026-07-02T20:42:10Z [107,579ms] [Error] [omni.physx.plugin] PhysX error: PxRigidDynamic::setLinearVelocity: Body must be non-kinematic!, FILE /builds/omniverse/physics/physx/source/physx/src/NpRigidDynamic.cpp, LINE 251
2026-07-02T20:42:10Z [107,579ms] [Error] [omni.physx.plugin] PhysX error: PxRigidDynamic::setAngularVelocity: Body must be non-kinematic!, FILE /builds/omniverse/physics/physx/source/physx/src/NpRigidDynamic.cpp, LINE 284
2026-07-02T20:42:10Z [107,579ms] [Error] [omni.physx.plugin] PhysX error: PxRigidDynamic::setLinearVelocity: Body must be non-kinematic!, FILE /builds/omniverse/physics/physx/source/physx/src/NpRigidDynamic.cpp, LINE 251
2026-07-02T20:42:10Z [107,579ms] [Error] [omni.physx.plugin] PhysX error: PxRigidDynamic::setAngularVelocity: Body must be non-kinematic!, FILE /builds/omniverse/physics/physx/source/physx/src/NpRigidDynamic.cpp, LINE 284
2026-07-02T20:42:10Z [107,580ms] [Error] [omni.physx.plugin] PhysX error: PxRigidDynamic::setLinearVelocity: Body must be non-kinematic!, FILE /builds/omniverse/physics/physx/source/physx/src/NpRigidDynamic.cpp, LINE 251
2026-07-02T20:42:10Z [107,580ms] [Error] [omni.physx.plugin] PhysX error: PxRigidDynamic::setAngularVelocity: Body must be non-kinematic!, FILE /builds/omniverse/physics/physx/source/physx/src/NpRigidDynamic.cpp, LINE 284
2026-07-02T20:42:10Z [107,581ms] [Error] [omni.physx.plugin] PhysX error: PxRigidDynamic::setLinearVelocity: Body must be non-kinematic!, FILE /builds/omniverse/physics/physx/source/physx/src/NpRigidDynamic.cpp, LINE 251
2026-07-02T20:42:10Z [107,581ms] [Error] [omni.physx.plugin] PhysX error: PxRigidDynamic::setAngularVelocity: Body must be non-kinematic!, FILE /builds/omniverse/physics/physx/source/physx/src/NpRigidDynamic.cpp, LINE 284
2026-07-02T20:42:10Z [107,581ms] [Error] [omni.physx.plugin] PhysX error: PxRigidDynamic::setLinearVelocity: Body must be non-kinematic!, FILE /builds/omniverse/physics/physx/source/physx/src/NpRigidDynamic.cpp, LINE 251
2026-07-02T20:42:10Z [107,581ms] [Error] [omni.physx.plugin] PhysX error: PxRigidDynamic::setAngularVelocity: Body must be non-kinematic!, FILE /builds/omniverse/physics/physx/source/physx/src/NpRigidDynamic.cpp, LINE 284
2026-07-02T20:42:10Z [107,582ms] [Error] [omni.physx.plugin] PhysX error: PxRigidDynamic::setLinearVelocity: Body must be non-kinematic!, FILE /builds/omniverse/physics/physx/source/physx/src/NpRigidDynamic.cpp, LINE 251
2026-07-02T20:42:10Z [107,582ms] [Error] [omni.physx.plugin] PhysX error: PxRigidDynamic::setAngularVelocity: Body must be non-kinematic!, FILE /builds/omniverse/physics/physx/source/physx/src/NpRigidDynamic.cpp, LINE 284
2026-07-02T20:42:10Z [107,583ms] [Error] [omni.physx.plugin] PhysX error: PxRigidDynamic::setLinearVelocity: Body must be non-kinematic!, FILE /builds/omniverse/physics/physx/source/physx/src/NpRigidDynamic.cpp, LINE 251
2026-07-02T20:42:10Z [107,583ms] [Error] [omni.physx.plugin] PhysX error: PxRigidDynamic::setAngularVelocity: Body must be non-kinematic!, FILE /builds/omniverse/physics/physx/source/physx/src/NpRigidDynamic.cpp, LINE 284
2026-07-02T20:42:10Z [107,583ms] [Error] [omni.physx.plugin] PhysX error: PxRigidDynamic::setLinearVelocity: Body must be non-kinematic!, FILE /builds/omniverse/physics/physx/source/physx/src/NpRigidDynamic.cpp, LINE 251
2026-07-02T20:42:10Z [107,584ms] [Error] [omni.physx.plugin] PhysX error: PxRigidDynamic::setAngularVelocity: Body must be non-kinematic!, FILE /builds/omniverse/physics/physx/source/physx/src/NpRigidDynamic.cpp, LINE 284
2026-07-02T20:42:10Z [107,584ms] [Error] [omni.physx.plugin] PhysX error: PxRigidDynamic::setLinearVelocity: Body must be non-kinematic!, FILE /builds/omniverse/physics/physx/source/physx/src/NpRigidDynamic.cpp, LINE 251
2026-07-02T20:42:10Z [107,584ms] [Error] [omni.physx.plugin] PhysX error: PxRigidDynamic::setAngularVelocity: Body must be non-kinematic!, FILE /builds/omniverse/physics/physx/source/physx/src/NpRigidDynamic.cpp, LINE 284
2026-07-02T20:42:10Z [107,585ms] [Error] [omni.physx.plugin] PhysX error: PxRigidDynamic::setLinearVelocity: Body must be non-kinematic!, FILE /builds/omniverse/physics/physx/source/physx/src/NpRigidDynamic.cpp, LINE 251
2026-07-02T20:42:10Z [107,585ms] [Error] [omni.physx.plugin] PhysX error: PxRigidDynamic::setAngularVelocity: Body must be non-kinematic!, FILE /builds/omniverse/physics/physx/source/physx/src/NpRigidDynamic.cpp, LINE 284
2026-07-02T20:42:10Z [107,585ms] [Error] [omni.physx.plugin] PhysX error: PxRigidDynamic::setLinearVelocity: Body must be non-kinematic!, FILE /builds/omniverse/physics/physx/source/physx/src/NpRigidDynamic.cpp, LINE 251
2026-07-02T20:42:10Z [107,585ms] [Error] [omni.physx.plugin] PhysX error: PxRigidDynamic::setAngularVelocity: Body must be non-kinematic!, FILE /builds/omniverse/physics/physx/source/physx/src/NpRigidDynamic.cpp, LINE 284
2026-07-02T20:42:10Z [107,586ms] [Error] [omni.physx.plugin] PhysX error: PxRigidDynamic::setLinearVelocity: Body must be non-kinematic!, FILE /builds/omniverse/physics/physx/source/physx/src/NpRigidDynamic.cpp, LINE 251
2026-07-02T20:42:10Z [107,586ms] [Error] [omni.physx.plugin] PhysX error: PxRigidDynamic::setAngularVelocity: Body must be non-kinematic!, FILE /builds/omniverse/physics/physx/source/physx/src/NpRigidDynamic.cpp, LINE 284
2026-07-02T20:42:10Z [107,587ms] [Error] [omni.physx.plugin] PhysX error: PxRigidDynamic::setLinearVelocity: Body must be non-kinematic!, FILE /builds/omniverse/physics/physx/source/physx/src/NpRigidDynamic.cpp, LINE 251
2026-07-02T20:42:10Z [107,587ms] [Error] [omni.physx.plugin] PhysX error: PxRigidDynamic::setAngularVelocity: Body must be non-kinematic!, FILE /builds/omniverse/physics/physx/source/physx/src/NpRigidDynamic.cpp, LINE 284
2026-07-02T20:42:10Z [107,587ms] [Error] [omni.physx.plugin] PhysX error: PxRigidDynamic::setLinearVelocity: Body must be non-kinematic!, FILE /builds/omniverse/physics/physx/source/physx/src/NpRigidDynamic.cpp, LINE 251
2026-07-02T20:42:10Z [107,587ms] [Error] [omni.physx.plugin] PhysX error: PxRigidDynamic::setAngularVelocity: Body must be non-kinematic!, FILE /builds/omniverse/physics/physx/source/physx/src/NpRigidDynamic.cpp, LINE 284
2026-07-02T20:42:10Z [107,588ms] [Error] [omni.physx.plugin] PhysX error: PxRigidDynamic::setLinearVelocity: Body must be non-kinematic!, FILE /builds/omniverse/physics/physx/source/physx/src/NpRigidDynamic.cpp, LINE 251
2026-07-02T20:42:10Z [107,588ms] [Error] [omni.physx.plugin] PhysX error: PxRigidDynamic::setAngularVelocity: Body must be non-kinematic!, FILE /builds/omniverse/physics/physx/source/physx/src/NpRigidDynamic.cpp, LINE 284
2026-07-02T20:42:10Z [107,588ms] [Error] [omni.physx.plugin] PhysX error: PxRigidDynamic::setLinearVelocity: Body must be non-kinematic!, FILE /builds/omniverse/physics/physx/source/physx/src/NpRigidDynamic.cpp, LINE 251
2026-07-02T20:42:10Z [107,588ms] [Error] [omni.physx.plugin] PhysX error: PxRigidDynamic::setAngularVelocity: Body must be non-kinematic!, FILE /builds/omniverse/physics/physx/source/physx/src/NpRigidDynamic.cpp, LINE 284
2026-07-02T20:42:10Z [107,589ms] [Error] [omni.physx.plugin] PhysX error: PxRigidDynamic::setLinearVelocity: Body must be non-kinematic!, FILE /builds/omniverse/physics/physx/source/physx/src/NpRigidDynamic.cpp, LINE 251
2026-07-02T20:42:10Z [107,589ms] [Error] [omni.physx.plugin] PhysX error: PxRigidDynamic::setAngularVelocity: Body must be non-kinematic!, FILE /builds/omniverse/physics/physx/source/physx/src/NpRigidDynamic.cpp, LINE 284
2026-07-02T20:42:10Z [107,591ms] [Error] [omni.physx.plugin] PhysX error: PxRigidDynamic::setLinearVelocity: Body must be non-kinematic!, FILE /builds/omniverse/physics/physx/source/physx/src/NpRigidDynamic.cpp, LINE 251
2026-07-02T20:42:10Z [107,591ms] [Error] [omni.physx.plugin] PhysX error: PxRigidDynamic::setAngularVelocity: Body must be non-kinematic!, FILE /builds/omniverse/physics/physx/source/physx/src/NpRigidDynamic.cpp, LINE 284
2026-07-02T20:42:10Z [107,591ms] [Error] [omni.physx.plugin] PhysX error: PxRigidDynamic::setLinearVelocity: Body must be non-kinematic!, FILE /builds/omniverse/physics/physx/source/physx/src/NpRigidDynamic.cpp, LINE 251
2026-07-02T20:42:10Z [107,591ms] [Error] [omni.physx.plugin] PhysX error: PxRigidDynamic::setAngularVelocity: Body must be non-kinematic!, FILE /builds/omniverse/physics/physx/source/physx/src/NpRigidDynamic.cpp, LINE 284
2026-07-02T20:42:10Z [107,592ms] [Error] [omni.physx.plugin] PhysX error: PxRigidDynamic::setLinearVelocity: Body must be non-kinematic!, FILE /builds/omniverse/physics/physx/source/physx/src/NpRigidDynamic.cpp, LINE 251
2026-07-02T20:42:10Z [107,592ms] [Error] [omni.physx.plugin] PhysX error: PxRigidDynamic::setAngularVelocity: Body must be non-kinematic!, FILE /builds/omniverse/physics/physx/source/physx/src/NpRigidDynamic.cpp, LINE 284
2026-07-02T20:42:10Z [107,592ms] [Error] [omni.physx.plugin] PhysX error: PxRigidDynamic::setLinearVelocity: Body must be non-kinematic!, FILE /builds/omniverse/physics/physx/source/physx/src/NpRigidDynamic.cpp, LINE 251
2026-07-02T20:42:10Z [107,592ms] [Error] [omni.physx.plugin] PhysX error: PxRigidDynamic::setAngularVelocity: Body must be non-kinematic!, FILE /builds/omniverse/physics/physx/source/physx/src/NpRigidDynamic.cpp, LINE 284
2026-07-02T20:42:10Z [107,593ms] [Error] [omni.physx.plugin] PhysX error: PxRigidDynamic::setLinearVelocity: Body must be non-kinematic!, FILE /builds/omniverse/physics/physx/source/physx/src/NpRigidDynamic.cpp, LINE 251
2026-07-02T20:42:10Z [107,593ms] [Error] [omni.physx.plugin] PhysX error: PxRigidDynamic::setAngularVelocity: Body must be non-kinematic!, FILE /builds/omniverse/physics/physx/source/physx/src/NpRigidDynamic.cpp, LINE 284
2026-07-02T20:42:10Z [107,593ms] [Error] [omni.physx.plugin] PhysX error: PxRigidDynamic::setLinearVelocity: Body must be non-kinematic!, FILE /builds/omniverse/physics/physx/source/physx/src/NpRigidDynamic.cpp, LINE 251
2026-07-02T20:42:10Z [107,593ms] [Error] [omni.physx.plugin] PhysX error: PxRigidDynamic::setAngularVelocity: Body must be non-kinematic!, FILE /builds/omniverse/physics/physx/source/physx/src/NpRigidDynamic.cpp, LINE 284
2026-07-02T20:42:10Z [107,594ms] [Error] [omni.physx.plugin] PhysX error: PxRigidDynamic::setLinearVelocity: Body must be non-kinematic!, FILE /builds/omniverse/physics/physx/source/physx/src/NpRigidDynamic.cpp, LINE 251
2026-07-02T20:42:10Z [107,594ms] [Error] [omni.physx.plugin] PhysX error: PxRigidDynamic::setAngularVelocity: Body must be non-kinematic!, FILE /builds/omniverse/physics/physx/source/physx/src/NpRigidDynamic.cpp, LINE 284
2026-07-02T20:42:10Z [107,594ms] [Error] [omni.physx.plugin] PhysX error: PxRigidDynamic::setLinearVelocity: Body must be non-kinematic!, FILE /builds/omniverse/physics/physx/source/physx/src/NpRigidDynamic.cpp, LINE 251
2026-07-02T20:42:10Z [107,594ms] [Error] [omni.physx.plugin] PhysX error: PxRigidDynamic::setAngularVelocity: Body must be non-kinematic!, FILE /builds/omniverse/physics/physx/source/physx/src/NpRigidDynamic.cpp, LINE 284
2026-07-02T20:42:10Z [107,595ms] [Error] [omni.physx.plugin] PhysX error: PxRigidDynamic::setLinearVelocity: Body must be non-kinematic!, FILE /builds/omniverse/physics/physx/source/physx/src/NpRigidDynamic.cpp, LINE 251
2026-07-02T20:42:10Z [107,595ms] [Error] [omni.physx.plugin] PhysX error: PxRigidDynamic::setAngularVelocity: Body must be non-kinematic!, FILE /builds/omniverse/physics/physx/source/physx/src/NpRigidDynamic.cpp, LINE 284
2026-07-02T20:42:10Z [107,595ms] [Error] [omni.physx.plugin] PhysX error: PxRigidDynamic::setLinearVelocity: Body must be non-kinematic!, FILE /builds/omniverse/physics/physx/source/physx/src/NpRigidDynamic.cpp, LINE 251
2026-07-02T20:42:10Z [107,595ms] [Error] [omni.physx.plugin] PhysX error: PxRigidDynamic::setAngularVelocity: Body must be non-kinematic!, FILE /builds/omniverse/physics/physx/source/physx/src/NpRigidDynamic.cpp, LINE 284
2026-07-02T20:42:10Z [107,596ms] [Error] [omni.physx.plugin] PhysX error: PxRigidDynamic::setLinearVelocity: Body must be non-kinematic!, FILE /builds/omniverse/physics/physx/source/physx/src/NpRigidDynamic.cpp, LINE 251
2026-07-02T20:42:10Z [107,596ms] [Error] [omni.physx.plugin] PhysX error: PxRigidDynamic::setAngularVelocity: Body must be non-kinematic!, FILE /builds/omniverse/physics/physx/source/physx/src/NpRigidDynamic.cpp, LINE 284
2026-07-02T20:42:10Z [107,596ms] [Error] [omni.physx.plugin] PhysX error: PxRigidDynamic::setLinearVelocity: Body must be non-kinematic!, FILE /builds/omniverse/physics/physx/source/physx/src/NpRigidDynamic.cpp, LINE 251
2026-07-02T20:42:10Z [107,596ms] [Error] [omni.physx.plugin] PhysX error: PxRigidDynamic::setAngularVelocity: Body must be non-kinematic!, FILE /builds/omniverse/physics/physx/source/physx/src/NpRigidDynamic.cpp, LINE 284
2026-07-02T20:42:10Z [107,596ms] [Error] [omni.physx.plugin] PhysX error: PxRigidDynamic::setLinearVelocity: Body must be non-kinematic!, FILE /builds/omniverse/physics/physx/source/physx/src/NpRigidDynamic.cpp, LINE 251
2026-07-02T20:42:10Z [107,597ms] [Error] [omni.physx.plugin] PhysX error: PxRigidDynamic::setAngularVelocity: Body must be non-kinematic!, FILE /builds/omniverse/physics/physx/source/physx/src/NpRigidDynamic.cpp, LINE 284
2026-07-02T20:42:10Z [107,597ms] [Error] [omni.physx.plugin] PhysX error: PxRigidDynamic::setLinearVelocity: Body must be non-kinematic!, FILE /builds/omniverse/physics/physx/source/physx/src/NpRigidDynamic.cpp, LINE 251
2026-07-02T20:42:10Z [107,597ms] [Error] [omni.physx.plugin] PhysX error: PxRigidDynamic::setAngularVelocity: Body must be non-kinematic!, FILE /builds/omniverse/physics/physx/source/physx/src/NpRigidDynamic.cpp, LINE 284
2026-07-02T20:42:10Z [107,597ms] [Error] [omni.physx.plugin] PhysX error: PxRigidDynamic::setLinearVelocity: Body must be non-kinematic!, FILE /builds/omniverse/physics/physx/source/physx/src/NpRigidDynamic.cpp, LINE 251
2026-07-02T20:42:10Z [107,597ms] [Error] [omni.physx.plugin] PhysX error: PxRigidDynamic::setAngularVelocity: Body must be non-kinematic!, FILE /builds/omniverse/physics/physx/source/physx/src/NpRigidDynamic.cpp, LINE 284
2026-07-02T20:42:10Z [107,598ms] [Error] [omni.physx.plugin] PhysX error: PxRigidDynamic::setLinearVelocity: Body must be non-kinematic!, FILE /builds/omniverse/physics/physx/source/physx/src/NpRigidDynamic.cpp, LINE 251
2026-07-02T20:42:10Z [107,598ms] [Error] [omni.physx.plugin] PhysX error: PxRigidDynamic::setAngularVelocity: Body must be non-kinematic!, FILE /builds/omniverse/physics/physx/source/physx/src/NpRigidDynamic.cpp, LINE 284
2026-07-02T20:42:10Z [107,598ms] [Error] [omni.physx.plugin] PhysX error: PxRigidDynamic::setLinearVelocity: Body must be non-kinematic!, FILE /builds/omniverse/physics/physx/source/physx/src/NpRigidDynamic.cpp, LINE 251
2026-07-02T20:42:10Z [107,598ms] [Error] [omni.physx.plugin] PhysX error: PxRigidDynamic::setAngularVelocity: Body must be non-kinematic!, FILE /builds/omniverse/physics/physx/source/physx/src/NpRigidDynamic.cpp, LINE 284
2026-07-02T20:42:10Z [107,599ms] [Error] [omni.physx.plugin] PhysX error: PxRigidDynamic::setLinearVelocity: Body must be non-kinematic!, FILE /builds/omniverse/physics/physx/source/physx/src/NpRigidDynamic.cpp, LINE 251
2026-07-02T20:42:10Z [107,599ms] [Error] [omni.physx.plugin] PhysX error: PxRigidDynamic::setAngularVelocity: Body must be non-kinematic!, FILE /builds/omniverse/physics/physx/source/physx/src/NpRigidDynamic.cpp, LINE 284
2026-07-02T20:42:10Z [107,599ms] [Error] [omni.physx.plugin] PhysX error: PxRigidDynamic::setLinearVelocity: Body must be non-kinematic!, FILE /builds/omniverse/physics/physx/source/physx/src/NpRigidDynamic.cpp, LINE 251
2026-07-02T20:42:10Z [107,599ms] [Error] [omni.physx.plugin] PhysX error: PxRigidDynamic::setAngularVelocity: Body must be non-kinematic!, FILE /builds/omniverse/physics/physx/source/physx/src/NpRigidDynamic.cpp, LINE 284
2026-07-02T20:42:10Z [107,600ms] [Error] [omni.physx.plugin] PhysX error: PxRigidDynamic::setLinearVelocity: Body must be non-kinematic!, FILE /builds/omniverse/physics/physx/source/physx/src/NpRigidDynamic.cpp, LINE 251
2026-07-02T20:42:10Z [107,600ms] [Error] [omni.physx.plugin] PhysX error: PxRigidDynamic::setAngularVelocity: Body must be non-kinematic!, FILE /builds/omniverse/physics/physx/source/physx/src/NpRigidDynamic.cpp, LINE 284
2026-07-02T20:42:10Z [107,600ms] [Error] [omni.physx.plugin] PhysX error: PxRigidDynamic::setLinearVelocity: Body must be non-kinematic!, FILE /builds/omniverse/physics/physx/source/physx/src/NpRigidDynamic.cpp, LINE 251
2026-07-02T20:42:10Z [107,600ms] [Error] [omni.physx.plugin] PhysX error: PxRigidDynamic::setAngularVelocity: Body must be non-kinematic!, FILE /builds/omniverse/physics/physx/source/physx/src/NpRigidDynamic.cpp, LINE 284
2026-07-02T20:42:10Z [107,601ms] [Error] [omni.physx.plugin] PhysX error: PxRigidDynamic::setLinearVelocity: Body must be non-kinematic!, FILE /builds/omniverse/physics/physx/source/physx/src/NpRigidDynamic.cpp, LINE 251
2026-07-02T20:42:10Z [107,601ms] [Error] [omni.physx.plugin] PhysX error: PxRigidDynamic::setAngularVelocity: Body must be non-kinematic!, FILE /builds/omniverse/physics/physx/source/physx/src/NpRigidDynamic.cpp, LINE 284
2026-07-02T20:42:10Z [107,601ms] [Error] [omni.physx.plugin] PhysX error: PxRigidDynamic::setLinearVelocity: Body must be non-kinematic!, FILE /builds/omniverse/physics/physx/source/physx/src/NpRigidDynamic.cpp, LINE 251
2026-07-02T20:42:10Z [107,601ms] [Error] [omni.physx.plugin] PhysX error: PxRigidDynamic::setAngularVelocity: Body must be non-kinematic!, FILE /builds/omniverse/physics/physx/source/physx/src/NpRigidDynamic.cpp, LINE 284
2026-07-02T20:42:10Z [107,602ms] [Error] [omni.physx.plugin] PhysX error: PxRigidDynamic::setLinearVelocity: Body must be non-kinematic!, FILE /builds/omniverse/physics/physx/source/physx/src/NpRigidDynamic.cpp, LINE 251
2026-07-02T20:42:10Z [107,602ms] [Error] [omni.physx.plugin] PhysX error: PxRigidDynamic::setAngularVelocity: Body must be non-kinematic!, FILE /builds/omniverse/physics/physx/source/physx/src/NpRigidDynamic.cpp, LINE 284
2026-07-02T20:42:10Z [107,602ms] [Error] [omni.physx.plugin] PhysX error: PxRigidDynamic::setLinearVelocity: Body must be non-kinematic!, FILE /builds/omniverse/physics/physx/source/physx/src/NpRigidDynamic.cpp, LINE 251
2026-07-02T20:42:10Z [107,602ms] [Error] [omni.physx.plugin] PhysX error: PxRigidDynamic::setAngularVelocity: Body must be non-kinematic!, FILE /builds/omniverse/physics/physx/source/physx/src/NpRigidDynamic.cpp, LINE 284
2026-07-02T20:42:10Z [107,603ms] [Error] [omni.physx.plugin] PhysX error: PxRigidDynamic::setLinearVelocity: Body must be non-kinematic!, FILE /builds/omniverse/physics/physx/source/physx/src/NpRigidDynamic.cpp, LINE 251
2026-07-02T20:42:10Z [107,603ms] [Error] [omni.physx.plugin] PhysX error: PxRigidDynamic::setAngularVelocity: Body must be non-kinematic!, FILE /builds/omniverse/physics/physx/source/physx/src/NpRigidDynamic.cpp, LINE 284
2026-07-02T20:42:10Z [107,603ms] [Error] [omni.physx.plugin] PhysX error: PxRigidDynamic::setLinearVelocity: Body must be non-kinematic!, FILE /builds/omniverse/physics/physx/source/physx/src/NpRigidDynamic.cpp, LINE 251
2026-07-02T20:42:10Z [107,603ms] [Error] [omni.physx.plugin] PhysX error: PxRigidDynamic::setAngularVelocity: Body must be non-kinematic!, FILE /builds/omniverse/physics/physx/source/physx/src/NpRigidDynamic.cpp, LINE 284
2026-07-02T20:42:10Z [107,604ms] [Error] [omni.physx.plugin] PhysX error: PxRigidDynamic::setLinearVelocity: Body must be non-kinematic!, FILE /builds/omniverse/physics/physx/source/physx/src/NpRigidDynamic.cpp, LINE 251
2026-07-02T20:42:10Z [107,604ms] [Error] [omni.physx.plugin] PhysX error: PxRigidDynamic::setAngularVelocity: Body must be non-kinematic!, FILE /builds/omniverse/physics/physx/source/physx/src/NpRigidDynamic.cpp, LINE 284
2026-07-02T20:42:10Z [107,604ms] [Error] [omni.physx.plugin] PhysX error: PxRigidDynamic::setLinearVelocity: Body must be non-kinematic!, FILE /builds/omniverse/physics/physx/source/physx/src/NpRigidDynamic.cpp, LINE 251
2026-07-02T20:42:10Z [107,604ms] [Error] [omni.physx.plugin] PhysX error: PxRigidDynamic::setAngularVelocity: Body must be non-kinematic!, FILE /builds/omniverse/physics/physx/source/physx/src/NpRigidDynamic.cpp, LINE 284
2026-07-02T20:42:10Z [107,605ms] [Error] [omni.physx.plugin] PhysX error: PxRigidDynamic::setLinearVelocity: Body must be non-kinematic!, FILE /builds/omniverse/physics/physx/source/physx/src/NpRigidDynamic.cpp, LINE 251
2026-07-02T20:42:10Z [107,605ms] [Error] [omni.physx.plugin] PhysX error: PxRigidDynamic::setAngularVelocity: Body must be non-kinematic!, FILE /builds/omniverse/physics/physx/source/physx/src/NpRigidDynamic.cpp, LINE 284
2026-07-02T20:42:10Z [107,605ms] [Error] [omni.physx.plugin] PhysX error: PxRigidDynamic::setLinearVelocity: Body must be non-kinematic!, FILE /builds/omniverse/physics/physx/source/physx/src/NpRigidDynamic.cpp, LINE 251
2026-07-02T20:42:10Z [107,605ms] [Error] [omni.physx.plugin] PhysX error: PxRigidDynamic::setAngularVelocity: Body must be non-kinematic!, FILE /builds/omniverse/physics/physx/source/physx/src/NpRigidDynamic.cpp, LINE 284
2026-07-02T20:42:10Z [107,607ms] [Error] [omni.physx.plugin] PhysX error: PxRigidDynamic::setLinearVelocity: Body must be non-kinematic!, FILE /builds/omniverse/physics/physx/source/physx/src/NpRigidDynamic.cpp, LINE 251
2026-07-02T20:42:10Z [107,607ms] [Error] [omni.physx.plugin] PhysX error: PxRigidDynamic::setAngularVelocity: Body must be non-kinematic!, FILE /builds/omniverse/physics/physx/source/physx/src/NpRigidDynamic.cpp, LINE 284
2026-07-02T20:42:10Z [107,608ms] [Error] [omni.physx.plugin] PhysX error: PxRigidDynamic::setLinearVelocity: Body must be non-kinematic!, FILE /builds/omniverse/physics/physx/source/physx/src/NpRigidDynamic.cpp, LINE 251
2026-07-02T20:42:10Z [107,608ms] [Error] [omni.physx.plugin] PhysX error: PxRigidDynamic::setAngularVelocity: Body must be non-kinematic!, FILE /builds/omniverse/physics/physx/source/physx/src/NpRigidDynamic.cpp, LINE 284
[INFO] Pi0.5 episode 3 success=False mode=failure completed=False steps=3600 instruction='reach the onion'
[INFO] Starting Pi0.5 reaching episode 4: instruction='reach the onion', target_label='onion'
2026-07-02T20:42:43Z [140,160ms] [Error] [omni.physx.plugin] PhysX error: PxRigidDynamic::setLinearVelocity: Body must be non-kinematic!, FILE /builds/omniverse/physics/physx/source/physx/src/NpRigidDynamic.cpp, LINE 251
2026-07-02T20:42:43Z [140,160ms] [Error] [omni.physx.plugin] PhysX error: PxRigidDynamic::setAngularVelocity: Body must be non-kinematic!, FILE /builds/omniverse/physics/physx/source/physx/src/NpRigidDynamic.cpp, LINE 284
2026-07-02T20:42:43Z [140,160ms] [Error] [omni.physx.plugin] PhysX error: PxRigidDynamic::setLinearVelocity: Body must be non-kinematic!, FILE /builds/omniverse/physics/physx/source/physx/src/NpRigidDynamic.cpp, LINE 251
2026-07-02T20:42:43Z [140,160ms] [Error] [omni.physx.plugin] PhysX error: PxRigidDynamic::setAngularVelocity: Body must be non-kinematic!, FILE /builds/omniverse/physics/physx/source/physx/src/NpRigidDynamic.cpp, LINE 284
2026-07-02T20:42:43Z [140,161ms] [Error] [omni.physx.plugin] PhysX error: PxRigidDynamic::setLinearVelocity: Body must be non-kinematic!, FILE /builds/omniverse/physics/physx/source/physx/src/NpRigidDynamic.cpp, LINE 251
2026-07-02T20:42:43Z [140,161ms] [Error] [omni.physx.plugin] PhysX error: PxRigidDynamic::setAngularVelocity: Body must be non-kinematic!, FILE /builds/omniverse/physics/physx/source/physx/src/NpRigidDynamic.cpp, LINE 284
2026-07-02T20:42:43Z [140,161ms] [Error] [omni.physx.plugin] PhysX error: PxRigidDynamic::setLinearVelocity: Body must be non-kinematic!, FILE /builds/omniverse/physics/physx/source/physx/src/NpRigidDynamic.cpp, LINE 251
2026-07-02T20:42:43Z [140,161ms] [Error] [omni.physx.plugin] PhysX error: PxRigidDynamic::setAngularVelocity: Body must be non-kinematic!, FILE /builds/omniverse/physics/physx/source/physx/src/NpRigidDynamic.cpp, LINE 284
2026-07-02T20:42:43Z [140,162ms] [Error] [omni.physx.plugin] PhysX error: PxRigidDynamic::setLinearVelocity: Body must be non-kinematic!, FILE /builds/omniverse/physics/physx/source/physx/src/NpRigidDynamic.cpp, LINE 251
2026-07-02T20:42:43Z [140,162ms] [Error] [omni.physx.plugin] PhysX error: PxRigidDynamic::setAngularVelocity: Body must be non-kinematic!, FILE /builds/omniverse/physics/physx/source/physx/src/NpRigidDynamic.cpp, LINE 284
2026-07-02T20:42:43Z [140,163ms] [Error] [omni.physx.plugin] PhysX error: PxRigidDynamic::setLinearVelocity: Body must be non-kinematic!, FILE /builds/omniverse/physics/physx/source/physx/src/NpRigidDynamic.cpp, LINE 251
2026-07-02T20:42:43Z [140,163ms] [Error] [omni.physx.plugin] PhysX error: PxRigidDynamic::setAngularVelocity: Body must be non-kinematic!, FILE /builds/omniverse/physics/physx/source/physx/src/NpRigidDynamic.cpp, LINE 284
2026-07-02T20:42:43Z [140,163ms] [Error] [omni.physx.plugin] PhysX error: PxRigidDynamic::setLinearVelocity: Body must be non-kinematic!, FILE /builds/omniverse/physics/physx/source/physx/src/NpRigidDynamic.cpp, LINE 251
2026-07-02T20:42:43Z [140,163ms] [Error] [omni.physx.plugin] PhysX error: PxRigidDynamic::setAngularVelocity: Body must be non-kinematic!, FILE /builds/omniverse/physics/physx/source/physx/src/NpRigidDynamic.cpp, LINE 284
2026-07-02T20:42:43Z [140,164ms] [Error] [omni.physx.plugin] PhysX error: PxRigidDynamic::setLinearVelocity: Body must be non-kinematic!, FILE /builds/omniverse/physics/physx/source/physx/src/NpRigidDynamic.cpp, LINE 251
2026-07-02T20:42:43Z [140,164ms] [Error] [omni.physx.plugin] PhysX error: PxRigidDynamic::setAngularVelocity: Body must be non-kinematic!, FILE /builds/omniverse/physics/physx/source/physx/src/NpRigidDynamic.cpp, LINE 284
2026-07-02T20:42:43Z [140,164ms] [Error] [omni.physx.plugin] PhysX error: PxRigidDynamic::setLinearVelocity: Body must be non-kinematic!, FILE /builds/omniverse/physics/physx/source/physx/src/NpRigidDynamic.cpp, LINE 251
2026-07-02T20:42:43Z [140,164ms] [Error] [omni.physx.plugin] PhysX error: PxRigidDynamic::setAngularVelocity: Body must be non-kinematic!, FILE /builds/omniverse/physics/physx/source/physx/src/NpRigidDynamic.cpp, LINE 284
2026-07-02T20:42:43Z [140,165ms] [Error] [omni.physx.plugin] PhysX error: PxRigidDynamic::setLinearVelocity: Body must be non-kinematic!, FILE /builds/omniverse/physics/physx/source/physx/src/NpRigidDynamic.cpp, LINE 251
2026-07-02T20:42:43Z [140,165ms] [Error] [omni.physx.plugin] PhysX error: PxRigidDynamic::setAngularVelocity: Body must be non-kinematic!, FILE /builds/omniverse/physics/physx/source/physx/src/NpRigidDynamic.cpp, LINE 284
2026-07-02T20:42:43Z [140,165ms] [Error] [omni.physx.plugin] PhysX error: PxRigidDynamic::setLinearVelocity: Body must be non-kinematic!, FILE /builds/omniverse/physics/physx/source/physx/src/NpRigidDynamic.cpp, LINE 251
2026-07-02T20:42:43Z [140,165ms] [Error] [omni.physx.plugin] PhysX error: PxRigidDynamic::setAngularVelocity: Body must be non-kinematic!, FILE /builds/omniverse/physics/physx/source/physx/src/NpRigidDynamic.cpp, LINE 284
2026-07-02T20:42:43Z [140,166ms] [Error] [omni.physx.plugin] PhysX error: PxRigidDynamic::setLinearVelocity: Body must be non-kinematic!, FILE /builds/omniverse/physics/physx/source/physx/src/NpRigidDynamic.cpp, LINE 251
2026-07-02T20:42:43Z [140,166ms] [Error] [omni.physx.plugin] PhysX error: PxRigidDynamic::setAngularVelocity: Body must be non-kinematic!, FILE /builds/omniverse/physics/physx/source/physx/src/NpRigidDynamic.cpp, LINE 284
2026-07-02T20:42:43Z [140,168ms] [Error] [omni.physx.plugin] PhysX error: PxRigidDynamic::setLinearVelocity: Body must be non-kinematic!, FILE /builds/omniverse/physics/physx/source/physx/src/NpRigidDynamic.cpp, LINE 251
2026-07-02T20:42:43Z [140,168ms] [Error] [omni.physx.plugin] PhysX error: PxRigidDynamic::setAngularVelocity: Body must be non-kinematic!, FILE /builds/omniverse/physics/physx/source/physx/src/NpRigidDynamic.cpp, LINE 284
2026-07-02T20:42:43Z [140,169ms] [Error] [omni.physx.plugin] PhysX error: PxRigidDynamic::setLinearVelocity: Body must be non-kinematic!, FILE /builds/omniverse/physics/physx/source/physx/src/NpRigidDynamic.cpp, LINE 251
2026-07-02T20:42:43Z [140,169ms] [Error] [omni.physx.plugin] PhysX error: PxRigidDynamic::setAngularVelocity: Body must be non-kinematic!, FILE /builds/omniverse/physics/physx/source/physx/src/NpRigidDynamic.cpp, LINE 284
2026-07-02T20:42:43Z [140,170ms] [Error] [omni.physx.plugin] PhysX error: PxRigidDynamic::setLinearVelocity: Body must be non-kinematic!, FILE /builds/omniverse/physics/physx/source/physx/src/NpRigidDynamic.cpp, LINE 251
2026-07-02T20:42:43Z [140,170ms] [Error] [omni.physx.plugin] PhysX error: PxRigidDynamic::setAngularVelocity: Body must be non-kinematic!, FILE /builds/omniverse/physics/physx/source/physx/src/NpRigidDynamic.cpp, LINE 284
2026-07-02T20:42:43Z [140,170ms] [Error] [omni.physx.plugin] PhysX error: PxRigidDynamic::setLinearVelocity: Body must be non-kinematic!, FILE /builds/omniverse/physics/physx/source/physx/src/NpRigidDynamic.cpp, LINE 251
2026-07-02T20:42:43Z [140,170ms] [Error] [omni.physx.plugin] PhysX error: PxRigidDynamic::setAngularVelocity: Body must be non-kinematic!, FILE /builds/omniverse/physics/physx/source/physx/src/NpRigidDynamic.cpp, LINE 284
2026-07-02T20:42:43Z [140,171ms] [Error] [omni.physx.plugin] PhysX error: PxRigidDynamic::setLinearVelocity: Body must be non-kinematic!, FILE /builds/omniverse/physics/physx/source/physx/src/NpRigidDynamic.cpp, LINE 251
2026-07-02T20:42:43Z [140,171ms] [Error] [omni.physx.plugin] PhysX error: PxRigidDynamic::setAngularVelocity: Body must be non-kinematic!, FILE /builds/omniverse/physics/physx/source/physx/src/NpRigidDynamic.cpp, LINE 284
2026-07-02T20:42:43Z [140,171ms] [Error] [omni.physx.plugin] PhysX error: PxRigidDynamic::setLinearVelocity: Body must be non-kinematic!, FILE /builds/omniverse/physics/physx/source/physx/src/NpRigidDynamic.cpp, LINE 251
2026-07-02T20:42:43Z [140,171ms] [Error] [omni.physx.plugin] PhysX error: PxRigidDynamic::setAngularVelocity: Body must be non-kinematic!, FILE /builds/omniverse/physics/physx/source/physx/src/NpRigidDynamic.cpp, LINE 284
2026-07-02T20:42:43Z [140,172ms] [Error] [omni.physx.plugin] PhysX error: PxRigidDynamic::setLinearVelocity: Body must be non-kinematic!, FILE /builds/omniverse/physics/physx/source/physx/src/NpRigidDynamic.cpp, LINE 251
2026-07-02T20:42:43Z [140,172ms] [Error] [omni.physx.plugin] PhysX error: PxRigidDynamic::setAngularVelocity: Body must be non-kinematic!, FILE /builds/omniverse/physics/physx/source/physx/src/NpRigidDynamic.cpp, LINE 284
2026-07-02T20:42:43Z [140,172ms] [Error] [omni.physx.plugin] PhysX error: PxRigidDynamic::setLinearVelocity: Body must be non-kinematic!, FILE /builds/omniverse/physics/physx/source/physx/src/NpRigidDynamic.cpp, LINE 251
2026-07-02T20:42:43Z [140,173ms] [Error] [omni.physx.plugin] PhysX error: PxRigidDynamic::setAngularVelocity: Body must be non-kinematic!, FILE /builds/omniverse/physics/physx/source/physx/src/NpRigidDynamic.cpp, LINE 284
2026-07-02T20:42:43Z [140,173ms] [Error] [omni.physx.plugin] PhysX error: PxRigidDynamic::setLinearVelocity: Body must be non-kinematic!, FILE /builds/omniverse/physics/physx/source/physx/src/NpRigidDynamic.cpp, LINE 251
2026-07-02T20:42:43Z [140,173ms] [Error] [omni.physx.plugin] PhysX error: PxRigidDynamic::setAngularVelocity: Body must be non-kinematic!, FILE /builds/omniverse/physics/physx/source/physx/src/NpRigidDynamic.cpp, LINE 284
2026-07-02T20:42:43Z [140,174ms] [Error] [omni.physx.plugin] PhysX error: PxRigidDynamic::setLinearVelocity: Body must be non-kinematic!, FILE /builds/omniverse/physics/physx/source/physx/src/NpRigidDynamic.cpp, LINE 251
2026-07-02T20:42:43Z [140,174ms] [Error] [omni.physx.plugin] PhysX error: PxRigidDynamic::setAngularVelocity: Body must be non-kinematic!, FILE /builds/omniverse/physics/physx/source/physx/src/NpRigidDynamic.cpp, LINE 284
2026-07-02T20:42:43Z [140,174ms] [Error] [omni.physx.plugin] PhysX error: PxRigidDynamic::setLinearVelocity: Body must be non-kinematic!, FILE /builds/omniverse/physics/physx/source/physx/src/NpRigidDynamic.cpp, LINE 251
2026-07-02T20:42:43Z [140,174ms] [Error] [omni.physx.plugin] PhysX error: PxRigidDynamic::setAngularVelocity: Body must be non-kinematic!, FILE /builds/omniverse/physics/physx/source/physx/src/NpRigidDynamic.cpp, LINE 284
2026-07-02T20:42:43Z [140,175ms] [Error] [omni.physx.plugin] PhysX error: PxRigidDynamic::setLinearVelocity: Body must be non-kinematic!, FILE /builds/omniverse/physics/physx/source/physx/src/NpRigidDynamic.cpp, LINE 251
2026-07-02T20:42:43Z [140,175ms] [Error] [omni.physx.plugin] PhysX error: PxRigidDynamic::setAngularVelocity: Body must be non-kinematic!, FILE /builds/omniverse/physics/physx/source/physx/src/NpRigidDynamic.cpp, LINE 284
2026-07-02T20:42:43Z [140,175ms] [Error] [omni.physx.plugin] PhysX error: PxRigidDynamic::setLinearVelocity: Body must be non-kinematic!, FILE /builds/omniverse/physics/physx/source/physx/src/NpRigidDynamic.cpp, LINE 251
2026-07-02T20:42:43Z [140,175ms] [Error] [omni.physx.plugin] PhysX error: PxRigidDynamic::setAngularVelocity: Body must be non-kinematic!, FILE /builds/omniverse/physics/physx/source/physx/src/NpRigidDynamic.cpp, LINE 284
2026-07-02T20:42:43Z [140,177ms] [Error] [omni.physx.plugin] PhysX error: PxRigidDynamic::setLinearVelocity: Body must be non-kinematic!, FILE /builds/omniverse/physics/physx/source/physx/src/NpRigidDynamic.cpp, LINE 251
2026-07-02T20:42:43Z [140,177ms] [Error] [omni.physx.plugin] PhysX error: PxRigidDynamic::setAngularVelocity: Body must be non-kinematic!, FILE /builds/omniverse/physics/physx/source/physx/src/NpRigidDynamic.cpp, LINE 284
2026-07-02T20:42:43Z [140,178ms] [Error] [omni.physx.plugin] PhysX error: PxRigidDynamic::setLinearVelocity: Body must be non-kinematic!, FILE /builds/omniverse/physics/physx/source/physx/src/NpRigidDynamic.cpp, LINE 251
2026-07-02T20:42:43Z [140,178ms] [Error] [omni.physx.plugin] PhysX error: PxRigidDynamic::setAngularVelocity: Body must be non-kinematic!, FILE /builds/omniverse/physics/physx/source/physx/src/NpRigidDynamic.cpp, LINE 284
2026-07-02T20:42:43Z [140,178ms] [Error] [omni.physx.plugin] PhysX error: PxRigidDynamic::setLinearVelocity: Body must be non-kinematic!, FILE /builds/omniverse/physics/physx/source/physx/src/NpRigidDynamic.cpp, LINE 251
2026-07-02T20:42:43Z [140,178ms] [Error] [omni.physx.plugin] PhysX error: PxRigidDynamic::setAngularVelocity: Body must be non-kinematic!, FILE /builds/omniverse/physics/physx/source/physx/src/NpRigidDynamic.cpp, LINE 284
2026-07-02T20:42:43Z [140,179ms] [Error] [omni.physx.plugin] PhysX error: PxRigidDynamic::setLinearVelocity: Body must be non-kinematic!, FILE /builds/omniverse/physics/physx/source/physx/src/NpRigidDynamic.cpp, LINE 251
2026-07-02T20:42:43Z [140,179ms] [Error] [omni.physx.plugin] PhysX error: PxRigidDynamic::setAngularVelocity: Body must be non-kinematic!, FILE /builds/omniverse/physics/physx/source/physx/src/NpRigidDynamic.cpp, LINE 284
2026-07-02T20:42:43Z [140,180ms] [Error] [omni.physx.plugin] PhysX error: PxRigidDynamic::setLinearVelocity: Body must be non-kinematic!, FILE /builds/omniverse/physics/physx/source/physx/src/NpRigidDynamic.cpp, LINE 251
2026-07-02T20:42:43Z [140,180ms] [Error] [omni.physx.plugin] PhysX error: PxRigidDynamic::setAngularVelocity: Body must be non-kinematic!, FILE /builds/omniverse/physics/physx/source/physx/src/NpRigidDynamic.cpp, LINE 284
2026-07-02T20:42:43Z [140,180ms] [Error] [omni.physx.plugin] PhysX error: PxRigidDynamic::setLinearVelocity: Body must be non-kinematic!, FILE /builds/omniverse/physics/physx/source/physx/src/NpRigidDynamic.cpp, LINE 251
2026-07-02T20:42:43Z [140,180ms] [Error] [omni.physx.plugin] PhysX error: PxRigidDynamic::setAngularVelocity: Body must be non-kinematic!, FILE /builds/omniverse/physics/physx/source/physx/src/NpRigidDynamic.cpp, LINE 284
2026-07-02T20:42:43Z [140,181ms] [Error] [omni.physx.plugin] PhysX error: PxRigidDynamic::setLinearVelocity: Body must be non-kinematic!, FILE /builds/omniverse/physics/physx/source/physx/src/NpRigidDynamic.cpp, LINE 251
2026-07-02T20:42:43Z [140,181ms] [Error] [omni.physx.plugin] PhysX error: PxRigidDynamic::setAngularVelocity: Body must be non-kinematic!, FILE /builds/omniverse/physics/physx/source/physx/src/NpRigidDynamic.cpp, LINE 284
2026-07-02T20:42:43Z [140,181ms] [Error] [omni.physx.plugin] PhysX error: PxRigidDynamic::setLinearVelocity: Body must be non-kinematic!, FILE /builds/omniverse/physics/physx/source/physx/src/NpRigidDynamic.cpp, LINE 251
2026-07-02T20:42:43Z [140,181ms] [Error] [omni.physx.plugin] PhysX error: PxRigidDynamic::setAngularVelocity: Body must be non-kinematic!, FILE /builds/omniverse/physics/physx/source/physx/src/NpRigidDynamic.cpp, LINE 284
2026-07-02T20:42:43Z [140,182ms] [Error] [omni.physx.plugin] PhysX error: PxRigidDynamic::setLinearVelocity: Body must be non-kinematic!, FILE /builds/omniverse/physics/physx/source/physx/src/NpRigidDynamic.cpp, LINE 251
2026-07-02T20:42:43Z [140,182ms] [Error] [omni.physx.plugin] PhysX error: PxRigidDynamic::setAngularVelocity: Body must be non-kinematic!, FILE /builds/omniverse/physics/physx/source/physx/src/NpRigidDynamic.cpp, LINE 284
2026-07-02T20:42:43Z [140,182ms] [Error] [omni.physx.plugin] PhysX error: PxRigidDynamic::setLinearVelocity: Body must be non-kinematic!, FILE /builds/omniverse/physics/physx/source/physx/src/NpRigidDynamic.cpp, LINE 251
2026-07-02T20:42:43Z [140,182ms] [Error] [omni.physx.plugin] PhysX error: PxRigidDynamic::setAngularVelocity: Body must be non-kinematic!, FILE /builds/omniverse/physics/physx/source/physx/src/NpRigidDynamic.cpp, LINE 284
2026-07-02T20:42:43Z [140,183ms] [Error] [omni.physx.plugin] PhysX error: PxRigidDynamic::setLinearVelocity: Body must be non-kinematic!, FILE /builds/omniverse/physics/physx/source/physx/src/NpRigidDynamic.cpp, LINE 251
2026-07-02T20:42:43Z [140,183ms] [Error] [omni.physx.plugin] PhysX error: PxRigidDynamic::setAngularVelocity: Body must be non-kinematic!, FILE /builds/omniverse/physics/physx/source/physx/src/NpRigidDynamic.cpp, LINE 284
2026-07-02T20:42:43Z [140,185ms] [Error] [omni.physx.plugin] PhysX error: PxRigidDynamic::setLinearVelocity: Body must be non-kinematic!, FILE /builds/omniverse/physics/physx/source/physx/src/NpRigidDynamic.cpp, LINE 251
2026-07-02T20:42:43Z [140,185ms] [Error] [omni.physx.plugin] PhysX error: PxRigidDynamic::setAngularVelocity: Body must be non-kinematic!, FILE /builds/omniverse/physics/physx/source/physx/src/NpRigidDynamic.cpp, LINE 284
2026-07-02T20:42:43Z [140,186ms] [Error] [omni.physx.plugin] PhysX error: PxRigidDynamic::setLinearVelocity: Body must be non-kinematic!, FILE /builds/omniverse/physics/physx/source/physx/src/NpRigidDynamic.cpp, LINE 251
2026-07-02T20:42:43Z [140,186ms] [Error] [omni.physx.plugin] PhysX error: PxRigidDynamic::setAngularVelocity: Body must be non-kinematic!, FILE /builds/omniverse/physics/physx/source/physx/src/NpRigidDynamic.cpp, LINE 284
2026-07-02T20:42:43Z [140,187ms] [Error] [omni.physx.plugin] PhysX error: PxRigidDynamic::setLinearVelocity: Body must be non-kinematic!, FILE /builds/omniverse/physics/physx/source/physx/src/NpRigidDynamic.cpp, LINE 251
2026-07-02T20:42:43Z [140,187ms] [Error] [omni.physx.plugin] PhysX error: PxRigidDynamic::setAngularVelocity: Body must be non-kinematic!, FILE /builds/omniverse/physics/physx/source/physx/src/NpRigidDynamic.cpp, LINE 284
2026-07-02T20:42:43Z [140,187ms] [Error] [omni.physx.plugin] PhysX error: PxRigidDynamic::setLinearVelocity: Body must be non-kinematic!, FILE /builds/omniverse/physics/physx/source/physx/src/NpRigidDynamic.cpp, LINE 251
2026-07-02T20:42:43Z [140,187ms] [Error] [omni.physx.plugin] PhysX error: PxRigidDynamic::setAngularVelocity: Body must be non-kinematic!, FILE /builds/omniverse/physics/physx/source/physx/src/NpRigidDynamic.cpp, LINE 284
2026-07-02T20:42:43Z [140,188ms] [Error] [omni.physx.plugin] PhysX error: PxRigidDynamic::setLinearVelocity: Body must be non-kinematic!, FILE /builds/omniverse/physics/physx/source/physx/src/NpRigidDynamic.cpp, LINE 251
2026-07-02T20:42:43Z [140,188ms] [Error] [omni.physx.plugin] PhysX error: PxRigidDynamic::setAngularVelocity: Body must be non-kinematic!, FILE /builds/omniverse/physics/physx/source/physx/src/NpRigidDynamic.cpp, LINE 284
2026-07-02T20:42:43Z [140,189ms] [Error] [omni.physx.plugin] PhysX error: PxRigidDynamic::setLinearVelocity: Body must be non-kinematic!, FILE /builds/omniverse/physics/physx/source/physx/src/NpRigidDynamic.cpp, LINE 251
2026-07-02T20:42:43Z [140,189ms] [Error] [omni.physx.plugin] PhysX error: PxRigidDynamic::setAngularVelocity: Body must be non-kinematic!, FILE /builds/omniverse/physics/physx/source/physx/src/NpRigidDynamic.cpp, LINE 284
2026-07-02T20:42:43Z [140,189ms] [Error] [omni.physx.plugin] PhysX error: PxRigidDynamic::setLinearVelocity: Body must be non-kinematic!, FILE /builds/omniverse/physics/physx/source/physx/src/NpRigidDynamic.cpp, LINE 251
2026-07-02T20:42:43Z [140,189ms] [Error] [omni.physx.plugin] PhysX error: PxRigidDynamic::setAngularVelocity: Body must be non-kinematic!, FILE /builds/omniverse/physics/physx/source/physx/src/NpRigidDynamic.cpp, LINE 284
2026-07-02T20:42:43Z [140,190ms] [Error] [omni.physx.plugin] PhysX error: PxRigidDynamic::setLinearVelocity: Body must be non-kinematic!, FILE /builds/omniverse/physics/physx/source/physx/src/NpRigidDynamic.cpp, LINE 251
2026-07-02T20:42:43Z [140,190ms] [Error] [omni.physx.plugin] PhysX error: PxRigidDynamic::setAngularVelocity: Body must be non-kinematic!, FILE /builds/omniverse/physics/physx/source/physx/src/NpRigidDynamic.cpp, LINE 284
2026-07-02T20:42:43Z [140,191ms] [Error] [omni.physx.plugin] PhysX error: PxRigidDynamic::setLinearVelocity: Body must be non-kinematic!, FILE /builds/omniverse/physics/physx/source/physx/src/NpRigidDynamic.cpp, LINE 251
2026-07-02T20:42:43Z [140,191ms] [Error] [omni.physx.plugin] PhysX error: PxRigidDynamic::setAngularVelocity: Body must be non-kinematic!, FILE /builds/omniverse/physics/physx/source/physx/src/NpRigidDynamic.cpp, LINE 284
2026-07-02T20:42:43Z [140,191ms] [Error] [omni.physx.plugin] PhysX error: PxRigidDynamic::setLinearVelocity: Body must be non-kinematic!, FILE /builds/omniverse/physics/physx/source/physx/src/NpRigidDynamic.cpp, LINE 251
2026-07-02T20:42:43Z [140,191ms] [Error] [omni.physx.plugin] PhysX error: PxRigidDynamic::setAngularVelocity: Body must be non-kinematic!, FILE /builds/omniverse/physics/physx/source/physx/src/NpRigidDynamic.cpp, LINE 284
2026-07-02T20:42:43Z [140,192ms] [Error] [omni.physx.plugin] PhysX error: PxRigidDynamic::setLinearVelocity: Body must be non-kinematic!, FILE /builds/omniverse/physics/physx/source/physx/src/NpRigidDynamic.cpp, LINE 251
2026-07-02T20:42:43Z [140,192ms] [Error] [omni.physx.plugin] PhysX error: PxRigidDynamic::setAngularVelocity: Body must be non-kinematic!, FILE /builds/omniverse/physics/physx/source/physx/src/NpRigidDynamic.cpp, LINE 284
2026-07-02T20:42:43Z [140,192ms] [Error] [omni.physx.plugin] PhysX error: PxRigidDynamic::setLinearVelocity: Body must be non-kinematic!, FILE /builds/omniverse/physics/physx/source/physx/src/NpRigidDynamic.cpp, LINE 251
2026-07-02T20:42:43Z [140,192ms] [Error] [omni.physx.plugin] PhysX error: PxRigidDynamic::setAngularVelocity: Body must be non-kinematic!, FILE /builds/omniverse/physics/physx/source/physx/src/NpRigidDynamic.cpp, LINE 284
2026-07-02T20:42:43Z [140,193ms] [Error] [omni.physx.plugin] PhysX error: PxRigidDynamic::setLinearVelocity: Body must be non-kinematic!, FILE /builds/omniverse/physics/physx/source/physx/src/NpRigidDynamic.cpp, LINE 251
2026-07-02T20:42:43Z [140,193ms] [Error] [omni.physx.plugin] PhysX error: PxRigidDynamic::setAngularVelocity: Body must be non-kinematic!, FILE /builds/omniverse/physics/physx/source/physx/src/NpRigidDynamic.cpp, LINE 284
2026-07-02T20:42:43Z [140,194ms] [Error] [omni.physx.plugin] PhysX error: PxRigidDynamic::setLinearVelocity: Body must be non-kinematic!, FILE /builds/omniverse/physics/physx/source/physx/src/NpRigidDynamic.cpp, LINE 251
2026-07-02T20:42:43Z [140,194ms] [Error] [omni.physx.plugin] PhysX error: PxRigidDynamic::setAngularVelocity: Body must be non-kinematic!, FILE /builds/omniverse/physics/physx/source/physx/src/NpRigidDynamic.cpp, LINE 284
2026-07-02T20:42:43Z [140,206ms] [Error] [omni.physx.plugin] PhysX error: PxRigidDynamic::setLinearVelocity: Body must be non-kinematic!, FILE /builds/omniverse/physics/physx/source/physx/src/NpRigidDynamic.cpp, LINE 251
2026-07-02T20:42:43Z [140,206ms] [Error] [omni.physx.plugin] PhysX error: PxRigidDynamic::setAngularVelocity: Body must be non-kinematic!, FILE /builds/omniverse/physics/physx/source/physx/src/NpRigidDynamic.cpp, LINE 284
2026-07-02T20:42:43Z [140,206ms] [Error] [omni.physx.plugin] PhysX error: PxRigidDynamic::setLinearVelocity: Body must be non-kinematic!, FILE /builds/omniverse/physics/physx/source/physx/src/NpRigidDynamic.cpp, LINE 251
2026-07-02T20:42:43Z [140,206ms] [Error] [omni.physx.plugin] PhysX error: PxRigidDynamic::setAngularVelocity: Body must be non-kinematic!, FILE /builds/omniverse/physics/physx/source/physx/src/NpRigidDynamic.cpp, LINE 284
2026-07-02T20:42:43Z [140,207ms] [Error] [omni.physx.plugin] PhysX error: PxRigidDynamic::setLinearVelocity: Body must be non-kinematic!, FILE /builds/omniverse/physics/physx/source/physx/src/NpRigidDynamic.cpp, LINE 251
2026-07-02T20:42:43Z [140,207ms] [Error] [omni.physx.plugin] PhysX error: PxRigidDynamic::setAngularVelocity: Body must be non-kinematic!, FILE /builds/omniverse/physics/physx/source/physx/src/NpRigidDynamic.cpp, LINE 284
2026-07-02T20:42:43Z [140,207ms] [Error] [omni.physx.plugin] PhysX error: PxRigidDynamic::setLinearVelocity: Body must be non-kinematic!, FILE /builds/omniverse/physics/physx/source/physx/src/NpRigidDynamic.cpp, LINE 251
2026-07-02T20:42:43Z [140,207ms] [Error] [omni.physx.plugin] PhysX error: PxRigidDynamic::setAngularVelocity: Body must be non-kinematic!, FILE /builds/omniverse/physics/physx/source/physx/src/NpRigidDynamic.cpp, LINE 284
2026-07-02T20:42:43Z [140,208ms] [Error] [omni.physx.plugin] PhysX error: PxRigidDynamic::setLinearVelocity: Body must be non-kinematic!, FILE /builds/omniverse/physics/physx/source/physx/src/NpRigidDynamic.cpp, LINE 251
2026-07-02T20:42:43Z [140,208ms] [Error] [omni.physx.plugin] PhysX error: PxRigidDynamic::setAngularVelocity: Body must be non-kinematic!, FILE /builds/omniverse/physics/physx/source/physx/src/NpRigidDynamic.cpp, LINE 284
2026-07-02T20:42:43Z [140,208ms] [Error] [omni.physx.plugin] PhysX error: PxRigidDynamic::setLinearVelocity: Body must be non-kinematic!, FILE /builds/omniverse/physics/physx/source/physx/src/NpRigidDynamic.cpp, LINE 251
2026-07-02T20:42:43Z [140,208ms] [Error] [omni.physx.plugin] PhysX error: PxRigidDynamic::setAngularVelocity: Body must be non-kinematic!, FILE /builds/omniverse/physics/physx/source/physx/src/NpRigidDynamic.cpp, LINE 284
2026-07-02T20:42:43Z [140,209ms] [Error] [omni.physx.plugin] PhysX error: PxRigidDynamic::setLinearVelocity: Body must be non-kinematic!, FILE /builds/omniverse/physics/physx/source/physx/src/NpRigidDynamic.cpp, LINE 251
2026-07-02T20:42:43Z [140,209ms] [Error] [omni.physx.plugin] PhysX error: PxRigidDynamic::setAngularVelocity: Body must be non-kinematic!, FILE /builds/omniverse/physics/physx/source/physx/src/NpRigidDynamic.cpp, LINE 284
2026-07-02T20:42:43Z [140,209ms] [Error] [omni.physx.plugin] PhysX error: PxRigidDynamic::setLinearVelocity: Body must be non-kinematic!, FILE /builds/omniverse/physics/physx/source/physx/src/NpRigidDynamic.cpp, LINE 251
2026-07-02T20:42:43Z [140,209ms] [Error] [omni.physx.plugin] PhysX error: PxRigidDynamic::setAngularVelocity: Body must be non-kinematic!, FILE /builds/omniverse/physics/physx/source/physx/src/NpRigidDynamic.cpp, LINE 284
2026-07-02T20:42:43Z [140,209ms] [Error] [omni.physx.plugin] PhysX error: PxRigidDynamic::setLinearVelocity: Body must be non-kinematic!, FILE /builds/omniverse/physics/physx/source/physx/src/NpRigidDynamic.cpp, LINE 251
2026-07-02T20:42:43Z [140,210ms] [Error] [omni.physx.plugin] PhysX error: PxRigidDynamic::setAngularVelocity: Body must be non-kinematic!, FILE /builds/omniverse/physics/physx/source/physx/src/NpRigidDynamic.cpp, LINE 284
2026-07-02T20:42:43Z [140,210ms] [Error] [omni.physx.plugin] PhysX error: PxRigidDynamic::setLinearVelocity: Body must be non-kinematic!, FILE /builds/omniverse/physics/physx/source/physx/src/NpRigidDynamic.cpp, LINE 251
2026-07-02T20:42:43Z [140,210ms] [Error] [omni.physx.plugin] PhysX error: PxRigidDynamic::setAngularVelocity: Body must be non-kinematic!, FILE /builds/omniverse/physics/physx/source/physx/src/NpRigidDynamic.cpp, LINE 284
2026-07-02T20:42:43Z [140,210ms] [Error] [omni.physx.plugin] PhysX error: PxRigidDynamic::setLinearVelocity: Body must be non-kinematic!, FILE /builds/omniverse/physics/physx/source/physx/src/NpRigidDynamic.cpp, LINE 251
2026-07-02T20:42:43Z [140,210ms] [Error] [omni.physx.plugin] PhysX error: PxRigidDynamic::setAngularVelocity: Body must be non-kinematic!, FILE /builds/omniverse/physics/physx/source/physx/src/NpRigidDynamic.cpp, LINE 284
2026-07-02T20:42:43Z [140,211ms] [Error] [omni.physx.plugin] PhysX error: PxRigidDynamic::setLinearVelocity: Body must be non-kinematic!, FILE /builds/omniverse/physics/physx/source/physx/src/NpRigidDynamic.cpp, LINE 251
2026-07-02T20:42:43Z [140,211ms] [Error] [omni.physx.plugin] PhysX error: PxRigidDynamic::setAngularVelocity: Body must be non-kinematic!, FILE /builds/omniverse/physics/physx/source/physx/src/NpRigidDynamic.cpp, LINE 284
2026-07-02T20:42:43Z [140,211ms] [Error] [omni.physx.plugin] PhysX error: PxRigidDynamic::setLinearVelocity: Body must be non-kinematic!, FILE /builds/omniverse/physics/physx/source/physx/src/NpRigidDynamic.cpp, LINE 251
2026-07-02T20:42:43Z [140,211ms] [Error] [omni.physx.plugin] PhysX error: PxRigidDynamic::setAngularVelocity: Body must be non-kinematic!, FILE /builds/omniverse/physics/physx/source/physx/src/NpRigidDynamic.cpp, LINE 284
2026-07-02T20:42:43Z [140,212ms] [Error] [omni.physx.plugin] PhysX error: PxRigidDynamic::setLinearVelocity: Body must be non-kinematic!, FILE /builds/omniverse/physics/physx/source/physx/src/NpRigidDynamic.cpp, LINE 251
2026-07-02T20:42:43Z [140,212ms] [Error] [omni.physx.plugin] PhysX error: PxRigidDynamic::setAngularVelocity: Body must be non-kinematic!, FILE /builds/omniverse/physics/physx/source/physx/src/NpRigidDynamic.cpp, LINE 284
2026-07-02T20:42:43Z [140,212ms] [Error] [omni.physx.plugin] PhysX error: PxRigidDynamic::setLinearVelocity: Body must be non-kinematic!, FILE /builds/omniverse/physics/physx/source/physx/src/NpRigidDynamic.cpp, LINE 251
2026-07-02T20:42:43Z [140,212ms] [Error] [omni.physx.plugin] PhysX error: PxRigidDynamic::setAngularVelocity: Body must be non-kinematic!, FILE /builds/omniverse/physics/physx/source/physx/src/NpRigidDynamic.cpp, LINE 284
2026-07-02T20:42:43Z [140,213ms] [Error] [omni.physx.plugin] PhysX error: PxRigidDynamic::setLinearVelocity: Body must be non-kinematic!, FILE /builds/omniverse/physics/physx/source/physx/src/NpRigidDynamic.cpp, LINE 251
2026-07-02T20:42:43Z [140,213ms] [Error] [omni.physx.plugin] PhysX error: PxRigidDynamic::setAngularVelocity: Body must be non-kinematic!, FILE /builds/omniverse/physics/physx/source/physx/src/NpRigidDynamic.cpp, LINE 284
2026-07-02T20:42:43Z [140,213ms] [Error] [omni.physx.plugin] PhysX error: PxRigidDynamic::setLinearVelocity: Body must be non-kinematic!, FILE /builds/omniverse/physics/physx/source/physx/src/NpRigidDynamic.cpp, LINE 251
2026-07-02T20:42:43Z [140,213ms] [Error] [omni.physx.plugin] PhysX error: PxRigidDynamic::setAngularVelocity: Body must be non-kinematic!, FILE /builds/omniverse/physics/physx/source/physx/src/NpRigidDynamic.cpp, LINE 284
2026-07-02T20:42:43Z [140,214ms] [Error] [omni.physx.plugin] PhysX error: PxRigidDynamic::setLinearVelocity: Body must be non-kinematic!, FILE /builds/omniverse/physics/physx/source/physx/src/NpRigidDynamic.cpp, LINE 251
2026-07-02T20:42:43Z [140,214ms] [Error] [omni.physx.plugin] PhysX error: PxRigidDynamic::setAngularVelocity: Body must be non-kinematic!, FILE /builds/omniverse/physics/physx/source/physx/src/NpRigidDynamic.cpp, LINE 284
2026-07-02T20:42:43Z [140,214ms] [Error] [omni.physx.plugin] PhysX error: PxRigidDynamic::setLinearVelocity: Body must be non-kinematic!, FILE /builds/omniverse/physics/physx/source/physx/src/NpRigidDynamic.cpp, LINE 251
2026-07-02T20:42:43Z [140,214ms] [Error] [omni.physx.plugin] PhysX error: PxRigidDynamic::setAngularVelocity: Body must be non-kinematic!, FILE /builds/omniverse/physics/physx/source/physx/src/NpRigidDynamic.cpp, LINE 284
2026-07-02T20:42:43Z [140,214ms] [Error] [omni.physx.plugin] PhysX error: PxRigidDynamic::setLinearVelocity: Body must be non-kinematic!, FILE /builds/omniverse/physics/physx/source/physx/src/NpRigidDynamic.cpp, LINE 251
2026-07-02T20:42:43Z [140,215ms] [Error] [omni.physx.plugin] PhysX error: PxRigidDynamic::setAngularVelocity: Body must be non-kinematic!, FILE /builds/omniverse/physics/physx/source/physx/src/NpRigidDynamic.cpp, LINE 284
2026-07-02T20:42:43Z [140,215ms] [Error] [omni.physx.plugin] PhysX error: PxRigidDynamic::setLinearVelocity: Body must be non-kinematic!, FILE /builds/omniverse/physics/physx/source/physx/src/NpRigidDynamic.cpp, LINE 251
2026-07-02T20:42:43Z [140,215ms] [Error] [omni.physx.plugin] PhysX error: PxRigidDynamic::setAngularVelocity: Body must be non-kinematic!, FILE /builds/omniverse/physics/physx/source/physx/src/NpRigidDynamic.cpp, LINE 284
2026-07-02T20:42:43Z [140,215ms] [Error] [omni.physx.plugin] PhysX error: PxRigidDynamic::setLinearVelocity: Body must be non-kinematic!, FILE /builds/omniverse/physics/physx/source/physx/src/NpRigidDynamic.cpp, LINE 251
2026-07-02T20:42:43Z [140,215ms] [Error] [omni.physx.plugin] PhysX error: PxRigidDynamic::setAngularVelocity: Body must be non-kinematic!, FILE /builds/omniverse/physics/physx/source/physx/src/NpRigidDynamic.cpp, LINE 284
2026-07-02T20:42:43Z [140,216ms] [Error] [omni.physx.plugin] PhysX error: PxRigidDynamic::setLinearVelocity: Body must be non-kinematic!, FILE /builds/omniverse/physics/physx/source/physx/src/NpRigidDynamic.cpp, LINE 251
2026-07-02T20:42:43Z [140,216ms] [Error] [omni.physx.plugin] PhysX error: PxRigidDynamic::setAngularVelocity: Body must be non-kinematic!, FILE /builds/omniverse/physics/physx/source/physx/src/NpRigidDynamic.cpp, LINE 284
2026-07-02T20:42:43Z [140,216ms] [Error] [omni.physx.plugin] PhysX error: PxRigidDynamic::setLinearVelocity: Body must be non-kinematic!, FILE /builds/omniverse/physics/physx/source/physx/src/NpRigidDynamic.cpp, LINE 251
2026-07-02T20:42:43Z [140,216ms] [Error] [omni.physx.plugin] PhysX error: PxRigidDynamic::setAngularVelocity: Body must be non-kinematic!, FILE /builds/omniverse/physics/physx/source/physx/src/NpRigidDynamic.cpp, LINE 284
2026-07-02T20:42:43Z [140,217ms] [Error] [omni.physx.plugin] PhysX error: PxRigidDynamic::setLinearVelocity: Body must be non-kinematic!, FILE /builds/omniverse/physics/physx/source/physx/src/NpRigidDynamic.cpp, LINE 251
2026-07-02T20:42:43Z [140,217ms] [Error] [omni.physx.plugin] PhysX error: PxRigidDynamic::setAngularVelocity: Body must be non-kinematic!, FILE /builds/omniverse/physics/physx/source/physx/src/NpRigidDynamic.cpp, LINE 284
2026-07-02T20:42:43Z [140,217ms] [Error] [omni.physx.plugin] PhysX error: PxRigidDynamic::setLinearVelocity: Body must be non-kinematic!, FILE /builds/omniverse/physics/physx/source/physx/src/NpRigidDynamic.cpp, LINE 251
2026-07-02T20:42:43Z [140,217ms] [Error] [omni.physx.plugin] PhysX error: PxRigidDynamic::setAngularVelocity: Body must be non-kinematic!, FILE /builds/omniverse/physics/physx/source/physx/src/NpRigidDynamic.cpp, LINE 284
2026-07-02T20:42:43Z [140,218ms] [Error] [omni.physx.plugin] PhysX error: PxRigidDynamic::setLinearVelocity: Body must be non-kinematic!, FILE /builds/omniverse/physics/physx/source/physx/src/NpRigidDynamic.cpp, LINE 251
2026-07-02T20:42:43Z [140,218ms] [Error] [omni.physx.plugin] PhysX error: PxRigidDynamic::setAngularVelocity: Body must be non-kinematic!, FILE /builds/omniverse/physics/physx/source/physx/src/NpRigidDynamic.cpp, LINE 284
2026-07-02T20:42:43Z [140,218ms] [Error] [omni.physx.plugin] PhysX error: PxRigidDynamic::setLinearVelocity: Body must be non-kinematic!, FILE /builds/omniverse/physics/physx/source/physx/src/NpRigidDynamic.cpp, LINE 251
2026-07-02T20:42:43Z [140,218ms] [Error] [omni.physx.plugin] PhysX error: PxRigidDynamic::setAngularVelocity: Body must be non-kinematic!, FILE /builds/omniverse/physics/physx/source/physx/src/NpRigidDynamic.cpp, LINE 284
2026-07-02T20:42:43Z [140,218ms] [Error] [omni.physx.plugin] PhysX error: PxRigidDynamic::setLinearVelocity: Body must be non-kinematic!, FILE /builds/omniverse/physics/physx/source/physx/src/NpRigidDynamic.cpp, LINE 251
2026-07-02T20:42:43Z [140,219ms] [Error] [omni.physx.plugin] PhysX error: PxRigidDynamic::setAngularVelocity: Body must be non-kinematic!, FILE /builds/omniverse/physics/physx/source/physx/src/NpRigidDynamic.cpp, LINE 284
2026-07-02T20:42:43Z [140,219ms] [Error] [omni.physx.plugin] PhysX error: PxRigidDynamic::setLinearVelocity: Body must be non-kinematic!, FILE /builds/omniverse/physics/physx/source/physx/src/NpRigidDynamic.cpp, LINE 251
2026-07-02T20:42:43Z [140,219ms] [Error] [omni.physx.plugin] PhysX error: PxRigidDynamic::setAngularVelocity: Body must be non-kinematic!, FILE /builds/omniverse/physics/physx/source/physx/src/NpRigidDynamic.cpp, LINE 284
2026-07-02T20:42:43Z [140,221ms] [Error] [omni.physx.plugin] PhysX error: PxRigidDynamic::setLinearVelocity: Body must be non-kinematic!, FILE /builds/omniverse/physics/physx/source/physx/src/NpRigidDynamic.cpp, LINE 251
2026-07-02T20:42:43Z [140,221ms] [Error] [omni.physx.plugin] PhysX error: PxRigidDynamic::setAngularVelocity: Body must be non-kinematic!, FILE /builds/omniverse/physics/physx/source/physx/src/NpRigidDynamic.cpp, LINE 284
2026-07-02T20:42:43Z [140,222ms] [Error] [omni.physx.plugin] PhysX error: PxRigidDynamic::setLinearVelocity: Body must be non-kinematic!, FILE /builds/omniverse/physics/physx/source/physx/src/NpRigidDynamic.cpp, LINE 251
2026-07-02T20:42:43Z [140,222ms] [Error] [omni.physx.plugin] PhysX error: PxRigidDynamic::setAngularVelocity: Body must be non-kinematic!, FILE /builds/omniverse/physics/physx/source/physx/src/NpRigidDynamic.cpp, LINE 284
2026-07-02T20:42:43Z [140,222ms] [Error] [omni.physx.plugin] PhysX error: PxRigidDynamic::setLinearVelocity: Body must be non-kinematic!, FILE /builds/omniverse/physics/physx/source/physx/src/NpRigidDynamic.cpp, LINE 251
2026-07-02T20:42:43Z [140,222ms] [Error] [omni.physx.plugin] PhysX error: PxRigidDynamic::setAngularVelocity: Body must be non-kinematic!, FILE /builds/omniverse/physics/physx/source/physx/src/NpRigidDynamic.cpp, LINE 284
2026-07-02T20:42:43Z [140,223ms] [Error] [omni.physx.plugin] PhysX error: PxRigidDynamic::setLinearVelocity: Body must be non-kinematic!, FILE /builds/omniverse/physics/physx/source/physx/src/NpRigidDynamic.cpp, LINE 251
2026-07-02T20:42:43Z [140,223ms] [Error] [omni.physx.plugin] PhysX error: PxRigidDynamic::setAngularVelocity: Body must be non-kinematic!, FILE /builds/omniverse/physics/physx/source/physx/src/NpRigidDynamic.cpp, LINE 284
2026-07-02T20:42:43Z [140,223ms] [Error] [omni.physx.plugin] PhysX error: PxRigidDynamic::setLinearVelocity: Body must be non-kinematic!, FILE /builds/omniverse/physics/physx/source/physx/src/NpRigidDynamic.cpp, LINE 251
2026-07-02T20:42:43Z [140,223ms] [Error] [omni.physx.plugin] PhysX error: PxRigidDynamic::setAngularVelocity: Body must be non-kinematic!, FILE /builds/omniverse/physics/physx/source/physx/src/NpRigidDynamic.cpp, LINE 284
2026-07-02T20:42:43Z [140,223ms] [Error] [omni.physx.plugin] PhysX error: PxRigidDynamic::setLinearVelocity: Body must be non-kinematic!, FILE /builds/omniverse/physics/physx/source/physx/src/NpRigidDynamic.cpp, LINE 251
2026-07-02T20:42:43Z [140,224ms] [Error] [omni.physx.plugin] PhysX error: PxRigidDynamic::setAngularVelocity: Body must be non-kinematic!, FILE /builds/omniverse/physics/physx/source/physx/src/NpRigidDynamic.cpp, LINE 284
2026-07-02T20:42:43Z [140,224ms] [Error] [omni.physx.plugin] PhysX error: PxRigidDynamic::setLinearVelocity: Body must be non-kinematic!, FILE /builds/omniverse/physics/physx/source/physx/src/NpRigidDynamic.cpp, LINE 251
2026-07-02T20:42:43Z [140,224ms] [Error] [omni.physx.plugin] PhysX error: PxRigidDynamic::setAngularVelocity: Body must be non-kinematic!, FILE /builds/omniverse/physics/physx/source/physx/src/NpRigidDynamic.cpp, LINE 284
2026-07-02T20:42:43Z [140,224ms] [Error] [omni.physx.plugin] PhysX error: PxRigidDynamic::setLinearVelocity: Body must be non-kinematic!, FILE /builds/omniverse/physics/physx/source/physx/src/NpRigidDynamic.cpp, LINE 251
2026-07-02T20:42:43Z [140,224ms] [Error] [omni.physx.plugin] PhysX error: PxRigidDynamic::setAngularVelocity: Body must be non-kinematic!, FILE /builds/omniverse/physics/physx/source/physx/src/NpRigidDynamic.cpp, LINE 284
2026-07-02T20:42:43Z [140,225ms] [Error] [omni.physx.plugin] PhysX error: PxRigidDynamic::setLinearVelocity: Body must be non-kinematic!, FILE /builds/omniverse/physics/physx/source/physx/src/NpRigidDynamic.cpp, LINE 251
2026-07-02T20:42:43Z [140,225ms] [Error] [omni.physx.plugin] PhysX error: PxRigidDynamic::setAngularVelocity: Body must be non-kinematic!, FILE /builds/omniverse/physics/physx/source/physx/src/NpRigidDynamic.cpp, LINE 284
2026-07-02T20:42:43Z [140,226ms] [Error] [omni.physx.plugin] PhysX error: PxRigidDynamic::setLinearVelocity: Body must be non-kinematic!, FILE /builds/omniverse/physics/physx/source/physx/src/NpRigidDynamic.cpp, LINE 251
2026-07-02T20:42:43Z [140,226ms] [Error] [omni.physx.plugin] PhysX error: PxRigidDynamic::setAngularVelocity: Body must be non-kinematic!, FILE /builds/omniverse/physics/physx/source/physx/src/NpRigidDynamic.cpp, LINE 284
2026-07-02T20:42:43Z [140,226ms] [Error] [omni.physx.plugin] PhysX error: PxRigidDynamic::setLinearVelocity: Body must be non-kinematic!, FILE /builds/omniverse/physics/physx/source/physx/src/NpRigidDynamic.cpp, LINE 251
2026-07-02T20:42:43Z [140,226ms] [Error] [omni.physx.plugin] PhysX error: PxRigidDynamic::setAngularVelocity: Body must be non-kinematic!, FILE /builds/omniverse/physics/physx/source/physx/src/NpRigidDynamic.cpp, LINE 284
2026-07-02T20:42:43Z [140,227ms] [Error] [omni.physx.plugin] PhysX error: PxRigidDynamic::setLinearVelocity: Body must be non-kinematic!, FILE /builds/omniverse/physics/physx/source/physx/src/NpRigidDynamic.cpp, LINE 251
2026-07-02T20:42:43Z [140,227ms] [Error] [omni.physx.plugin] PhysX error: PxRigidDynamic::setAngularVelocity: Body must be non-kinematic!, FILE /builds/omniverse/physics/physx/source/physx/src/NpRigidDynamic.cpp, LINE 284
2026-07-02T20:42:43Z [140,227ms] [Error] [omni.physx.plugin] PhysX error: PxRigidDynamic::setLinearVelocity: Body must be non-kinematic!, FILE /builds/omniverse/physics/physx/source/physx/src/NpRigidDynamic.cpp, LINE 251
2026-07-02T20:42:43Z [140,227ms] [Error] [omni.physx.plugin] PhysX error: PxRigidDynamic::setAngularVelocity: Body must be non-kinematic!, FILE /builds/omniverse/physics/physx/source/physx/src/NpRigidDynamic.cpp, LINE 284
2026-07-02T20:42:43Z [140,227ms] [Error] [omni.physx.plugin] PhysX error: PxRigidDynamic::setLinearVelocity: Body must be non-kinematic!, FILE /builds/omniverse/physics/physx/source/physx/src/NpRigidDynamic.cpp, LINE 251
2026-07-02T20:42:43Z [140,227ms] [Error] [omni.physx.plugin] PhysX error: PxRigidDynamic::setAngularVelocity: Body must be non-kinematic!, FILE /builds/omniverse/physics/physx/source/physx/src/NpRigidDynamic.cpp, LINE 284
2026-07-02T20:42:43Z [140,228ms] [Error] [omni.physx.plugin] PhysX error: PxRigidDynamic::setLinearVelocity: Body must be non-kinematic!, FILE /builds/omniverse/physics/physx/source/physx/src/NpRigidDynamic.cpp, LINE 251
2026-07-02T20:42:43Z [140,228ms] [Error] [omni.physx.plugin] PhysX error: PxRigidDynamic::setAngularVelocity: Body must be non-kinematic!, FILE /builds/omniverse/physics/physx/source/physx/src/NpRigidDynamic.cpp, LINE 284
2026-07-02T20:42:43Z [140,228ms] [Error] [omni.physx.plugin] PhysX error: PxRigidDynamic::setLinearVelocity: Body must be non-kinematic!, FILE /builds/omniverse/physics/physx/source/physx/src/NpRigidDynamic.cpp, LINE 251
2026-07-02T20:42:43Z [140,228ms] [Error] [omni.physx.plugin] PhysX error: PxRigidDynamic::setAngularVelocity: Body must be non-kinematic!, FILE /builds/omniverse/physics/physx/source/physx/src/NpRigidDynamic.cpp, LINE 284
2026-07-02T20:42:43Z [140,229ms] [Error] [omni.physx.plugin] PhysX error: PxRigidDynamic::setLinearVelocity: Body must be non-kinematic!, FILE /builds/omniverse/physics/physx/source/physx/src/NpRigidDynamic.cpp, LINE 251
2026-07-02T20:42:43Z [140,229ms] [Error] [omni.physx.plugin] PhysX error: PxRigidDynamic::setAngularVelocity: Body must be non-kinematic!, FILE /builds/omniverse/physics/physx/source/physx/src/NpRigidDynamic.cpp, LINE 284
2026-07-02T20:42:43Z [140,229ms] [Error] [omni.physx.plugin] PhysX error: PxRigidDynamic::setLinearVelocity: Body must be non-kinematic!, FILE /builds/omniverse/physics/physx/source/physx/src/NpRigidDynamic.cpp, LINE 251
2026-07-02T20:42:43Z [140,229ms] [Error] [omni.physx.plugin] PhysX error: PxRigidDynamic::setAngularVelocity: Body must be non-kinematic!, FILE /builds/omniverse/physics/physx/source/physx/src/NpRigidDynamic.cpp, LINE 284
2026-07-02T20:42:43Z [140,230ms] [Error] [omni.physx.plugin] PhysX error: PxRigidDynamic::setLinearVelocity: Body must be non-kinematic!, FILE /builds/omniverse/physics/physx/source/physx/src/NpRigidDynamic.cpp, LINE 251
2026-07-02T20:42:43Z [140,230ms] [Error] [omni.physx.plugin] PhysX error: PxRigidDynamic::setAngularVelocity: Body must be non-kinematic!, FILE /builds/omniverse/physics/physx/source/physx/src/NpRigidDynamic.cpp, LINE 284
2026-07-02T20:42:43Z [140,230ms] [Error] [omni.physx.plugin] PhysX error: PxRigidDynamic::setLinearVelocity: Body must be non-kinematic!, FILE /builds/omniverse/physics/physx/source/physx/src/NpRigidDynamic.cpp, LINE 251
2026-07-02T20:42:43Z [140,230ms] [Error] [omni.physx.plugin] PhysX error: PxRigidDynamic::setAngularVelocity: Body must be non-kinematic!, FILE /builds/omniverse/physics/physx/source/physx/src/NpRigidDynamic.cpp, LINE 284
[INFO] Pi0.5 episode 4 success=False mode=failure completed=False steps=3600 instruction='reach the onion'
[INFO] Using Python: "/home/rootalkhatib/miniconda3/envs/env_isaaclab_6_0/bin/python"
[REACHING_DONE] 2026-07-02T22:40:21+02:00
The '--headless' CLI argument is deprecated. Omit '--viz' for default headless. If config visualizers are enabled and you want to force headless, use '--viz none'.
WARNING: All log messages before absl::InitializeLog() is called are written to STDERR
E0000 00:00:1783024998.836720 2502870 descriptor_database.cc:633] File already exists in database: grpc/health/v1/health.proto
W0000 00:00:1783024998.836761 2502870 message.cc:301] Protobuf GeneratedMessageFactory: File is already registered: grpc/health/v1/health.proto
Loading user config located at: '/home/rootalkhatib/miniconda3/envs/env_isaaclab_6_0/lib/python3.12/site-packages/isaacsim/kit/data/Kit/IsaacLab/3.0/user.config.json'
2026-07-02T20:43:18Z [Info] [carb] Logging to file: /home/rootalkhatib/miniconda3/envs/env_isaaclab_6_0/lib/python3.12/site-packages/isaacsim/kit/logs/Kit/IsaacLab/3.0/kit_20260702_224318.log
2026-07-02T20:43:18Z [5ms] [Warning] [omni.ext.plugin] [ext: isaacsim.app.compatibility_check-1.1.4+110.1.2.lx64.r.cp312] Extensions config 'extension.toml' doesn't exist '/home/rootalkhatib/miniconda3/envs/env_isaaclab_6_0/lib/python3.12/site-packages/isaacsim/exts/isaacsim.app.compatibility_check-1.1.4+110.1.2.lx64.r.cp312' or '/home/rootalkhatib/miniconda3/envs/env_isaaclab_6_0/lib/python3.12/site-packages/isaacsim/exts/isaacsim.app.compatibility_check-1.1.4+110.1.2.lx64.r.cp312/config'
2026-07-02T20:43:18Z [6ms] [Warning] [omni.ext.plugin] [ext: isaaclab_visualizers] Extensions config 'extension.toml' doesn't exist '/home/rootalkhatib/IsaacLab-6.0/source/isaaclab_visualizers' or '/home/rootalkhatib/IsaacLab-6.0/source/isaaclab_visualizers/config'
2026-07-02T20:43:18Z [9ms] [Warning] [omni.ext.plugin] [ext: isaacsim.replicator.nurec_utils] Extensions config 'extension.toml' doesn't exist '/home/rootalkhatib/miniconda3/envs/env_isaaclab_6_0/lib/python3.12/site-packages/isaacsim/exts/isaacsim.replicator.nurec_utils' or '/home/rootalkhatib/miniconda3/envs/env_isaaclab_6_0/lib/python3.12/site-packages/isaacsim/exts/isaacsim.replicator.nurec_utils/config'
2026-07-02T20:43:19Z [485ms] [Warning] [omni.platforminfo.plugin] failed to open the default display.  Can't verify X Server version.

|---------------------------------------------------------------------------------------------|
| Driver Version: 595.71.05     | Graphics API: Vulkan
|=============================================================================================|
| GPU | Name                             | Active | LDA | GPU Memory | Vendor-ID | LUID       |
|     |                                  |        |     |            | Device-ID | UUID       |
|     |                                  |        |     |            | Bus-ID    |            |
|---------------------------------------------------------------------------------------------|
| 0   | NVIDIA GeForce RTX 4070 Ti SUPER | Yes: 0 |     | 16622   MB | 10de      | 0          |
|     |                                  |        |     |            | 2705      | d588fc24.. |
|     |                                  |        |     |            | a2        |            |
|=============================================================================================|
| OS: 22.04.5 LTS (Jammy Jellyfish) ubuntu, Version: 22.04.5, Kernel: 6.8.0-124-generic
| Processor: Intel(R) Xeon(R) w3-2423
| Cores: 6 | Logical Cores: 12
|---------------------------------------------------------------------------------------------|
| Total Memory (MB): 31333 | Free Memory: 23793
| Total Page/Swap (MB): 2047 | Free Page/Swap: 1425
|---------------------------------------------------------------------------------------------|
2026-07-02T20:43:19Z [1,004ms] [Warning] [omni.rtx] CPU performance profile is set to powersave. This profile sets the CPU to the lowest frequency reducing performance.
2026-07-02T20:43:19Z [1,013ms] [Warning] [omni.rtx] IOMMU is enabled.
2026-07-02T20:43:20Z [1,772ms] [Warning] [carb.windowing-glfw.plugin] GLFW initialization failed.
2026-07-02T20:43:20Z [1,772ms] [Warning] [carb] Failed to startup plugin carb.windowing-glfw.plugin (interfaces: [carb::windowing::IGLContext v1.0],[carb::windowing::IWindowing v1.5]) (impl: carb.windowing-glfw.plugin)
2026-07-02T20:43:20Z [1,853ms] [Warning] [carb.windowing-glfw.plugin] GLFW initialization failed.
2026-07-02T20:43:20Z [1,853ms] [Warning] [carb] Failed to startup plugin carb.windowing-glfw.plugin (interfaces: [carb::windowing::IGLContext v1.0],[carb::windowing::IWindowing v1.5]) (impl: carb.windowing-glfw.plugin)
2026-07-02T20:43:20Z [1,855ms] [Warning] [carb.windowing-glfw.plugin] GLFW initialization failed.
[ISAACLAB] AppLauncher initialization complete
[INFO] Connecting Pi0.5 remote runtime for pick-place rollout...
[INFO] Connected to Pi0.5 policy server metadata={}
[INFO]: Registered backend 'physx' for factory Articulation.
[INFO]: Registered backend 'physx' for factory FrameView.
[INFO]: Registered backend 'physx' for factory RigidObject.
[INFO]: Physics scene prim path: /physicsScene
[INFO]: Simulation parameters for joints in /World/envs/env_.*/Robot:
+---------------------------------------------------------------------------------------------------------------------------------------------------------------------------+
|                                                     Simulation Joint Information (Prim path: /World/envs/env_.*/Robot)                                                    |
+-------+---------------------+-----------+---------+----------+-----------------+------------------+------------------+------------------+-----------------+---------------+
| Index | Name                | Stiffness | Damping | Armature | Static Friction | Dynamic Friction | Viscous Friction | Position Limits  | Velocity Limits | Effort Limits |
+-------+---------------------+-----------+---------+----------+-----------------+------------------+------------------+------------------+-----------------+---------------+
|   0   | panda_joint1        |  400.000  |  80.000 |  0.001   |      0.000      |      0.000       |      0.000       | [-2.897, 2.897]  |      2.175      |     87.000    |
|   1   | panda_joint2        |  400.000  |  80.000 |  0.001   |      0.000      |      0.000       |      0.000       | [-1.763, 1.763]  |      2.175      |     87.000    |
|   2   | panda_joint3        |  400.000  |  80.000 |  0.001   |      0.000      |      0.000       |      0.000       | [-2.897, 2.897]  |      2.175      |     87.000    |
|   3   | panda_joint4        |  400.000  |  80.000 |  0.001   |      0.000      |      0.000       |      0.000       | [-3.072, -0.070] |      2.175      |     87.000    |
|   4   | panda_joint5        |  400.000  |  80.000 |  0.001   |      0.000      |      0.000       |      0.000       | [-2.897, 2.897]  |      2.610      |     12.000    |
|   5   | panda_joint6        |  400.000  |  80.000 |  0.001   |      0.000      |      0.000       |      0.000       | [-0.018, 3.753]  |      2.610      |     12.000    |
|   6   | panda_joint7        |  400.000  |  80.000 |  0.001   |      0.000      |      0.000       |      0.000       | [-2.897, 2.897]  |      2.610      |     12.000    |
|   7   | panda_finger_joint1 |  2.0e+03  | 100.000 |  0.000   |      0.000      |      0.000       |      0.000       |  [0.000, 0.040]  |      0.200      |    200.000    |
|   8   | panda_finger_joint2 |  2.0e+03  | 100.000 |  0.000   |      0.000      |      0.000       |      0.000       |  [0.000, 0.040]  |      0.200      |    200.000    |
+-------+---------------------+-----------+---------+----------+-----------------+------------------+------------------+------------------+-----------------+---------------+
[INFO]: Registered backend 'physx' for factory Renderer.
[INFO]: Created new renderer for simulation: IsaacRtxRenderer
[INFO]: Using renderer: IsaacRtxRenderer
[INFO]: Using renderer: IsaacRtxRenderer
[INFO] Starting Pi0.5 pick-place episode 0: instruction='pick up the can and place it in the tray', target='can', placement='tray'
2026-07-02T20:43:20Z [1,855ms] [Warning] [carb] Failed to startup plugin carb.windowing-glfw.plugin (interfaces: [carb::windowing::IGLContext v1.0],[carb::windowing::IWindowing v1.5]) (impl: carb.windowing-glfw.plugin)
2026-07-02T20:43:20Z [2,221ms] [Warning] [isaacsim.core.simulation_manager.plugin] USD stage is not available; stage-opened subscription is deferred
2026-07-02T20:43:20Z [2,221ms] [Warning] [isaacsim.core.simulation_manager.plugin] USD stage is not available; stage-opened subscription is deferred
2026-07-02T20:43:20Z [2,260ms] [Warning] [omni.log] Source: omni.hydra was already registered.
2026-07-02T20:43:21Z [2,848ms] [Warning] [pxr.Semantics] pxr.Semantics is deprecated - please use Semantics instead
2026-07-02T20:43:21Z [2,937ms] [Warning] [omni.replicator.core.scripts.extension] No material configuration file, adding configuration to material settings directly.
2026-07-02T20:43:28Z [9,554ms] [Warning] [omni.usd] Encountered USD Warnings but USD Diagnostics are currently muted. To view USD Warnings, please set the '/persistent/app/usd/muteUsdDiagnostics' setting to false in Preferences page.
2026-07-02T20:43:28Z [10,313ms] [Warning] [omni.rtx] DLSS increasing input dimensions: Render resolution of (150, 150) is below minimal input resolution of 300.
2026-07-02T20:43:29Z [10,390ms] [Warning] [omni.syntheticdata.plugin] OgnSdPostRenderVarToHost : rendervar copy from texture directly to host buffer is counter-performant. Please use copy from texture to device buffer first.
2026-07-02T20:43:29Z [10,411ms] [Error] [omni.physx.plugin] PhysX error: PxRigidDynamic::setLinearVelocity: Body must be non-kinematic!, FILE /builds/omniverse/physics/physx/source/physx/src/NpRigidDynamic.cpp, LINE 251
2026-07-02T20:43:29Z [10,411ms] [Error] [omni.physx.plugin] PhysX error: PxRigidDynamic::setAngularVelocity: Body must be non-kinematic!, FILE /builds/omniverse/physics/physx/source/physx/src/NpRigidDynamic.cpp, LINE 284
2026-07-02T20:43:29Z [10,412ms] [Error] [omni.physx.plugin] PhysX error: PxRigidDynamic::setLinearVelocity: Body must be non-kinematic!, FILE /builds/omniverse/physics/physx/source/physx/src/NpRigidDynamic.cpp, LINE 251
2026-07-02T20:43:29Z [10,412ms] [Error] [omni.physx.plugin] PhysX error: PxRigidDynamic::setAngularVelocity: Body must be non-kinematic!, FILE /builds/omniverse/physics/physx/source/physx/src/NpRigidDynamic.cpp, LINE 284
2026-07-02T20:43:29Z [10,412ms] [Error] [omni.physx.plugin] PhysX error: PxRigidDynamic::setLinearVelocity: Body must be non-kinematic!, FILE /builds/omniverse/physics/physx/source/physx/src/NpRigidDynamic.cpp, LINE 251
2026-07-02T20:43:29Z [10,413ms] [Error] [omni.physx.plugin] PhysX error: PxRigidDynamic::setAngularVelocity: Body must be non-kinematic!, FILE /builds/omniverse/physics/physx/source/physx/src/NpRigidDynamic.cpp, LINE 284
2026-07-02T20:43:29Z [10,413ms] [Error] [omni.physx.plugin] PhysX error: PxRigidDynamic::setLinearVelocity: Body must be non-kinematic!, FILE /builds/omniverse/physics/physx/source/physx/src/NpRigidDynamic.cpp, LINE 251
2026-07-02T20:43:29Z [10,413ms] [Error] [omni.physx.plugin] PhysX error: PxRigidDynamic::setAngularVelocity: Body must be non-kinematic!, FILE /builds/omniverse/physics/physx/source/physx/src/NpRigidDynamic.cpp, LINE 284
2026-07-02T20:43:29Z [10,414ms] [Error] [omni.physx.plugin] PhysX error: PxRigidDynamic::setLinearVelocity: Body must be non-kinematic!, FILE /builds/omniverse/physics/physx/source/physx/src/NpRigidDynamic.cpp, LINE 251
2026-07-02T20:43:29Z [10,414ms] [Error] [omni.physx.plugin] PhysX error: PxRigidDynamic::setAngularVelocity: Body must be non-kinematic!, FILE /builds/omniverse/physics/physx/source/physx/src/NpRigidDynamic.cpp, LINE 284
2026-07-02T20:43:29Z [10,415ms] [Error] [omni.physx.plugin] PhysX error: PxRigidDynamic::setLinearVelocity: Body must be non-kinematic!, FILE /builds/omniverse/physics/physx/source/physx/src/NpRigidDynamic.cpp, LINE 251
2026-07-02T20:43:29Z [10,415ms] [Error] [omni.physx.plugin] PhysX error: PxRigidDynamic::setAngularVelocity: Body must be non-kinematic!, FILE /builds/omniverse/physics/physx/source/physx/src/NpRigidDynamic.cpp, LINE 284
2026-07-02T20:43:29Z [10,415ms] [Error] [omni.physx.plugin] PhysX error: PxRigidDynamic::setLinearVelocity: Body must be non-kinematic!, FILE /builds/omniverse/physics/physx/source/physx/src/NpRigidDynamic.cpp, LINE 251
2026-07-02T20:43:29Z [10,415ms] [Error] [omni.physx.plugin] PhysX error: PxRigidDynamic::setAngularVelocity: Body must be non-kinematic!, FILE /builds/omniverse/physics/physx/source/physx/src/NpRigidDynamic.cpp, LINE 284
2026-07-02T20:43:29Z [10,416ms] [Error] [omni.physx.plugin] PhysX error: PxRigidDynamic::setLinearVelocity: Body must be non-kinematic!, FILE /builds/omniverse/physics/physx/source/physx/src/NpRigidDynamic.cpp, LINE 251
2026-07-02T20:43:29Z [10,416ms] [Error] [omni.physx.plugin] PhysX error: PxRigidDynamic::setAngularVelocity: Body must be non-kinematic!, FILE /builds/omniverse/physics/physx/source/physx/src/NpRigidDynamic.cpp, LINE 284
2026-07-02T20:43:29Z [10,417ms] [Error] [omni.physx.plugin] PhysX error: PxRigidDynamic::setLinearVelocity: Body must be non-kinematic!, FILE /builds/omniverse/physics/physx/source/physx/src/NpRigidDynamic.cpp, LINE 251
2026-07-02T20:43:29Z [10,417ms] [Error] [omni.physx.plugin] PhysX error: PxRigidDynamic::setAngularVelocity: Body must be non-kinematic!, FILE /builds/omniverse/physics/physx/source/physx/src/NpRigidDynamic.cpp, LINE 284
2026-07-02T20:43:29Z [10,417ms] [Error] [omni.physx.plugin] PhysX error: PxRigidDynamic::setLinearVelocity: Body must be non-kinematic!, FILE /builds/omniverse/physics/physx/source/physx/src/NpRigidDynamic.cpp, LINE 251
2026-07-02T20:43:29Z [10,418ms] [Error] [omni.physx.plugin] PhysX error: PxRigidDynamic::setAngularVelocity: Body must be non-kinematic!, FILE /builds/omniverse/physics/physx/source/physx/src/NpRigidDynamic.cpp, LINE 284
2026-07-02T20:43:29Z [10,418ms] [Error] [omni.physx.plugin] PhysX error: PxRigidDynamic::setLinearVelocity: Body must be non-kinematic!, FILE /builds/omniverse/physics/physx/source/physx/src/NpRigidDynamic.cpp, LINE 251
2026-07-02T20:43:29Z [10,418ms] [Error] [omni.physx.plugin] PhysX error: PxRigidDynamic::setAngularVelocity: Body must be non-kinematic!, FILE /builds/omniverse/physics/physx/source/physx/src/NpRigidDynamic.cpp, LINE 284
2026-07-02T20:43:29Z [10,419ms] [Error] [omni.physx.plugin] PhysX error: PxRigidDynamic::setLinearVelocity: Body must be non-kinematic!, FILE /builds/omniverse/physics/physx/source/physx/src/NpRigidDynamic.cpp, LINE 251
2026-07-02T20:43:29Z [10,419ms] [Error] [omni.physx.plugin] PhysX error: PxRigidDynamic::setAngularVelocity: Body must be non-kinematic!, FILE /builds/omniverse/physics/physx/source/physx/src/NpRigidDynamic.cpp, LINE 284
2026-07-02T20:43:29Z [10,420ms] [Error] [omni.physx.plugin] PhysX error: PxRigidDynamic::setLinearVelocity: Body must be non-kinematic!, FILE /builds/omniverse/physics/physx/source/physx/src/NpRigidDynamic.cpp, LINE 251
2026-07-02T20:43:29Z [10,420ms] [Error] [omni.physx.plugin] PhysX error: PxRigidDynamic::setAngularVelocity: Body must be non-kinematic!, FILE /builds/omniverse/physics/physx/source/physx/src/NpRigidDynamic.cpp, LINE 284
2026-07-02T20:43:29Z [10,420ms] [Error] [omni.physx.plugin] PhysX error: PxRigidDynamic::setLinearVelocity: Body must be non-kinematic!, FILE /builds/omniverse/physics/physx/source/physx/src/NpRigidDynamic.cpp, LINE 251
2026-07-02T20:43:29Z [10,420ms] [Error] [omni.physx.plugin] PhysX error: PxRigidDynamic::setAngularVelocity: Body must be non-kinematic!, FILE /builds/omniverse/physics/physx/source/physx/src/NpRigidDynamic.cpp, LINE 284
2026-07-02T20:43:29Z [10,421ms] [Error] [omni.physx.plugin] PhysX error: PxRigidDynamic::setLinearVelocity: Body must be non-kinematic!, FILE /builds/omniverse/physics/physx/source/physx/src/NpRigidDynamic.cpp, LINE 251
2026-07-02T20:43:29Z [10,421ms] [Error] [omni.physx.plugin] PhysX error: PxRigidDynamic::setAngularVelocity: Body must be non-kinematic!, FILE /builds/omniverse/physics/physx/source/physx/src/NpRigidDynamic.cpp, LINE 284
2026-07-02T20:43:29Z [10,422ms] [Error] [omni.physx.plugin] PhysX error: PxRigidDynamic::setLinearVelocity: Body must be non-kinematic!, FILE /builds/omniverse/physics/physx/source/physx/src/NpRigidDynamic.cpp, LINE 251
2026-07-02T20:43:29Z [10,422ms] [Error] [omni.physx.plugin] PhysX error: PxRigidDynamic::setAngularVelocity: Body must be non-kinematic!, FILE /builds/omniverse/physics/physx/source/physx/src/NpRigidDynamic.cpp, LINE 284
2026-07-02T20:43:29Z [10,423ms] [Error] [omni.physx.plugin] PhysX error: PxRigidDynamic::setLinearVelocity: Body must be non-kinematic!, FILE /builds/omniverse/physics/physx/source/physx/src/NpRigidDynamic.cpp, LINE 251
2026-07-02T20:43:29Z [10,423ms] [Error] [omni.physx.plugin] PhysX error: PxRigidDynamic::setAngularVelocity: Body must be non-kinematic!, FILE /builds/omniverse/physics/physx/source/physx/src/NpRigidDynamic.cpp, LINE 284
2026-07-02T20:43:29Z [10,424ms] [Error] [omni.physx.plugin] PhysX error: PxRigidDynamic::setLinearVelocity: Body must be non-kinematic!, FILE /builds/omniverse/physics/physx/source/physx/src/NpRigidDynamic.cpp, LINE 251
2026-07-02T20:43:29Z [10,424ms] [Error] [omni.physx.plugin] PhysX error: PxRigidDynamic::setAngularVelocity: Body must be non-kinematic!, FILE /builds/omniverse/physics/physx/source/physx/src/NpRigidDynamic.cpp, LINE 284
2026-07-02T20:43:29Z [10,424ms] [Error] [omni.physx.plugin] PhysX error: PxRigidDynamic::setLinearVelocity: Body must be non-kinematic!, FILE /builds/omniverse/physics/physx/source/physx/src/NpRigidDynamic.cpp, LINE 251
2026-07-02T20:43:29Z [10,424ms] [Error] [omni.physx.plugin] PhysX error: PxRigidDynamic::setAngularVelocity: Body must be non-kinematic!, FILE /builds/omniverse/physics/physx/source/physx/src/NpRigidDynamic.cpp, LINE 284
2026-07-02T20:43:29Z [10,425ms] [Error] [omni.physx.plugin] PhysX error: PxRigidDynamic::setLinearVelocity: Body must be non-kinematic!, FILE /builds/omniverse/physics/physx/source/physx/src/NpRigidDynamic.cpp, LINE 251
2026-07-02T20:43:29Z [10,425ms] [Error] [omni.physx.plugin] PhysX error: PxRigidDynamic::setAngularVelocity: Body must be non-kinematic!, FILE /builds/omniverse/physics/physx/source/physx/src/NpRigidDynamic.cpp, LINE 284
2026-07-02T20:43:29Z [10,426ms] [Error] [omni.physx.plugin] PhysX error: PxRigidDynamic::setLinearVelocity: Body must be non-kinematic!, FILE /builds/omniverse/physics/physx/source/physx/src/NpRigidDynamic.cpp, LINE 251
2026-07-02T20:43:29Z [10,426ms] [Error] [omni.physx.plugin] PhysX error: PxRigidDynamic::setAngularVelocity: Body must be non-kinematic!, FILE /builds/omniverse/physics/physx/source/physx/src/NpRigidDynamic.cpp, LINE 284
2026-07-02T20:43:29Z [10,426ms] [Error] [omni.physx.plugin] PhysX error: PxRigidDynamic::setLinearVelocity: Body must be non-kinematic!, FILE /builds/omniverse/physics/physx/source/physx/src/NpRigidDynamic.cpp, LINE 251
2026-07-02T20:43:29Z [10,426ms] [Error] [omni.physx.plugin] PhysX error: PxRigidDynamic::setAngularVelocity: Body must be non-kinematic!, FILE /builds/omniverse/physics/physx/source/physx/src/NpRigidDynamic.cpp, LINE 284
2026-07-02T20:43:29Z [10,427ms] [Error] [omni.physx.plugin] PhysX error: PxRigidDynamic::setLinearVelocity: Body must be non-kinematic!, FILE /builds/omniverse/physics/physx/source/physx/src/NpRigidDynamic.cpp, LINE 251
2026-07-02T20:43:29Z [10,427ms] [Error] [omni.physx.plugin] PhysX error: PxRigidDynamic::setAngularVelocity: Body must be non-kinematic!, FILE /builds/omniverse/physics/physx/source/physx/src/NpRigidDynamic.cpp, LINE 284
2026-07-02T20:43:29Z [10,428ms] [Error] [omni.physx.plugin] PhysX error: PxRigidDynamic::setLinearVelocity: Body must be non-kinematic!, FILE /builds/omniverse/physics/physx/source/physx/src/NpRigidDynamic.cpp, LINE 251
2026-07-02T20:43:29Z [10,428ms] [Error] [omni.physx.plugin] PhysX error: PxRigidDynamic::setAngularVelocity: Body must be non-kinematic!, FILE /builds/omniverse/physics/physx/source/physx/src/NpRigidDynamic.cpp, LINE 284
2026-07-02T20:43:29Z [10,428ms] [Error] [omni.physx.plugin] PhysX error: PxRigidDynamic::setLinearVelocity: Body must be non-kinematic!, FILE /builds/omniverse/physics/physx/source/physx/src/NpRigidDynamic.cpp, LINE 251
2026-07-02T20:43:29Z [10,428ms] [Error] [omni.physx.plugin] PhysX error: PxRigidDynamic::setAngularVelocity: Body must be non-kinematic!, FILE /builds/omniverse/physics/physx/source/physx/src/NpRigidDynamic.cpp, LINE 284
2026-07-02T20:43:29Z [10,429ms] [Error] [omni.physx.plugin] PhysX error: PxRigidDynamic::setLinearVelocity: Body must be non-kinematic!, FILE /builds/omniverse/physics/physx/source/physx/src/NpRigidDynamic.cpp, LINE 251
2026-07-02T20:43:29Z [10,429ms] [Error] [omni.physx.plugin] PhysX error: PxRigidDynamic::setAngularVelocity: Body must be non-kinematic!, FILE /builds/omniverse/physics/physx/source/physx/src/NpRigidDynamic.cpp, LINE 284
2026-07-02T20:43:29Z [10,431ms] [Error] [omni.physx.plugin] PhysX error: PxRigidDynamic::setLinearVelocity: Body must be non-kinematic!, FILE /builds/omniverse/physics/physx/source/physx/src/NpRigidDynamic.cpp, LINE 251
2026-07-02T20:43:29Z [10,431ms] [Error] [omni.physx.plugin] PhysX error: PxRigidDynamic::setAngularVelocity: Body must be non-kinematic!, FILE /builds/omniverse/physics/physx/source/physx/src/NpRigidDynamic.cpp, LINE 284
2026-07-02T20:43:29Z [10,431ms] [Error] [omni.physx.plugin] PhysX error: PxRigidDynamic::setLinearVelocity: Body must be non-kinematic!, FILE /builds/omniverse/physics/physx/source/physx/src/NpRigidDynamic.cpp, LINE 251
2026-07-02T20:43:29Z [10,431ms] [Error] [omni.physx.plugin] PhysX error: PxRigidDynamic::setAngularVelocity: Body must be non-kinematic!, FILE /builds/omniverse/physics/physx/source/physx/src/NpRigidDynamic.cpp, LINE 284
2026-07-02T20:43:29Z [10,432ms] [Error] [omni.physx.plugin] PhysX error: PxRigidDynamic::setLinearVelocity: Body must be non-kinematic!, FILE /builds/omniverse/physics/physx/source/physx/src/NpRigidDynamic.cpp, LINE 251
2026-07-02T20:43:29Z [10,432ms] [Error] [omni.physx.plugin] PhysX error: PxRigidDynamic::setAngularVelocity: Body must be non-kinematic!, FILE /builds/omniverse/physics/physx/source/physx/src/NpRigidDynamic.cpp, LINE 284
2026-07-02T20:43:29Z [10,433ms] [Error] [omni.physx.plugin] PhysX error: PxRigidDynamic::setLinearVelocity: Body must be non-kinematic!, FILE /builds/omniverse/physics/physx/source/physx/src/NpRigidDynamic.cpp, LINE 251
2026-07-02T20:43:29Z [10,433ms] [Error] [omni.physx.plugin] PhysX error: PxRigidDynamic::setAngularVelocity: Body must be non-kinematic!, FILE /builds/omniverse/physics/physx/source/physx/src/NpRigidDynamic.cpp, LINE 284
2026-07-02T20:43:29Z [10,433ms] [Error] [omni.physx.plugin] PhysX error: PxRigidDynamic::setLinearVelocity: Body must be non-kinematic!, FILE /builds/omniverse/physics/physx/source/physx/src/NpRigidDynamic.cpp, LINE 251
2026-07-02T20:43:29Z [10,433ms] [Error] [omni.physx.plugin] PhysX error: PxRigidDynamic::setAngularVelocity: Body must be non-kinematic!, FILE /builds/omniverse/physics/physx/source/physx/src/NpRigidDynamic.cpp, LINE 284
2026-07-02T20:43:29Z [10,434ms] [Error] [omni.physx.plugin] PhysX error: PxRigidDynamic::setLinearVelocity: Body must be non-kinematic!, FILE /builds/omniverse/physics/physx/source/physx/src/NpRigidDynamic.cpp, LINE 251
2026-07-02T20:43:29Z [10,434ms] [Error] [omni.physx.plugin] PhysX error: PxRigidDynamic::setAngularVelocity: Body must be non-kinematic!, FILE /builds/omniverse/physics/physx/source/physx/src/NpRigidDynamic.cpp, LINE 284
2026-07-02T20:43:29Z [10,435ms] [Error] [omni.physx.plugin] PhysX error: PxRigidDynamic::setLinearVelocity: Body must be non-kinematic!, FILE /builds/omniverse/physics/physx/source/physx/src/NpRigidDynamic.cpp, LINE 251
2026-07-02T20:43:29Z [10,435ms] [Error] [omni.physx.plugin] PhysX error: PxRigidDynamic::setAngularVelocity: Body must be non-kinematic!, FILE /builds/omniverse/physics/physx/source/physx/src/NpRigidDynamic.cpp, LINE 284
2026-07-02T20:43:29Z [10,435ms] [Error] [omni.physx.plugin] PhysX error: PxRigidDynamic::setLinearVelocity: Body must be non-kinematic!, FILE /builds/omniverse/physics/physx/source/physx/src/NpRigidDynamic.cpp, LINE 251
2026-07-02T20:43:29Z [10,435ms] [Error] [omni.physx.plugin] PhysX error: PxRigidDynamic::setAngularVelocity: Body must be non-kinematic!, FILE /builds/omniverse/physics/physx/source/physx/src/NpRigidDynamic.cpp, LINE 284
2026-07-02T20:43:29Z [10,450ms] [Error] [omni.physx.plugin] PhysX error: PxRigidDynamic::setLinearVelocity: Body must be non-kinematic!, FILE /builds/omniverse/physics/physx/source/physx/src/NpRigidDynamic.cpp, LINE 251
2026-07-02T20:43:29Z [10,450ms] [Error] [omni.physx.plugin] PhysX error: PxRigidDynamic::setAngularVelocity: Body must be non-kinematic!, FILE /builds/omniverse/physics/physx/source/physx/src/NpRigidDynamic.cpp, LINE 284
2026-07-02T20:43:29Z [10,451ms] [Error] [omni.physx.plugin] PhysX error: PxRigidDynamic::setLinearVelocity: Body must be non-kinematic!, FILE /builds/omniverse/physics/physx/source/physx/src/NpRigidDynamic.cpp, LINE 251
2026-07-02T20:43:29Z [10,451ms] [Error] [omni.physx.plugin] PhysX error: PxRigidDynamic::setAngularVelocity: Body must be non-kinematic!, FILE /builds/omniverse/physics/physx/source/physx/src/NpRigidDynamic.cpp, LINE 284
2026-07-02T20:43:29Z [10,451ms] [Error] [omni.physx.plugin] PhysX error: PxRigidDynamic::setLinearVelocity: Body must be non-kinematic!, FILE /builds/omniverse/physics/physx/source/physx/src/NpRigidDynamic.cpp, LINE 251
2026-07-02T20:43:29Z [10,451ms] [Error] [omni.physx.plugin] PhysX error: PxRigidDynamic::setAngularVelocity: Body must be non-kinematic!, FILE /builds/omniverse/physics/physx/source/physx/src/NpRigidDynamic.cpp, LINE 284
2026-07-02T20:43:29Z [10,452ms] [Error] [omni.physx.plugin] PhysX error: PxRigidDynamic::setLinearVelocity: Body must be non-kinematic!, FILE /builds/omniverse/physics/physx/source/physx/src/NpRigidDynamic.cpp, LINE 251
2026-07-02T20:43:29Z [10,452ms] [Error] [omni.physx.plugin] PhysX error: PxRigidDynamic::setAngularVelocity: Body must be non-kinematic!, FILE /builds/omniverse/physics/physx/source/physx/src/NpRigidDynamic.cpp, LINE 284
2026-07-02T20:43:29Z [10,452ms] [Error] [omni.physx.plugin] PhysX error: PxRigidDynamic::setLinearVelocity: Body must be non-kinematic!, FILE /builds/omniverse/physics/physx/source/physx/src/NpRigidDynamic.cpp, LINE 251
2026-07-02T20:43:29Z [10,452ms] [Error] [omni.physx.plugin] PhysX error: PxRigidDynamic::setAngularVelocity: Body must be non-kinematic!, FILE /builds/omniverse/physics/physx/source/physx/src/NpRigidDynamic.cpp, LINE 284
2026-07-02T20:43:29Z [10,453ms] [Error] [omni.physx.plugin] PhysX error: PxRigidDynamic::setLinearVelocity: Body must be non-kinematic!, FILE /builds/omniverse/physics/physx/source/physx/src/NpRigidDynamic.cpp, LINE 251
2026-07-02T20:43:29Z [10,453ms] [Error] [omni.physx.plugin] PhysX error: PxRigidDynamic::setAngularVelocity: Body must be non-kinematic!, FILE /builds/omniverse/physics/physx/source/physx/src/NpRigidDynamic.cpp, LINE 284
2026-07-02T20:43:29Z [10,453ms] [Error] [omni.physx.plugin] PhysX error: PxRigidDynamic::setLinearVelocity: Body must be non-kinematic!, FILE /builds/omniverse/physics/physx/source/physx/src/NpRigidDynamic.cpp, LINE 251
2026-07-02T20:43:29Z [10,453ms] [Error] [omni.physx.plugin] PhysX error: PxRigidDynamic::setAngularVelocity: Body must be non-kinematic!, FILE /builds/omniverse/physics/physx/source/physx/src/NpRigidDynamic.cpp, LINE 284
2026-07-02T20:43:29Z [10,453ms] [Error] [omni.physx.plugin] PhysX error: PxRigidDynamic::setLinearVelocity: Body must be non-kinematic!, FILE /builds/omniverse/physics/physx/source/physx/src/NpRigidDynamic.cpp, LINE 251
2026-07-02T20:43:29Z [10,453ms] [Error] [omni.physx.plugin] PhysX error: PxRigidDynamic::setAngularVelocity: Body must be non-kinematic!, FILE /builds/omniverse/physics/physx/source/physx/src/NpRigidDynamic.cpp, LINE 284
2026-07-02T20:43:29Z [10,454ms] [Error] [omni.physx.plugin] PhysX error: PxRigidDynamic::setLinearVelocity: Body must be non-kinematic!, FILE /builds/omniverse/physics/physx/source/physx/src/NpRigidDynamic.cpp, LINE 251
2026-07-02T20:43:29Z [10,454ms] [Error] [omni.physx.plugin] PhysX error: PxRigidDynamic::setAngularVelocity: Body must be non-kinematic!, FILE /builds/omniverse/physics/physx/source/physx/src/NpRigidDynamic.cpp, LINE 284
2026-07-02T20:43:29Z [10,454ms] [Error] [omni.physx.plugin] PhysX error: PxRigidDynamic::setLinearVelocity: Body must be non-kinematic!, FILE /builds/omniverse/physics/physx/source/physx/src/NpRigidDynamic.cpp, LINE 251
2026-07-02T20:43:29Z [10,454ms] [Error] [omni.physx.plugin] PhysX error: PxRigidDynamic::setAngularVelocity: Body must be non-kinematic!, FILE /builds/omniverse/physics/physx/source/physx/src/NpRigidDynamic.cpp, LINE 284
2026-07-02T20:43:29Z [10,455ms] [Error] [omni.physx.plugin] PhysX error: PxRigidDynamic::setLinearVelocity: Body must be non-kinematic!, FILE /builds/omniverse/physics/physx/source/physx/src/NpRigidDynamic.cpp, LINE 251
2026-07-02T20:43:29Z [10,455ms] [Error] [omni.physx.plugin] PhysX error: PxRigidDynamic::setAngularVelocity: Body must be non-kinematic!, FILE /builds/omniverse/physics/physx/source/physx/src/NpRigidDynamic.cpp, LINE 284
2026-07-02T20:43:29Z [10,455ms] [Error] [omni.physx.plugin] PhysX error: PxRigidDynamic::setLinearVelocity: Body must be non-kinematic!, FILE /builds/omniverse/physics/physx/source/physx/src/NpRigidDynamic.cpp, LINE 251
2026-07-02T20:43:29Z [10,455ms] [Error] [omni.physx.plugin] PhysX error: PxRigidDynamic::setAngularVelocity: Body must be non-kinematic!, FILE /builds/omniverse/physics/physx/source/physx/src/NpRigidDynamic.cpp, LINE 284
2026-07-02T20:43:29Z [10,455ms] [Error] [omni.physx.plugin] PhysX error: PxRigidDynamic::setLinearVelocity: Body must be non-kinematic!, FILE /builds/omniverse/physics/physx/source/physx/src/NpRigidDynamic.cpp, LINE 251
2026-07-02T20:43:29Z [10,455ms] [Error] [omni.physx.plugin] PhysX error: PxRigidDynamic::setAngularVelocity: Body must be non-kinematic!, FILE /builds/omniverse/physics/physx/source/physx/src/NpRigidDynamic.cpp, LINE 284
2026-07-02T20:43:29Z [10,456ms] [Error] [omni.physx.plugin] PhysX error: PxRigidDynamic::setLinearVelocity: Body must be non-kinematic!, FILE /builds/omniverse/physics/physx/source/physx/src/NpRigidDynamic.cpp, LINE 251
2026-07-02T20:43:29Z [10,456ms] [Error] [omni.physx.plugin] PhysX error: PxRigidDynamic::setAngularVelocity: Body must be non-kinematic!, FILE /builds/omniverse/physics/physx/source/physx/src/NpRigidDynamic.cpp, LINE 284
2026-07-02T20:43:29Z [10,456ms] [Error] [omni.physx.plugin] PhysX error: PxRigidDynamic::setLinearVelocity: Body must be non-kinematic!, FILE /builds/omniverse/physics/physx/source/physx/src/NpRigidDynamic.cpp, LINE 251
2026-07-02T20:43:29Z [10,456ms] [Error] [omni.physx.plugin] PhysX error: PxRigidDynamic::setAngularVelocity: Body must be non-kinematic!, FILE /builds/omniverse/physics/physx/source/physx/src/NpRigidDynamic.cpp, LINE 284
2026-07-02T20:43:29Z [10,457ms] [Error] [omni.physx.plugin] PhysX error: PxRigidDynamic::setLinearVelocity: Body must be non-kinematic!, FILE /builds/omniverse/physics/physx/source/physx/src/NpRigidDynamic.cpp, LINE 251
2026-07-02T20:43:29Z [10,457ms] [Error] [omni.physx.plugin] PhysX error: PxRigidDynamic::setAngularVelocity: Body must be non-kinematic!, FILE /builds/omniverse/physics/physx/source/physx/src/NpRigidDynamic.cpp, LINE 284
2026-07-02T20:43:29Z [10,457ms] [Error] [omni.physx.plugin] PhysX error: PxRigidDynamic::setLinearVelocity: Body must be non-kinematic!, FILE /builds/omniverse/physics/physx/source/physx/src/NpRigidDynamic.cpp, LINE 251
2026-07-02T20:43:29Z [10,457ms] [Error] [omni.physx.plugin] PhysX error: PxRigidDynamic::setAngularVelocity: Body must be non-kinematic!, FILE /builds/omniverse/physics/physx/source/physx/src/NpRigidDynamic.cpp, LINE 284
2026-07-02T20:43:29Z [10,457ms] [Error] [omni.physx.plugin] PhysX error: PxRigidDynamic::setLinearVelocity: Body must be non-kinematic!, FILE /builds/omniverse/physics/physx/source/physx/src/NpRigidDynamic.cpp, LINE 251
2026-07-02T20:43:29Z [10,458ms] [Error] [omni.physx.plugin] PhysX error: PxRigidDynamic::setAngularVelocity: Body must be non-kinematic!, FILE /builds/omniverse/physics/physx/source/physx/src/NpRigidDynamic.cpp, LINE 284
2026-07-02T20:43:29Z [10,458ms] [Error] [omni.physx.plugin] PhysX error: PxRigidDynamic::setLinearVelocity: Body must be non-kinematic!, FILE /builds/omniverse/physics/physx/source/physx/src/NpRigidDynamic.cpp, LINE 251
2026-07-02T20:43:29Z [10,458ms] [Error] [omni.physx.plugin] PhysX error: PxRigidDynamic::setAngularVelocity: Body must be non-kinematic!, FILE /builds/omniverse/physics/physx/source/physx/src/NpRigidDynamic.cpp, LINE 284
2026-07-02T20:43:29Z [10,458ms] [Error] [omni.physx.plugin] PhysX error: PxRigidDynamic::setLinearVelocity: Body must be non-kinematic!, FILE /builds/omniverse/physics/physx/source/physx/src/NpRigidDynamic.cpp, LINE 251
2026-07-02T20:43:29Z [10,458ms] [Error] [omni.physx.plugin] PhysX error: PxRigidDynamic::setAngularVelocity: Body must be non-kinematic!, FILE /builds/omniverse/physics/physx/source/physx/src/NpRigidDynamic.cpp, LINE 284
2026-07-02T20:43:29Z [10,459ms] [Error] [omni.physx.plugin] PhysX error: PxRigidDynamic::setLinearVelocity: Body must be non-kinematic!, FILE /builds/omniverse/physics/physx/source/physx/src/NpRigidDynamic.cpp, LINE 251
2026-07-02T20:43:29Z [10,459ms] [Error] [omni.physx.plugin] PhysX error: PxRigidDynamic::setAngularVelocity: Body must be non-kinematic!, FILE /builds/omniverse/physics/physx/source/physx/src/NpRigidDynamic.cpp, LINE 284
2026-07-02T20:43:29Z [10,459ms] [Error] [omni.physx.plugin] PhysX error: PxRigidDynamic::setLinearVelocity: Body must be non-kinematic!, FILE /builds/omniverse/physics/physx/source/physx/src/NpRigidDynamic.cpp, LINE 251
2026-07-02T20:43:29Z [10,459ms] [Error] [omni.physx.plugin] PhysX error: PxRigidDynamic::setAngularVelocity: Body must be non-kinematic!, FILE /builds/omniverse/physics/physx/source/physx/src/NpRigidDynamic.cpp, LINE 284
2026-07-02T20:43:29Z [10,460ms] [Error] [omni.physx.plugin] PhysX error: PxRigidDynamic::setLinearVelocity: Body must be non-kinematic!, FILE /builds/omniverse/physics/physx/source/physx/src/NpRigidDynamic.cpp, LINE 251
2026-07-02T20:43:29Z [10,460ms] [Error] [omni.physx.plugin] PhysX error: PxRigidDynamic::setAngularVelocity: Body must be non-kinematic!, FILE /builds/omniverse/physics/physx/source/physx/src/NpRigidDynamic.cpp, LINE 284
2026-07-02T20:43:29Z [10,460ms] [Error] [omni.physx.plugin] PhysX error: PxRigidDynamic::setLinearVelocity: Body must be non-kinematic!, FILE /builds/omniverse/physics/physx/source/physx/src/NpRigidDynamic.cpp, LINE 251
2026-07-02T20:43:29Z [10,460ms] [Error] [omni.physx.plugin] PhysX error: PxRigidDynamic::setAngularVelocity: Body must be non-kinematic!, FILE /builds/omniverse/physics/physx/source/physx/src/NpRigidDynamic.cpp, LINE 284
2026-07-02T20:43:29Z [10,460ms] [Error] [omni.physx.plugin] PhysX error: PxRigidDynamic::setLinearVelocity: Body must be non-kinematic!, FILE /builds/omniverse/physics/physx/source/physx/src/NpRigidDynamic.cpp, LINE 251
2026-07-02T20:43:29Z [10,461ms] [Error] [omni.physx.plugin] PhysX error: PxRigidDynamic::setAngularVelocity: Body must be non-kinematic!, FILE /builds/omniverse/physics/physx/source/physx/src/NpRigidDynamic.cpp, LINE 284
2026-07-02T20:43:29Z [10,461ms] [Error] [omni.physx.plugin] PhysX error: PxRigidDynamic::setLinearVelocity: Body must be non-kinematic!, FILE /builds/omniverse/physics/physx/source/physx/src/NpRigidDynamic.cpp, LINE 251
2026-07-02T20:43:29Z [10,461ms] [Error] [omni.physx.plugin] PhysX error: PxRigidDynamic::setAngularVelocity: Body must be non-kinematic!, FILE /builds/omniverse/physics/physx/source/physx/src/NpRigidDynamic.cpp, LINE 284
2026-07-02T20:43:29Z [10,462ms] [Error] [omni.physx.plugin] PhysX error: PxRigidDynamic::setLinearVelocity: Body must be non-kinematic!, FILE /builds/omniverse/physics/physx/source/physx/src/NpRigidDynamic.cpp, LINE 251
2026-07-02T20:43:29Z [10,462ms] [Error] [omni.physx.plugin] PhysX error: PxRigidDynamic::setAngularVelocity: Body must be non-kinematic!, FILE /builds/omniverse/physics/physx/source/physx/src/NpRigidDynamic.cpp, LINE 284
2026-07-02T20:43:29Z [10,462ms] [Error] [omni.physx.plugin] PhysX error: PxRigidDynamic::setLinearVelocity: Body must be non-kinematic!, FILE /builds/omniverse/physics/physx/source/physx/src/NpRigidDynamic.cpp, LINE 251
2026-07-02T20:43:29Z [10,462ms] [Error] [omni.physx.plugin] PhysX error: PxRigidDynamic::setAngularVelocity: Body must be non-kinematic!, FILE /builds/omniverse/physics/physx/source/physx/src/NpRigidDynamic.cpp, LINE 284
2026-07-02T20:43:29Z [10,463ms] [Error] [omni.physx.plugin] PhysX error: PxRigidDynamic::setLinearVelocity: Body must be non-kinematic!, FILE /builds/omniverse/physics/physx/source/physx/src/NpRigidDynamic.cpp, LINE 251
2026-07-02T20:43:29Z [10,463ms] [Error] [omni.physx.plugin] PhysX error: PxRigidDynamic::setAngularVelocity: Body must be non-kinematic!, FILE /builds/omniverse/physics/physx/source/physx/src/NpRigidDynamic.cpp, LINE 284
2026-07-02T20:43:29Z [10,463ms] [Error] [omni.physx.plugin] PhysX error: PxRigidDynamic::setLinearVelocity: Body must be non-kinematic!, FILE /builds/omniverse/physics/physx/source/physx/src/NpRigidDynamic.cpp, LINE 251
2026-07-02T20:43:29Z [10,463ms] [Error] [omni.physx.plugin] PhysX error: PxRigidDynamic::setAngularVelocity: Body must be non-kinematic!, FILE /builds/omniverse/physics/physx/source/physx/src/NpRigidDynamic.cpp, LINE 284
2026-07-02T20:43:29Z [10,463ms] [Error] [omni.physx.plugin] PhysX error: PxRigidDynamic::setLinearVelocity: Body must be non-kinematic!, FILE /builds/omniverse/physics/physx/source/physx/src/NpRigidDynamic.cpp, LINE 251
2026-07-02T20:43:29Z [10,463ms] [Error] [omni.physx.plugin] PhysX error: PxRigidDynamic::setAngularVelocity: Body must be non-kinematic!, FILE /builds/omniverse/physics/physx/source/physx/src/NpRigidDynamic.cpp, LINE 284
2026-07-02T20:43:29Z [10,464ms] [Error] [omni.physx.plugin] PhysX error: PxRigidDynamic::setLinearVelocity: Body must be non-kinematic!, FILE /builds/omniverse/physics/physx/source/physx/src/NpRigidDynamic.cpp, LINE 251
2026-07-02T20:43:29Z [10,464ms] [Error] [omni.physx.plugin] PhysX error: PxRigidDynamic::setAngularVelocity: Body must be non-kinematic!, FILE /builds/omniverse/physics/physx/source/physx/src/NpRigidDynamic.cpp, LINE 284
2026-07-02T20:43:29Z [10,464ms] [Error] [omni.physx.plugin] PhysX error: PxRigidDynamic::setLinearVelocity: Body must be non-kinematic!, FILE /builds/omniverse/physics/physx/source/physx/src/NpRigidDynamic.cpp, LINE 251
2026-07-02T20:43:29Z [10,464ms] [Error] [omni.physx.plugin] PhysX error: PxRigidDynamic::setAngularVelocity: Body must be non-kinematic!, FILE /builds/omniverse/physics/physx/source/physx/src/NpRigidDynamic.cpp, LINE 284
2026-07-02T20:43:29Z [10,465ms] [Error] [omni.physx.plugin] PhysX error: PxRigidDynamic::setLinearVelocity: Body must be non-kinematic!, FILE /builds/omniverse/physics/physx/source/physx/src/NpRigidDynamic.cpp, LINE 251
2026-07-02T20:43:29Z [10,465ms] [Error] [omni.physx.plugin] PhysX error: PxRigidDynamic::setAngularVelocity: Body must be non-kinematic!, FILE /builds/omniverse/physics/physx/source/physx/src/NpRigidDynamic.cpp, LINE 284
[INFO]: RTX streaming completed in 0.01 s.
/home/rootalkhatib/isaaclab_repo/franka_wrist_camera_isaaclab/scripts/pi05_pick_place_rollout.py:288: DeprecationWarning: The function 'set_joint_position_target' will be deprecated in a future release. Please use 'set_joint_position_target_index' instead.
  robot.set_joint_position_target(current_cmd.target_joint_pos, joint_ids=arm_joint_ids)
[INFO]: RTX streaming completed in 0.03 s.
[INFO] Pi0.5 pick-place episode 0 success=False completed=False steps=3800 instruction='pick up the can and place it in the tray'
[INFO] Starting Pi0.5 pick-place episode 1: instruction='pick up the can and place it in the basket', target='can', placement='basket'
2026-07-02T20:43:29Z [10,640ms] [Warning] [omni.kit.material.library.material_extensions] Could not initialize context menu integration: No module named 'omni.kit.context_menu'
2026-07-02T20:44:06Z [48,320ms] [Error] [omni.physx.plugin] PhysX error: PxRigidDynamic::setLinearVelocity: Body must be non-kinematic!, FILE /builds/omniverse/physics/physx/source/physx/src/NpRigidDynamic.cpp, LINE 251
2026-07-02T20:44:06Z [48,320ms] [Error] [omni.physx.plugin] PhysX error: PxRigidDynamic::setAngularVelocity: Body must be non-kinematic!, FILE /builds/omniverse/physics/physx/source/physx/src/NpRigidDynamic.cpp, LINE 284
2026-07-02T20:44:06Z [48,321ms] [Error] [omni.physx.plugin] PhysX error: PxRigidDynamic::setLinearVelocity: Body must be non-kinematic!, FILE /builds/omniverse/physics/physx/source/physx/src/NpRigidDynamic.cpp, LINE 251
2026-07-02T20:44:06Z [48,321ms] [Error] [omni.physx.plugin] PhysX error: PxRigidDynamic::setAngularVelocity: Body must be non-kinematic!, FILE /builds/omniverse/physics/physx/source/physx/src/NpRigidDynamic.cpp, LINE 284
2026-07-02T20:44:06Z [48,322ms] [Error] [omni.physx.plugin] PhysX error: PxRigidDynamic::setLinearVelocity: Body must be non-kinematic!, FILE /builds/omniverse/physics/physx/source/physx/src/NpRigidDynamic.cpp, LINE 251
2026-07-02T20:44:06Z [48,322ms] [Error] [omni.physx.plugin] PhysX error: PxRigidDynamic::setAngularVelocity: Body must be non-kinematic!, FILE /builds/omniverse/physics/physx/source/physx/src/NpRigidDynamic.cpp, LINE 284
2026-07-02T20:44:06Z [48,323ms] [Error] [omni.physx.plugin] PhysX error: PxRigidDynamic::setLinearVelocity: Body must be non-kinematic!, FILE /builds/omniverse/physics/physx/source/physx/src/NpRigidDynamic.cpp, LINE 251
2026-07-02T20:44:06Z [48,323ms] [Error] [omni.physx.plugin] PhysX error: PxRigidDynamic::setAngularVelocity: Body must be non-kinematic!, FILE /builds/omniverse/physics/physx/source/physx/src/NpRigidDynamic.cpp, LINE 284
2026-07-02T20:44:06Z [48,323ms] [Error] [omni.physx.plugin] PhysX error: PxRigidDynamic::setLinearVelocity: Body must be non-kinematic!, FILE /builds/omniverse/physics/physx/source/physx/src/NpRigidDynamic.cpp, LINE 251
2026-07-02T20:44:06Z [48,324ms] [Error] [omni.physx.plugin] PhysX error: PxRigidDynamic::setAngularVelocity: Body must be non-kinematic!, FILE /builds/omniverse/physics/physx/source/physx/src/NpRigidDynamic.cpp, LINE 284
2026-07-02T20:44:06Z [48,324ms] [Error] [omni.physx.plugin] PhysX error: PxRigidDynamic::setLinearVelocity: Body must be non-kinematic!, FILE /builds/omniverse/physics/physx/source/physx/src/NpRigidDynamic.cpp, LINE 251
2026-07-02T20:44:06Z [48,324ms] [Error] [omni.physx.plugin] PhysX error: PxRigidDynamic::setAngularVelocity: Body must be non-kinematic!, FILE /builds/omniverse/physics/physx/source/physx/src/NpRigidDynamic.cpp, LINE 284
2026-07-02T20:44:06Z [48,325ms] [Error] [omni.physx.plugin] PhysX error: PxRigidDynamic::setLinearVelocity: Body must be non-kinematic!, FILE /builds/omniverse/physics/physx/source/physx/src/NpRigidDynamic.cpp, LINE 251
2026-07-02T20:44:06Z [48,325ms] [Error] [omni.physx.plugin] PhysX error: PxRigidDynamic::setAngularVelocity: Body must be non-kinematic!, FILE /builds/omniverse/physics/physx/source/physx/src/NpRigidDynamic.cpp, LINE 284
2026-07-02T20:44:06Z [48,326ms] [Error] [omni.physx.plugin] PhysX error: PxRigidDynamic::setLinearVelocity: Body must be non-kinematic!, FILE /builds/omniverse/physics/physx/source/physx/src/NpRigidDynamic.cpp, LINE 251
2026-07-02T20:44:06Z [48,326ms] [Error] [omni.physx.plugin] PhysX error: PxRigidDynamic::setAngularVelocity: Body must be non-kinematic!, FILE /builds/omniverse/physics/physx/source/physx/src/NpRigidDynamic.cpp, LINE 284
2026-07-02T20:44:06Z [48,327ms] [Error] [omni.physx.plugin] PhysX error: PxRigidDynamic::setLinearVelocity: Body must be non-kinematic!, FILE /builds/omniverse/physics/physx/source/physx/src/NpRigidDynamic.cpp, LINE 251
2026-07-02T20:44:06Z [48,327ms] [Error] [omni.physx.plugin] PhysX error: PxRigidDynamic::setAngularVelocity: Body must be non-kinematic!, FILE /builds/omniverse/physics/physx/source/physx/src/NpRigidDynamic.cpp, LINE 284
2026-07-02T20:44:06Z [48,327ms] [Error] [omni.physx.plugin] PhysX error: PxRigidDynamic::setLinearVelocity: Body must be non-kinematic!, FILE /builds/omniverse/physics/physx/source/physx/src/NpRigidDynamic.cpp, LINE 251
2026-07-02T20:44:06Z [48,328ms] [Error] [omni.physx.plugin] PhysX error: PxRigidDynamic::setAngularVelocity: Body must be non-kinematic!, FILE /builds/omniverse/physics/physx/source/physx/src/NpRigidDynamic.cpp, LINE 284
2026-07-02T20:44:07Z [48,328ms] [Error] [omni.physx.plugin] PhysX error: PxRigidDynamic::setLinearVelocity: Body must be non-kinematic!, FILE /builds/omniverse/physics/physx/source/physx/src/NpRigidDynamic.cpp, LINE 251
2026-07-02T20:44:07Z [48,328ms] [Error] [omni.physx.plugin] PhysX error: PxRigidDynamic::setAngularVelocity: Body must be non-kinematic!, FILE /builds/omniverse/physics/physx/source/physx/src/NpRigidDynamic.cpp, LINE 284
2026-07-02T20:44:07Z [48,329ms] [Error] [omni.physx.plugin] PhysX error: PxRigidDynamic::setLinearVelocity: Body must be non-kinematic!, FILE /builds/omniverse/physics/physx/source/physx/src/NpRigidDynamic.cpp, LINE 251
2026-07-02T20:44:07Z [48,329ms] [Error] [omni.physx.plugin] PhysX error: PxRigidDynamic::setAngularVelocity: Body must be non-kinematic!, FILE /builds/omniverse/physics/physx/source/physx/src/NpRigidDynamic.cpp, LINE 284
2026-07-02T20:44:07Z [48,330ms] [Error] [omni.physx.plugin] PhysX error: PxRigidDynamic::setLinearVelocity: Body must be non-kinematic!, FILE /builds/omniverse/physics/physx/source/physx/src/NpRigidDynamic.cpp, LINE 251
2026-07-02T20:44:07Z [48,330ms] [Error] [omni.physx.plugin] PhysX error: PxRigidDynamic::setAngularVelocity: Body must be non-kinematic!, FILE /builds/omniverse/physics/physx/source/physx/src/NpRigidDynamic.cpp, LINE 284
2026-07-02T20:44:07Z [48,331ms] [Error] [omni.physx.plugin] PhysX error: PxRigidDynamic::setLinearVelocity: Body must be non-kinematic!, FILE /builds/omniverse/physics/physx/source/physx/src/NpRigidDynamic.cpp, LINE 251
2026-07-02T20:44:07Z [48,331ms] [Error] [omni.physx.plugin] PhysX error: PxRigidDynamic::setAngularVelocity: Body must be non-kinematic!, FILE /builds/omniverse/physics/physx/source/physx/src/NpRigidDynamic.cpp, LINE 284
2026-07-02T20:44:07Z [48,331ms] [Error] [omni.physx.plugin] PhysX error: PxRigidDynamic::setLinearVelocity: Body must be non-kinematic!, FILE /builds/omniverse/physics/physx/source/physx/src/NpRigidDynamic.cpp, LINE 251
2026-07-02T20:44:07Z [48,332ms] [Error] [omni.physx.plugin] PhysX error: PxRigidDynamic::setAngularVelocity: Body must be non-kinematic!, FILE /builds/omniverse/physics/physx/source/physx/src/NpRigidDynamic.cpp, LINE 284
2026-07-02T20:44:07Z [48,332ms] [Error] [omni.physx.plugin] PhysX error: PxRigidDynamic::setLinearVelocity: Body must be non-kinematic!, FILE /builds/omniverse/physics/physx/source/physx/src/NpRigidDynamic.cpp, LINE 251
2026-07-02T20:44:07Z [48,332ms] [Error] [omni.physx.plugin] PhysX error: PxRigidDynamic::setAngularVelocity: Body must be non-kinematic!, FILE /builds/omniverse/physics/physx/source/physx/src/NpRigidDynamic.cpp, LINE 284
2026-07-02T20:44:07Z [48,335ms] [Error] [omni.physx.plugin] PhysX error: PxRigidDynamic::setLinearVelocity: Body must be non-kinematic!, FILE /builds/omniverse/physics/physx/source/physx/src/NpRigidDynamic.cpp, LINE 251
2026-07-02T20:44:07Z [48,335ms] [Error] [omni.physx.plugin] PhysX error: PxRigidDynamic::setAngularVelocity: Body must be non-kinematic!, FILE /builds/omniverse/physics/physx/source/physx/src/NpRigidDynamic.cpp, LINE 284
2026-07-02T20:44:07Z [48,336ms] [Error] [omni.physx.plugin] PhysX error: PxRigidDynamic::setLinearVelocity: Body must be non-kinematic!, FILE /builds/omniverse/physics/physx/source/physx/src/NpRigidDynamic.cpp, LINE 251
2026-07-02T20:44:07Z [48,336ms] [Error] [omni.physx.plugin] PhysX error: PxRigidDynamic::setAngularVelocity: Body must be non-kinematic!, FILE /builds/omniverse/physics/physx/source/physx/src/NpRigidDynamic.cpp, LINE 284
2026-07-02T20:44:07Z [48,337ms] [Error] [omni.physx.plugin] PhysX error: PxRigidDynamic::setLinearVelocity: Body must be non-kinematic!, FILE /builds/omniverse/physics/physx/source/physx/src/NpRigidDynamic.cpp, LINE 251
2026-07-02T20:44:07Z [48,337ms] [Error] [omni.physx.plugin] PhysX error: PxRigidDynamic::setAngularVelocity: Body must be non-kinematic!, FILE /builds/omniverse/physics/physx/source/physx/src/NpRigidDynamic.cpp, LINE 284
2026-07-02T20:44:07Z [48,342ms] [Error] [omni.physx.plugin] PhysX error: PxRigidDynamic::setLinearVelocity: Body must be non-kinematic!, FILE /builds/omniverse/physics/physx/source/physx/src/NpRigidDynamic.cpp, LINE 251
2026-07-02T20:44:07Z [48,342ms] [Error] [omni.physx.plugin] PhysX error: PxRigidDynamic::setAngularVelocity: Body must be non-kinematic!, FILE /builds/omniverse/physics/physx/source/physx/src/NpRigidDynamic.cpp, LINE 284
2026-07-02T20:44:07Z [48,343ms] [Error] [omni.physx.plugin] PhysX error: PxRigidDynamic::setLinearVelocity: Body must be non-kinematic!, FILE /builds/omniverse/physics/physx/source/physx/src/NpRigidDynamic.cpp, LINE 251
2026-07-02T20:44:07Z [48,343ms] [Error] [omni.physx.plugin] PhysX error: PxRigidDynamic::setAngularVelocity: Body must be non-kinematic!, FILE /builds/omniverse/physics/physx/source/physx/src/NpRigidDynamic.cpp, LINE 284
2026-07-02T20:44:07Z [48,344ms] [Error] [omni.physx.plugin] PhysX error: PxRigidDynamic::setLinearVelocity: Body must be non-kinematic!, FILE /builds/omniverse/physics/physx/source/physx/src/NpRigidDynamic.cpp, LINE 251
2026-07-02T20:44:07Z [48,344ms] [Error] [omni.physx.plugin] PhysX error: PxRigidDynamic::setAngularVelocity: Body must be non-kinematic!, FILE /builds/omniverse/physics/physx/source/physx/src/NpRigidDynamic.cpp, LINE 284
2026-07-02T20:44:07Z [48,346ms] [Error] [omni.physx.plugin] PhysX error: PxRigidDynamic::setLinearVelocity: Body must be non-kinematic!, FILE /builds/omniverse/physics/physx/source/physx/src/NpRigidDynamic.cpp, LINE 251
2026-07-02T20:44:07Z [48,347ms] [Error] [omni.physx.plugin] PhysX error: PxRigidDynamic::setAngularVelocity: Body must be non-kinematic!, FILE /builds/omniverse/physics/physx/source/physx/src/NpRigidDynamic.cpp, LINE 284
2026-07-02T20:44:07Z [48,348ms] [Error] [omni.physx.plugin] PhysX error: PxRigidDynamic::setLinearVelocity: Body must be non-kinematic!, FILE /builds/omniverse/physics/physx/source/physx/src/NpRigidDynamic.cpp, LINE 251
2026-07-02T20:44:07Z [48,348ms] [Error] [omni.physx.plugin] PhysX error: PxRigidDynamic::setAngularVelocity: Body must be non-kinematic!, FILE /builds/omniverse/physics/physx/source/physx/src/NpRigidDynamic.cpp, LINE 284
2026-07-02T20:44:07Z [48,349ms] [Error] [omni.physx.plugin] PhysX error: PxRigidDynamic::setLinearVelocity: Body must be non-kinematic!, FILE /builds/omniverse/physics/physx/source/physx/src/NpRigidDynamic.cpp, LINE 251
2026-07-02T20:44:07Z [48,349ms] [Error] [omni.physx.plugin] PhysX error: PxRigidDynamic::setAngularVelocity: Body must be non-kinematic!, FILE /builds/omniverse/physics/physx/source/physx/src/NpRigidDynamic.cpp, LINE 284
2026-07-02T20:44:07Z [48,350ms] [Error] [omni.physx.plugin] PhysX error: PxRigidDynamic::setLinearVelocity: Body must be non-kinematic!, FILE /builds/omniverse/physics/physx/source/physx/src/NpRigidDynamic.cpp, LINE 251
2026-07-02T20:44:07Z [48,350ms] [Error] [omni.physx.plugin] PhysX error: PxRigidDynamic::setAngularVelocity: Body must be non-kinematic!, FILE /builds/omniverse/physics/physx/source/physx/src/NpRigidDynamic.cpp, LINE 284
2026-07-02T20:44:07Z [48,350ms] [Error] [omni.physx.plugin] PhysX error: PxRigidDynamic::setLinearVelocity: Body must be non-kinematic!, FILE /builds/omniverse/physics/physx/source/physx/src/NpRigidDynamic.cpp, LINE 251
2026-07-02T20:44:07Z [48,350ms] [Error] [omni.physx.plugin] PhysX error: PxRigidDynamic::setAngularVelocity: Body must be non-kinematic!, FILE /builds/omniverse/physics/physx/source/physx/src/NpRigidDynamic.cpp, LINE 284
2026-07-02T20:44:07Z [48,351ms] [Error] [omni.physx.plugin] PhysX error: PxRigidDynamic::setLinearVelocity: Body must be non-kinematic!, FILE /builds/omniverse/physics/physx/source/physx/src/NpRigidDynamic.cpp, LINE 251
2026-07-02T20:44:07Z [48,351ms] [Error] [omni.physx.plugin] PhysX error: PxRigidDynamic::setAngularVelocity: Body must be non-kinematic!, FILE /builds/omniverse/physics/physx/source/physx/src/NpRigidDynamic.cpp, LINE 284
2026-07-02T20:44:07Z [48,351ms] [Error] [omni.physx.plugin] PhysX error: PxRigidDynamic::setLinearVelocity: Body must be non-kinematic!, FILE /builds/omniverse/physics/physx/source/physx/src/NpRigidDynamic.cpp, LINE 251
2026-07-02T20:44:07Z [48,351ms] [Error] [omni.physx.plugin] PhysX error: PxRigidDynamic::setAngularVelocity: Body must be non-kinematic!, FILE /builds/omniverse/physics/physx/source/physx/src/NpRigidDynamic.cpp, LINE 284
2026-07-02T20:44:07Z [48,353ms] [Error] [omni.physx.plugin] PhysX error: PxRigidDynamic::setLinearVelocity: Body must be non-kinematic!, FILE /builds/omniverse/physics/physx/source/physx/src/NpRigidDynamic.cpp, LINE 251
2026-07-02T20:44:07Z [48,353ms] [Error] [omni.physx.plugin] PhysX error: PxRigidDynamic::setAngularVelocity: Body must be non-kinematic!, FILE /builds/omniverse/physics/physx/source/physx/src/NpRigidDynamic.cpp, LINE 284
2026-07-02T20:44:07Z [48,353ms] [Error] [omni.physx.plugin] PhysX error: PxRigidDynamic::setLinearVelocity: Body must be non-kinematic!, FILE /builds/omniverse/physics/physx/source/physx/src/NpRigidDynamic.cpp, LINE 251
2026-07-02T20:44:07Z [48,353ms] [Error] [omni.physx.plugin] PhysX error: PxRigidDynamic::setAngularVelocity: Body must be non-kinematic!, FILE /builds/omniverse/physics/physx/source/physx/src/NpRigidDynamic.cpp, LINE 284
2026-07-02T20:44:07Z [48,354ms] [Error] [omni.physx.plugin] PhysX error: PxRigidDynamic::setLinearVelocity: Body must be non-kinematic!, FILE /builds/omniverse/physics/physx/source/physx/src/NpRigidDynamic.cpp, LINE 251
2026-07-02T20:44:07Z [48,354ms] [Error] [omni.physx.plugin] PhysX error: PxRigidDynamic::setAngularVelocity: Body must be non-kinematic!, FILE /builds/omniverse/physics/physx/source/physx/src/NpRigidDynamic.cpp, LINE 284
2026-07-02T20:44:07Z [48,355ms] [Error] [omni.physx.plugin] PhysX error: PxRigidDynamic::setLinearVelocity: Body must be non-kinematic!, FILE /builds/omniverse/physics/physx/source/physx/src/NpRigidDynamic.cpp, LINE 251
2026-07-02T20:44:07Z [48,355ms] [Error] [omni.physx.plugin] PhysX error: PxRigidDynamic::setAngularVelocity: Body must be non-kinematic!, FILE /builds/omniverse/physics/physx/source/physx/src/NpRigidDynamic.cpp, LINE 284
2026-07-02T20:44:07Z [48,355ms] [Error] [omni.physx.plugin] PhysX error: PxRigidDynamic::setLinearVelocity: Body must be non-kinematic!, FILE /builds/omniverse/physics/physx/source/physx/src/NpRigidDynamic.cpp, LINE 251
2026-07-02T20:44:07Z [48,355ms] [Error] [omni.physx.plugin] PhysX error: PxRigidDynamic::setAngularVelocity: Body must be non-kinematic!, FILE /builds/omniverse/physics/physx/source/physx/src/NpRigidDynamic.cpp, LINE 284
2026-07-02T20:44:07Z [48,370ms] [Error] [omni.physx.plugin] PhysX error: PxRigidDynamic::setLinearVelocity: Body must be non-kinematic!, FILE /builds/omniverse/physics/physx/source/physx/src/NpRigidDynamic.cpp, LINE 251
2026-07-02T20:44:07Z [48,370ms] [Error] [omni.physx.plugin] PhysX error: PxRigidDynamic::setAngularVelocity: Body must be non-kinematic!, FILE /builds/omniverse/physics/physx/source/physx/src/NpRigidDynamic.cpp, LINE 284
2026-07-02T20:44:07Z [48,370ms] [Error] [omni.physx.plugin] PhysX error: PxRigidDynamic::setLinearVelocity: Body must be non-kinematic!, FILE /builds/omniverse/physics/physx/source/physx/src/NpRigidDynamic.cpp, LINE 251
2026-07-02T20:44:07Z [48,371ms] [Error] [omni.physx.plugin] PhysX error: PxRigidDynamic::setAngularVelocity: Body must be non-kinematic!, FILE /builds/omniverse/physics/physx/source/physx/src/NpRigidDynamic.cpp, LINE 284
2026-07-02T20:44:07Z [48,371ms] [Error] [omni.physx.plugin] PhysX error: PxRigidDynamic::setLinearVelocity: Body must be non-kinematic!, FILE /builds/omniverse/physics/physx/source/physx/src/NpRigidDynamic.cpp, LINE 251
2026-07-02T20:44:07Z [48,371ms] [Error] [omni.physx.plugin] PhysX error: PxRigidDynamic::setAngularVelocity: Body must be non-kinematic!, FILE /builds/omniverse/physics/physx/source/physx/src/NpRigidDynamic.cpp, LINE 284
2026-07-02T20:44:07Z [48,372ms] [Error] [omni.physx.plugin] PhysX error: PxRigidDynamic::setLinearVelocity: Body must be non-kinematic!, FILE /builds/omniverse/physics/physx/source/physx/src/NpRigidDynamic.cpp, LINE 251
2026-07-02T20:44:07Z [48,372ms] [Error] [omni.physx.plugin] PhysX error: PxRigidDynamic::setAngularVelocity: Body must be non-kinematic!, FILE /builds/omniverse/physics/physx/source/physx/src/NpRigidDynamic.cpp, LINE 284
2026-07-02T20:44:07Z [48,372ms] [Error] [omni.physx.plugin] PhysX error: PxRigidDynamic::setLinearVelocity: Body must be non-kinematic!, FILE /builds/omniverse/physics/physx/source/physx/src/NpRigidDynamic.cpp, LINE 251
2026-07-02T20:44:07Z [48,372ms] [Error] [omni.physx.plugin] PhysX error: PxRigidDynamic::setAngularVelocity: Body must be non-kinematic!, FILE /builds/omniverse/physics/physx/source/physx/src/NpRigidDynamic.cpp, LINE 284
2026-07-02T20:44:07Z [48,373ms] [Error] [omni.physx.plugin] PhysX error: PxRigidDynamic::setLinearVelocity: Body must be non-kinematic!, FILE /builds/omniverse/physics/physx/source/physx/src/NpRigidDynamic.cpp, LINE 251
2026-07-02T20:44:07Z [48,373ms] [Error] [omni.physx.plugin] PhysX error: PxRigidDynamic::setAngularVelocity: Body must be non-kinematic!, FILE /builds/omniverse/physics/physx/source/physx/src/NpRigidDynamic.cpp, LINE 284
2026-07-02T20:44:07Z [48,373ms] [Error] [omni.physx.plugin] PhysX error: PxRigidDynamic::setLinearVelocity: Body must be non-kinematic!, FILE /builds/omniverse/physics/physx/source/physx/src/NpRigidDynamic.cpp, LINE 251
2026-07-02T20:44:07Z [48,373ms] [Error] [omni.physx.plugin] PhysX error: PxRigidDynamic::setAngularVelocity: Body must be non-kinematic!, FILE /builds/omniverse/physics/physx/source/physx/src/NpRigidDynamic.cpp, LINE 284
2026-07-02T20:44:07Z [48,374ms] [Error] [omni.physx.plugin] PhysX error: PxRigidDynamic::setLinearVelocity: Body must be non-kinematic!, FILE /builds/omniverse/physics/physx/source/physx/src/NpRigidDynamic.cpp, LINE 251
2026-07-02T20:44:07Z [48,374ms] [Error] [omni.physx.plugin] PhysX error: PxRigidDynamic::setAngularVelocity: Body must be non-kinematic!, FILE /builds/omniverse/physics/physx/source/physx/src/NpRigidDynamic.cpp, LINE 284
2026-07-02T20:44:07Z [48,374ms] [Error] [omni.physx.plugin] PhysX error: PxRigidDynamic::setLinearVelocity: Body must be non-kinematic!, FILE /builds/omniverse/physics/physx/source/physx/src/NpRigidDynamic.cpp, LINE 251
2026-07-02T20:44:07Z [48,374ms] [Error] [omni.physx.plugin] PhysX error: PxRigidDynamic::setAngularVelocity: Body must be non-kinematic!, FILE /builds/omniverse/physics/physx/source/physx/src/NpRigidDynamic.cpp, LINE 284
2026-07-02T20:44:07Z [48,375ms] [Error] [omni.physx.plugin] PhysX error: PxRigidDynamic::setLinearVelocity: Body must be non-kinematic!, FILE /builds/omniverse/physics/physx/source/physx/src/NpRigidDynamic.cpp, LINE 251
2026-07-02T20:44:07Z [48,375ms] [Error] [omni.physx.plugin] PhysX error: PxRigidDynamic::setAngularVelocity: Body must be non-kinematic!, FILE /builds/omniverse/physics/physx/source/physx/src/NpRigidDynamic.cpp, LINE 284
2026-07-02T20:44:07Z [48,375ms] [Error] [omni.physx.plugin] PhysX error: PxRigidDynamic::setLinearVelocity: Body must be non-kinematic!, FILE /builds/omniverse/physics/physx/source/physx/src/NpRigidDynamic.cpp, LINE 251
2026-07-02T20:44:07Z [48,375ms] [Error] [omni.physx.plugin] PhysX error: PxRigidDynamic::setAngularVelocity: Body must be non-kinematic!, FILE /builds/omniverse/physics/physx/source/physx/src/NpRigidDynamic.cpp, LINE 284
2026-07-02T20:44:07Z [48,375ms] [Error] [omni.physx.plugin] PhysX error: PxRigidDynamic::setLinearVelocity: Body must be non-kinematic!, FILE /builds/omniverse/physics/physx/source/physx/src/NpRigidDynamic.cpp, LINE 251
2026-07-02T20:44:07Z [48,375ms] [Error] [omni.physx.plugin] PhysX error: PxRigidDynamic::setAngularVelocity: Body must be non-kinematic!, FILE /builds/omniverse/physics/physx/source/physx/src/NpRigidDynamic.cpp, LINE 284
2026-07-02T20:44:07Z [48,376ms] [Error] [omni.physx.plugin] PhysX error: PxRigidDynamic::setLinearVelocity: Body must be non-kinematic!, FILE /builds/omniverse/physics/physx/source/physx/src/NpRigidDynamic.cpp, LINE 251
2026-07-02T20:44:07Z [48,376ms] [Error] [omni.physx.plugin] PhysX error: PxRigidDynamic::setAngularVelocity: Body must be non-kinematic!, FILE /builds/omniverse/physics/physx/source/physx/src/NpRigidDynamic.cpp, LINE 284
2026-07-02T20:44:07Z [48,376ms] [Error] [omni.physx.plugin] PhysX error: PxRigidDynamic::setLinearVelocity: Body must be non-kinematic!, FILE /builds/omniverse/physics/physx/source/physx/src/NpRigidDynamic.cpp, LINE 251
2026-07-02T20:44:07Z [48,376ms] [Error] [omni.physx.plugin] PhysX error: PxRigidDynamic::setAngularVelocity: Body must be non-kinematic!, FILE /builds/omniverse/physics/physx/source/physx/src/NpRigidDynamic.cpp, LINE 284
2026-07-02T20:44:07Z [48,377ms] [Error] [omni.physx.plugin] PhysX error: PxRigidDynamic::setLinearVelocity: Body must be non-kinematic!, FILE /builds/omniverse/physics/physx/source/physx/src/NpRigidDynamic.cpp, LINE 251
2026-07-02T20:44:07Z [48,377ms] [Error] [omni.physx.plugin] PhysX error: PxRigidDynamic::setAngularVelocity: Body must be non-kinematic!, FILE /builds/omniverse/physics/physx/source/physx/src/NpRigidDynamic.cpp, LINE 284
2026-07-02T20:44:07Z [48,377ms] [Error] [omni.physx.plugin] PhysX error: PxRigidDynamic::setLinearVelocity: Body must be non-kinematic!, FILE /builds/omniverse/physics/physx/source/physx/src/NpRigidDynamic.cpp, LINE 251
2026-07-02T20:44:07Z [48,377ms] [Error] [omni.physx.plugin] PhysX error: PxRigidDynamic::setAngularVelocity: Body must be non-kinematic!, FILE /builds/omniverse/physics/physx/source/physx/src/NpRigidDynamic.cpp, LINE 284
2026-07-02T20:44:07Z [48,378ms] [Error] [omni.physx.plugin] PhysX error: PxRigidDynamic::setLinearVelocity: Body must be non-kinematic!, FILE /builds/omniverse/physics/physx/source/physx/src/NpRigidDynamic.cpp, LINE 251
2026-07-02T20:44:07Z [48,378ms] [Error] [omni.physx.plugin] PhysX error: PxRigidDynamic::setAngularVelocity: Body must be non-kinematic!, FILE /builds/omniverse/physics/physx/source/physx/src/NpRigidDynamic.cpp, LINE 284
2026-07-02T20:44:07Z [48,378ms] [Error] [omni.physx.plugin] PhysX error: PxRigidDynamic::setLinearVelocity: Body must be non-kinematic!, FILE /builds/omniverse/physics/physx/source/physx/src/NpRigidDynamic.cpp, LINE 251
2026-07-02T20:44:07Z [48,378ms] [Error] [omni.physx.plugin] PhysX error: PxRigidDynamic::setAngularVelocity: Body must be non-kinematic!, FILE /builds/omniverse/physics/physx/source/physx/src/NpRigidDynamic.cpp, LINE 284
2026-07-02T20:44:07Z [48,379ms] [Error] [omni.physx.plugin] PhysX error: PxRigidDynamic::setLinearVelocity: Body must be non-kinematic!, FILE /builds/omniverse/physics/physx/source/physx/src/NpRigidDynamic.cpp, LINE 251
2026-07-02T20:44:07Z [48,379ms] [Error] [omni.physx.plugin] PhysX error: PxRigidDynamic::setAngularVelocity: Body must be non-kinematic!, FILE /builds/omniverse/physics/physx/source/physx/src/NpRigidDynamic.cpp, LINE 284
2026-07-02T20:44:07Z [48,379ms] [Error] [omni.physx.plugin] PhysX error: PxRigidDynamic::setLinearVelocity: Body must be non-kinematic!, FILE /builds/omniverse/physics/physx/source/physx/src/NpRigidDynamic.cpp, LINE 251
2026-07-02T20:44:07Z [48,379ms] [Error] [omni.physx.plugin] PhysX error: PxRigidDynamic::setAngularVelocity: Body must be non-kinematic!, FILE /builds/omniverse/physics/physx/source/physx/src/NpRigidDynamic.cpp, LINE 284
2026-07-02T20:44:07Z [48,380ms] [Error] [omni.physx.plugin] PhysX error: PxRigidDynamic::setLinearVelocity: Body must be non-kinematic!, FILE /builds/omniverse/physics/physx/source/physx/src/NpRigidDynamic.cpp, LINE 251
2026-07-02T20:44:07Z [48,380ms] [Error] [omni.physx.plugin] PhysX error: PxRigidDynamic::setAngularVelocity: Body must be non-kinematic!, FILE /builds/omniverse/physics/physx/source/physx/src/NpRigidDynamic.cpp, LINE 284
2026-07-02T20:44:07Z [48,380ms] [Error] [omni.physx.plugin] PhysX error: PxRigidDynamic::setLinearVelocity: Body must be non-kinematic!, FILE /builds/omniverse/physics/physx/source/physx/src/NpRigidDynamic.cpp, LINE 251
2026-07-02T20:44:07Z [48,380ms] [Error] [omni.physx.plugin] PhysX error: PxRigidDynamic::setAngularVelocity: Body must be non-kinematic!, FILE /builds/omniverse/physics/physx/source/physx/src/NpRigidDynamic.cpp, LINE 284
2026-07-02T20:44:07Z [48,381ms] [Error] [omni.physx.plugin] PhysX error: PxRigidDynamic::setLinearVelocity: Body must be non-kinematic!, FILE /builds/omniverse/physics/physx/source/physx/src/NpRigidDynamic.cpp, LINE 251
2026-07-02T20:44:07Z [48,381ms] [Error] [omni.physx.plugin] PhysX error: PxRigidDynamic::setAngularVelocity: Body must be non-kinematic!, FILE /builds/omniverse/physics/physx/source/physx/src/NpRigidDynamic.cpp, LINE 284
2026-07-02T20:44:07Z [48,381ms] [Error] [omni.physx.plugin] PhysX error: PxRigidDynamic::setLinearVelocity: Body must be non-kinematic!, FILE /builds/omniverse/physics/physx/source/physx/src/NpRigidDynamic.cpp, LINE 251
2026-07-02T20:44:07Z [48,381ms] [Error] [omni.physx.plugin] PhysX error: PxRigidDynamic::setAngularVelocity: Body must be non-kinematic!, FILE /builds/omniverse/physics/physx/source/physx/src/NpRigidDynamic.cpp, LINE 284
2026-07-02T20:44:07Z [48,381ms] [Error] [omni.physx.plugin] PhysX error: PxRigidDynamic::setLinearVelocity: Body must be non-kinematic!, FILE /builds/omniverse/physics/physx/source/physx/src/NpRigidDynamic.cpp, LINE 251
2026-07-02T20:44:07Z [48,381ms] [Error] [omni.physx.plugin] PhysX error: PxRigidDynamic::setAngularVelocity: Body must be non-kinematic!, FILE /builds/omniverse/physics/physx/source/physx/src/NpRigidDynamic.cpp, LINE 284
2026-07-02T20:44:07Z [48,382ms] [Error] [omni.physx.plugin] PhysX error: PxRigidDynamic::setLinearVelocity: Body must be non-kinematic!, FILE /builds/omniverse/physics/physx/source/physx/src/NpRigidDynamic.cpp, LINE 251
2026-07-02T20:44:07Z [48,382ms] [Error] [omni.physx.plugin] PhysX error: PxRigidDynamic::setAngularVelocity: Body must be non-kinematic!, FILE /builds/omniverse/physics/physx/source/physx/src/NpRigidDynamic.cpp, LINE 284
2026-07-02T20:44:07Z [48,382ms] [Error] [omni.physx.plugin] PhysX error: PxRigidDynamic::setLinearVelocity: Body must be non-kinematic!, FILE /builds/omniverse/physics/physx/source/physx/src/NpRigidDynamic.cpp, LINE 251
2026-07-02T20:44:07Z [48,382ms] [Error] [omni.physx.plugin] PhysX error: PxRigidDynamic::setAngularVelocity: Body must be non-kinematic!, FILE /builds/omniverse/physics/physx/source/physx/src/NpRigidDynamic.cpp, LINE 284
2026-07-02T20:44:07Z [48,384ms] [Error] [omni.physx.plugin] PhysX error: PxRigidDynamic::setLinearVelocity: Body must be non-kinematic!, FILE /builds/omniverse/physics/physx/source/physx/src/NpRigidDynamic.cpp, LINE 251
2026-07-02T20:44:07Z [48,385ms] [Error] [omni.physx.plugin] PhysX error: PxRigidDynamic::setAngularVelocity: Body must be non-kinematic!, FILE /builds/omniverse/physics/physx/source/physx/src/NpRigidDynamic.cpp, LINE 284
2026-07-02T20:44:07Z [48,385ms] [Error] [omni.physx.plugin] PhysX error: PxRigidDynamic::setLinearVelocity: Body must be non-kinematic!, FILE /builds/omniverse/physics/physx/source/physx/src/NpRigidDynamic.cpp, LINE 251
2026-07-02T20:44:07Z [48,385ms] [Error] [omni.physx.plugin] PhysX error: PxRigidDynamic::setAngularVelocity: Body must be non-kinematic!, FILE /builds/omniverse/physics/physx/source/physx/src/NpRigidDynamic.cpp, LINE 284
2026-07-02T20:44:07Z [48,386ms] [Error] [omni.physx.plugin] PhysX error: PxRigidDynamic::setLinearVelocity: Body must be non-kinematic!, FILE /builds/omniverse/physics/physx/source/physx/src/NpRigidDynamic.cpp, LINE 251
2026-07-02T20:44:07Z [48,386ms] [Error] [omni.physx.plugin] PhysX error: PxRigidDynamic::setAngularVelocity: Body must be non-kinematic!, FILE /builds/omniverse/physics/physx/source/physx/src/NpRigidDynamic.cpp, LINE 284
2026-07-02T20:44:07Z [48,387ms] [Error] [omni.physx.plugin] PhysX error: PxRigidDynamic::setLinearVelocity: Body must be non-kinematic!, FILE /builds/omniverse/physics/physx/source/physx/src/NpRigidDynamic.cpp, LINE 251
2026-07-02T20:44:07Z [48,387ms] [Error] [omni.physx.plugin] PhysX error: PxRigidDynamic::setAngularVelocity: Body must be non-kinematic!, FILE /builds/omniverse/physics/physx/source/physx/src/NpRigidDynamic.cpp, LINE 284
2026-07-02T20:44:07Z [48,387ms] [Error] [omni.physx.plugin] PhysX error: PxRigidDynamic::setLinearVelocity: Body must be non-kinematic!, FILE /builds/omniverse/physics/physx/source/physx/src/NpRigidDynamic.cpp, LINE 251
2026-07-02T20:44:07Z [48,388ms] [Error] [omni.physx.plugin] PhysX error: PxRigidDynamic::setAngularVelocity: Body must be non-kinematic!, FILE /builds/omniverse/physics/physx/source/physx/src/NpRigidDynamic.cpp, LINE 284
2026-07-02T20:44:07Z [48,388ms] [Error] [omni.physx.plugin] PhysX error: PxRigidDynamic::setLinearVelocity: Body must be non-kinematic!, FILE /builds/omniverse/physics/physx/source/physx/src/NpRigidDynamic.cpp, LINE 251
2026-07-02T20:44:07Z [48,388ms] [Error] [omni.physx.plugin] PhysX error: PxRigidDynamic::setAngularVelocity: Body must be non-kinematic!, FILE /builds/omniverse/physics/physx/source/physx/src/NpRigidDynamic.cpp, LINE 284
2026-07-02T20:44:07Z [48,388ms] [Error] [omni.physx.plugin] PhysX error: PxRigidDynamic::setLinearVelocity: Body must be non-kinematic!, FILE /builds/omniverse/physics/physx/source/physx/src/NpRigidDynamic.cpp, LINE 251
2026-07-02T20:44:07Z [48,389ms] [Error] [omni.physx.plugin] PhysX error: PxRigidDynamic::setAngularVelocity: Body must be non-kinematic!, FILE /builds/omniverse/physics/physx/source/physx/src/NpRigidDynamic.cpp, LINE 284
[INFO] Pi0.5 pick-place episode 1 success=False completed=False steps=3800 instruction='pick up the can and place it in the basket'
[INFO] Starting Pi0.5 pick-place episode 2: instruction='pick up the onion and place it in the tray', target='onion', placement='tray'
2026-07-02T20:44:40Z [82,145ms] [Error] [omni.physx.plugin] PhysX error: PxRigidDynamic::setLinearVelocity: Body must be non-kinematic!, FILE /builds/omniverse/physics/physx/source/physx/src/NpRigidDynamic.cpp, LINE 251
2026-07-02T20:44:40Z [82,145ms] [Error] [omni.physx.plugin] PhysX error: PxRigidDynamic::setAngularVelocity: Body must be non-kinematic!, FILE /builds/omniverse/physics/physx/source/physx/src/NpRigidDynamic.cpp, LINE 284
2026-07-02T20:44:40Z [82,146ms] [Error] [omni.physx.plugin] PhysX error: PxRigidDynamic::setLinearVelocity: Body must be non-kinematic!, FILE /builds/omniverse/physics/physx/source/physx/src/NpRigidDynamic.cpp, LINE 251
2026-07-02T20:44:40Z [82,146ms] [Error] [omni.physx.plugin] PhysX error: PxRigidDynamic::setAngularVelocity: Body must be non-kinematic!, FILE /builds/omniverse/physics/physx/source/physx/src/NpRigidDynamic.cpp, LINE 284
2026-07-02T20:44:40Z [82,146ms] [Error] [omni.physx.plugin] PhysX error: PxRigidDynamic::setLinearVelocity: Body must be non-kinematic!, FILE /builds/omniverse/physics/physx/source/physx/src/NpRigidDynamic.cpp, LINE 251
2026-07-02T20:44:40Z [82,147ms] [Error] [omni.physx.plugin] PhysX error: PxRigidDynamic::setAngularVelocity: Body must be non-kinematic!, FILE /builds/omniverse/physics/physx/source/physx/src/NpRigidDynamic.cpp, LINE 284
2026-07-02T20:44:40Z [82,147ms] [Error] [omni.physx.plugin] PhysX error: PxRigidDynamic::setLinearVelocity: Body must be non-kinematic!, FILE /builds/omniverse/physics/physx/source/physx/src/NpRigidDynamic.cpp, LINE 251
2026-07-02T20:44:40Z [82,147ms] [Error] [omni.physx.plugin] PhysX error: PxRigidDynamic::setAngularVelocity: Body must be non-kinematic!, FILE /builds/omniverse/physics/physx/source/physx/src/NpRigidDynamic.cpp, LINE 284
2026-07-02T20:44:40Z [82,148ms] [Error] [omni.physx.plugin] PhysX error: PxRigidDynamic::setLinearVelocity: Body must be non-kinematic!, FILE /builds/omniverse/physics/physx/source/physx/src/NpRigidDynamic.cpp, LINE 251
2026-07-02T20:44:40Z [82,148ms] [Error] [omni.physx.plugin] PhysX error: PxRigidDynamic::setAngularVelocity: Body must be non-kinematic!, FILE /builds/omniverse/physics/physx/source/physx/src/NpRigidDynamic.cpp, LINE 284
2026-07-02T20:44:40Z [82,148ms] [Error] [omni.physx.plugin] PhysX error: PxRigidDynamic::setLinearVelocity: Body must be non-kinematic!, FILE /builds/omniverse/physics/physx/source/physx/src/NpRigidDynamic.cpp, LINE 251
2026-07-02T20:44:40Z [82,149ms] [Error] [omni.physx.plugin] PhysX error: PxRigidDynamic::setAngularVelocity: Body must be non-kinematic!, FILE /builds/omniverse/physics/physx/source/physx/src/NpRigidDynamic.cpp, LINE 284
2026-07-02T20:44:40Z [82,149ms] [Error] [omni.physx.plugin] PhysX error: PxRigidDynamic::setLinearVelocity: Body must be non-kinematic!, FILE /builds/omniverse/physics/physx/source/physx/src/NpRigidDynamic.cpp, LINE 251
2026-07-02T20:44:40Z [82,149ms] [Error] [omni.physx.plugin] PhysX error: PxRigidDynamic::setAngularVelocity: Body must be non-kinematic!, FILE /builds/omniverse/physics/physx/source/physx/src/NpRigidDynamic.cpp, LINE 284
2026-07-02T20:44:40Z [82,150ms] [Error] [omni.physx.plugin] PhysX error: PxRigidDynamic::setLinearVelocity: Body must be non-kinematic!, FILE /builds/omniverse/physics/physx/source/physx/src/NpRigidDynamic.cpp, LINE 251
2026-07-02T20:44:40Z [82,150ms] [Error] [omni.physx.plugin] PhysX error: PxRigidDynamic::setAngularVelocity: Body must be non-kinematic!, FILE /builds/omniverse/physics/physx/source/physx/src/NpRigidDynamic.cpp, LINE 284
2026-07-02T20:44:40Z [82,150ms] [Error] [omni.physx.plugin] PhysX error: PxRigidDynamic::setLinearVelocity: Body must be non-kinematic!, FILE /builds/omniverse/physics/physx/source/physx/src/NpRigidDynamic.cpp, LINE 251
2026-07-02T20:44:40Z [82,150ms] [Error] [omni.physx.plugin] PhysX error: PxRigidDynamic::setAngularVelocity: Body must be non-kinematic!, FILE /builds/omniverse/physics/physx/source/physx/src/NpRigidDynamic.cpp, LINE 284
2026-07-02T20:44:40Z [82,153ms] [Error] [omni.physx.plugin] PhysX error: PxRigidDynamic::setLinearVelocity: Body must be non-kinematic!, FILE /builds/omniverse/physics/physx/source/physx/src/NpRigidDynamic.cpp, LINE 251
2026-07-02T20:44:40Z [82,153ms] [Error] [omni.physx.plugin] PhysX error: PxRigidDynamic::setAngularVelocity: Body must be non-kinematic!, FILE /builds/omniverse/physics/physx/source/physx/src/NpRigidDynamic.cpp, LINE 284
2026-07-02T20:44:40Z [82,153ms] [Error] [omni.physx.plugin] PhysX error: PxRigidDynamic::setLinearVelocity: Body must be non-kinematic!, FILE /builds/omniverse/physics/physx/source/physx/src/NpRigidDynamic.cpp, LINE 251
2026-07-02T20:44:40Z [82,153ms] [Error] [omni.physx.plugin] PhysX error: PxRigidDynamic::setAngularVelocity: Body must be non-kinematic!, FILE /builds/omniverse/physics/physx/source/physx/src/NpRigidDynamic.cpp, LINE 284
2026-07-02T20:44:40Z [82,154ms] [Error] [omni.physx.plugin] PhysX error: PxRigidDynamic::setLinearVelocity: Body must be non-kinematic!, FILE /builds/omniverse/physics/physx/source/physx/src/NpRigidDynamic.cpp, LINE 251
2026-07-02T20:44:40Z [82,154ms] [Error] [omni.physx.plugin] PhysX error: PxRigidDynamic::setAngularVelocity: Body must be non-kinematic!, FILE /builds/omniverse/physics/physx/source/physx/src/NpRigidDynamic.cpp, LINE 284
2026-07-02T20:44:40Z [82,154ms] [Error] [omni.physx.plugin] PhysX error: PxRigidDynamic::setLinearVelocity: Body must be non-kinematic!, FILE /builds/omniverse/physics/physx/source/physx/src/NpRigidDynamic.cpp, LINE 251
2026-07-02T20:44:40Z [82,154ms] [Error] [omni.physx.plugin] PhysX error: PxRigidDynamic::setAngularVelocity: Body must be non-kinematic!, FILE /builds/omniverse/physics/physx/source/physx/src/NpRigidDynamic.cpp, LINE 284
2026-07-02T20:44:40Z [82,155ms] [Error] [omni.physx.plugin] PhysX error: PxRigidDynamic::setLinearVelocity: Body must be non-kinematic!, FILE /builds/omniverse/physics/physx/source/physx/src/NpRigidDynamic.cpp, LINE 251
2026-07-02T20:44:40Z [82,155ms] [Error] [omni.physx.plugin] PhysX error: PxRigidDynamic::setAngularVelocity: Body must be non-kinematic!, FILE /builds/omniverse/physics/physx/source/physx/src/NpRigidDynamic.cpp, LINE 284
2026-07-02T20:44:40Z [82,155ms] [Error] [omni.physx.plugin] PhysX error: PxRigidDynamic::setLinearVelocity: Body must be non-kinematic!, FILE /builds/omniverse/physics/physx/source/physx/src/NpRigidDynamic.cpp, LINE 251
2026-07-02T20:44:40Z [82,156ms] [Error] [omni.physx.plugin] PhysX error: PxRigidDynamic::setAngularVelocity: Body must be non-kinematic!, FILE /builds/omniverse/physics/physx/source/physx/src/NpRigidDynamic.cpp, LINE 284
2026-07-02T20:44:40Z [82,156ms] [Error] [omni.physx.plugin] PhysX error: PxRigidDynamic::setLinearVelocity: Body must be non-kinematic!, FILE /builds/omniverse/physics/physx/source/physx/src/NpRigidDynamic.cpp, LINE 251
2026-07-02T20:44:40Z [82,156ms] [Error] [omni.physx.plugin] PhysX error: PxRigidDynamic::setAngularVelocity: Body must be non-kinematic!, FILE /builds/omniverse/physics/physx/source/physx/src/NpRigidDynamic.cpp, LINE 284
2026-07-02T20:44:40Z [82,157ms] [Error] [omni.physx.plugin] PhysX error: PxRigidDynamic::setLinearVelocity: Body must be non-kinematic!, FILE /builds/omniverse/physics/physx/source/physx/src/NpRigidDynamic.cpp, LINE 251
2026-07-02T20:44:40Z [82,157ms] [Error] [omni.physx.plugin] PhysX error: PxRigidDynamic::setAngularVelocity: Body must be non-kinematic!, FILE /builds/omniverse/physics/physx/source/physx/src/NpRigidDynamic.cpp, LINE 284
2026-07-02T20:44:40Z [82,157ms] [Error] [omni.physx.plugin] PhysX error: PxRigidDynamic::setLinearVelocity: Body must be non-kinematic!, FILE /builds/omniverse/physics/physx/source/physx/src/NpRigidDynamic.cpp, LINE 251
2026-07-02T20:44:40Z [82,157ms] [Error] [omni.physx.plugin] PhysX error: PxRigidDynamic::setAngularVelocity: Body must be non-kinematic!, FILE /builds/omniverse/physics/physx/source/physx/src/NpRigidDynamic.cpp, LINE 284
2026-07-02T20:44:40Z [82,158ms] [Error] [omni.physx.plugin] PhysX error: PxRigidDynamic::setLinearVelocity: Body must be non-kinematic!, FILE /builds/omniverse/physics/physx/source/physx/src/NpRigidDynamic.cpp, LINE 251
2026-07-02T20:44:40Z [82,158ms] [Error] [omni.physx.plugin] PhysX error: PxRigidDynamic::setAngularVelocity: Body must be non-kinematic!, FILE /builds/omniverse/physics/physx/source/physx/src/NpRigidDynamic.cpp, LINE 284
2026-07-02T20:44:40Z [82,158ms] [Error] [omni.physx.plugin] PhysX error: PxRigidDynamic::setLinearVelocity: Body must be non-kinematic!, FILE /builds/omniverse/physics/physx/source/physx/src/NpRigidDynamic.cpp, LINE 251
2026-07-02T20:44:40Z [82,158ms] [Error] [omni.physx.plugin] PhysX error: PxRigidDynamic::setAngularVelocity: Body must be non-kinematic!, FILE /builds/omniverse/physics/physx/source/physx/src/NpRigidDynamic.cpp, LINE 284
2026-07-02T20:44:40Z [82,159ms] [Error] [omni.physx.plugin] PhysX error: PxRigidDynamic::setLinearVelocity: Body must be non-kinematic!, FILE /builds/omniverse/physics/physx/source/physx/src/NpRigidDynamic.cpp, LINE 251
2026-07-02T20:44:40Z [82,159ms] [Error] [omni.physx.plugin] PhysX error: PxRigidDynamic::setAngularVelocity: Body must be non-kinematic!, FILE /builds/omniverse/physics/physx/source/physx/src/NpRigidDynamic.cpp, LINE 284
2026-07-02T20:44:40Z [82,159ms] [Error] [omni.physx.plugin] PhysX error: PxRigidDynamic::setLinearVelocity: Body must be non-kinematic!, FILE /builds/omniverse/physics/physx/source/physx/src/NpRigidDynamic.cpp, LINE 251
2026-07-02T20:44:40Z [82,159ms] [Error] [omni.physx.plugin] PhysX error: PxRigidDynamic::setAngularVelocity: Body must be non-kinematic!, FILE /builds/omniverse/physics/physx/source/physx/src/NpRigidDynamic.cpp, LINE 284
2026-07-02T20:44:40Z [82,160ms] [Error] [omni.physx.plugin] PhysX error: PxRigidDynamic::setLinearVelocity: Body must be non-kinematic!, FILE /builds/omniverse/physics/physx/source/physx/src/NpRigidDynamic.cpp, LINE 251
2026-07-02T20:44:40Z [82,160ms] [Error] [omni.physx.plugin] PhysX error: PxRigidDynamic::setAngularVelocity: Body must be non-kinematic!, FILE /builds/omniverse/physics/physx/source/physx/src/NpRigidDynamic.cpp, LINE 284
2026-07-02T20:44:40Z [82,161ms] [Error] [omni.physx.plugin] PhysX error: PxRigidDynamic::setLinearVelocity: Body must be non-kinematic!, FILE /builds/omniverse/physics/physx/source/physx/src/NpRigidDynamic.cpp, LINE 251
2026-07-02T20:44:40Z [82,161ms] [Error] [omni.physx.plugin] PhysX error: PxRigidDynamic::setAngularVelocity: Body must be non-kinematic!, FILE /builds/omniverse/physics/physx/source/physx/src/NpRigidDynamic.cpp, LINE 284
2026-07-02T20:44:40Z [82,161ms] [Error] [omni.physx.plugin] PhysX error: PxRigidDynamic::setLinearVelocity: Body must be non-kinematic!, FILE /builds/omniverse/physics/physx/source/physx/src/NpRigidDynamic.cpp, LINE 251
2026-07-02T20:44:40Z [82,161ms] [Error] [omni.physx.plugin] PhysX error: PxRigidDynamic::setAngularVelocity: Body must be non-kinematic!, FILE /builds/omniverse/physics/physx/source/physx/src/NpRigidDynamic.cpp, LINE 284
2026-07-02T20:44:40Z [82,162ms] [Error] [omni.physx.plugin] PhysX error: PxRigidDynamic::setLinearVelocity: Body must be non-kinematic!, FILE /builds/omniverse/physics/physx/source/physx/src/NpRigidDynamic.cpp, LINE 251
2026-07-02T20:44:40Z [82,162ms] [Error] [omni.physx.plugin] PhysX error: PxRigidDynamic::setAngularVelocity: Body must be non-kinematic!, FILE /builds/omniverse/physics/physx/source/physx/src/NpRigidDynamic.cpp, LINE 284
2026-07-02T20:44:40Z [82,162ms] [Error] [omni.physx.plugin] PhysX error: PxRigidDynamic::setLinearVelocity: Body must be non-kinematic!, FILE /builds/omniverse/physics/physx/source/physx/src/NpRigidDynamic.cpp, LINE 251
2026-07-02T20:44:40Z [82,162ms] [Error] [omni.physx.plugin] PhysX error: PxRigidDynamic::setAngularVelocity: Body must be non-kinematic!, FILE /builds/omniverse/physics/physx/source/physx/src/NpRigidDynamic.cpp, LINE 284
2026-07-02T20:44:40Z [82,163ms] [Error] [omni.physx.plugin] PhysX error: PxRigidDynamic::setLinearVelocity: Body must be non-kinematic!, FILE /builds/omniverse/physics/physx/source/physx/src/NpRigidDynamic.cpp, LINE 251
2026-07-02T20:44:40Z [82,163ms] [Error] [omni.physx.plugin] PhysX error: PxRigidDynamic::setAngularVelocity: Body must be non-kinematic!, FILE /builds/omniverse/physics/physx/source/physx/src/NpRigidDynamic.cpp, LINE 284
2026-07-02T20:44:40Z [82,164ms] [Error] [omni.physx.plugin] PhysX error: PxRigidDynamic::setLinearVelocity: Body must be non-kinematic!, FILE /builds/omniverse/physics/physx/source/physx/src/NpRigidDynamic.cpp, LINE 251
2026-07-02T20:44:40Z [82,164ms] [Error] [omni.physx.plugin] PhysX error: PxRigidDynamic::setAngularVelocity: Body must be non-kinematic!, FILE /builds/omniverse/physics/physx/source/physx/src/NpRigidDynamic.cpp, LINE 284
2026-07-02T20:44:40Z [82,165ms] [Error] [omni.physx.plugin] PhysX error: PxRigidDynamic::setLinearVelocity: Body must be non-kinematic!, FILE /builds/omniverse/physics/physx/source/physx/src/NpRigidDynamic.cpp, LINE 251
2026-07-02T20:44:40Z [82,165ms] [Error] [omni.physx.plugin] PhysX error: PxRigidDynamic::setAngularVelocity: Body must be non-kinematic!, FILE /builds/omniverse/physics/physx/source/physx/src/NpRigidDynamic.cpp, LINE 284
2026-07-02T20:44:40Z [82,166ms] [Error] [omni.physx.plugin] PhysX error: PxRigidDynamic::setLinearVelocity: Body must be non-kinematic!, FILE /builds/omniverse/physics/physx/source/physx/src/NpRigidDynamic.cpp, LINE 251
2026-07-02T20:44:40Z [82,166ms] [Error] [omni.physx.plugin] PhysX error: PxRigidDynamic::setAngularVelocity: Body must be non-kinematic!, FILE /builds/omniverse/physics/physx/source/physx/src/NpRigidDynamic.cpp, LINE 284
2026-07-02T20:44:40Z [82,166ms] [Error] [omni.physx.plugin] PhysX error: PxRigidDynamic::setLinearVelocity: Body must be non-kinematic!, FILE /builds/omniverse/physics/physx/source/physx/src/NpRigidDynamic.cpp, LINE 251
2026-07-02T20:44:40Z [82,166ms] [Error] [omni.physx.plugin] PhysX error: PxRigidDynamic::setAngularVelocity: Body must be non-kinematic!, FILE /builds/omniverse/physics/physx/source/physx/src/NpRigidDynamic.cpp, LINE 284
2026-07-02T20:44:40Z [82,169ms] [Error] [omni.physx.plugin] PhysX error: PxRigidDynamic::setLinearVelocity: Body must be non-kinematic!, FILE /builds/omniverse/physics/physx/source/physx/src/NpRigidDynamic.cpp, LINE 251
2026-07-02T20:44:40Z [82,169ms] [Error] [omni.physx.plugin] PhysX error: PxRigidDynamic::setAngularVelocity: Body must be non-kinematic!, FILE /builds/omniverse/physics/physx/source/physx/src/NpRigidDynamic.cpp, LINE 284
2026-07-02T20:44:40Z [82,169ms] [Error] [omni.physx.plugin] PhysX error: PxRigidDynamic::setLinearVelocity: Body must be non-kinematic!, FILE /builds/omniverse/physics/physx/source/physx/src/NpRigidDynamic.cpp, LINE 251
2026-07-02T20:44:40Z [82,169ms] [Error] [omni.physx.plugin] PhysX error: PxRigidDynamic::setAngularVelocity: Body must be non-kinematic!, FILE /builds/omniverse/physics/physx/source/physx/src/NpRigidDynamic.cpp, LINE 284
2026-07-02T20:44:40Z [82,180ms] [Error] [omni.physx.plugin] PhysX error: PxRigidDynamic::setLinearVelocity: Body must be non-kinematic!, FILE /builds/omniverse/physics/physx/source/physx/src/NpRigidDynamic.cpp, LINE 251
2026-07-02T20:44:40Z [82,180ms] [Error] [omni.physx.plugin] PhysX error: PxRigidDynamic::setAngularVelocity: Body must be non-kinematic!, FILE /builds/omniverse/physics/physx/source/physx/src/NpRigidDynamic.cpp, LINE 284
2026-07-02T20:44:40Z [82,181ms] [Error] [omni.physx.plugin] PhysX error: PxRigidDynamic::setLinearVelocity: Body must be non-kinematic!, FILE /builds/omniverse/physics/physx/source/physx/src/NpRigidDynamic.cpp, LINE 251
2026-07-02T20:44:40Z [82,181ms] [Error] [omni.physx.plugin] PhysX error: PxRigidDynamic::setAngularVelocity: Body must be non-kinematic!, FILE /builds/omniverse/physics/physx/source/physx/src/NpRigidDynamic.cpp, LINE 284
2026-07-02T20:44:40Z [82,181ms] [Error] [omni.physx.plugin] PhysX error: PxRigidDynamic::setLinearVelocity: Body must be non-kinematic!, FILE /builds/omniverse/physics/physx/source/physx/src/NpRigidDynamic.cpp, LINE 251
2026-07-02T20:44:40Z [82,181ms] [Error] [omni.physx.plugin] PhysX error: PxRigidDynamic::setAngularVelocity: Body must be non-kinematic!, FILE /builds/omniverse/physics/physx/source/physx/src/NpRigidDynamic.cpp, LINE 284
2026-07-02T20:44:40Z [82,182ms] [Error] [omni.physx.plugin] PhysX error: PxRigidDynamic::setLinearVelocity: Body must be non-kinematic!, FILE /builds/omniverse/physics/physx/source/physx/src/NpRigidDynamic.cpp, LINE 251
2026-07-02T20:44:40Z [82,182ms] [Error] [omni.physx.plugin] PhysX error: PxRigidDynamic::setAngularVelocity: Body must be non-kinematic!, FILE /builds/omniverse/physics/physx/source/physx/src/NpRigidDynamic.cpp, LINE 284
2026-07-02T20:44:40Z [82,182ms] [Error] [omni.physx.plugin] PhysX error: PxRigidDynamic::setLinearVelocity: Body must be non-kinematic!, FILE /builds/omniverse/physics/physx/source/physx/src/NpRigidDynamic.cpp, LINE 251
2026-07-02T20:44:40Z [82,182ms] [Error] [omni.physx.plugin] PhysX error: PxRigidDynamic::setAngularVelocity: Body must be non-kinematic!, FILE /builds/omniverse/physics/physx/source/physx/src/NpRigidDynamic.cpp, LINE 284
2026-07-02T20:44:40Z [82,183ms] [Error] [omni.physx.plugin] PhysX error: PxRigidDynamic::setLinearVelocity: Body must be non-kinematic!, FILE /builds/omniverse/physics/physx/source/physx/src/NpRigidDynamic.cpp, LINE 251
2026-07-02T20:44:40Z [82,183ms] [Error] [omni.physx.plugin] PhysX error: PxRigidDynamic::setAngularVelocity: Body must be non-kinematic!, FILE /builds/omniverse/physics/physx/source/physx/src/NpRigidDynamic.cpp, LINE 284
2026-07-02T20:44:40Z [82,183ms] [Error] [omni.physx.plugin] PhysX error: PxRigidDynamic::setLinearVelocity: Body must be non-kinematic!, FILE /builds/omniverse/physics/physx/source/physx/src/NpRigidDynamic.cpp, LINE 251
2026-07-02T20:44:40Z [82,183ms] [Error] [omni.physx.plugin] PhysX error: PxRigidDynamic::setAngularVelocity: Body must be non-kinematic!, FILE /builds/omniverse/physics/physx/source/physx/src/NpRigidDynamic.cpp, LINE 284
2026-07-02T20:44:40Z [82,184ms] [Error] [omni.physx.plugin] PhysX error: PxRigidDynamic::setLinearVelocity: Body must be non-kinematic!, FILE /builds/omniverse/physics/physx/source/physx/src/NpRigidDynamic.cpp, LINE 251
2026-07-02T20:44:40Z [82,184ms] [Error] [omni.physx.plugin] PhysX error: PxRigidDynamic::setAngularVelocity: Body must be non-kinematic!, FILE /builds/omniverse/physics/physx/source/physx/src/NpRigidDynamic.cpp, LINE 284
2026-07-02T20:44:40Z [82,184ms] [Error] [omni.physx.plugin] PhysX error: PxRigidDynamic::setLinearVelocity: Body must be non-kinematic!, FILE /builds/omniverse/physics/physx/source/physx/src/NpRigidDynamic.cpp, LINE 251
2026-07-02T20:44:40Z [82,184ms] [Error] [omni.physx.plugin] PhysX error: PxRigidDynamic::setAngularVelocity: Body must be non-kinematic!, FILE /builds/omniverse/physics/physx/source/physx/src/NpRigidDynamic.cpp, LINE 284
2026-07-02T20:44:40Z [82,184ms] [Error] [omni.physx.plugin] PhysX error: PxRigidDynamic::setLinearVelocity: Body must be non-kinematic!, FILE /builds/omniverse/physics/physx/source/physx/src/NpRigidDynamic.cpp, LINE 251
2026-07-02T20:44:40Z [82,184ms] [Error] [omni.physx.plugin] PhysX error: PxRigidDynamic::setAngularVelocity: Body must be non-kinematic!, FILE /builds/omniverse/physics/physx/source/physx/src/NpRigidDynamic.cpp, LINE 284
2026-07-02T20:44:40Z [82,187ms] [Error] [omni.physx.plugin] PhysX error: PxRigidDynamic::setLinearVelocity: Body must be non-kinematic!, FILE /builds/omniverse/physics/physx/source/physx/src/NpRigidDynamic.cpp, LINE 251
2026-07-02T20:44:40Z [82,187ms] [Error] [omni.physx.plugin] PhysX error: PxRigidDynamic::setAngularVelocity: Body must be non-kinematic!, FILE /builds/omniverse/physics/physx/source/physx/src/NpRigidDynamic.cpp, LINE 284
2026-07-02T20:44:40Z [82,188ms] [Error] [omni.physx.plugin] PhysX error: PxRigidDynamic::setLinearVelocity: Body must be non-kinematic!, FILE /builds/omniverse/physics/physx/source/physx/src/NpRigidDynamic.cpp, LINE 251
2026-07-02T20:44:40Z [82,188ms] [Error] [omni.physx.plugin] PhysX error: PxRigidDynamic::setAngularVelocity: Body must be non-kinematic!, FILE /builds/omniverse/physics/physx/source/physx/src/NpRigidDynamic.cpp, LINE 284
2026-07-02T20:44:40Z [82,188ms] [Error] [omni.physx.plugin] PhysX error: PxRigidDynamic::setLinearVelocity: Body must be non-kinematic!, FILE /builds/omniverse/physics/physx/source/physx/src/NpRigidDynamic.cpp, LINE 251
2026-07-02T20:44:40Z [82,189ms] [Error] [omni.physx.plugin] PhysX error: PxRigidDynamic::setAngularVelocity: Body must be non-kinematic!, FILE /builds/omniverse/physics/physx/source/physx/src/NpRigidDynamic.cpp, LINE 284
2026-07-02T20:44:40Z [82,189ms] [Error] [omni.physx.plugin] PhysX error: PxRigidDynamic::setLinearVelocity: Body must be non-kinematic!, FILE /builds/omniverse/physics/physx/source/physx/src/NpRigidDynamic.cpp, LINE 251
2026-07-02T20:44:40Z [82,189ms] [Error] [omni.physx.plugin] PhysX error: PxRigidDynamic::setAngularVelocity: Body must be non-kinematic!, FILE /builds/omniverse/physics/physx/source/physx/src/NpRigidDynamic.cpp, LINE 284
2026-07-02T20:44:40Z [82,189ms] [Error] [omni.physx.plugin] PhysX error: PxRigidDynamic::setLinearVelocity: Body must be non-kinematic!, FILE /builds/omniverse/physics/physx/source/physx/src/NpRigidDynamic.cpp, LINE 251
2026-07-02T20:44:40Z [82,190ms] [Error] [omni.physx.plugin] PhysX error: PxRigidDynamic::setAngularVelocity: Body must be non-kinematic!, FILE /builds/omniverse/physics/physx/source/physx/src/NpRigidDynamic.cpp, LINE 284
2026-07-02T20:44:40Z [82,190ms] [Error] [omni.physx.plugin] PhysX error: PxRigidDynamic::setLinearVelocity: Body must be non-kinematic!, FILE /builds/omniverse/physics/physx/source/physx/src/NpRigidDynamic.cpp, LINE 251
2026-07-02T20:44:40Z [82,190ms] [Error] [omni.physx.plugin] PhysX error: PxRigidDynamic::setAngularVelocity: Body must be non-kinematic!, FILE /builds/omniverse/physics/physx/source/physx/src/NpRigidDynamic.cpp, LINE 284
2026-07-02T20:44:40Z [82,190ms] [Error] [omni.physx.plugin] PhysX error: PxRigidDynamic::setLinearVelocity: Body must be non-kinematic!, FILE /builds/omniverse/physics/physx/source/physx/src/NpRigidDynamic.cpp, LINE 251
2026-07-02T20:44:40Z [82,191ms] [Error] [omni.physx.plugin] PhysX error: PxRigidDynamic::setAngularVelocity: Body must be non-kinematic!, FILE /builds/omniverse/physics/physx/source/physx/src/NpRigidDynamic.cpp, LINE 284
2026-07-02T20:44:40Z [82,191ms] [Error] [omni.physx.plugin] PhysX error: PxRigidDynamic::setLinearVelocity: Body must be non-kinematic!, FILE /builds/omniverse/physics/physx/source/physx/src/NpRigidDynamic.cpp, LINE 251
2026-07-02T20:44:40Z [82,191ms] [Error] [omni.physx.plugin] PhysX error: PxRigidDynamic::setAngularVelocity: Body must be non-kinematic!, FILE /builds/omniverse/physics/physx/source/physx/src/NpRigidDynamic.cpp, LINE 284
2026-07-02T20:44:40Z [82,191ms] [Error] [omni.physx.plugin] PhysX error: PxRigidDynamic::setLinearVelocity: Body must be non-kinematic!, FILE /builds/omniverse/physics/physx/source/physx/src/NpRigidDynamic.cpp, LINE 251
2026-07-02T20:44:40Z [82,192ms] [Error] [omni.physx.plugin] PhysX error: PxRigidDynamic::setAngularVelocity: Body must be non-kinematic!, FILE /builds/omniverse/physics/physx/source/physx/src/NpRigidDynamic.cpp, LINE 284
2026-07-02T20:44:40Z [82,192ms] [Error] [omni.physx.plugin] PhysX error: PxRigidDynamic::setLinearVelocity: Body must be non-kinematic!, FILE /builds/omniverse/physics/physx/source/physx/src/NpRigidDynamic.cpp, LINE 251
2026-07-02T20:44:40Z [82,192ms] [Error] [omni.physx.plugin] PhysX error: PxRigidDynamic::setAngularVelocity: Body must be non-kinematic!, FILE /builds/omniverse/physics/physx/source/physx/src/NpRigidDynamic.cpp, LINE 284
2026-07-02T20:44:40Z [82,193ms] [Error] [omni.physx.plugin] PhysX error: PxRigidDynamic::setLinearVelocity: Body must be non-kinematic!, FILE /builds/omniverse/physics/physx/source/physx/src/NpRigidDynamic.cpp, LINE 251
2026-07-02T20:44:40Z [82,193ms] [Error] [omni.physx.plugin] PhysX error: PxRigidDynamic::setAngularVelocity: Body must be non-kinematic!, FILE /builds/omniverse/physics/physx/source/physx/src/NpRigidDynamic.cpp, LINE 284
2026-07-02T20:44:40Z [82,193ms] [Error] [omni.physx.plugin] PhysX error: PxRigidDynamic::setLinearVelocity: Body must be non-kinematic!, FILE /builds/omniverse/physics/physx/source/physx/src/NpRigidDynamic.cpp, LINE 251
2026-07-02T20:44:40Z [82,193ms] [Error] [omni.physx.plugin] PhysX error: PxRigidDynamic::setAngularVelocity: Body must be non-kinematic!, FILE /builds/omniverse/physics/physx/source/physx/src/NpRigidDynamic.cpp, LINE 284
2026-07-02T20:44:40Z [82,194ms] [Error] [omni.physx.plugin] PhysX error: PxRigidDynamic::setLinearVelocity: Body must be non-kinematic!, FILE /builds/omniverse/physics/physx/source/physx/src/NpRigidDynamic.cpp, LINE 251
2026-07-02T20:44:40Z [82,194ms] [Error] [omni.physx.plugin] PhysX error: PxRigidDynamic::setAngularVelocity: Body must be non-kinematic!, FILE /builds/omniverse/physics/physx/source/physx/src/NpRigidDynamic.cpp, LINE 284
2026-07-02T20:44:40Z [82,194ms] [Error] [omni.physx.plugin] PhysX error: PxRigidDynamic::setLinearVelocity: Body must be non-kinematic!, FILE /builds/omniverse/physics/physx/source/physx/src/NpRigidDynamic.cpp, LINE 251
2026-07-02T20:44:40Z [82,194ms] [Error] [omni.physx.plugin] PhysX error: PxRigidDynamic::setAngularVelocity: Body must be non-kinematic!, FILE /builds/omniverse/physics/physx/source/physx/src/NpRigidDynamic.cpp, LINE 284
2026-07-02T20:44:40Z [82,195ms] [Error] [omni.physx.plugin] PhysX error: PxRigidDynamic::setLinearVelocity: Body must be non-kinematic!, FILE /builds/omniverse/physics/physx/source/physx/src/NpRigidDynamic.cpp, LINE 251
2026-07-02T20:44:40Z [82,195ms] [Error] [omni.physx.plugin] PhysX error: PxRigidDynamic::setAngularVelocity: Body must be non-kinematic!, FILE /builds/omniverse/physics/physx/source/physx/src/NpRigidDynamic.cpp, LINE 284
2026-07-02T20:44:40Z [82,195ms] [Error] [omni.physx.plugin] PhysX error: PxRigidDynamic::setLinearVelocity: Body must be non-kinematic!, FILE /builds/omniverse/physics/physx/source/physx/src/NpRigidDynamic.cpp, LINE 251
2026-07-02T20:44:40Z [82,195ms] [Error] [omni.physx.plugin] PhysX error: PxRigidDynamic::setAngularVelocity: Body must be non-kinematic!, FILE /builds/omniverse/physics/physx/source/physx/src/NpRigidDynamic.cpp, LINE 284
2026-07-02T20:44:40Z [82,196ms] [Error] [omni.physx.plugin] PhysX error: PxRigidDynamic::setLinearVelocity: Body must be non-kinematic!, FILE /builds/omniverse/physics/physx/source/physx/src/NpRigidDynamic.cpp, LINE 251
2026-07-02T20:44:40Z [82,196ms] [Error] [omni.physx.plugin] PhysX error: PxRigidDynamic::setAngularVelocity: Body must be non-kinematic!, FILE /builds/omniverse/physics/physx/source/physx/src/NpRigidDynamic.cpp, LINE 284
2026-07-02T20:44:40Z [82,196ms] [Error] [omni.physx.plugin] PhysX error: PxRigidDynamic::setLinearVelocity: Body must be non-kinematic!, FILE /builds/omniverse/physics/physx/source/physx/src/NpRigidDynamic.cpp, LINE 251
2026-07-02T20:44:40Z [82,196ms] [Error] [omni.physx.plugin] PhysX error: PxRigidDynamic::setAngularVelocity: Body must be non-kinematic!, FILE /builds/omniverse/physics/physx/source/physx/src/NpRigidDynamic.cpp, LINE 284
2026-07-02T20:44:40Z [82,197ms] [Error] [omni.physx.plugin] PhysX error: PxRigidDynamic::setLinearVelocity: Body must be non-kinematic!, FILE /builds/omniverse/physics/physx/source/physx/src/NpRigidDynamic.cpp, LINE 251
2026-07-02T20:44:40Z [82,197ms] [Error] [omni.physx.plugin] PhysX error: PxRigidDynamic::setAngularVelocity: Body must be non-kinematic!, FILE /builds/omniverse/physics/physx/source/physx/src/NpRigidDynamic.cpp, LINE 284
2026-07-02T20:44:40Z [82,198ms] [Error] [omni.physx.plugin] PhysX error: PxRigidDynamic::setLinearVelocity: Body must be non-kinematic!, FILE /builds/omniverse/physics/physx/source/physx/src/NpRigidDynamic.cpp, LINE 251
2026-07-02T20:44:40Z [82,198ms] [Error] [omni.physx.plugin] PhysX error: PxRigidDynamic::setAngularVelocity: Body must be non-kinematic!, FILE /builds/omniverse/physics/physx/source/physx/src/NpRigidDynamic.cpp, LINE 284
2026-07-02T20:44:40Z [82,198ms] [Error] [omni.physx.plugin] PhysX error: PxRigidDynamic::setLinearVelocity: Body must be non-kinematic!, FILE /builds/omniverse/physics/physx/source/physx/src/NpRigidDynamic.cpp, LINE 251
2026-07-02T20:44:40Z [82,198ms] [Error] [omni.physx.plugin] PhysX error: PxRigidDynamic::setAngularVelocity: Body must be non-kinematic!, FILE /builds/omniverse/physics/physx/source/physx/src/NpRigidDynamic.cpp, LINE 284
2026-07-02T20:44:40Z [82,198ms] [Error] [omni.physx.plugin] PhysX error: PxRigidDynamic::setLinearVelocity: Body must be non-kinematic!, FILE /builds/omniverse/physics/physx/source/physx/src/NpRigidDynamic.cpp, LINE 251
2026-07-02T20:44:40Z [82,199ms] [Error] [omni.physx.plugin] PhysX error: PxRigidDynamic::setAngularVelocity: Body must be non-kinematic!, FILE /builds/omniverse/physics/physx/source/physx/src/NpRigidDynamic.cpp, LINE 284
2026-07-02T20:44:40Z [82,199ms] [Error] [omni.physx.plugin] PhysX error: PxRigidDynamic::setLinearVelocity: Body must be non-kinematic!, FILE /builds/omniverse/physics/physx/source/physx/src/NpRigidDynamic.cpp, LINE 251
2026-07-02T20:44:40Z [82,199ms] [Error] [omni.physx.plugin] PhysX error: PxRigidDynamic::setAngularVelocity: Body must be non-kinematic!, FILE /builds/omniverse/physics/physx/source/physx/src/NpRigidDynamic.cpp, LINE 284
2026-07-02T20:44:40Z [82,199ms] [Error] [omni.physx.plugin] PhysX error: PxRigidDynamic::setLinearVelocity: Body must be non-kinematic!, FILE /builds/omniverse/physics/physx/source/physx/src/NpRigidDynamic.cpp, LINE 251
2026-07-02T20:44:40Z [82,199ms] [Error] [omni.physx.plugin] PhysX error: PxRigidDynamic::setAngularVelocity: Body must be non-kinematic!, FILE /builds/omniverse/physics/physx/source/physx/src/NpRigidDynamic.cpp, LINE 284
[INFO] Pi0.5 pick-place episode 2 success=False completed=False steps=3800 instruction='pick up the onion and place it in the tray'
[INFO] Starting Pi0.5 pick-place episode 3: instruction='pick up the onion and place it in the tray', target='onion', placement='tray'
2026-07-02T20:45:14Z [115,392ms] [Error] [omni.physx.plugin] PhysX error: PxRigidDynamic::setLinearVelocity: Body must be non-kinematic!, FILE /builds/omniverse/physics/physx/source/physx/src/NpRigidDynamic.cpp, LINE 251
2026-07-02T20:45:14Z [115,392ms] [Error] [omni.physx.plugin] PhysX error: PxRigidDynamic::setAngularVelocity: Body must be non-kinematic!, FILE /builds/omniverse/physics/physx/source/physx/src/NpRigidDynamic.cpp, LINE 284
2026-07-02T20:45:14Z [115,392ms] [Error] [omni.physx.plugin] PhysX error: PxRigidDynamic::setLinearVelocity: Body must be non-kinematic!, FILE /builds/omniverse/physics/physx/source/physx/src/NpRigidDynamic.cpp, LINE 251
2026-07-02T20:45:14Z [115,392ms] [Error] [omni.physx.plugin] PhysX error: PxRigidDynamic::setAngularVelocity: Body must be non-kinematic!, FILE /builds/omniverse/physics/physx/source/physx/src/NpRigidDynamic.cpp, LINE 284
2026-07-02T20:45:14Z [115,393ms] [Error] [omni.physx.plugin] PhysX error: PxRigidDynamic::setLinearVelocity: Body must be non-kinematic!, FILE /builds/omniverse/physics/physx/source/physx/src/NpRigidDynamic.cpp, LINE 251
2026-07-02T20:45:14Z [115,393ms] [Error] [omni.physx.plugin] PhysX error: PxRigidDynamic::setAngularVelocity: Body must be non-kinematic!, FILE /builds/omniverse/physics/physx/source/physx/src/NpRigidDynamic.cpp, LINE 284
2026-07-02T20:45:14Z [115,393ms] [Error] [omni.physx.plugin] PhysX error: PxRigidDynamic::setLinearVelocity: Body must be non-kinematic!, FILE /builds/omniverse/physics/physx/source/physx/src/NpRigidDynamic.cpp, LINE 251
2026-07-02T20:45:14Z [115,394ms] [Error] [omni.physx.plugin] PhysX error: PxRigidDynamic::setAngularVelocity: Body must be non-kinematic!, FILE /builds/omniverse/physics/physx/source/physx/src/NpRigidDynamic.cpp, LINE 284
2026-07-02T20:45:14Z [115,394ms] [Error] [omni.physx.plugin] PhysX error: PxRigidDynamic::setLinearVelocity: Body must be non-kinematic!, FILE /builds/omniverse/physics/physx/source/physx/src/NpRigidDynamic.cpp, LINE 251
2026-07-02T20:45:14Z [115,394ms] [Error] [omni.physx.plugin] PhysX error: PxRigidDynamic::setAngularVelocity: Body must be non-kinematic!, FILE /builds/omniverse/physics/physx/source/physx/src/NpRigidDynamic.cpp, LINE 284
2026-07-02T20:45:14Z [115,395ms] [Error] [omni.physx.plugin] PhysX error: PxRigidDynamic::setLinearVelocity: Body must be non-kinematic!, FILE /builds/omniverse/physics/physx/source/physx/src/NpRigidDynamic.cpp, LINE 251
2026-07-02T20:45:14Z [115,395ms] [Error] [omni.physx.plugin] PhysX error: PxRigidDynamic::setAngularVelocity: Body must be non-kinematic!, FILE /builds/omniverse/physics/physx/source/physx/src/NpRigidDynamic.cpp, LINE 284
2026-07-02T20:45:14Z [115,395ms] [Error] [omni.physx.plugin] PhysX error: PxRigidDynamic::setLinearVelocity: Body must be non-kinematic!, FILE /builds/omniverse/physics/physx/source/physx/src/NpRigidDynamic.cpp, LINE 251
2026-07-02T20:45:14Z [115,395ms] [Error] [omni.physx.plugin] PhysX error: PxRigidDynamic::setAngularVelocity: Body must be non-kinematic!, FILE /builds/omniverse/physics/physx/source/physx/src/NpRigidDynamic.cpp, LINE 284
2026-07-02T20:45:14Z [115,396ms] [Error] [omni.physx.plugin] PhysX error: PxRigidDynamic::setLinearVelocity: Body must be non-kinematic!, FILE /builds/omniverse/physics/physx/source/physx/src/NpRigidDynamic.cpp, LINE 251
2026-07-02T20:45:14Z [115,396ms] [Error] [omni.physx.plugin] PhysX error: PxRigidDynamic::setAngularVelocity: Body must be non-kinematic!, FILE /builds/omniverse/physics/physx/source/physx/src/NpRigidDynamic.cpp, LINE 284
2026-07-02T20:45:14Z [115,396ms] [Error] [omni.physx.plugin] PhysX error: PxRigidDynamic::setLinearVelocity: Body must be non-kinematic!, FILE /builds/omniverse/physics/physx/source/physx/src/NpRigidDynamic.cpp, LINE 251
2026-07-02T20:45:14Z [115,396ms] [Error] [omni.physx.plugin] PhysX error: PxRigidDynamic::setAngularVelocity: Body must be non-kinematic!, FILE /builds/omniverse/physics/physx/source/physx/src/NpRigidDynamic.cpp, LINE 284
2026-07-02T20:45:14Z [115,397ms] [Error] [omni.physx.plugin] PhysX error: PxRigidDynamic::setLinearVelocity: Body must be non-kinematic!, FILE /builds/omniverse/physics/physx/source/physx/src/NpRigidDynamic.cpp, LINE 251
2026-07-02T20:45:14Z [115,397ms] [Error] [omni.physx.plugin] PhysX error: PxRigidDynamic::setAngularVelocity: Body must be non-kinematic!, FILE /builds/omniverse/physics/physx/source/physx/src/NpRigidDynamic.cpp, LINE 284
2026-07-02T20:45:14Z [115,399ms] [Error] [omni.physx.plugin] PhysX error: PxRigidDynamic::setLinearVelocity: Body must be non-kinematic!, FILE /builds/omniverse/physics/physx/source/physx/src/NpRigidDynamic.cpp, LINE 251
2026-07-02T20:45:14Z [115,399ms] [Error] [omni.physx.plugin] PhysX error: PxRigidDynamic::setAngularVelocity: Body must be non-kinematic!, FILE /builds/omniverse/physics/physx/source/physx/src/NpRigidDynamic.cpp, LINE 284
2026-07-02T20:45:14Z [115,400ms] [Error] [omni.physx.plugin] PhysX error: PxRigidDynamic::setLinearVelocity: Body must be non-kinematic!, FILE /builds/omniverse/physics/physx/source/physx/src/NpRigidDynamic.cpp, LINE 251
2026-07-02T20:45:14Z [115,400ms] [Error] [omni.physx.plugin] PhysX error: PxRigidDynamic::setAngularVelocity: Body must be non-kinematic!, FILE /builds/omniverse/physics/physx/source/physx/src/NpRigidDynamic.cpp, LINE 284
2026-07-02T20:45:14Z [115,401ms] [Error] [omni.physx.plugin] PhysX error: PxRigidDynamic::setLinearVelocity: Body must be non-kinematic!, FILE /builds/omniverse/physics/physx/source/physx/src/NpRigidDynamic.cpp, LINE 251
2026-07-02T20:45:14Z [115,401ms] [Error] [omni.physx.plugin] PhysX error: PxRigidDynamic::setAngularVelocity: Body must be non-kinematic!, FILE /builds/omniverse/physics/physx/source/physx/src/NpRigidDynamic.cpp, LINE 284
2026-07-02T20:45:14Z [115,401ms] [Error] [omni.physx.plugin] PhysX error: PxRigidDynamic::setLinearVelocity: Body must be non-kinematic!, FILE /builds/omniverse/physics/physx/source/physx/src/NpRigidDynamic.cpp, LINE 251
2026-07-02T20:45:14Z [115,401ms] [Error] [omni.physx.plugin] PhysX error: PxRigidDynamic::setAngularVelocity: Body must be non-kinematic!, FILE /builds/omniverse/physics/physx/source/physx/src/NpRigidDynamic.cpp, LINE 284
2026-07-02T20:45:14Z [115,402ms] [Error] [omni.physx.plugin] PhysX error: PxRigidDynamic::setLinearVelocity: Body must be non-kinematic!, FILE /builds/omniverse/physics/physx/source/physx/src/NpRigidDynamic.cpp, LINE 251
2026-07-02T20:45:14Z [115,402ms] [Error] [omni.physx.plugin] PhysX error: PxRigidDynamic::setAngularVelocity: Body must be non-kinematic!, FILE /builds/omniverse/physics/physx/source/physx/src/NpRigidDynamic.cpp, LINE 284
2026-07-02T20:45:14Z [115,402ms] [Error] [omni.physx.plugin] PhysX error: PxRigidDynamic::setLinearVelocity: Body must be non-kinematic!, FILE /builds/omniverse/physics/physx/source/physx/src/NpRigidDynamic.cpp, LINE 251
2026-07-02T20:45:14Z [115,402ms] [Error] [omni.physx.plugin] PhysX error: PxRigidDynamic::setAngularVelocity: Body must be non-kinematic!, FILE /builds/omniverse/physics/physx/source/physx/src/NpRigidDynamic.cpp, LINE 284
2026-07-02T20:45:14Z [115,403ms] [Error] [omni.physx.plugin] PhysX error: PxRigidDynamic::setLinearVelocity: Body must be non-kinematic!, FILE /builds/omniverse/physics/physx/source/physx/src/NpRigidDynamic.cpp, LINE 251
2026-07-02T20:45:14Z [115,403ms] [Error] [omni.physx.plugin] PhysX error: PxRigidDynamic::setAngularVelocity: Body must be non-kinematic!, FILE /builds/omniverse/physics/physx/source/physx/src/NpRigidDynamic.cpp, LINE 284
2026-07-02T20:45:14Z [115,403ms] [Error] [omni.physx.plugin] PhysX error: PxRigidDynamic::setLinearVelocity: Body must be non-kinematic!, FILE /builds/omniverse/physics/physx/source/physx/src/NpRigidDynamic.cpp, LINE 251
2026-07-02T20:45:14Z [115,404ms] [Error] [omni.physx.plugin] PhysX error: PxRigidDynamic::setAngularVelocity: Body must be non-kinematic!, FILE /builds/omniverse/physics/physx/source/physx/src/NpRigidDynamic.cpp, LINE 284
2026-07-02T20:45:14Z [115,404ms] [Error] [omni.physx.plugin] PhysX error: PxRigidDynamic::setLinearVelocity: Body must be non-kinematic!, FILE /builds/omniverse/physics/physx/source/physx/src/NpRigidDynamic.cpp, LINE 251
2026-07-02T20:45:14Z [115,404ms] [Error] [omni.physx.plugin] PhysX error: PxRigidDynamic::setAngularVelocity: Body must be non-kinematic!, FILE /builds/omniverse/physics/physx/source/physx/src/NpRigidDynamic.cpp, LINE 284
2026-07-02T20:45:14Z [115,405ms] [Error] [omni.physx.plugin] PhysX error: PxRigidDynamic::setLinearVelocity: Body must be non-kinematic!, FILE /builds/omniverse/physics/physx/source/physx/src/NpRigidDynamic.cpp, LINE 251
2026-07-02T20:45:14Z [115,405ms] [Error] [omni.physx.plugin] PhysX error: PxRigidDynamic::setAngularVelocity: Body must be non-kinematic!, FILE /builds/omniverse/physics/physx/source/physx/src/NpRigidDynamic.cpp, LINE 284
2026-07-02T20:45:14Z [115,405ms] [Error] [omni.physx.plugin] PhysX error: PxRigidDynamic::setLinearVelocity: Body must be non-kinematic!, FILE /builds/omniverse/physics/physx/source/physx/src/NpRigidDynamic.cpp, LINE 251
2026-07-02T20:45:14Z [115,405ms] [Error] [omni.physx.plugin] PhysX error: PxRigidDynamic::setAngularVelocity: Body must be non-kinematic!, FILE /builds/omniverse/physics/physx/source/physx/src/NpRigidDynamic.cpp, LINE 284
2026-07-02T20:45:14Z [115,406ms] [Error] [omni.physx.plugin] PhysX error: PxRigidDynamic::setLinearVelocity: Body must be non-kinematic!, FILE /builds/omniverse/physics/physx/source/physx/src/NpRigidDynamic.cpp, LINE 251
2026-07-02T20:45:14Z [115,406ms] [Error] [omni.physx.plugin] PhysX error: PxRigidDynamic::setAngularVelocity: Body must be non-kinematic!, FILE /builds/omniverse/physics/physx/source/physx/src/NpRigidDynamic.cpp, LINE 284
2026-07-02T20:45:14Z [115,406ms] [Error] [omni.physx.plugin] PhysX error: PxRigidDynamic::setLinearVelocity: Body must be non-kinematic!, FILE /builds/omniverse/physics/physx/source/physx/src/NpRigidDynamic.cpp, LINE 251
2026-07-02T20:45:14Z [115,407ms] [Error] [omni.physx.plugin] PhysX error: PxRigidDynamic::setAngularVelocity: Body must be non-kinematic!, FILE /builds/omniverse/physics/physx/source/physx/src/NpRigidDynamic.cpp, LINE 284
2026-07-02T20:45:14Z [115,407ms] [Error] [omni.physx.plugin] PhysX error: PxRigidDynamic::setLinearVelocity: Body must be non-kinematic!, FILE /builds/omniverse/physics/physx/source/physx/src/NpRigidDynamic.cpp, LINE 251
2026-07-02T20:45:14Z [115,407ms] [Error] [omni.physx.plugin] PhysX error: PxRigidDynamic::setAngularVelocity: Body must be non-kinematic!, FILE /builds/omniverse/physics/physx/source/physx/src/NpRigidDynamic.cpp, LINE 284
2026-07-02T20:45:14Z [115,408ms] [Error] [omni.physx.plugin] PhysX error: PxRigidDynamic::setLinearVelocity: Body must be non-kinematic!, FILE /builds/omniverse/physics/physx/source/physx/src/NpRigidDynamic.cpp, LINE 251
2026-07-02T20:45:14Z [115,408ms] [Error] [omni.physx.plugin] PhysX error: PxRigidDynamic::setAngularVelocity: Body must be non-kinematic!, FILE /builds/omniverse/physics/physx/source/physx/src/NpRigidDynamic.cpp, LINE 284
2026-07-02T20:45:14Z [115,408ms] [Error] [omni.physx.plugin] PhysX error: PxRigidDynamic::setLinearVelocity: Body must be non-kinematic!, FILE /builds/omniverse/physics/physx/source/physx/src/NpRigidDynamic.cpp, LINE 251
2026-07-02T20:45:14Z [115,408ms] [Error] [omni.physx.plugin] PhysX error: PxRigidDynamic::setAngularVelocity: Body must be non-kinematic!, FILE /builds/omniverse/physics/physx/source/physx/src/NpRigidDynamic.cpp, LINE 284
2026-07-02T20:45:14Z [115,410ms] [Error] [omni.physx.plugin] PhysX error: PxRigidDynamic::setLinearVelocity: Body must be non-kinematic!, FILE /builds/omniverse/physics/physx/source/physx/src/NpRigidDynamic.cpp, LINE 251
2026-07-02T20:45:14Z [115,410ms] [Error] [omni.physx.plugin] PhysX error: PxRigidDynamic::setAngularVelocity: Body must be non-kinematic!, FILE /builds/omniverse/physics/physx/source/physx/src/NpRigidDynamic.cpp, LINE 284
2026-07-02T20:45:14Z [115,410ms] [Error] [omni.physx.plugin] PhysX error: PxRigidDynamic::setLinearVelocity: Body must be non-kinematic!, FILE /builds/omniverse/physics/physx/source/physx/src/NpRigidDynamic.cpp, LINE 251
2026-07-02T20:45:14Z [115,410ms] [Error] [omni.physx.plugin] PhysX error: PxRigidDynamic::setAngularVelocity: Body must be non-kinematic!, FILE /builds/omniverse/physics/physx/source/physx/src/NpRigidDynamic.cpp, LINE 284
2026-07-02T20:45:14Z [115,411ms] [Error] [omni.physx.plugin] PhysX error: PxRigidDynamic::setLinearVelocity: Body must be non-kinematic!, FILE /builds/omniverse/physics/physx/source/physx/src/NpRigidDynamic.cpp, LINE 251
2026-07-02T20:45:14Z [115,411ms] [Error] [omni.physx.plugin] PhysX error: PxRigidDynamic::setAngularVelocity: Body must be non-kinematic!, FILE /builds/omniverse/physics/physx/source/physx/src/NpRigidDynamic.cpp, LINE 284
2026-07-02T20:45:14Z [115,411ms] [Error] [omni.physx.plugin] PhysX error: PxRigidDynamic::setLinearVelocity: Body must be non-kinematic!, FILE /builds/omniverse/physics/physx/source/physx/src/NpRigidDynamic.cpp, LINE 251
2026-07-02T20:45:14Z [115,411ms] [Error] [omni.physx.plugin] PhysX error: PxRigidDynamic::setAngularVelocity: Body must be non-kinematic!, FILE /builds/omniverse/physics/physx/source/physx/src/NpRigidDynamic.cpp, LINE 284
2026-07-02T20:45:14Z [115,412ms] [Error] [omni.physx.plugin] PhysX error: PxRigidDynamic::setLinearVelocity: Body must be non-kinematic!, FILE /builds/omniverse/physics/physx/source/physx/src/NpRigidDynamic.cpp, LINE 251
2026-07-02T20:45:14Z [115,412ms] [Error] [omni.physx.plugin] PhysX error: PxRigidDynamic::setAngularVelocity: Body must be non-kinematic!, FILE /builds/omniverse/physics/physx/source/physx/src/NpRigidDynamic.cpp, LINE 284
2026-07-02T20:45:14Z [115,413ms] [Error] [omni.physx.plugin] PhysX error: PxRigidDynamic::setLinearVelocity: Body must be non-kinematic!, FILE /builds/omniverse/physics/physx/source/physx/src/NpRigidDynamic.cpp, LINE 251
2026-07-02T20:45:14Z [115,413ms] [Error] [omni.physx.plugin] PhysX error: PxRigidDynamic::setAngularVelocity: Body must be non-kinematic!, FILE /builds/omniverse/physics/physx/source/physx/src/NpRigidDynamic.cpp, LINE 284
2026-07-02T20:45:14Z [115,413ms] [Error] [omni.physx.plugin] PhysX error: PxRigidDynamic::setLinearVelocity: Body must be non-kinematic!, FILE /builds/omniverse/physics/physx/source/physx/src/NpRigidDynamic.cpp, LINE 251
2026-07-02T20:45:14Z [115,413ms] [Error] [omni.physx.plugin] PhysX error: PxRigidDynamic::setAngularVelocity: Body must be non-kinematic!, FILE /builds/omniverse/physics/physx/source/physx/src/NpRigidDynamic.cpp, LINE 284
2026-07-02T20:45:14Z [115,416ms] [Error] [omni.physx.plugin] PhysX error: PxRigidDynamic::setLinearVelocity: Body must be non-kinematic!, FILE /builds/omniverse/physics/physx/source/physx/src/NpRigidDynamic.cpp, LINE 251
2026-07-02T20:45:14Z [115,416ms] [Error] [omni.physx.plugin] PhysX error: PxRigidDynamic::setAngularVelocity: Body must be non-kinematic!, FILE /builds/omniverse/physics/physx/source/physx/src/NpRigidDynamic.cpp, LINE 284
2026-07-02T20:45:14Z [115,429ms] [Error] [omni.physx.plugin] PhysX error: PxRigidDynamic::setLinearVelocity: Body must be non-kinematic!, FILE /builds/omniverse/physics/physx/source/physx/src/NpRigidDynamic.cpp, LINE 251
2026-07-02T20:45:14Z [115,429ms] [Error] [omni.physx.plugin] PhysX error: PxRigidDynamic::setAngularVelocity: Body must be non-kinematic!, FILE /builds/omniverse/physics/physx/source/physx/src/NpRigidDynamic.cpp, LINE 284
2026-07-02T20:45:14Z [115,429ms] [Error] [omni.physx.plugin] PhysX error: PxRigidDynamic::setLinearVelocity: Body must be non-kinematic!, FILE /builds/omniverse/physics/physx/source/physx/src/NpRigidDynamic.cpp, LINE 251
2026-07-02T20:45:14Z [115,429ms] [Error] [omni.physx.plugin] PhysX error: PxRigidDynamic::setAngularVelocity: Body must be non-kinematic!, FILE /builds/omniverse/physics/physx/source/physx/src/NpRigidDynamic.cpp, LINE 284
2026-07-02T20:45:14Z [115,430ms] [Error] [omni.physx.plugin] PhysX error: PxRigidDynamic::setLinearVelocity: Body must be non-kinematic!, FILE /builds/omniverse/physics/physx/source/physx/src/NpRigidDynamic.cpp, LINE 251
2026-07-02T20:45:14Z [115,430ms] [Error] [omni.physx.plugin] PhysX error: PxRigidDynamic::setAngularVelocity: Body must be non-kinematic!, FILE /builds/omniverse/physics/physx/source/physx/src/NpRigidDynamic.cpp, LINE 284
2026-07-02T20:45:14Z [115,430ms] [Error] [omni.physx.plugin] PhysX error: PxRigidDynamic::setLinearVelocity: Body must be non-kinematic!, FILE /builds/omniverse/physics/physx/source/physx/src/NpRigidDynamic.cpp, LINE 251
2026-07-02T20:45:14Z [115,430ms] [Error] [omni.physx.plugin] PhysX error: PxRigidDynamic::setAngularVelocity: Body must be non-kinematic!, FILE /builds/omniverse/physics/physx/source/physx/src/NpRigidDynamic.cpp, LINE 284
2026-07-02T20:45:14Z [115,431ms] [Error] [omni.physx.plugin] PhysX error: PxRigidDynamic::setLinearVelocity: Body must be non-kinematic!, FILE /builds/omniverse/physics/physx/source/physx/src/NpRigidDynamic.cpp, LINE 251
2026-07-02T20:45:14Z [115,431ms] [Error] [omni.physx.plugin] PhysX error: PxRigidDynamic::setAngularVelocity: Body must be non-kinematic!, FILE /builds/omniverse/physics/physx/source/physx/src/NpRigidDynamic.cpp, LINE 284
2026-07-02T20:45:14Z [115,432ms] [Error] [omni.physx.plugin] PhysX error: PxRigidDynamic::setLinearVelocity: Body must be non-kinematic!, FILE /builds/omniverse/physics/physx/source/physx/src/NpRigidDynamic.cpp, LINE 251
2026-07-02T20:45:14Z [115,432ms] [Error] [omni.physx.plugin] PhysX error: PxRigidDynamic::setAngularVelocity: Body must be non-kinematic!, FILE /builds/omniverse/physics/physx/source/physx/src/NpRigidDynamic.cpp, LINE 284
2026-07-02T20:45:14Z [115,432ms] [Error] [omni.physx.plugin] PhysX error: PxRigidDynamic::setLinearVelocity: Body must be non-kinematic!, FILE /builds/omniverse/physics/physx/source/physx/src/NpRigidDynamic.cpp, LINE 251
2026-07-02T20:45:14Z [115,432ms] [Error] [omni.physx.plugin] PhysX error: PxRigidDynamic::setAngularVelocity: Body must be non-kinematic!, FILE /builds/omniverse/physics/physx/source/physx/src/NpRigidDynamic.cpp, LINE 284
2026-07-02T20:45:14Z [115,434ms] [Error] [omni.physx.plugin] PhysX error: PxRigidDynamic::setLinearVelocity: Body must be non-kinematic!, FILE /builds/omniverse/physics/physx/source/physx/src/NpRigidDynamic.cpp, LINE 251
2026-07-02T20:45:14Z [115,435ms] [Error] [omni.physx.plugin] PhysX error: PxRigidDynamic::setAngularVelocity: Body must be non-kinematic!, FILE /builds/omniverse/physics/physx/source/physx/src/NpRigidDynamic.cpp, LINE 284
2026-07-02T20:45:14Z [115,435ms] [Error] [omni.physx.plugin] PhysX error: PxRigidDynamic::setLinearVelocity: Body must be non-kinematic!, FILE /builds/omniverse/physics/physx/source/physx/src/NpRigidDynamic.cpp, LINE 251
2026-07-02T20:45:14Z [115,435ms] [Error] [omni.physx.plugin] PhysX error: PxRigidDynamic::setAngularVelocity: Body must be non-kinematic!, FILE /builds/omniverse/physics/physx/source/physx/src/NpRigidDynamic.cpp, LINE 284
2026-07-02T20:45:14Z [115,435ms] [Error] [omni.physx.plugin] PhysX error: PxRigidDynamic::setLinearVelocity: Body must be non-kinematic!, FILE /builds/omniverse/physics/physx/source/physx/src/NpRigidDynamic.cpp, LINE 251
2026-07-02T20:45:14Z [115,436ms] [Error] [omni.physx.plugin] PhysX error: PxRigidDynamic::setAngularVelocity: Body must be non-kinematic!, FILE /builds/omniverse/physics/physx/source/physx/src/NpRigidDynamic.cpp, LINE 284
2026-07-02T20:45:14Z [115,436ms] [Error] [omni.physx.plugin] PhysX error: PxRigidDynamic::setLinearVelocity: Body must be non-kinematic!, FILE /builds/omniverse/physics/physx/source/physx/src/NpRigidDynamic.cpp, LINE 251
2026-07-02T20:45:14Z [115,436ms] [Error] [omni.physx.plugin] PhysX error: PxRigidDynamic::setAngularVelocity: Body must be non-kinematic!, FILE /builds/omniverse/physics/physx/source/physx/src/NpRigidDynamic.cpp, LINE 284
2026-07-02T20:45:14Z [115,437ms] [Error] [omni.physx.plugin] PhysX error: PxRigidDynamic::setLinearVelocity: Body must be non-kinematic!, FILE /builds/omniverse/physics/physx/source/physx/src/NpRigidDynamic.cpp, LINE 251
2026-07-02T20:45:14Z [115,437ms] [Error] [omni.physx.plugin] PhysX error: PxRigidDynamic::setAngularVelocity: Body must be non-kinematic!, FILE /builds/omniverse/physics/physx/source/physx/src/NpRigidDynamic.cpp, LINE 284
2026-07-02T20:45:14Z [115,437ms] [Error] [omni.physx.plugin] PhysX error: PxRigidDynamic::setLinearVelocity: Body must be non-kinematic!, FILE /builds/omniverse/physics/physx/source/physx/src/NpRigidDynamic.cpp, LINE 251
2026-07-02T20:45:14Z [115,437ms] [Error] [omni.physx.plugin] PhysX error: PxRigidDynamic::setAngularVelocity: Body must be non-kinematic!, FILE /builds/omniverse/physics/physx/source/physx/src/NpRigidDynamic.cpp, LINE 284
2026-07-02T20:45:14Z [115,438ms] [Error] [omni.physx.plugin] PhysX error: PxRigidDynamic::setLinearVelocity: Body must be non-kinematic!, FILE /builds/omniverse/physics/physx/source/physx/src/NpRigidDynamic.cpp, LINE 251
2026-07-02T20:45:14Z [115,438ms] [Error] [omni.physx.plugin] PhysX error: PxRigidDynamic::setAngularVelocity: Body must be non-kinematic!, FILE /builds/omniverse/physics/physx/source/physx/src/NpRigidDynamic.cpp, LINE 284
2026-07-02T20:45:14Z [115,438ms] [Error] [omni.physx.plugin] PhysX error: PxRigidDynamic::setLinearVelocity: Body must be non-kinematic!, FILE /builds/omniverse/physics/physx/source/physx/src/NpRigidDynamic.cpp, LINE 251
2026-07-02T20:45:14Z [115,438ms] [Error] [omni.physx.plugin] PhysX error: PxRigidDynamic::setAngularVelocity: Body must be non-kinematic!, FILE /builds/omniverse/physics/physx/source/physx/src/NpRigidDynamic.cpp, LINE 284
2026-07-02T20:45:14Z [115,439ms] [Error] [omni.physx.plugin] PhysX error: PxRigidDynamic::setLinearVelocity: Body must be non-kinematic!, FILE /builds/omniverse/physics/physx/source/physx/src/NpRigidDynamic.cpp, LINE 251
2026-07-02T20:45:14Z [115,439ms] [Error] [omni.physx.plugin] PhysX error: PxRigidDynamic::setAngularVelocity: Body must be non-kinematic!, FILE /builds/omniverse/physics/physx/source/physx/src/NpRigidDynamic.cpp, LINE 284
2026-07-02T20:45:14Z [115,440ms] [Error] [omni.physx.plugin] PhysX error: PxRigidDynamic::setLinearVelocity: Body must be non-kinematic!, FILE /builds/omniverse/physics/physx/source/physx/src/NpRigidDynamic.cpp, LINE 251
2026-07-02T20:45:14Z [115,440ms] [Error] [omni.physx.plugin] PhysX error: PxRigidDynamic::setAngularVelocity: Body must be non-kinematic!, FILE /builds/omniverse/physics/physx/source/physx/src/NpRigidDynamic.cpp, LINE 284
2026-07-02T20:45:14Z [115,440ms] [Error] [omni.physx.plugin] PhysX error: PxRigidDynamic::setLinearVelocity: Body must be non-kinematic!, FILE /builds/omniverse/physics/physx/source/physx/src/NpRigidDynamic.cpp, LINE 251
2026-07-02T20:45:14Z [115,441ms] [Error] [omni.physx.plugin] PhysX error: PxRigidDynamic::setAngularVelocity: Body must be non-kinematic!, FILE /builds/omniverse/physics/physx/source/physx/src/NpRigidDynamic.cpp, LINE 284
2026-07-02T20:45:14Z [115,441ms] [Error] [omni.physx.plugin] PhysX error: PxRigidDynamic::setLinearVelocity: Body must be non-kinematic!, FILE /builds/omniverse/physics/physx/source/physx/src/NpRigidDynamic.cpp, LINE 251
2026-07-02T20:45:14Z [115,441ms] [Error] [omni.physx.plugin] PhysX error: PxRigidDynamic::setAngularVelocity: Body must be non-kinematic!, FILE /builds/omniverse/physics/physx/source/physx/src/NpRigidDynamic.cpp, LINE 284
2026-07-02T20:45:14Z [115,442ms] [Error] [omni.physx.plugin] PhysX error: PxRigidDynamic::setLinearVelocity: Body must be non-kinematic!, FILE /builds/omniverse/physics/physx/source/physx/src/NpRigidDynamic.cpp, LINE 251
2026-07-02T20:45:14Z [115,442ms] [Error] [omni.physx.plugin] PhysX error: PxRigidDynamic::setAngularVelocity: Body must be non-kinematic!, FILE /builds/omniverse/physics/physx/source/physx/src/NpRigidDynamic.cpp, LINE 284
2026-07-02T20:45:14Z [115,442ms] [Error] [omni.physx.plugin] PhysX error: PxRigidDynamic::setLinearVelocity: Body must be non-kinematic!, FILE /builds/omniverse/physics/physx/source/physx/src/NpRigidDynamic.cpp, LINE 251
2026-07-02T20:45:14Z [115,442ms] [Error] [omni.physx.plugin] PhysX error: PxRigidDynamic::setAngularVelocity: Body must be non-kinematic!, FILE /builds/omniverse/physics/physx/source/physx/src/NpRigidDynamic.cpp, LINE 284
2026-07-02T20:45:14Z [115,443ms] [Error] [omni.physx.plugin] PhysX error: PxRigidDynamic::setLinearVelocity: Body must be non-kinematic!, FILE /builds/omniverse/physics/physx/source/physx/src/NpRigidDynamic.cpp, LINE 251
2026-07-02T20:45:14Z [115,443ms] [Error] [omni.physx.plugin] PhysX error: PxRigidDynamic::setAngularVelocity: Body must be non-kinematic!, FILE /builds/omniverse/physics/physx/source/physx/src/NpRigidDynamic.cpp, LINE 284
2026-07-02T20:45:14Z [115,443ms] [Error] [omni.physx.plugin] PhysX error: PxRigidDynamic::setLinearVelocity: Body must be non-kinematic!, FILE /builds/omniverse/physics/physx/source/physx/src/NpRigidDynamic.cpp, LINE 251
2026-07-02T20:45:14Z [115,443ms] [Error] [omni.physx.plugin] PhysX error: PxRigidDynamic::setAngularVelocity: Body must be non-kinematic!, FILE /builds/omniverse/physics/physx/source/physx/src/NpRigidDynamic.cpp, LINE 284
2026-07-02T20:45:14Z [115,444ms] [Error] [omni.physx.plugin] PhysX error: PxRigidDynamic::setLinearVelocity: Body must be non-kinematic!, FILE /builds/omniverse/physics/physx/source/physx/src/NpRigidDynamic.cpp, LINE 251
2026-07-02T20:45:14Z [115,444ms] [Error] [omni.physx.plugin] PhysX error: PxRigidDynamic::setAngularVelocity: Body must be non-kinematic!, FILE /builds/omniverse/physics/physx/source/physx/src/NpRigidDynamic.cpp, LINE 284
2026-07-02T20:45:14Z [115,444ms] [Error] [omni.physx.plugin] PhysX error: PxRigidDynamic::setLinearVelocity: Body must be non-kinematic!, FILE /builds/omniverse/physics/physx/source/physx/src/NpRigidDynamic.cpp, LINE 251
2026-07-02T20:45:14Z [115,444ms] [Error] [omni.physx.plugin] PhysX error: PxRigidDynamic::setAngularVelocity: Body must be non-kinematic!, FILE /builds/omniverse/physics/physx/source/physx/src/NpRigidDynamic.cpp, LINE 284
2026-07-02T20:45:14Z [115,445ms] [Error] [omni.physx.plugin] PhysX error: PxRigidDynamic::setLinearVelocity: Body must be non-kinematic!, FILE /builds/omniverse/physics/physx/source/physx/src/NpRigidDynamic.cpp, LINE 251
2026-07-02T20:45:14Z [115,445ms] [Error] [omni.physx.plugin] PhysX error: PxRigidDynamic::setAngularVelocity: Body must be non-kinematic!, FILE /builds/omniverse/physics/physx/source/physx/src/NpRigidDynamic.cpp, LINE 284
2026-07-02T20:45:14Z [115,446ms] [Error] [omni.physx.plugin] PhysX error: PxRigidDynamic::setLinearVelocity: Body must be non-kinematic!, FILE /builds/omniverse/physics/physx/source/physx/src/NpRigidDynamic.cpp, LINE 251
2026-07-02T20:45:14Z [115,446ms] [Error] [omni.physx.plugin] PhysX error: PxRigidDynamic::setAngularVelocity: Body must be non-kinematic!, FILE /builds/omniverse/physics/physx/source/physx/src/NpRigidDynamic.cpp, LINE 284
2026-07-02T20:45:14Z [115,446ms] [Error] [omni.physx.plugin] PhysX error: PxRigidDynamic::setLinearVelocity: Body must be non-kinematic!, FILE /builds/omniverse/physics/physx/source/physx/src/NpRigidDynamic.cpp, LINE 251
2026-07-02T20:45:14Z [115,447ms] [Error] [omni.physx.plugin] PhysX error: PxRigidDynamic::setAngularVelocity: Body must be non-kinematic!, FILE /builds/omniverse/physics/physx/source/physx/src/NpRigidDynamic.cpp, LINE 284
2026-07-02T20:45:14Z [115,447ms] [Error] [omni.physx.plugin] PhysX error: PxRigidDynamic::setLinearVelocity: Body must be non-kinematic!, FILE /builds/omniverse/physics/physx/source/physx/src/NpRigidDynamic.cpp, LINE 251
2026-07-02T20:45:14Z [115,447ms] [Error] [omni.physx.plugin] PhysX error: PxRigidDynamic::setAngularVelocity: Body must be non-kinematic!, FILE /builds/omniverse/physics/physx/source/physx/src/NpRigidDynamic.cpp, LINE 284
2026-07-02T20:45:14Z [115,448ms] [Error] [omni.physx.plugin] PhysX error: PxRigidDynamic::setLinearVelocity: Body must be non-kinematic!, FILE /builds/omniverse/physics/physx/source/physx/src/NpRigidDynamic.cpp, LINE 251
2026-07-02T20:45:14Z [115,448ms] [Error] [omni.physx.plugin] PhysX error: PxRigidDynamic::setAngularVelocity: Body must be non-kinematic!, FILE /builds/omniverse/physics/physx/source/physx/src/NpRigidDynamic.cpp, LINE 284
2026-07-02T20:45:14Z [115,448ms] [Error] [omni.physx.plugin] PhysX error: PxRigidDynamic::setLinearVelocity: Body must be non-kinematic!, FILE /builds/omniverse/physics/physx/source/physx/src/NpRigidDynamic.cpp, LINE 251
2026-07-02T20:45:14Z [115,448ms] [Error] [omni.physx.plugin] PhysX error: PxRigidDynamic::setAngularVelocity: Body must be non-kinematic!, FILE /builds/omniverse/physics/physx/source/physx/src/NpRigidDynamic.cpp, LINE 284
2026-07-02T20:45:14Z [115,449ms] [Error] [omni.physx.plugin] PhysX error: PxRigidDynamic::setLinearVelocity: Body must be non-kinematic!, FILE /builds/omniverse/physics/physx/source/physx/src/NpRigidDynamic.cpp, LINE 251
2026-07-02T20:45:14Z [115,449ms] [Error] [omni.physx.plugin] PhysX error: PxRigidDynamic::setAngularVelocity: Body must be non-kinematic!, FILE /builds/omniverse/physics/physx/source/physx/src/NpRigidDynamic.cpp, LINE 284
2026-07-02T20:45:14Z [115,451ms] [Error] [omni.physx.plugin] PhysX error: PxRigidDynamic::setLinearVelocity: Body must be non-kinematic!, FILE /builds/omniverse/physics/physx/source/physx/src/NpRigidDynamic.cpp, LINE 251
2026-07-02T20:45:14Z [115,451ms] [Error] [omni.physx.plugin] PhysX error: PxRigidDynamic::setAngularVelocity: Body must be non-kinematic!, FILE /builds/omniverse/physics/physx/source/physx/src/NpRigidDynamic.cpp, LINE 284
2026-07-02T20:45:14Z [115,452ms] [Error] [omni.physx.plugin] PhysX error: PxRigidDynamic::setLinearVelocity: Body must be non-kinematic!, FILE /builds/omniverse/physics/physx/source/physx/src/NpRigidDynamic.cpp, LINE 251
2026-07-02T20:45:14Z [115,452ms] [Error] [omni.physx.plugin] PhysX error: PxRigidDynamic::setAngularVelocity: Body must be non-kinematic!, FILE /builds/omniverse/physics/physx/source/physx/src/NpRigidDynamic.cpp, LINE 284
[INFO] Pi0.5 pick-place episode 3 success=False completed=False steps=3800 instruction='pick up the onion and place it in the tray'
[INFO] Starting Pi0.5 pick-place episode 4: instruction='pick up the kiwi and place it in the basket', target='kiwi', placement='basket'
2026-07-02T20:45:47Z [148,743ms] [Error] [omni.physx.plugin] PhysX error: PxRigidDynamic::setLinearVelocity: Body must be non-kinematic!, FILE /builds/omniverse/physics/physx/source/physx/src/NpRigidDynamic.cpp, LINE 251
2026-07-02T20:45:47Z [148,743ms] [Error] [omni.physx.plugin] PhysX error: PxRigidDynamic::setAngularVelocity: Body must be non-kinematic!, FILE /builds/omniverse/physics/physx/source/physx/src/NpRigidDynamic.cpp, LINE 284
2026-07-02T20:45:47Z [148,744ms] [Error] [omni.physx.plugin] PhysX error: PxRigidDynamic::setLinearVelocity: Body must be non-kinematic!, FILE /builds/omniverse/physics/physx/source/physx/src/NpRigidDynamic.cpp, LINE 251
2026-07-02T20:45:47Z [148,744ms] [Error] [omni.physx.plugin] PhysX error: PxRigidDynamic::setAngularVelocity: Body must be non-kinematic!, FILE /builds/omniverse/physics/physx/source/physx/src/NpRigidDynamic.cpp, LINE 284
2026-07-02T20:45:47Z [148,744ms] [Error] [omni.physx.plugin] PhysX error: PxRigidDynamic::setLinearVelocity: Body must be non-kinematic!, FILE /builds/omniverse/physics/physx/source/physx/src/NpRigidDynamic.cpp, LINE 251
2026-07-02T20:45:47Z [148,744ms] [Error] [omni.physx.plugin] PhysX error: PxRigidDynamic::setAngularVelocity: Body must be non-kinematic!, FILE /builds/omniverse/physics/physx/source/physx/src/NpRigidDynamic.cpp, LINE 284
2026-07-02T20:45:47Z [148,745ms] [Error] [omni.physx.plugin] PhysX error: PxRigidDynamic::setLinearVelocity: Body must be non-kinematic!, FILE /builds/omniverse/physics/physx/source/physx/src/NpRigidDynamic.cpp, LINE 251
2026-07-02T20:45:47Z [148,745ms] [Error] [omni.physx.plugin] PhysX error: PxRigidDynamic::setAngularVelocity: Body must be non-kinematic!, FILE /builds/omniverse/physics/physx/source/physx/src/NpRigidDynamic.cpp, LINE 284
2026-07-02T20:45:47Z [148,745ms] [Error] [omni.physx.plugin] PhysX error: PxRigidDynamic::setLinearVelocity: Body must be non-kinematic!, FILE /builds/omniverse/physics/physx/source/physx/src/NpRigidDynamic.cpp, LINE 251
2026-07-02T20:45:47Z [148,745ms] [Error] [omni.physx.plugin] PhysX error: PxRigidDynamic::setAngularVelocity: Body must be non-kinematic!, FILE /builds/omniverse/physics/physx/source/physx/src/NpRigidDynamic.cpp, LINE 284
2026-07-02T20:45:47Z [148,746ms] [Error] [omni.physx.plugin] PhysX error: PxRigidDynamic::setLinearVelocity: Body must be non-kinematic!, FILE /builds/omniverse/physics/physx/source/physx/src/NpRigidDynamic.cpp, LINE 251
2026-07-02T20:45:47Z [148,746ms] [Error] [omni.physx.plugin] PhysX error: PxRigidDynamic::setAngularVelocity: Body must be non-kinematic!, FILE /builds/omniverse/physics/physx/source/physx/src/NpRigidDynamic.cpp, LINE 284
2026-07-02T20:45:47Z [148,747ms] [Error] [omni.physx.plugin] PhysX error: PxRigidDynamic::setLinearVelocity: Body must be non-kinematic!, FILE /builds/omniverse/physics/physx/source/physx/src/NpRigidDynamic.cpp, LINE 251
2026-07-02T20:45:47Z [148,747ms] [Error] [omni.physx.plugin] PhysX error: PxRigidDynamic::setAngularVelocity: Body must be non-kinematic!, FILE /builds/omniverse/physics/physx/source/physx/src/NpRigidDynamic.cpp, LINE 284
2026-07-02T20:45:47Z [148,747ms] [Error] [omni.physx.plugin] PhysX error: PxRigidDynamic::setLinearVelocity: Body must be non-kinematic!, FILE /builds/omniverse/physics/physx/source/physx/src/NpRigidDynamic.cpp, LINE 251
2026-07-02T20:45:47Z [148,747ms] [Error] [omni.physx.plugin] PhysX error: PxRigidDynamic::setAngularVelocity: Body must be non-kinematic!, FILE /builds/omniverse/physics/physx/source/physx/src/NpRigidDynamic.cpp, LINE 284
2026-07-02T20:45:47Z [148,748ms] [Error] [omni.physx.plugin] PhysX error: PxRigidDynamic::setLinearVelocity: Body must be non-kinematic!, FILE /builds/omniverse/physics/physx/source/physx/src/NpRigidDynamic.cpp, LINE 251
2026-07-02T20:45:47Z [148,748ms] [Error] [omni.physx.plugin] PhysX error: PxRigidDynamic::setAngularVelocity: Body must be non-kinematic!, FILE /builds/omniverse/physics/physx/source/physx/src/NpRigidDynamic.cpp, LINE 284
2026-07-02T20:45:47Z [148,748ms] [Error] [omni.physx.plugin] PhysX error: PxRigidDynamic::setLinearVelocity: Body must be non-kinematic!, FILE /builds/omniverse/physics/physx/source/physx/src/NpRigidDynamic.cpp, LINE 251
2026-07-02T20:45:47Z [148,748ms] [Error] [omni.physx.plugin] PhysX error: PxRigidDynamic::setAngularVelocity: Body must be non-kinematic!, FILE /builds/omniverse/physics/physx/source/physx/src/NpRigidDynamic.cpp, LINE 284
2026-07-02T20:45:47Z [148,749ms] [Error] [omni.physx.plugin] PhysX error: PxRigidDynamic::setLinearVelocity: Body must be non-kinematic!, FILE /builds/omniverse/physics/physx/source/physx/src/NpRigidDynamic.cpp, LINE 251
2026-07-02T20:45:47Z [148,749ms] [Error] [omni.physx.plugin] PhysX error: PxRigidDynamic::setAngularVelocity: Body must be non-kinematic!, FILE /builds/omniverse/physics/physx/source/physx/src/NpRigidDynamic.cpp, LINE 284
2026-07-02T20:45:47Z [148,751ms] [Error] [omni.physx.plugin] PhysX error: PxRigidDynamic::setLinearVelocity: Body must be non-kinematic!, FILE /builds/omniverse/physics/physx/source/physx/src/NpRigidDynamic.cpp, LINE 251
2026-07-02T20:45:47Z [148,751ms] [Error] [omni.physx.plugin] PhysX error: PxRigidDynamic::setAngularVelocity: Body must be non-kinematic!, FILE /builds/omniverse/physics/physx/source/physx/src/NpRigidDynamic.cpp, LINE 284
2026-07-02T20:45:47Z [148,752ms] [Error] [omni.physx.plugin] PhysX error: PxRigidDynamic::setLinearVelocity: Body must be non-kinematic!, FILE /builds/omniverse/physics/physx/source/physx/src/NpRigidDynamic.cpp, LINE 251
2026-07-02T20:45:47Z [148,752ms] [Error] [omni.physx.plugin] PhysX error: PxRigidDynamic::setAngularVelocity: Body must be non-kinematic!, FILE /builds/omniverse/physics/physx/source/physx/src/NpRigidDynamic.cpp, LINE 284
2026-07-02T20:45:47Z [148,752ms] [Error] [omni.physx.plugin] PhysX error: PxRigidDynamic::setLinearVelocity: Body must be non-kinematic!, FILE /builds/omniverse/physics/physx/source/physx/src/NpRigidDynamic.cpp, LINE 251
2026-07-02T20:45:47Z [148,752ms] [Error] [omni.physx.plugin] PhysX error: PxRigidDynamic::setAngularVelocity: Body must be non-kinematic!, FILE /builds/omniverse/physics/physx/source/physx/src/NpRigidDynamic.cpp, LINE 284
2026-07-02T20:45:47Z [148,753ms] [Error] [omni.physx.plugin] PhysX error: PxRigidDynamic::setLinearVelocity: Body must be non-kinematic!, FILE /builds/omniverse/physics/physx/source/physx/src/NpRigidDynamic.cpp, LINE 251
2026-07-02T20:45:47Z [148,753ms] [Error] [omni.physx.plugin] PhysX error: PxRigidDynamic::setAngularVelocity: Body must be non-kinematic!, FILE /builds/omniverse/physics/physx/source/physx/src/NpRigidDynamic.cpp, LINE 284
2026-07-02T20:45:47Z [148,754ms] [Error] [omni.physx.plugin] PhysX error: PxRigidDynamic::setLinearVelocity: Body must be non-kinematic!, FILE /builds/omniverse/physics/physx/source/physx/src/NpRigidDynamic.cpp, LINE 251
2026-07-02T20:45:47Z [148,754ms] [Error] [omni.physx.plugin] PhysX error: PxRigidDynamic::setAngularVelocity: Body must be non-kinematic!, FILE /builds/omniverse/physics/physx/source/physx/src/NpRigidDynamic.cpp, LINE 284
2026-07-02T20:45:47Z [148,754ms] [Error] [omni.physx.plugin] PhysX error: PxRigidDynamic::setLinearVelocity: Body must be non-kinematic!, FILE /builds/omniverse/physics/physx/source/physx/src/NpRigidDynamic.cpp, LINE 251
2026-07-02T20:45:47Z [148,754ms] [Error] [omni.physx.plugin] PhysX error: PxRigidDynamic::setAngularVelocity: Body must be non-kinematic!, FILE /builds/omniverse/physics/physx/source/physx/src/NpRigidDynamic.cpp, LINE 284
2026-07-02T20:45:47Z [148,755ms] [Error] [omni.physx.plugin] PhysX error: PxRigidDynamic::setLinearVelocity: Body must be non-kinematic!, FILE /builds/omniverse/physics/physx/source/physx/src/NpRigidDynamic.cpp, LINE 251
2026-07-02T20:45:47Z [148,755ms] [Error] [omni.physx.plugin] PhysX error: PxRigidDynamic::setAngularVelocity: Body must be non-kinematic!, FILE /builds/omniverse/physics/physx/source/physx/src/NpRigidDynamic.cpp, LINE 284
2026-07-02T20:45:47Z [148,755ms] [Error] [omni.physx.plugin] PhysX error: PxRigidDynamic::setLinearVelocity: Body must be non-kinematic!, FILE /builds/omniverse/physics/physx/source/physx/src/NpRigidDynamic.cpp, LINE 251
2026-07-02T20:45:47Z [148,756ms] [Error] [omni.physx.plugin] PhysX error: PxRigidDynamic::setAngularVelocity: Body must be non-kinematic!, FILE /builds/omniverse/physics/physx/source/physx/src/NpRigidDynamic.cpp, LINE 284
2026-07-02T20:45:47Z [148,756ms] [Error] [omni.physx.plugin] PhysX error: PxRigidDynamic::setLinearVelocity: Body must be non-kinematic!, FILE /builds/omniverse/physics/physx/source/physx/src/NpRigidDynamic.cpp, LINE 251
2026-07-02T20:45:47Z [148,756ms] [Error] [omni.physx.plugin] PhysX error: PxRigidDynamic::setAngularVelocity: Body must be non-kinematic!, FILE /builds/omniverse/physics/physx/source/physx/src/NpRigidDynamic.cpp, LINE 284
2026-07-02T20:45:47Z [148,757ms] [Error] [omni.physx.plugin] PhysX error: PxRigidDynamic::setLinearVelocity: Body must be non-kinematic!, FILE /builds/omniverse/physics/physx/source/physx/src/NpRigidDynamic.cpp, LINE 251
2026-07-02T20:45:47Z [148,757ms] [Error] [omni.physx.plugin] PhysX error: PxRigidDynamic::setAngularVelocity: Body must be non-kinematic!, FILE /builds/omniverse/physics/physx/source/physx/src/NpRigidDynamic.cpp, LINE 284
2026-07-02T20:45:47Z [148,757ms] [Error] [omni.physx.plugin] PhysX error: PxRigidDynamic::setLinearVelocity: Body must be non-kinematic!, FILE /builds/omniverse/physics/physx/source/physx/src/NpRigidDynamic.cpp, LINE 251
2026-07-02T20:45:47Z [148,757ms] [Error] [omni.physx.plugin] PhysX error: PxRigidDynamic::setAngularVelocity: Body must be non-kinematic!, FILE /builds/omniverse/physics/physx/source/physx/src/NpRigidDynamic.cpp, LINE 284
2026-07-02T20:45:47Z [148,758ms] [Error] [omni.physx.plugin] PhysX error: PxRigidDynamic::setLinearVelocity: Body must be non-kinematic!, FILE /builds/omniverse/physics/physx/source/physx/src/NpRigidDynamic.cpp, LINE 251
2026-07-02T20:45:47Z [148,758ms] [Error] [omni.physx.plugin] PhysX error: PxRigidDynamic::setAngularVelocity: Body must be non-kinematic!, FILE /builds/omniverse/physics/physx/source/physx/src/NpRigidDynamic.cpp, LINE 284
2026-07-02T20:45:47Z [148,758ms] [Error] [omni.physx.plugin] PhysX error: PxRigidDynamic::setLinearVelocity: Body must be non-kinematic!, FILE /builds/omniverse/physics/physx/source/physx/src/NpRigidDynamic.cpp, LINE 251
2026-07-02T20:45:47Z [148,758ms] [Error] [omni.physx.plugin] PhysX error: PxRigidDynamic::setAngularVelocity: Body must be non-kinematic!, FILE /builds/omniverse/physics/physx/source/physx/src/NpRigidDynamic.cpp, LINE 284
2026-07-02T20:45:47Z [148,759ms] [Error] [omni.physx.plugin] PhysX error: PxRigidDynamic::setLinearVelocity: Body must be non-kinematic!, FILE /builds/omniverse/physics/physx/source/physx/src/NpRigidDynamic.cpp, LINE 251
2026-07-02T20:45:47Z [148,759ms] [Error] [omni.physx.plugin] PhysX error: PxRigidDynamic::setAngularVelocity: Body must be non-kinematic!, FILE /builds/omniverse/physics/physx/source/physx/src/NpRigidDynamic.cpp, LINE 284
2026-07-02T20:45:47Z [148,760ms] [Error] [omni.physx.plugin] PhysX error: PxRigidDynamic::setLinearVelocity: Body must be non-kinematic!, FILE /builds/omniverse/physics/physx/source/physx/src/NpRigidDynamic.cpp, LINE 251
2026-07-02T20:45:47Z [148,760ms] [Error] [omni.physx.plugin] PhysX error: PxRigidDynamic::setAngularVelocity: Body must be non-kinematic!, FILE /builds/omniverse/physics/physx/source/physx/src/NpRigidDynamic.cpp, LINE 284
2026-07-02T20:45:47Z [148,761ms] [Error] [omni.physx.plugin] PhysX error: PxRigidDynamic::setLinearVelocity: Body must be non-kinematic!, FILE /builds/omniverse/physics/physx/source/physx/src/NpRigidDynamic.cpp, LINE 251
2026-07-02T20:45:47Z [148,761ms] [Error] [omni.physx.plugin] PhysX error: PxRigidDynamic::setAngularVelocity: Body must be non-kinematic!, FILE /builds/omniverse/physics/physx/source/physx/src/NpRigidDynamic.cpp, LINE 284
2026-07-02T20:45:47Z [148,761ms] [Error] [omni.physx.plugin] PhysX error: PxRigidDynamic::setLinearVelocity: Body must be non-kinematic!, FILE /builds/omniverse/physics/physx/source/physx/src/NpRigidDynamic.cpp, LINE 251
2026-07-02T20:45:47Z [148,762ms] [Error] [omni.physx.plugin] PhysX error: PxRigidDynamic::setAngularVelocity: Body must be non-kinematic!, FILE /builds/omniverse/physics/physx/source/physx/src/NpRigidDynamic.cpp, LINE 284
2026-07-02T20:45:47Z [148,762ms] [Error] [omni.physx.plugin] PhysX error: PxRigidDynamic::setLinearVelocity: Body must be non-kinematic!, FILE /builds/omniverse/physics/physx/source/physx/src/NpRigidDynamic.cpp, LINE 251
2026-07-02T20:45:47Z [148,762ms] [Error] [omni.physx.plugin] PhysX error: PxRigidDynamic::setAngularVelocity: Body must be non-kinematic!, FILE /builds/omniverse/physics/physx/source/physx/src/NpRigidDynamic.cpp, LINE 284
2026-07-02T20:45:47Z [148,763ms] [Error] [omni.physx.plugin] PhysX error: PxRigidDynamic::setLinearVelocity: Body must be non-kinematic!, FILE /builds/omniverse/physics/physx/source/physx/src/NpRigidDynamic.cpp, LINE 251
2026-07-02T20:45:47Z [148,763ms] [Error] [omni.physx.plugin] PhysX error: PxRigidDynamic::setAngularVelocity: Body must be non-kinematic!, FILE /builds/omniverse/physics/physx/source/physx/src/NpRigidDynamic.cpp, LINE 284
2026-07-02T20:45:47Z [148,763ms] [Error] [omni.physx.plugin] PhysX error: PxRigidDynamic::setLinearVelocity: Body must be non-kinematic!, FILE /builds/omniverse/physics/physx/source/physx/src/NpRigidDynamic.cpp, LINE 251
2026-07-02T20:45:47Z [148,763ms] [Error] [omni.physx.plugin] PhysX error: PxRigidDynamic::setAngularVelocity: Body must be non-kinematic!, FILE /builds/omniverse/physics/physx/source/physx/src/NpRigidDynamic.cpp, LINE 284
2026-07-02T20:45:47Z [148,764ms] [Error] [omni.physx.plugin] PhysX error: PxRigidDynamic::setLinearVelocity: Body must be non-kinematic!, FILE /builds/omniverse/physics/physx/source/physx/src/NpRigidDynamic.cpp, LINE 251
2026-07-02T20:45:47Z [148,764ms] [Error] [omni.physx.plugin] PhysX error: PxRigidDynamic::setAngularVelocity: Body must be non-kinematic!, FILE /builds/omniverse/physics/physx/source/physx/src/NpRigidDynamic.cpp, LINE 284
2026-07-02T20:45:47Z [148,765ms] [Error] [omni.physx.plugin] PhysX error: PxRigidDynamic::setLinearVelocity: Body must be non-kinematic!, FILE /builds/omniverse/physics/physx/source/physx/src/NpRigidDynamic.cpp, LINE 251
2026-07-02T20:45:47Z [148,765ms] [Error] [omni.physx.plugin] PhysX error: PxRigidDynamic::setAngularVelocity: Body must be non-kinematic!, FILE /builds/omniverse/physics/physx/source/physx/src/NpRigidDynamic.cpp, LINE 284
2026-07-02T20:45:47Z [148,767ms] [Error] [omni.physx.plugin] PhysX error: PxRigidDynamic::setLinearVelocity: Body must be non-kinematic!, FILE /builds/omniverse/physics/physx/source/physx/src/NpRigidDynamic.cpp, LINE 251
2026-07-02T20:45:47Z [148,767ms] [Error] [omni.physx.plugin] PhysX error: PxRigidDynamic::setAngularVelocity: Body must be non-kinematic!, FILE /builds/omniverse/physics/physx/source/physx/src/NpRigidDynamic.cpp, LINE 284
2026-07-02T20:45:47Z [148,779ms] [Error] [omni.physx.plugin] PhysX error: PxRigidDynamic::setLinearVelocity: Body must be non-kinematic!, FILE /builds/omniverse/physics/physx/source/physx/src/NpRigidDynamic.cpp, LINE 251
2026-07-02T20:45:47Z [148,779ms] [Error] [omni.physx.plugin] PhysX error: PxRigidDynamic::setAngularVelocity: Body must be non-kinematic!, FILE /builds/omniverse/physics/physx/source/physx/src/NpRigidDynamic.cpp, LINE 284
2026-07-02T20:45:47Z [148,780ms] [Error] [omni.physx.plugin] PhysX error: PxRigidDynamic::setLinearVelocity: Body must be non-kinematic!, FILE /builds/omniverse/physics/physx/source/physx/src/NpRigidDynamic.cpp, LINE 251
2026-07-02T20:45:47Z [148,780ms] [Error] [omni.physx.plugin] PhysX error: PxRigidDynamic::setAngularVelocity: Body must be non-kinematic!, FILE /builds/omniverse/physics/physx/source/physx/src/NpRigidDynamic.cpp, LINE 284
2026-07-02T20:45:47Z [148,780ms] [Error] [omni.physx.plugin] PhysX error: PxRigidDynamic::setLinearVelocity: Body must be non-kinematic!, FILE /builds/omniverse/physics/physx/source/physx/src/NpRigidDynamic.cpp, LINE 251
2026-07-02T20:45:47Z [148,780ms] [Error] [omni.physx.plugin] PhysX error: PxRigidDynamic::setAngularVelocity: Body must be non-kinematic!, FILE /builds/omniverse/physics/physx/source/physx/src/NpRigidDynamic.cpp, LINE 284
2026-07-02T20:45:47Z [148,781ms] [Error] [omni.physx.plugin] PhysX error: PxRigidDynamic::setLinearVelocity: Body must be non-kinematic!, FILE /builds/omniverse/physics/physx/source/physx/src/NpRigidDynamic.cpp, LINE 251
2026-07-02T20:45:47Z [148,781ms] [Error] [omni.physx.plugin] PhysX error: PxRigidDynamic::setAngularVelocity: Body must be non-kinematic!, FILE /builds/omniverse/physics/physx/source/physx/src/NpRigidDynamic.cpp, LINE 284
2026-07-02T20:45:47Z [148,781ms] [Error] [omni.physx.plugin] PhysX error: PxRigidDynamic::setLinearVelocity: Body must be non-kinematic!, FILE /builds/omniverse/physics/physx/source/physx/src/NpRigidDynamic.cpp, LINE 251
2026-07-02T20:45:47Z [148,781ms] [Error] [omni.physx.plugin] PhysX error: PxRigidDynamic::setAngularVelocity: Body must be non-kinematic!, FILE /builds/omniverse/physics/physx/source/physx/src/NpRigidDynamic.cpp, LINE 284
2026-07-02T20:45:47Z [148,782ms] [Error] [omni.physx.plugin] PhysX error: PxRigidDynamic::setLinearVelocity: Body must be non-kinematic!, FILE /builds/omniverse/physics/physx/source/physx/src/NpRigidDynamic.cpp, LINE 251
2026-07-02T20:45:47Z [148,782ms] [Error] [omni.physx.plugin] PhysX error: PxRigidDynamic::setAngularVelocity: Body must be non-kinematic!, FILE /builds/omniverse/physics/physx/source/physx/src/NpRigidDynamic.cpp, LINE 284
2026-07-02T20:45:47Z [148,782ms] [Error] [omni.physx.plugin] PhysX error: PxRigidDynamic::setLinearVelocity: Body must be non-kinematic!, FILE /builds/omniverse/physics/physx/source/physx/src/NpRigidDynamic.cpp, LINE 251
2026-07-02T20:45:47Z [148,782ms] [Error] [omni.physx.plugin] PhysX error: PxRigidDynamic::setAngularVelocity: Body must be non-kinematic!, FILE /builds/omniverse/physics/physx/source/physx/src/NpRigidDynamic.cpp, LINE 284
2026-07-02T20:45:47Z [148,785ms] [Error] [omni.physx.plugin] PhysX error: PxRigidDynamic::setLinearVelocity: Body must be non-kinematic!, FILE /builds/omniverse/physics/physx/source/physx/src/NpRigidDynamic.cpp, LINE 251
2026-07-02T20:45:47Z [148,785ms] [Error] [omni.physx.plugin] PhysX error: PxRigidDynamic::setAngularVelocity: Body must be non-kinematic!, FILE /builds/omniverse/physics/physx/source/physx/src/NpRigidDynamic.cpp, LINE 284
2026-07-02T20:45:47Z [148,785ms] [Error] [omni.physx.plugin] PhysX error: PxRigidDynamic::setLinearVelocity: Body must be non-kinematic!, FILE /builds/omniverse/physics/physx/source/physx/src/NpRigidDynamic.cpp, LINE 251
2026-07-02T20:45:47Z [148,785ms] [Error] [omni.physx.plugin] PhysX error: PxRigidDynamic::setAngularVelocity: Body must be non-kinematic!, FILE /builds/omniverse/physics/physx/source/physx/src/NpRigidDynamic.cpp, LINE 284
2026-07-02T20:45:47Z [148,786ms] [Error] [omni.physx.plugin] PhysX error: PxRigidDynamic::setLinearVelocity: Body must be non-kinematic!, FILE /builds/omniverse/physics/physx/source/physx/src/NpRigidDynamic.cpp, LINE 251
2026-07-02T20:45:47Z [148,786ms] [Error] [omni.physx.plugin] PhysX error: PxRigidDynamic::setAngularVelocity: Body must be non-kinematic!, FILE /builds/omniverse/physics/physx/source/physx/src/NpRigidDynamic.cpp, LINE 284
2026-07-02T20:45:47Z [148,786ms] [Error] [omni.physx.plugin] PhysX error: PxRigidDynamic::setLinearVelocity: Body must be non-kinematic!, FILE /builds/omniverse/physics/physx/source/physx/src/NpRigidDynamic.cpp, LINE 251
2026-07-02T20:45:47Z [148,786ms] [Error] [omni.physx.plugin] PhysX error: PxRigidDynamic::setAngularVelocity: Body must be non-kinematic!, FILE /builds/omniverse/physics/physx/source/physx/src/NpRigidDynamic.cpp, LINE 284
2026-07-02T20:45:47Z [148,787ms] [Error] [omni.physx.plugin] PhysX error: PxRigidDynamic::setLinearVelocity: Body must be non-kinematic!, FILE /builds/omniverse/physics/physx/source/physx/src/NpRigidDynamic.cpp, LINE 251
2026-07-02T20:45:47Z [148,787ms] [Error] [omni.physx.plugin] PhysX error: PxRigidDynamic::setAngularVelocity: Body must be non-kinematic!, FILE /builds/omniverse/physics/physx/source/physx/src/NpRigidDynamic.cpp, LINE 284
2026-07-02T20:45:47Z [148,787ms] [Error] [omni.physx.plugin] PhysX error: PxRigidDynamic::setLinearVelocity: Body must be non-kinematic!, FILE /builds/omniverse/physics/physx/source/physx/src/NpRigidDynamic.cpp, LINE 251
2026-07-02T20:45:47Z [148,787ms] [Error] [omni.physx.plugin] PhysX error: PxRigidDynamic::setAngularVelocity: Body must be non-kinematic!, FILE /builds/omniverse/physics/physx/source/physx/src/NpRigidDynamic.cpp, LINE 284
2026-07-02T20:45:47Z [148,788ms] [Error] [omni.physx.plugin] PhysX error: PxRigidDynamic::setLinearVelocity: Body must be non-kinematic!, FILE /builds/omniverse/physics/physx/source/physx/src/NpRigidDynamic.cpp, LINE 251
2026-07-02T20:45:47Z [148,788ms] [Error] [omni.physx.plugin] PhysX error: PxRigidDynamic::setAngularVelocity: Body must be non-kinematic!, FILE /builds/omniverse/physics/physx/source/physx/src/NpRigidDynamic.cpp, LINE 284
2026-07-02T20:45:47Z [148,788ms] [Error] [omni.physx.plugin] PhysX error: PxRigidDynamic::setLinearVelocity: Body must be non-kinematic!, FILE /builds/omniverse/physics/physx/source/physx/src/NpRigidDynamic.cpp, LINE 251
2026-07-02T20:45:47Z [148,788ms] [Error] [omni.physx.plugin] PhysX error: PxRigidDynamic::setAngularVelocity: Body must be non-kinematic!, FILE /builds/omniverse/physics/physx/source/physx/src/NpRigidDynamic.cpp, LINE 284
2026-07-02T20:45:47Z [148,788ms] [Error] [omni.physx.plugin] PhysX error: PxRigidDynamic::setLinearVelocity: Body must be non-kinematic!, FILE /builds/omniverse/physics/physx/source/physx/src/NpRigidDynamic.cpp, LINE 251
2026-07-02T20:45:47Z [148,789ms] [Error] [omni.physx.plugin] PhysX error: PxRigidDynamic::setAngularVelocity: Body must be non-kinematic!, FILE /builds/omniverse/physics/physx/source/physx/src/NpRigidDynamic.cpp, LINE 284
2026-07-02T20:45:47Z [148,789ms] [Error] [omni.physx.plugin] PhysX error: PxRigidDynamic::setLinearVelocity: Body must be non-kinematic!, FILE /builds/omniverse/physics/physx/source/physx/src/NpRigidDynamic.cpp, LINE 251
2026-07-02T20:45:47Z [148,789ms] [Error] [omni.physx.plugin] PhysX error: PxRigidDynamic::setAngularVelocity: Body must be non-kinematic!, FILE /builds/omniverse/physics/physx/source/physx/src/NpRigidDynamic.cpp, LINE 284
2026-07-02T20:45:47Z [148,789ms] [Error] [omni.physx.plugin] PhysX error: PxRigidDynamic::setLinearVelocity: Body must be non-kinematic!, FILE /builds/omniverse/physics/physx/source/physx/src/NpRigidDynamic.cpp, LINE 251
2026-07-02T20:45:47Z [148,789ms] [Error] [omni.physx.plugin] PhysX error: PxRigidDynamic::setAngularVelocity: Body must be non-kinematic!, FILE /builds/omniverse/physics/physx/source/physx/src/NpRigidDynamic.cpp, LINE 284
2026-07-02T20:45:47Z [148,790ms] [Error] [omni.physx.plugin] PhysX error: PxRigidDynamic::setLinearVelocity: Body must be non-kinematic!, FILE /builds/omniverse/physics/physx/source/physx/src/NpRigidDynamic.cpp, LINE 251
2026-07-02T20:45:47Z [148,790ms] [Error] [omni.physx.plugin] PhysX error: PxRigidDynamic::setAngularVelocity: Body must be non-kinematic!, FILE /builds/omniverse/physics/physx/source/physx/src/NpRigidDynamic.cpp, LINE 284
2026-07-02T20:45:47Z [148,790ms] [Error] [omni.physx.plugin] PhysX error: PxRigidDynamic::setLinearVelocity: Body must be non-kinematic!, FILE /builds/omniverse/physics/physx/source/physx/src/NpRigidDynamic.cpp, LINE 251
2026-07-02T20:45:47Z [148,790ms] [Error] [omni.physx.plugin] PhysX error: PxRigidDynamic::setAngularVelocity: Body must be non-kinematic!, FILE /builds/omniverse/physics/physx/source/physx/src/NpRigidDynamic.cpp, LINE 284
2026-07-02T20:45:47Z [148,791ms] [Error] [omni.physx.plugin] PhysX error: PxRigidDynamic::setLinearVelocity: Body must be non-kinematic!, FILE /builds/omniverse/physics/physx/source/physx/src/NpRigidDynamic.cpp, LINE 251
2026-07-02T20:45:47Z [148,791ms] [Error] [omni.physx.plugin] PhysX error: PxRigidDynamic::setAngularVelocity: Body must be non-kinematic!, FILE /builds/omniverse/physics/physx/source/physx/src/NpRigidDynamic.cpp, LINE 284
2026-07-02T20:45:47Z [148,791ms] [Error] [omni.physx.plugin] PhysX error: PxRigidDynamic::setLinearVelocity: Body must be non-kinematic!, FILE /builds/omniverse/physics/physx/source/physx/src/NpRigidDynamic.cpp, LINE 251
2026-07-02T20:45:47Z [148,791ms] [Error] [omni.physx.plugin] PhysX error: PxRigidDynamic::setAngularVelocity: Body must be non-kinematic!, FILE /builds/omniverse/physics/physx/source/physx/src/NpRigidDynamic.cpp, LINE 284
2026-07-02T20:45:47Z [148,792ms] [Error] [omni.physx.plugin] PhysX error: PxRigidDynamic::setLinearVelocity: Body must be non-kinematic!, FILE /builds/omniverse/physics/physx/source/physx/src/NpRigidDynamic.cpp, LINE 251
2026-07-02T20:45:47Z [148,792ms] [Error] [omni.physx.plugin] PhysX error: PxRigidDynamic::setAngularVelocity: Body must be non-kinematic!, FILE /builds/omniverse/physics/physx/source/physx/src/NpRigidDynamic.cpp, LINE 284
2026-07-02T20:45:47Z [148,792ms] [Error] [omni.physx.plugin] PhysX error: PxRigidDynamic::setLinearVelocity: Body must be non-kinematic!, FILE /builds/omniverse/physics/physx/source/physx/src/NpRigidDynamic.cpp, LINE 251
2026-07-02T20:45:47Z [148,793ms] [Error] [omni.physx.plugin] PhysX error: PxRigidDynamic::setAngularVelocity: Body must be non-kinematic!, FILE /builds/omniverse/physics/physx/source/physx/src/NpRigidDynamic.cpp, LINE 284
2026-07-02T20:45:47Z [148,793ms] [Error] [omni.physx.plugin] PhysX error: PxRigidDynamic::setLinearVelocity: Body must be non-kinematic!, FILE /builds/omniverse/physics/physx/source/physx/src/NpRigidDynamic.cpp, LINE 251
2026-07-02T20:45:47Z [148,793ms] [Error] [omni.physx.plugin] PhysX error: PxRigidDynamic::setAngularVelocity: Body must be non-kinematic!, FILE /builds/omniverse/physics/physx/source/physx/src/NpRigidDynamic.cpp, LINE 284
2026-07-02T20:45:47Z [148,793ms] [Error] [omni.physx.plugin] PhysX error: PxRigidDynamic::setLinearVelocity: Body must be non-kinematic!, FILE /builds/omniverse/physics/physx/source/physx/src/NpRigidDynamic.cpp, LINE 251
2026-07-02T20:45:47Z [148,794ms] [Error] [omni.physx.plugin] PhysX error: PxRigidDynamic::setAngularVelocity: Body must be non-kinematic!, FILE /builds/omniverse/physics/physx/source/physx/src/NpRigidDynamic.cpp, LINE 284
2026-07-02T20:45:47Z [148,794ms] [Error] [omni.physx.plugin] PhysX error: PxRigidDynamic::setLinearVelocity: Body must be non-kinematic!, FILE /builds/omniverse/physics/physx/source/physx/src/NpRigidDynamic.cpp, LINE 251
2026-07-02T20:45:47Z [148,794ms] [Error] [omni.physx.plugin] PhysX error: PxRigidDynamic::setAngularVelocity: Body must be non-kinematic!, FILE /builds/omniverse/physics/physx/source/physx/src/NpRigidDynamic.cpp, LINE 284
2026-07-02T20:45:47Z [148,795ms] [Error] [omni.physx.plugin] PhysX error: PxRigidDynamic::setLinearVelocity: Body must be non-kinematic!, FILE /builds/omniverse/physics/physx/source/physx/src/NpRigidDynamic.cpp, LINE 251
2026-07-02T20:45:47Z [148,795ms] [Error] [omni.physx.plugin] PhysX error: PxRigidDynamic::setAngularVelocity: Body must be non-kinematic!, FILE /builds/omniverse/physics/physx/source/physx/src/NpRigidDynamic.cpp, LINE 284
2026-07-02T20:45:47Z [148,795ms] [Error] [omni.physx.plugin] PhysX error: PxRigidDynamic::setLinearVelocity: Body must be non-kinematic!, FILE /builds/omniverse/physics/physx/source/physx/src/NpRigidDynamic.cpp, LINE 251
2026-07-02T20:45:47Z [148,795ms] [Error] [omni.physx.plugin] PhysX error: PxRigidDynamic::setAngularVelocity: Body must be non-kinematic!, FILE /builds/omniverse/physics/physx/source/physx/src/NpRigidDynamic.cpp, LINE 284
2026-07-02T20:45:47Z [148,796ms] [Error] [omni.physx.plugin] PhysX error: PxRigidDynamic::setLinearVelocity: Body must be non-kinematic!, FILE /builds/omniverse/physics/physx/source/physx/src/NpRigidDynamic.cpp, LINE 251
2026-07-02T20:45:47Z [148,796ms] [Error] [omni.physx.plugin] PhysX error: PxRigidDynamic::setAngularVelocity: Body must be non-kinematic!, FILE /builds/omniverse/physics/physx/source/physx/src/NpRigidDynamic.cpp, LINE 284
2026-07-02T20:45:47Z [148,796ms] [Error] [omni.physx.plugin] PhysX error: PxRigidDynamic::setLinearVelocity: Body must be non-kinematic!, FILE /builds/omniverse/physics/physx/source/physx/src/NpRigidDynamic.cpp, LINE 251
2026-07-02T20:45:47Z [148,796ms] [Error] [omni.physx.plugin] PhysX error: PxRigidDynamic::setAngularVelocity: Body must be non-kinematic!, FILE /builds/omniverse/physics/physx/source/physx/src/NpRigidDynamic.cpp, LINE 284
2026-07-02T20:45:47Z [148,797ms] [Error] [omni.physx.plugin] PhysX error: PxRigidDynamic::setLinearVelocity: Body must be non-kinematic!, FILE /builds/omniverse/physics/physx/source/physx/src/NpRigidDynamic.cpp, LINE 251
2026-07-02T20:45:47Z [148,797ms] [Error] [omni.physx.plugin] PhysX error: PxRigidDynamic::setAngularVelocity: Body must be non-kinematic!, FILE /builds/omniverse/physics/physx/source/physx/src/NpRigidDynamic.cpp, LINE 284
2026-07-02T20:45:47Z [148,797ms] [Error] [omni.physx.plugin] PhysX error: PxRigidDynamic::setLinearVelocity: Body must be non-kinematic!, FILE /builds/omniverse/physics/physx/source/physx/src/NpRigidDynamic.cpp, LINE 251
2026-07-02T20:45:47Z [148,797ms] [Error] [omni.physx.plugin] PhysX error: PxRigidDynamic::setAngularVelocity: Body must be non-kinematic!, FILE /builds/omniverse/physics/physx/source/physx/src/NpRigidDynamic.cpp, LINE 284
2026-07-02T20:45:47Z [148,798ms] [Error] [omni.physx.plugin] PhysX error: PxRigidDynamic::setLinearVelocity: Body must be non-kinematic!, FILE /builds/omniverse/physics/physx/source/physx/src/NpRigidDynamic.cpp, LINE 251
2026-07-02T20:45:47Z [148,798ms] [Error] [omni.physx.plugin] PhysX error: PxRigidDynamic::setAngularVelocity: Body must be non-kinematic!, FILE /builds/omniverse/physics/physx/source/physx/src/NpRigidDynamic.cpp, LINE 284
[INFO] Pi0.5 pick-place episode 4 success=False completed=False steps=3800 instruction='pick up the kiwi and place it in the basket'
[INFO] Using Python: "/home/rootalkhatib/miniconda3/envs/env_isaaclab_6_0/bin/python"
[PICK_PLACE_DONE] 2026-07-02T22:40:21+02:00
Multiple -pix_fmt options specified for stream 0, only the last option '-pix_fmt yuv420p' will be used.
[INFO] wrote 1/10: reaching 000000 (225 frames)
[INFO] wrote 2/10: reaching 000001 (225 frames)
[INFO] wrote 3/10: reaching 000002 (225 frames)
[INFO] wrote 4/10: reaching 000003 (225 frames)
[WARN] falling back to rgb.npz for data/raw/pi05_droid_reaching_5ep_collection_limit/000004: Could not load meta information
=== stderr ===

ffmpeg version 7.0.2-static https://johnvansickle.com/ffmpeg/  Copyright (c) 2000-2024 the FFmpeg developers
  built with gcc 8 (Debian 8.3.0-6)
  configuration: --enable-gpl --enable-version3 --enable-static --disable-debug --disable-ffplay --disable-indev=sndio --disable-outdev=sndio --cc=gcc --enable-fontconfig --enable-frei0r --enable-gnutls --enable-gmp --enable-libgme --enable-gray --enable-libaom --enable-libfribidi --enable-libass --enable-libvmaf --enable-libfreetype --enable-libmp3lame --enable-libopencore-amrnb --enable-libopencore-amrwb --enable-libopenjpeg --enable-librubberband --enable-libsoxr --enable-libspeex --enable-libsrt --enable-libvorbis --enable-libopus --enable-libtheora --enable-libvidstab --enable-libvo-amrwbenc --enable-libvpx --enable-libwebp --enable-libx264 --enable-libx265 --enable-libxml2 --enable-libdav1d --enable-libxvid --enable-libzvbi --enable-libzimg
  libavutil      59.  8.100 / 59.  8.100
  libavcodec     61.  3.100 / 61.  3.100
  libavformat    61.  1.100 / 61.  1.100
  libavdevice    61.  1.100 / 61.  1.100
  libavfilter    10.  1.100 / 10.  1.100
  libswscale      8.  1.100 /  8.  1.100
  libswresample   5.  1.100 /  5.  1.100
  libpostproc    58.  1.100 / 58.  1.100
[mov,mp4,m4a,3gp,3g2,mj2 @ 0x11b1ad40] moov atom not found
[in#0 @ 0x11b1aa40] Error opening input: Invalid data found when processing input
Error opening input file /home/rootalkhatib/isaaclab_repo/franka_wrist_camera_isaaclab/data/raw/pi05_droid_reaching_5ep_collection_limit/000004/agent_camera.mp4.
Error opening input files: Invalid data found when processing input
Traceback (most recent call last):
  File "/home/rootalkhatib/isaaclab_repo/franka_wrist_camera_isaaclab/scripts/create_pi05_combined_agent_video.py", line 176, in <module>
    main()
  File "/home/rootalkhatib/isaaclab_repo/franka_wrist_camera_isaaclab/scripts/create_pi05_combined_agent_video.py", line 172, in main
    build_video(specs, args.output, args.speed, args.font, args.crf, args.preset, args.force)
  File "/home/rootalkhatib/isaaclab_repo/franka_wrist_camera_isaaclab/scripts/create_pi05_combined_agent_video.py", line 132, in build_video
    for fps, frames in iter_agent_frames(episode_dir, meta):
                       ^^^^^^^^^^^^^^^^^^^^^^^^^^^^^^^^^^^^
  File "/home/rootalkhatib/isaaclab_repo/franka_wrist_camera_isaaclab/scripts/create_pi05_combined_agent_video.py", line 79, in iter_agent_frames
    rgb_data = np.load(rgb_path)
               ^^^^^^^^^^^^^^^^^
  File "/home/rootalkhatib/miniconda3/envs/env_isaaclab_6_0/lib/python3.12/site-packages/numpy/lib/_npyio_impl.py", line 471, in load
    ret = NpzFile(fid, own_fid=own_fid, allow_pickle=allow_pickle,
          ^^^^^^^^^^^^^^^^^^^^^^^^^^^^^^^^^^^^^^^^^^^^^^^^^^^^^^^^
  File "/home/rootalkhatib/miniconda3/envs/env_isaaclab_6_0/lib/python3.12/site-packages/numpy/lib/_npyio_impl.py", line 197, in __init__
    _zip = zipfile_factory(fid)
           ^^^^^^^^^^^^^^^^^^^^
  File "/home/rootalkhatib/miniconda3/envs/env_isaaclab_6_0/lib/python3.12/site-packages/numpy/lib/_npyio_impl.py", line 112, in zipfile_factory
    return zipfile.ZipFile(file, *args, **kwargs)
           ^^^^^^^^^^^^^^^^^^^^^^^^^^^^^^^^^^^^^^
  File "/home/rootalkhatib/miniconda3/envs/env_isaaclab_6_0/lib/python3.12/zipfile/__init__.py", line 1370, in __init__
    self._RealGetContents()
  File "/home/rootalkhatib/miniconda3/envs/env_isaaclab_6_0/lib/python3.12/zipfile/__init__.py", line 1437, in _RealGetContents
    raise BadZipFile("File is not a zip file")
zipfile.BadZipFile: File is not a zip file
