[START] 2026-07-02T16:49:10+02:00
The '--headless' CLI argument is deprecated. Omit '--viz' for default headless. If config visualizers are enabled and you want to force headless, use '--viz none'.
WARNING: All log messages before absl::InitializeLog() is called are written to STDERR
E0000 00:00:1783003752.684792 2329659 descriptor_database.cc:633] File already exists in database: grpc/health/v1/health.proto
W0000 00:00:1783003752.684835 2329659 message.cc:301] Protobuf GeneratedMessageFactory: File is already registered: grpc/health/v1/health.proto
Loading user config located at: '/home/rootalkhatib/miniconda3/envs/env_isaaclab_6_0/lib/python3.12/site-packages/isaacsim/kit/data/Kit/IsaacLab/3.0/user.config.json'
2026-07-02T14:49:12Z [Info] [carb] Logging to file: /home/rootalkhatib/miniconda3/envs/env_isaaclab_6_0/lib/python3.12/site-packages/isaacsim/kit/logs/Kit/IsaacLab/3.0/kit_20260702_164912.log
2026-07-02T14:49:12Z [7ms] [Warning] [omni.ext.plugin] [ext: isaaclab_visualizers] Extensions config 'extension.toml' doesn't exist '/home/rootalkhatib/IsaacLab-6.0/source/isaaclab_visualizers' or '/home/rootalkhatib/IsaacLab-6.0/source/isaaclab_visualizers/config'
2026-07-02T14:49:12Z [7ms] [Warning] [omni.ext.plugin] [ext: isaacsim.app.compatibility_check-1.1.4+110.1.2.lx64.r.cp312] Extensions config 'extension.toml' doesn't exist '/home/rootalkhatib/miniconda3/envs/env_isaaclab_6_0/lib/python3.12/site-packages/isaacsim/exts/isaacsim.app.compatibility_check-1.1.4+110.1.2.lx64.r.cp312' or '/home/rootalkhatib/miniconda3/envs/env_isaaclab_6_0/lib/python3.12/site-packages/isaacsim/exts/isaacsim.app.compatibility_check-1.1.4+110.1.2.lx64.r.cp312/config'
2026-07-02T14:49:12Z [8ms] [Warning] [omni.ext.plugin] [ext: isaacsim.replicator.nurec_utils] Extensions config 'extension.toml' doesn't exist '/home/rootalkhatib/miniconda3/envs/env_isaaclab_6_0/lib/python3.12/site-packages/isaacsim/exts/isaacsim.replicator.nurec_utils' or '/home/rootalkhatib/miniconda3/envs/env_isaaclab_6_0/lib/python3.12/site-packages/isaacsim/exts/isaacsim.replicator.nurec_utils/config'
2026-07-02T14:49:13Z [483ms] [Warning] [omni.platforminfo.plugin] failed to open the default display.  Can't verify X Server version.

|---------------------------------------------------------------------------------------------|
| Driver Version: 595.71.05     | Graphics API: Vulkan
|=============================================================================================|
| GPU | Name                             | Active | LDA | GPU Memory | Vendor-ID | LUID       |
|     |                                  |        |     |            | Device-ID | UUID       |
|     |                                  |        |     |            | Bus-ID    |            |
|---------------------------------------------------------------------------------------------|
| 0   | NVIDIA GeForce RTX 4070 Ti SUPER | Yes: 0 |     | 16622   MB | 10de      | 0          |
|     |                                  |        |     |            | 2705      | d588fc24.. |
|     |                                  |        |     |            | a2        |            |
|=============================================================================================|
| OS: 22.04.5 LTS (Jammy Jellyfish) ubuntu, Version: 22.04.5, Kernel: 6.8.0-124-generic
| Processor: Intel(R) Xeon(R) w3-2423
| Cores: 6 | Logical Cores: 12
|---------------------------------------------------------------------------------------------|
| Total Memory (MB): 31333 | Free Memory: 23070
| Total Page/Swap (MB): 2047 | Free Page/Swap: 1364
|---------------------------------------------------------------------------------------------|
2026-07-02T14:49:13Z [1,027ms] [Warning] [omni.rtx] CPU performance profile is set to powersave. This profile sets the CPU to the lowest frequency reducing performance.
2026-07-02T14:49:13Z [1,036ms] [Warning] [omni.rtx] IOMMU is enabled.
2026-07-02T14:49:14Z [1,809ms] [Warning] [carb.windowing-glfw.plugin] GLFW initialization failed.
2026-07-02T14:49:14Z [1,809ms] [Warning] [carb] Failed to startup plugin carb.windowing-glfw.plugin (interfaces: [carb::windowing::IGLContext v1.0],[carb::windowing::IWindowing v1.5]) (impl: carb.windowing-glfw.plugin)
2026-07-02T14:49:14Z [1,889ms] [Warning] [carb.windowing-glfw.plugin] GLFW initialization failed.
2026-07-02T14:49:14Z [1,889ms] [Warning] [carb] Failed to startup plugin carb.windowing-glfw.plugin (interfaces: [carb::windowing::IGLContext v1.0],[carb::windowing::IWindowing v1.5]) (impl: carb.windowing-glfw.plugin)
2026-07-02T14:49:14Z [1,891ms] [Warning] [carb.windowing-glfw.plugin] GLFW initialization failed.
[ISAACLAB] AppLauncher initialization complete
[INFO] Connecting Pi0.5 remote runtime for closed-loop rollout...
[INFO] Connected to Pi0.5 policy server metadata={}
[INFO]: Registered backend 'physx' for factory Articulation.
[INFO]: Registered backend 'physx' for factory FrameView.
[INFO]: Registered backend 'physx' for factory RigidObject.
[INFO]: Physics scene prim path: /physicsScene
[INFO]: Simulation parameters for joints in /World/envs/env_.*/Robot:
+---------------------------------------------------------------------------------------------------------------------------------------------------------------------------+
|                                                     Simulation Joint Information (Prim path: /World/envs/env_.*/Robot)                                                    |
+-------+---------------------+-----------+---------+----------+-----------------+------------------+------------------+------------------+-----------------+---------------+
| Index | Name                | Stiffness | Damping | Armature | Static Friction | Dynamic Friction | Viscous Friction | Position Limits  | Velocity Limits | Effort Limits |
+-------+---------------------+-----------+---------+----------+-----------------+------------------+------------------+------------------+-----------------+---------------+
|   0   | panda_joint1        |  400.000  |  80.000 |  0.001   |      0.000      |      0.000       |      0.000       | [-2.897, 2.897]  |      2.175      |     87.000    |
|   1   | panda_joint2        |  400.000  |  80.000 |  0.001   |      0.000      |      0.000       |      0.000       | [-1.763, 1.763]  |      2.175      |     87.000    |
|   2   | panda_joint3        |  400.000  |  80.000 |  0.001   |      0.000      |      0.000       |      0.000       | [-2.897, 2.897]  |      2.175      |     87.000    |
|   3   | panda_joint4        |  400.000  |  80.000 |  0.001   |      0.000      |      0.000       |      0.000       | [-3.072, -0.070] |      2.175      |     87.000    |
|   4   | panda_joint5        |  400.000  |  80.000 |  0.001   |      0.000      |      0.000       |      0.000       | [-2.897, 2.897]  |      2.610      |     12.000    |
|   5   | panda_joint6        |  400.000  |  80.000 |  0.001   |      0.000      |      0.000       |      0.000       | [-0.018, 3.753]  |      2.610      |     12.000    |
|   6   | panda_joint7        |  400.000  |  80.000 |  0.001   |      0.000      |      0.000       |      0.000       | [-2.897, 2.897]  |      2.610      |     12.000    |
|   7   | panda_finger_joint1 |  2.0e+03  | 100.000 |  0.000   |      0.000      |      0.000       |      0.000       |  [0.000, 0.040]  |      0.200      |    200.000    |
|   8   | panda_finger_joint2 |  2.0e+03  | 100.000 |  0.000   |      0.000      |      0.000       |      0.000       |  [0.000, 0.040]  |      0.200      |    200.000    |
+-------+---------------------+-----------+---------+----------+-----------------+------------------+------------------+------------------+-----------------+---------------+
[INFO]: Registered backend 'physx' for factory Renderer.
[INFO]: Created new renderer for simulation: IsaacRtxRenderer
[INFO]: Using renderer: IsaacRtxRenderer
[INFO]: Using renderer: IsaacRtxRenderer
[INFO] Starting Pi0.5 reaching episode 0: instruction='reach the avocado', target_label='avocado'
2026-07-02T14:49:14Z [1,891ms] [Warning] [carb] Failed to startup plugin carb.windowing-glfw.plugin (interfaces: [carb::windowing::IGLContext v1.0],[carb::windowing::IWindowing v1.5]) (impl: carb.windowing-glfw.plugin)
2026-07-02T14:49:14Z [2,261ms] [Warning] [isaacsim.core.simulation_manager.plugin] USD stage is not available; stage-opened subscription is deferred
2026-07-02T14:49:14Z [2,261ms] [Warning] [isaacsim.core.simulation_manager.plugin] USD stage is not available; stage-opened subscription is deferred
2026-07-02T14:49:14Z [2,301ms] [Warning] [omni.log] Source: omni.hydra was already registered.
2026-07-02T14:49:15Z [2,910ms] [Warning] [pxr.Semantics] pxr.Semantics is deprecated - please use Semantics instead
2026-07-02T14:49:15Z [3,002ms] [Warning] [omni.replicator.core.scripts.extension] No material configuration file, adding configuration to material settings directly.
2026-07-02T14:49:20Z [8,272ms] [Warning] [omni.usd] Encountered USD Warnings but USD Diagnostics are currently muted. To view USD Warnings, please set the '/persistent/app/usd/muteUsdDiagnostics' setting to false in Preferences page.
2026-07-02T14:49:21Z [9,073ms] [Warning] [omni.rtx] DLSS increasing input dimensions: Render resolution of (150, 150) is below minimal input resolution of 300.
2026-07-02T14:49:21Z [9,150ms] [Warning] [omni.syntheticdata.plugin] OgnSdPostRenderVarToHost : rendervar copy from texture directly to host buffer is counter-performant. Please use copy from texture to device buffer first.
2026-07-02T14:49:21Z [9,168ms] [Error] [omni.physx.plugin] PhysX error: PxRigidDynamic::setLinearVelocity: Body must be non-kinematic!, FILE /builds/omniverse/physics/physx/source/physx/src/NpRigidDynamic.cpp, LINE 251
2026-07-02T14:49:21Z [9,169ms] [Error] [omni.physx.plugin] PhysX error: PxRigidDynamic::setAngularVelocity: Body must be non-kinematic!, FILE /builds/omniverse/physics/physx/source/physx/src/NpRigidDynamic.cpp, LINE 284
2026-07-02T14:49:21Z [9,169ms] [Error] [omni.physx.plugin] PhysX error: PxRigidDynamic::setLinearVelocity: Body must be non-kinematic!, FILE /builds/omniverse/physics/physx/source/physx/src/NpRigidDynamic.cpp, LINE 251
2026-07-02T14:49:21Z [9,169ms] [Error] [omni.physx.plugin] PhysX error: PxRigidDynamic::setAngularVelocity: Body must be non-kinematic!, FILE /builds/omniverse/physics/physx/source/physx/src/NpRigidDynamic.cpp, LINE 284
2026-07-02T14:49:21Z [9,170ms] [Error] [omni.physx.plugin] PhysX error: PxRigidDynamic::setLinearVelocity: Body must be non-kinematic!, FILE /builds/omniverse/physics/physx/source/physx/src/NpRigidDynamic.cpp, LINE 251
2026-07-02T14:49:21Z [9,170ms] [Error] [omni.physx.plugin] PhysX error: PxRigidDynamic::setAngularVelocity: Body must be non-kinematic!, FILE /builds/omniverse/physics/physx/source/physx/src/NpRigidDynamic.cpp, LINE 284
2026-07-02T14:49:21Z [9,171ms] [Error] [omni.physx.plugin] PhysX error: PxRigidDynamic::setLinearVelocity: Body must be non-kinematic!, FILE /builds/omniverse/physics/physx/source/physx/src/NpRigidDynamic.cpp, LINE 251
2026-07-02T14:49:21Z [9,171ms] [Error] [omni.physx.plugin] PhysX error: PxRigidDynamic::setAngularVelocity: Body must be non-kinematic!, FILE /builds/omniverse/physics/physx/source/physx/src/NpRigidDynamic.cpp, LINE 284
2026-07-02T14:49:21Z [9,171ms] [Error] [omni.physx.plugin] PhysX error: PxRigidDynamic::setLinearVelocity: Body must be non-kinematic!, FILE /builds/omniverse/physics/physx/source/physx/src/NpRigidDynamic.cpp, LINE 251
2026-07-02T14:49:21Z [9,171ms] [Error] [omni.physx.plugin] PhysX error: PxRigidDynamic::setAngularVelocity: Body must be non-kinematic!, FILE /builds/omniverse/physics/physx/source/physx/src/NpRigidDynamic.cpp, LINE 284
2026-07-02T14:49:21Z [9,172ms] [Error] [omni.physx.plugin] PhysX error: PxRigidDynamic::setLinearVelocity: Body must be non-kinematic!, FILE /builds/omniverse/physics/physx/source/physx/src/NpRigidDynamic.cpp, LINE 251
2026-07-02T14:49:21Z [9,172ms] [Error] [omni.physx.plugin] PhysX error: PxRigidDynamic::setAngularVelocity: Body must be non-kinematic!, FILE /builds/omniverse/physics/physx/source/physx/src/NpRigidDynamic.cpp, LINE 284
2026-07-02T14:49:21Z [9,173ms] [Error] [omni.physx.plugin] PhysX error: PxRigidDynamic::setLinearVelocity: Body must be non-kinematic!, FILE /builds/omniverse/physics/physx/source/physx/src/NpRigidDynamic.cpp, LINE 251
2026-07-02T14:49:21Z [9,173ms] [Error] [omni.physx.plugin] PhysX error: PxRigidDynamic::setAngularVelocity: Body must be non-kinematic!, FILE /builds/omniverse/physics/physx/source/physx/src/NpRigidDynamic.cpp, LINE 284
2026-07-02T14:49:21Z [9,174ms] [Error] [omni.physx.plugin] PhysX error: PxRigidDynamic::setLinearVelocity: Body must be non-kinematic!, FILE /builds/omniverse/physics/physx/source/physx/src/NpRigidDynamic.cpp, LINE 251
2026-07-02T14:49:21Z [9,174ms] [Error] [omni.physx.plugin] PhysX error: PxRigidDynamic::setAngularVelocity: Body must be non-kinematic!, FILE /builds/omniverse/physics/physx/source/physx/src/NpRigidDynamic.cpp, LINE 284
2026-07-02T14:49:21Z [9,174ms] [Error] [omni.physx.plugin] PhysX error: PxRigidDynamic::setLinearVelocity: Body must be non-kinematic!, FILE /builds/omniverse/physics/physx/source/physx/src/NpRigidDynamic.cpp, LINE 251
2026-07-02T14:49:21Z [9,175ms] [Error] [omni.physx.plugin] PhysX error: PxRigidDynamic::setAngularVelocity: Body must be non-kinematic!, FILE /builds/omniverse/physics/physx/source/physx/src/NpRigidDynamic.cpp, LINE 284
2026-07-02T14:49:21Z [9,175ms] [Error] [omni.physx.plugin] PhysX error: PxRigidDynamic::setLinearVelocity: Body must be non-kinematic!, FILE /builds/omniverse/physics/physx/source/physx/src/NpRigidDynamic.cpp, LINE 251
2026-07-02T14:49:21Z [9,175ms] [Error] [omni.physx.plugin] PhysX error: PxRigidDynamic::setAngularVelocity: Body must be non-kinematic!, FILE /builds/omniverse/physics/physx/source/physx/src/NpRigidDynamic.cpp, LINE 284
2026-07-02T14:49:21Z [9,176ms] [Error] [omni.physx.plugin] PhysX error: PxRigidDynamic::setLinearVelocity: Body must be non-kinematic!, FILE /builds/omniverse/physics/physx/source/physx/src/NpRigidDynamic.cpp, LINE 251
2026-07-02T14:49:21Z [9,176ms] [Error] [omni.physx.plugin] PhysX error: PxRigidDynamic::setAngularVelocity: Body must be non-kinematic!, FILE /builds/omniverse/physics/physx/source/physx/src/NpRigidDynamic.cpp, LINE 284
2026-07-02T14:49:21Z [9,177ms] [Error] [omni.physx.plugin] PhysX error: PxRigidDynamic::setLinearVelocity: Body must be non-kinematic!, FILE /builds/omniverse/physics/physx/source/physx/src/NpRigidDynamic.cpp, LINE 251
2026-07-02T14:49:21Z [9,177ms] [Error] [omni.physx.plugin] PhysX error: PxRigidDynamic::setAngularVelocity: Body must be non-kinematic!, FILE /builds/omniverse/physics/physx/source/physx/src/NpRigidDynamic.cpp, LINE 284
2026-07-02T14:49:21Z [9,177ms] [Error] [omni.physx.plugin] PhysX error: PxRigidDynamic::setLinearVelocity: Body must be non-kinematic!, FILE /builds/omniverse/physics/physx/source/physx/src/NpRigidDynamic.cpp, LINE 251
2026-07-02T14:49:21Z [9,177ms] [Error] [omni.physx.plugin] PhysX error: PxRigidDynamic::setAngularVelocity: Body must be non-kinematic!, FILE /builds/omniverse/physics/physx/source/physx/src/NpRigidDynamic.cpp, LINE 284
2026-07-02T14:49:21Z [9,178ms] [Error] [omni.physx.plugin] PhysX error: PxRigidDynamic::setLinearVelocity: Body must be non-kinematic!, FILE /builds/omniverse/physics/physx/source/physx/src/NpRigidDynamic.cpp, LINE 251
2026-07-02T14:49:21Z [9,178ms] [Error] [omni.physx.plugin] PhysX error: PxRigidDynamic::setAngularVelocity: Body must be non-kinematic!, FILE /builds/omniverse/physics/physx/source/physx/src/NpRigidDynamic.cpp, LINE 284
2026-07-02T14:49:21Z [9,179ms] [Error] [omni.physx.plugin] PhysX error: PxRigidDynamic::setLinearVelocity: Body must be non-kinematic!, FILE /builds/omniverse/physics/physx/source/physx/src/NpRigidDynamic.cpp, LINE 251
2026-07-02T14:49:21Z [9,179ms] [Error] [omni.physx.plugin] PhysX error: PxRigidDynamic::setAngularVelocity: Body must be non-kinematic!, FILE /builds/omniverse/physics/physx/source/physx/src/NpRigidDynamic.cpp, LINE 284
2026-07-02T14:49:21Z [9,179ms] [Error] [omni.physx.plugin] PhysX error: PxRigidDynamic::setLinearVelocity: Body must be non-kinematic!, FILE /builds/omniverse/physics/physx/source/physx/src/NpRigidDynamic.cpp, LINE 251
2026-07-02T14:49:21Z [9,179ms] [Error] [omni.physx.plugin] PhysX error: PxRigidDynamic::setAngularVelocity: Body must be non-kinematic!, FILE /builds/omniverse/physics/physx/source/physx/src/NpRigidDynamic.cpp, LINE 284
2026-07-02T14:49:21Z [9,180ms] [Error] [omni.physx.plugin] PhysX error: PxRigidDynamic::setLinearVelocity: Body must be non-kinematic!, FILE /builds/omniverse/physics/physx/source/physx/src/NpRigidDynamic.cpp, LINE 251
2026-07-02T14:49:21Z [9,180ms] [Error] [omni.physx.plugin] PhysX error: PxRigidDynamic::setAngularVelocity: Body must be non-kinematic!, FILE /builds/omniverse/physics/physx/source/physx/src/NpRigidDynamic.cpp, LINE 284
2026-07-02T14:49:21Z [9,181ms] [Error] [omni.physx.plugin] PhysX error: PxRigidDynamic::setLinearVelocity: Body must be non-kinematic!, FILE /builds/omniverse/physics/physx/source/physx/src/NpRigidDynamic.cpp, LINE 251
2026-07-02T14:49:21Z [9,181ms] [Error] [omni.physx.plugin] PhysX error: PxRigidDynamic::setAngularVelocity: Body must be non-kinematic!, FILE /builds/omniverse/physics/physx/source/physx/src/NpRigidDynamic.cpp, LINE 284
2026-07-02T14:49:21Z [9,181ms] [Error] [omni.physx.plugin] PhysX error: PxRigidDynamic::setLinearVelocity: Body must be non-kinematic!, FILE /builds/omniverse/physics/physx/source/physx/src/NpRigidDynamic.cpp, LINE 251
2026-07-02T14:49:21Z [9,181ms] [Error] [omni.physx.plugin] PhysX error: PxRigidDynamic::setAngularVelocity: Body must be non-kinematic!, FILE /builds/omniverse/physics/physx/source/physx/src/NpRigidDynamic.cpp, LINE 284
2026-07-02T14:49:21Z [9,182ms] [Error] [omni.physx.plugin] PhysX error: PxRigidDynamic::setLinearVelocity: Body must be non-kinematic!, FILE /builds/omniverse/physics/physx/source/physx/src/NpRigidDynamic.cpp, LINE 251
2026-07-02T14:49:21Z [9,182ms] [Error] [omni.physx.plugin] PhysX error: PxRigidDynamic::setAngularVelocity: Body must be non-kinematic!, FILE /builds/omniverse/physics/physx/source/physx/src/NpRigidDynamic.cpp, LINE 284
2026-07-02T14:49:21Z [9,183ms] [Error] [omni.physx.plugin] PhysX error: PxRigidDynamic::setLinearVelocity: Body must be non-kinematic!, FILE /builds/omniverse/physics/physx/source/physx/src/NpRigidDynamic.cpp, LINE 251
2026-07-02T14:49:21Z [9,183ms] [Error] [omni.physx.plugin] PhysX error: PxRigidDynamic::setAngularVelocity: Body must be non-kinematic!, FILE /builds/omniverse/physics/physx/source/physx/src/NpRigidDynamic.cpp, LINE 284
2026-07-02T14:49:21Z [9,184ms] [Error] [omni.physx.plugin] PhysX error: PxRigidDynamic::setLinearVelocity: Body must be non-kinematic!, FILE /builds/omniverse/physics/physx/source/physx/src/NpRigidDynamic.cpp, LINE 251
2026-07-02T14:49:21Z [9,184ms] [Error] [omni.physx.plugin] PhysX error: PxRigidDynamic::setAngularVelocity: Body must be non-kinematic!, FILE /builds/omniverse/physics/physx/source/physx/src/NpRigidDynamic.cpp, LINE 284
2026-07-02T14:49:21Z [9,185ms] [Error] [omni.physx.plugin] PhysX error: PxRigidDynamic::setLinearVelocity: Body must be non-kinematic!, FILE /builds/omniverse/physics/physx/source/physx/src/NpRigidDynamic.cpp, LINE 251
2026-07-02T14:49:21Z [9,185ms] [Error] [omni.physx.plugin] PhysX error: PxRigidDynamic::setAngularVelocity: Body must be non-kinematic!, FILE /builds/omniverse/physics/physx/source/physx/src/NpRigidDynamic.cpp, LINE 284
2026-07-02T14:49:21Z [9,186ms] [Error] [omni.physx.plugin] PhysX error: PxRigidDynamic::setLinearVelocity: Body must be non-kinematic!, FILE /builds/omniverse/physics/physx/source/physx/src/NpRigidDynamic.cpp, LINE 251
2026-07-02T14:49:21Z [9,186ms] [Error] [omni.physx.plugin] PhysX error: PxRigidDynamic::setAngularVelocity: Body must be non-kinematic!, FILE /builds/omniverse/physics/physx/source/physx/src/NpRigidDynamic.cpp, LINE 284
2026-07-02T14:49:21Z [9,186ms] [Error] [omni.physx.plugin] PhysX error: PxRigidDynamic::setLinearVelocity: Body must be non-kinematic!, FILE /builds/omniverse/physics/physx/source/physx/src/NpRigidDynamic.cpp, LINE 251
2026-07-02T14:49:21Z [9,186ms] [Error] [omni.physx.plugin] PhysX error: PxRigidDynamic::setAngularVelocity: Body must be non-kinematic!, FILE /builds/omniverse/physics/physx/source/physx/src/NpRigidDynamic.cpp, LINE 284
2026-07-02T14:49:21Z [9,187ms] [Error] [omni.physx.plugin] PhysX error: PxRigidDynamic::setLinearVelocity: Body must be non-kinematic!, FILE /builds/omniverse/physics/physx/source/physx/src/NpRigidDynamic.cpp, LINE 251
2026-07-02T14:49:21Z [9,187ms] [Error] [omni.physx.plugin] PhysX error: PxRigidDynamic::setAngularVelocity: Body must be non-kinematic!, FILE /builds/omniverse/physics/physx/source/physx/src/NpRigidDynamic.cpp, LINE 284
2026-07-02T14:49:21Z [9,188ms] [Error] [omni.physx.plugin] PhysX error: PxRigidDynamic::setLinearVelocity: Body must be non-kinematic!, FILE /builds/omniverse/physics/physx/source/physx/src/NpRigidDynamic.cpp, LINE 251
2026-07-02T14:49:21Z [9,188ms] [Error] [omni.physx.plugin] PhysX error: PxRigidDynamic::setAngularVelocity: Body must be non-kinematic!, FILE /builds/omniverse/physics/physx/source/physx/src/NpRigidDynamic.cpp, LINE 284
2026-07-02T14:49:21Z [9,188ms] [Error] [omni.physx.plugin] PhysX error: PxRigidDynamic::setLinearVelocity: Body must be non-kinematic!, FILE /builds/omniverse/physics/physx/source/physx/src/NpRigidDynamic.cpp, LINE 251
2026-07-02T14:49:21Z [9,188ms] [Error] [omni.physx.plugin] PhysX error: PxRigidDynamic::setAngularVelocity: Body must be non-kinematic!, FILE /builds/omniverse/physics/physx/source/physx/src/NpRigidDynamic.cpp, LINE 284
2026-07-02T14:49:21Z [9,189ms] [Error] [omni.physx.plugin] PhysX error: PxRigidDynamic::setLinearVelocity: Body must be non-kinematic!, FILE /builds/omniverse/physics/physx/source/physx/src/NpRigidDynamic.cpp, LINE 251
2026-07-02T14:49:21Z [9,189ms] [Error] [omni.physx.plugin] PhysX error: PxRigidDynamic::setAngularVelocity: Body must be non-kinematic!, FILE /builds/omniverse/physics/physx/source/physx/src/NpRigidDynamic.cpp, LINE 284
2026-07-02T14:49:21Z [9,190ms] [Error] [omni.physx.plugin] PhysX error: PxRigidDynamic::setLinearVelocity: Body must be non-kinematic!, FILE /builds/omniverse/physics/physx/source/physx/src/NpRigidDynamic.cpp, LINE 251
2026-07-02T14:49:21Z [9,190ms] [Error] [omni.physx.plugin] PhysX error: PxRigidDynamic::setAngularVelocity: Body must be non-kinematic!, FILE /builds/omniverse/physics/physx/source/physx/src/NpRigidDynamic.cpp, LINE 284
2026-07-02T14:49:21Z [9,190ms] [Error] [omni.physx.plugin] PhysX error: PxRigidDynamic::setLinearVelocity: Body must be non-kinematic!, FILE /builds/omniverse/physics/physx/source/physx/src/NpRigidDynamic.cpp, LINE 251
2026-07-02T14:49:21Z [9,190ms] [Error] [omni.physx.plugin] PhysX error: PxRigidDynamic::setAngularVelocity: Body must be non-kinematic!, FILE /builds/omniverse/physics/physx/source/physx/src/NpRigidDynamic.cpp, LINE 284
2026-07-02T14:49:21Z [9,191ms] [Error] [omni.physx.plugin] PhysX error: PxRigidDynamic::setLinearVelocity: Body must be non-kinematic!, FILE /builds/omniverse/physics/physx/source/physx/src/NpRigidDynamic.cpp, LINE 251
2026-07-02T14:49:21Z [9,191ms] [Error] [omni.physx.plugin] PhysX error: PxRigidDynamic::setAngularVelocity: Body must be non-kinematic!, FILE /builds/omniverse/physics/physx/source/physx/src/NpRigidDynamic.cpp, LINE 284
2026-07-02T14:49:21Z [9,192ms] [Error] [omni.physx.plugin] PhysX error: PxRigidDynamic::setLinearVelocity: Body must be non-kinematic!, FILE /builds/omniverse/physics/physx/source/physx/src/NpRigidDynamic.cpp, LINE 251
2026-07-02T14:49:21Z [9,192ms] [Error] [omni.physx.plugin] PhysX error: PxRigidDynamic::setAngularVelocity: Body must be non-kinematic!, FILE /builds/omniverse/physics/physx/source/physx/src/NpRigidDynamic.cpp, LINE 284
2026-07-02T14:49:21Z [9,192ms] [Error] [omni.physx.plugin] PhysX error: PxRigidDynamic::setLinearVelocity: Body must be non-kinematic!, FILE /builds/omniverse/physics/physx/source/physx/src/NpRigidDynamic.cpp, LINE 251
2026-07-02T14:49:21Z [9,192ms] [Error] [omni.physx.plugin] PhysX error: PxRigidDynamic::setAngularVelocity: Body must be non-kinematic!, FILE /builds/omniverse/physics/physx/source/physx/src/NpRigidDynamic.cpp, LINE 284
2026-07-02T14:49:21Z [9,193ms] [Error] [omni.physx.plugin] PhysX error: PxRigidDynamic::setLinearVelocity: Body must be non-kinematic!, FILE /builds/omniverse/physics/physx/source/physx/src/NpRigidDynamic.cpp, LINE 251
2026-07-02T14:49:21Z [9,193ms] [Error] [omni.physx.plugin] PhysX error: PxRigidDynamic::setAngularVelocity: Body must be non-kinematic!, FILE /builds/omniverse/physics/physx/source/physx/src/NpRigidDynamic.cpp, LINE 284
2026-07-02T14:49:21Z [9,194ms] [Error] [omni.physx.plugin] PhysX error: PxRigidDynamic::setLinearVelocity: Body must be non-kinematic!, FILE /builds/omniverse/physics/physx/source/physx/src/NpRigidDynamic.cpp, LINE 251
2026-07-02T14:49:21Z [9,194ms] [Error] [omni.physx.plugin] PhysX error: PxRigidDynamic::setAngularVelocity: Body must be non-kinematic!, FILE /builds/omniverse/physics/physx/source/physx/src/NpRigidDynamic.cpp, LINE 284
2026-07-02T14:49:21Z [9,194ms] [Error] [omni.physx.plugin] PhysX error: PxRigidDynamic::setLinearVelocity: Body must be non-kinematic!, FILE /builds/omniverse/physics/physx/source/physx/src/NpRigidDynamic.cpp, LINE 251
2026-07-02T14:49:21Z [9,194ms] [Error] [omni.physx.plugin] PhysX error: PxRigidDynamic::setAngularVelocity: Body must be non-kinematic!, FILE /builds/omniverse/physics/physx/source/physx/src/NpRigidDynamic.cpp, LINE 284
2026-07-02T14:49:21Z [9,195ms] [Error] [omni.physx.plugin] PhysX error: PxRigidDynamic::setLinearVelocity: Body must be non-kinematic!, FILE /builds/omniverse/physics/physx/source/physx/src/NpRigidDynamic.cpp, LINE 251
2026-07-02T14:49:21Z [9,195ms] [Error] [omni.physx.plugin] PhysX error: PxRigidDynamic::setAngularVelocity: Body must be non-kinematic!, FILE /builds/omniverse/physics/physx/source/physx/src/NpRigidDynamic.cpp, LINE 284
2026-07-02T14:49:21Z [9,196ms] [Error] [omni.physx.plugin] PhysX error: PxRigidDynamic::setLinearVelocity: Body must be non-kinematic!, FILE /builds/omniverse/physics/physx/source/physx/src/NpRigidDynamic.cpp, LINE 251
2026-07-02T14:49:21Z [9,196ms] [Error] [omni.physx.plugin] PhysX error: PxRigidDynamic::setAngularVelocity: Body must be non-kinematic!, FILE /builds/omniverse/physics/physx/source/physx/src/NpRigidDynamic.cpp, LINE 284
2026-07-02T14:49:21Z [9,196ms] [Error] [omni.physx.plugin] PhysX error: PxRigidDynamic::setLinearVelocity: Body must be non-kinematic!, FILE /builds/omniverse/physics/physx/source/physx/src/NpRigidDynamic.cpp, LINE 251
2026-07-02T14:49:21Z [9,196ms] [Error] [omni.physx.plugin] PhysX error: PxRigidDynamic::setAngularVelocity: Body must be non-kinematic!, FILE /builds/omniverse/physics/physx/source/physx/src/NpRigidDynamic.cpp, LINE 284
2026-07-02T14:49:21Z [9,197ms] [Error] [omni.physx.plugin] PhysX error: PxRigidDynamic::setLinearVelocity: Body must be non-kinematic!, FILE /builds/omniverse/physics/physx/source/physx/src/NpRigidDynamic.cpp, LINE 251
2026-07-02T14:49:21Z [9,197ms] [Error] [omni.physx.plugin] PhysX error: PxRigidDynamic::setAngularVelocity: Body must be non-kinematic!, FILE /builds/omniverse/physics/physx/source/physx/src/NpRigidDynamic.cpp, LINE 284
2026-07-02T14:49:21Z [9,198ms] [Error] [omni.physx.plugin] PhysX error: PxRigidDynamic::setLinearVelocity: Body must be non-kinematic!, FILE /builds/omniverse/physics/physx/source/physx/src/NpRigidDynamic.cpp, LINE 251
2026-07-02T14:49:21Z [9,198ms] [Error] [omni.physx.plugin] PhysX error: PxRigidDynamic::setAngularVelocity: Body must be non-kinematic!, FILE /builds/omniverse/physics/physx/source/physx/src/NpRigidDynamic.cpp, LINE 284
2026-07-02T14:49:21Z [9,199ms] [Error] [omni.physx.plugin] PhysX error: PxRigidDynamic::setLinearVelocity: Body must be non-kinematic!, FILE /builds/omniverse/physics/physx/source/physx/src/NpRigidDynamic.cpp, LINE 251
2026-07-02T14:49:21Z [9,199ms] [Error] [omni.physx.plugin] PhysX error: PxRigidDynamic::setAngularVelocity: Body must be non-kinematic!, FILE /builds/omniverse/physics/physx/source/physx/src/NpRigidDynamic.cpp, LINE 284
2026-07-02T14:49:21Z [9,200ms] [Error] [omni.physx.plugin] PhysX error: PxRigidDynamic::setLinearVelocity: Body must be non-kinematic!, FILE /builds/omniverse/physics/physx/source/physx/src/NpRigidDynamic.cpp, LINE 251
2026-07-02T14:49:21Z [9,200ms] [Error] [omni.physx.plugin] PhysX error: PxRigidDynamic::setAngularVelocity: Body must be non-kinematic!, FILE /builds/omniverse/physics/physx/source/physx/src/NpRigidDynamic.cpp, LINE 284
2026-07-02T14:49:21Z [9,200ms] [Error] [omni.physx.plugin] PhysX error: PxRigidDynamic::setLinearVelocity: Body must be non-kinematic!, FILE /builds/omniverse/physics/physx/source/physx/src/NpRigidDynamic.cpp, LINE 251
2026-07-02T14:49:21Z [9,200ms] [Error] [omni.physx.plugin] PhysX error: PxRigidDynamic::setAngularVelocity: Body must be non-kinematic!, FILE /builds/omniverse/physics/physx/source/physx/src/NpRigidDynamic.cpp, LINE 284
2026-07-02T14:49:21Z [9,201ms] [Error] [omni.physx.plugin] PhysX error: PxRigidDynamic::setLinearVelocity: Body must be non-kinematic!, FILE /builds/omniverse/physics/physx/source/physx/src/NpRigidDynamic.cpp, LINE 251
2026-07-02T14:49:21Z [9,201ms] [Error] [omni.physx.plugin] PhysX error: PxRigidDynamic::setAngularVelocity: Body must be non-kinematic!, FILE /builds/omniverse/physics/physx/source/physx/src/NpRigidDynamic.cpp, LINE 284
2026-07-02T14:49:21Z [9,201ms] [Error] [omni.physx.plugin] PhysX error: PxRigidDynamic::setLinearVelocity: Body must be non-kinematic!, FILE /builds/omniverse/physics/physx/source/physx/src/NpRigidDynamic.cpp, LINE 251
2026-07-02T14:49:21Z [9,202ms] [Error] [omni.physx.plugin] PhysX error: PxRigidDynamic::setAngularVelocity: Body must be non-kinematic!, FILE /builds/omniverse/physics/physx/source/physx/src/NpRigidDynamic.cpp, LINE 284
2026-07-02T14:49:21Z [9,202ms] [Error] [omni.physx.plugin] PhysX error: PxRigidDynamic::setLinearVelocity: Body must be non-kinematic!, FILE /builds/omniverse/physics/physx/source/physx/src/NpRigidDynamic.cpp, LINE 251
2026-07-02T14:49:21Z [9,202ms] [Error] [omni.physx.plugin] PhysX error: PxRigidDynamic::setAngularVelocity: Body must be non-kinematic!, FILE /builds/omniverse/physics/physx/source/physx/src/NpRigidDynamic.cpp, LINE 284
2026-07-02T14:49:21Z [9,203ms] [Error] [omni.physx.plugin] PhysX error: PxRigidDynamic::setLinearVelocity: Body must be non-kinematic!, FILE /builds/omniverse/physics/physx/source/physx/src/NpRigidDynamic.cpp, LINE 251
2026-07-02T14:49:21Z [9,203ms] [Error] [omni.physx.plugin] PhysX error: PxRigidDynamic::setAngularVelocity: Body must be non-kinematic!, FILE /builds/omniverse/physics/physx/source/physx/src/NpRigidDynamic.cpp, LINE 284
2026-07-02T14:49:21Z [9,204ms] [Error] [omni.physx.plugin] PhysX error: PxRigidDynamic::setLinearVelocity: Body must be non-kinematic!, FILE /builds/omniverse/physics/physx/source/physx/src/NpRigidDynamic.cpp, LINE 251
2026-07-02T14:49:21Z [9,204ms] [Error] [omni.physx.plugin] PhysX error: PxRigidDynamic::setAngularVelocity: Body must be non-kinematic!, FILE /builds/omniverse/physics/physx/source/physx/src/NpRigidDynamic.cpp, LINE 284
2026-07-02T14:49:21Z [9,214ms] [Error] [omni.physx.plugin] PhysX error: PxRigidDynamic::setLinearVelocity: Body must be non-kinematic!, FILE /builds/omniverse/physics/physx/source/physx/src/NpRigidDynamic.cpp, LINE 251
2026-07-02T14:49:21Z [9,214ms] [Error] [omni.physx.plugin] PhysX error: PxRigidDynamic::setAngularVelocity: Body must be non-kinematic!, FILE /builds/omniverse/physics/physx/source/physx/src/NpRigidDynamic.cpp, LINE 284
2026-07-02T14:49:21Z [9,214ms] [Error] [omni.physx.plugin] PhysX error: PxRigidDynamic::setLinearVelocity: Body must be non-kinematic!, FILE /builds/omniverse/physics/physx/source/physx/src/NpRigidDynamic.cpp, LINE 251
2026-07-02T14:49:21Z [9,214ms] [Error] [omni.physx.plugin] PhysX error: PxRigidDynamic::setAngularVelocity: Body must be non-kinematic!, FILE /builds/omniverse/physics/physx/source/physx/src/NpRigidDynamic.cpp, LINE 284
2026-07-02T14:49:21Z [9,215ms] [Error] [omni.physx.plugin] PhysX error: PxRigidDynamic::setLinearVelocity: Body must be non-kinematic!, FILE /builds/omniverse/physics/physx/source/physx/src/NpRigidDynamic.cpp, LINE 251
2026-07-02T14:49:21Z [9,215ms] [Error] [omni.physx.plugin] PhysX error: PxRigidDynamic::setAngularVelocity: Body must be non-kinematic!, FILE /builds/omniverse/physics/physx/source/physx/src/NpRigidDynamic.cpp, LINE 284
2026-07-02T14:49:21Z [9,215ms] [Error] [omni.physx.plugin] PhysX error: PxRigidDynamic::setLinearVelocity: Body must be non-kinematic!, FILE /builds/omniverse/physics/physx/source/physx/src/NpRigidDynamic.cpp, LINE 251
2026-07-02T14:49:21Z [9,215ms] [Error] [omni.physx.plugin] PhysX error: PxRigidDynamic::setAngularVelocity: Body must be non-kinematic!, FILE /builds/omniverse/physics/physx/source/physx/src/NpRigidDynamic.cpp, LINE 284
2026-07-02T14:49:21Z [9,216ms] [Error] [omni.physx.plugin] PhysX error: PxRigidDynamic::setLinearVelocity: Body must be non-kinematic!, FILE /builds/omniverse/physics/physx/source/physx/src/NpRigidDynamic.cpp, LINE 251
2026-07-02T14:49:21Z [9,216ms] [Error] [omni.physx.plugin] PhysX error: PxRigidDynamic::setAngularVelocity: Body must be non-kinematic!, FILE /builds/omniverse/physics/physx/source/physx/src/NpRigidDynamic.cpp, LINE 284
2026-07-02T14:49:21Z [9,216ms] [Error] [omni.physx.plugin] PhysX error: PxRigidDynamic::setLinearVelocity: Body must be non-kinematic!, FILE /builds/omniverse/physics/physx/source/physx/src/NpRigidDynamic.cpp, LINE 251
2026-07-02T14:49:21Z [9,216ms] [Error] [omni.physx.plugin] PhysX error: PxRigidDynamic::setAngularVelocity: Body must be non-kinematic!, FILE /builds/omniverse/physics/physx/source/physx/src/NpRigidDynamic.cpp, LINE 284
2026-07-02T14:49:21Z [9,217ms] [Error] [omni.physx.plugin] PhysX error: PxRigidDynamic::setLinearVelocity: Body must be non-kinematic!, FILE /builds/omniverse/physics/physx/source/physx/src/NpRigidDynamic.cpp, LINE 251
2026-07-02T14:49:21Z [9,217ms] [Error] [omni.physx.plugin] PhysX error: PxRigidDynamic::setAngularVelocity: Body must be non-kinematic!, FILE /builds/omniverse/physics/physx/source/physx/src/NpRigidDynamic.cpp, LINE 284
2026-07-02T14:49:21Z [9,217ms] [Error] [omni.physx.plugin] PhysX error: PxRigidDynamic::setLinearVelocity: Body must be non-kinematic!, FILE /builds/omniverse/physics/physx/source/physx/src/NpRigidDynamic.cpp, LINE 251
2026-07-02T14:49:21Z [9,217ms] [Error] [omni.physx.plugin] PhysX error: PxRigidDynamic::setAngularVelocity: Body must be non-kinematic!, FILE /builds/omniverse/physics/physx/source/physx/src/NpRigidDynamic.cpp, LINE 284
2026-07-02T14:49:21Z [9,217ms] [Error] [omni.physx.plugin] PhysX error: PxRigidDynamic::setLinearVelocity: Body must be non-kinematic!, FILE /builds/omniverse/physics/physx/source/physx/src/NpRigidDynamic.cpp, LINE 251
2026-07-02T14:49:21Z [9,217ms] [Error] [omni.physx.plugin] PhysX error: PxRigidDynamic::setAngularVelocity: Body must be non-kinematic!, FILE /builds/omniverse/physics/physx/source/physx/src/NpRigidDynamic.cpp, LINE 284
2026-07-02T14:49:21Z [9,218ms] [Error] [omni.physx.plugin] PhysX error: PxRigidDynamic::setLinearVelocity: Body must be non-kinematic!, FILE /builds/omniverse/physics/physx/source/physx/src/NpRigidDynamic.cpp, LINE 251
2026-07-02T14:49:21Z [9,218ms] [Error] [omni.physx.plugin] PhysX error: PxRigidDynamic::setAngularVelocity: Body must be non-kinematic!, FILE /builds/omniverse/physics/physx/source/physx/src/NpRigidDynamic.cpp, LINE 284
2026-07-02T14:49:21Z [9,218ms] [Error] [omni.physx.plugin] PhysX error: PxRigidDynamic::setLinearVelocity: Body must be non-kinematic!, FILE /builds/omniverse/physics/physx/source/physx/src/NpRigidDynamic.cpp, LINE 251
2026-07-02T14:49:21Z [9,218ms] [Error] [omni.physx.plugin] PhysX error: PxRigidDynamic::setAngularVelocity: Body must be non-kinematic!, FILE /builds/omniverse/physics/physx/source/physx/src/NpRigidDynamic.cpp, LINE 284
2026-07-02T14:49:21Z [9,219ms] [Error] [omni.physx.plugin] PhysX error: PxRigidDynamic::setLinearVelocity: Body must be non-kinematic!, FILE /builds/omniverse/physics/physx/source/physx/src/NpRigidDynamic.cpp, LINE 251
2026-07-02T14:49:21Z [9,219ms] [Error] [omni.physx.plugin] PhysX error: PxRigidDynamic::setAngularVelocity: Body must be non-kinematic!, FILE /builds/omniverse/physics/physx/source/physx/src/NpRigidDynamic.cpp, LINE 284
2026-07-02T14:49:21Z [9,219ms] [Error] [omni.physx.plugin] PhysX error: PxRigidDynamic::setLinearVelocity: Body must be non-kinematic!, FILE /builds/omniverse/physics/physx/source/physx/src/NpRigidDynamic.cpp, LINE 251
2026-07-02T14:49:21Z [9,219ms] [Error] [omni.physx.plugin] PhysX error: PxRigidDynamic::setAngularVelocity: Body must be non-kinematic!, FILE /builds/omniverse/physics/physx/source/physx/src/NpRigidDynamic.cpp, LINE 284
2026-07-02T14:49:21Z [9,219ms] [Error] [omni.physx.plugin] PhysX error: PxRigidDynamic::setLinearVelocity: Body must be non-kinematic!, FILE /builds/omniverse/physics/physx/source/physx/src/NpRigidDynamic.cpp, LINE 251
2026-07-02T14:49:21Z [9,220ms] [Error] [omni.physx.plugin] PhysX error: PxRigidDynamic::setAngularVelocity: Body must be non-kinematic!, FILE /builds/omniverse/physics/physx/source/physx/src/NpRigidDynamic.cpp, LINE 284
2026-07-02T14:49:21Z [9,220ms] [Error] [omni.physx.plugin] PhysX error: PxRigidDynamic::setLinearVelocity: Body must be non-kinematic!, FILE /builds/omniverse/physics/physx/source/physx/src/NpRigidDynamic.cpp, LINE 251
2026-07-02T14:49:21Z [9,220ms] [Error] [omni.physx.plugin] PhysX error: PxRigidDynamic::setAngularVelocity: Body must be non-kinematic!, FILE /builds/omniverse/physics/physx/source/physx/src/NpRigidDynamic.cpp, LINE 284
2026-07-02T14:49:21Z [9,220ms] [Error] [omni.physx.plugin] PhysX error: PxRigidDynamic::setLinearVelocity: Body must be non-kinematic!, FILE /builds/omniverse/physics/physx/source/physx/src/NpRigidDynamic.cpp, LINE 251
2026-07-02T14:49:21Z [9,220ms] [Error] [omni.physx.plugin] PhysX error: PxRigidDynamic::setAngularVelocity: Body must be non-kinematic!, FILE /builds/omniverse/physics/physx/source/physx/src/NpRigidDynamic.cpp, LINE 284
2026-07-02T14:49:21Z [9,221ms] [Error] [omni.physx.plugin] PhysX error: PxRigidDynamic::setLinearVelocity: Body must be non-kinematic!, FILE /builds/omniverse/physics/physx/source/physx/src/NpRigidDynamic.cpp, LINE 251
2026-07-02T14:49:21Z [9,221ms] [Error] [omni.physx.plugin] PhysX error: PxRigidDynamic::setAngularVelocity: Body must be non-kinematic!, FILE /builds/omniverse/physics/physx/source/physx/src/NpRigidDynamic.cpp, LINE 284
2026-07-02T14:49:21Z [9,221ms] [Error] [omni.physx.plugin] PhysX error: PxRigidDynamic::setLinearVelocity: Body must be non-kinematic!, FILE /builds/omniverse/physics/physx/source/physx/src/NpRigidDynamic.cpp, LINE 251
2026-07-02T14:49:21Z [9,221ms] [Error] [omni.physx.plugin] PhysX error: PxRigidDynamic::setAngularVelocity: Body must be non-kinematic!, FILE /builds/omniverse/physics/physx/source/physx/src/NpRigidDynamic.cpp, LINE 284
2026-07-02T14:49:21Z [9,222ms] [Error] [omni.physx.plugin] PhysX error: PxRigidDynamic::setLinearVelocity: Body must be non-kinematic!, FILE /builds/omniverse/physics/physx/source/physx/src/NpRigidDynamic.cpp, LINE 251
2026-07-02T14:49:21Z [9,222ms] [Error] [omni.physx.plugin] PhysX error: PxRigidDynamic::setAngularVelocity: Body must be non-kinematic!, FILE /builds/omniverse/physics/physx/source/physx/src/NpRigidDynamic.cpp, LINE 284
2026-07-02T14:49:21Z [9,222ms] [Error] [omni.physx.plugin] PhysX error: PxRigidDynamic::setLinearVelocity: Body must be non-kinematic!, FILE /builds/omniverse/physics/physx/source/physx/src/NpRigidDynamic.cpp, LINE 251
2026-07-02T14:49:21Z [9,222ms] [Error] [omni.physx.plugin] PhysX error: PxRigidDynamic::setAngularVelocity: Body must be non-kinematic!, FILE /builds/omniverse/physics/physx/source/physx/src/NpRigidDynamic.cpp, LINE 284
2026-07-02T14:49:21Z [9,222ms] [Error] [omni.physx.plugin] PhysX error: PxRigidDynamic::setLinearVelocity: Body must be non-kinematic!, FILE /builds/omniverse/physics/physx/source/physx/src/NpRigidDynamic.cpp, LINE 251
2026-07-02T14:49:21Z [9,222ms] [Error] [omni.physx.plugin] PhysX error: PxRigidDynamic::setAngularVelocity: Body must be non-kinematic!, FILE /builds/omniverse/physics/physx/source/physx/src/NpRigidDynamic.cpp, LINE 284
2026-07-02T14:49:21Z [9,223ms] [Error] [omni.physx.plugin] PhysX error: PxRigidDynamic::setLinearVelocity: Body must be non-kinematic!, FILE /builds/omniverse/physics/physx/source/physx/src/NpRigidDynamic.cpp, LINE 251
2026-07-02T14:49:21Z [9,223ms] [Error] [omni.physx.plugin] PhysX error: PxRigidDynamic::setAngularVelocity: Body must be non-kinematic!, FILE /builds/omniverse/physics/physx/source/physx/src/NpRigidDynamic.cpp, LINE 284
2026-07-02T14:49:21Z [9,223ms] [Error] [omni.physx.plugin] PhysX error: PxRigidDynamic::setLinearVelocity: Body must be non-kinematic!, FILE /builds/omniverse/physics/physx/source/physx/src/NpRigidDynamic.cpp, LINE 251
2026-07-02T14:49:21Z [9,223ms] [Error] [omni.physx.plugin] PhysX error: PxRigidDynamic::setAngularVelocity: Body must be non-kinematic!, FILE /builds/omniverse/physics/physx/source/physx/src/NpRigidDynamic.cpp, LINE 284
2026-07-02T14:49:21Z [9,224ms] [Error] [omni.physx.plugin] PhysX error: PxRigidDynamic::setLinearVelocity: Body must be non-kinematic!, FILE /builds/omniverse/physics/physx/source/physx/src/NpRigidDynamic.cpp, LINE 251
2026-07-02T14:49:21Z [9,224ms] [Error] [omni.physx.plugin] PhysX error: PxRigidDynamic::setAngularVelocity: Body must be non-kinematic!, FILE /builds/omniverse/physics/physx/source/physx/src/NpRigidDynamic.cpp, LINE 284
2026-07-02T14:49:21Z [9,224ms] [Error] [omni.physx.plugin] PhysX error: PxRigidDynamic::setLinearVelocity: Body must be non-kinematic!, FILE /builds/omniverse/physics/physx/source/physx/src/NpRigidDynamic.cpp, LINE 251
2026-07-02T14:49:21Z [9,224ms] [Error] [omni.physx.plugin] PhysX error: PxRigidDynamic::setAngularVelocity: Body must be non-kinematic!, FILE /builds/omniverse/physics/physx/source/physx/src/NpRigidDynamic.cpp, LINE 284
2026-07-02T14:49:21Z [9,225ms] [Error] [omni.physx.plugin] PhysX error: PxRigidDynamic::setLinearVelocity: Body must be non-kinematic!, FILE /builds/omniverse/physics/physx/source/physx/src/NpRigidDynamic.cpp, LINE 251
2026-07-02T14:49:21Z [9,225ms] [Error] [omni.physx.plugin] PhysX error: PxRigidDynamic::setAngularVelocity: Body must be non-kinematic!, FILE /builds/omniverse/physics/physx/source/physx/src/NpRigidDynamic.cpp, LINE 284
2026-07-02T14:49:21Z [9,225ms] [Error] [omni.physx.plugin] PhysX error: PxRigidDynamic::setLinearVelocity: Body must be non-kinematic!, FILE /builds/omniverse/physics/physx/source/physx/src/NpRigidDynamic.cpp, LINE 251
2026-07-02T14:49:21Z [9,225ms] [Error] [omni.physx.plugin] PhysX error: PxRigidDynamic::setAngularVelocity: Body must be non-kinematic!, FILE /builds/omniverse/physics/physx/source/physx/src/NpRigidDynamic.cpp, LINE 284
2026-07-02T14:49:21Z [9,225ms] [Error] [omni.physx.plugin] PhysX error: PxRigidDynamic::setLinearVelocity: Body must be non-kinematic!, FILE /builds/omniverse/physics/physx/source/physx/src/NpRigidDynamic.cpp, LINE 251
2026-07-02T14:49:21Z [9,226ms] [Error] [omni.physx.plugin] PhysX error: PxRigidDynamic::setAngularVelocity: Body must be non-kinematic!, FILE /builds/omniverse/physics/physx/source/physx/src/NpRigidDynamic.cpp, LINE 284
2026-07-02T14:49:21Z [9,226ms] [Error] [omni.physx.plugin] PhysX error: PxRigidDynamic::setLinearVelocity: Body must be non-kinematic!, FILE /builds/omniverse/physics/physx/source/physx/src/NpRigidDynamic.cpp, LINE 251
2026-07-02T14:49:21Z [9,226ms] [Error] [omni.physx.plugin] PhysX error: PxRigidDynamic::setAngularVelocity: Body must be non-kinematic!, FILE /builds/omniverse/physics/physx/source/physx/src/NpRigidDynamic.cpp, LINE 284
2026-07-02T14:49:21Z [9,226ms] [Error] [omni.physx.plugin] PhysX error: PxRigidDynamic::setLinearVelocity: Body must be non-kinematic!, FILE /builds/omniverse/physics/physx/source/physx/src/NpRigidDynamic.cpp, LINE 251
2026-07-02T14:49:21Z [9,226ms] [Error] [omni.physx.plugin] PhysX error: PxRigidDynamic::setAngularVelocity: Body must be non-kinematic!, FILE /builds/omniverse/physics/physx/source/physx/src/NpRigidDynamic.cpp, LINE 284
2026-07-02T14:49:21Z [9,227ms] [Error] [omni.physx.plugin] PhysX error: PxRigidDynamic::setLinearVelocity: Body must be non-kinematic!, FILE /builds/omniverse/physics/physx/source/physx/src/NpRigidDynamic.cpp, LINE 251
2026-07-02T14:49:21Z [9,227ms] [Error] [omni.physx.plugin] PhysX error: PxRigidDynamic::setAngularVelocity: Body must be non-kinematic!, FILE /builds/omniverse/physics/physx/source/physx/src/NpRigidDynamic.cpp, LINE 284
2026-07-02T14:49:21Z [9,227ms] [Error] [omni.physx.plugin] PhysX error: PxRigidDynamic::setLinearVelocity: Body must be non-kinematic!, FILE /builds/omniverse/physics/physx/source/physx/src/NpRigidDynamic.cpp, LINE 251
2026-07-02T14:49:21Z [9,227ms] [Error] [omni.physx.plugin] PhysX error: PxRigidDynamic::setAngularVelocity: Body must be non-kinematic!, FILE /builds/omniverse/physics/physx/source/physx/src/NpRigidDynamic.cpp, LINE 284
2026-07-02T14:49:21Z [9,228ms] [Error] [omni.physx.plugin] PhysX error: PxRigidDynamic::setLinearVelocity: Body must be non-kinematic!, FILE /builds/omniverse/physics/physx/source/physx/src/NpRigidDynamic.cpp, LINE 251
2026-07-02T14:49:21Z [9,228ms] [Error] [omni.physx.plugin] PhysX error: PxRigidDynamic::setAngularVelocity: Body must be non-kinematic!, FILE /builds/omniverse/physics/physx/source/physx/src/NpRigidDynamic.cpp, LINE 284
2026-07-02T14:49:21Z [9,228ms] [Error] [omni.physx.plugin] PhysX error: PxRigidDynamic::setLinearVelocity: Body must be non-kinematic!, FILE /builds/omniverse/physics/physx/source/physx/src/NpRigidDynamic.cpp, LINE 251
2026-07-02T14:49:21Z [9,228ms] [Error] [omni.physx.plugin] PhysX error: PxRigidDynamic::setAngularVelocity: Body must be non-kinematic!, FILE /builds/omniverse/physics/physx/source/physx/src/NpRigidDynamic.cpp, LINE 284
2026-07-02T14:49:21Z [9,228ms] [Error] [omni.physx.plugin] PhysX error: PxRigidDynamic::setLinearVelocity: Body must be non-kinematic!, FILE /builds/omniverse/physics/physx/source/physx/src/NpRigidDynamic.cpp, LINE 251
2026-07-02T14:49:21Z [9,228ms] [Error] [omni.physx.plugin] PhysX error: PxRigidDynamic::setAngularVelocity: Body must be non-kinematic!, FILE /builds/omniverse/physics/physx/source/physx/src/NpRigidDynamic.cpp, LINE 284
2026-07-02T14:49:21Z [9,229ms] [Error] [omni.physx.plugin] PhysX error: PxRigidDynamic::setLinearVelocity: Body must be non-kinematic!, FILE /builds/omniverse/physics/physx/source/physx/src/NpRigidDynamic.cpp, LINE 251
2026-07-02T14:49:21Z [9,229ms] [Error] [omni.physx.plugin] PhysX error: PxRigidDynamic::setAngularVelocity: Body must be non-kinematic!, FILE /builds/omniverse/physics/physx/source/physx/src/NpRigidDynamic.cpp, LINE 284
2026-07-02T14:49:21Z [9,229ms] [Error] [omni.physx.plugin] PhysX error: PxRigidDynamic::setLinearVelocity: Body must be non-kinematic!, FILE /builds/omniverse/physics/physx/source/physx/src/NpRigidDynamic.cpp, LINE 251
2026-07-02T14:49:21Z [9,229ms] [Error] [omni.physx.plugin] PhysX error: PxRigidDynamic::setAngularVelocity: Body must be non-kinematic!, FILE /builds/omniverse/physics/physx/source/physx/src/NpRigidDynamic.cpp, LINE 284
2026-07-02T14:49:21Z [9,230ms] [Error] [omni.physx.plugin] PhysX error: PxRigidDynamic::setLinearVelocity: Body must be non-kinematic!, FILE /builds/omniverse/physics/physx/source/physx/src/NpRigidDynamic.cpp, LINE 251
2026-07-02T14:49:21Z [9,230ms] [Error] [omni.physx.plugin] PhysX error: PxRigidDynamic::setAngularVelocity: Body must be non-kinematic!, FILE /builds/omniverse/physics/physx/source/physx/src/NpRigidDynamic.cpp, LINE 284
2026-07-02T14:49:21Z [9,230ms] [Error] [omni.physx.plugin] PhysX error: PxRigidDynamic::setLinearVelocity: Body must be non-kinematic!, FILE /builds/omniverse/physics/physx/source/physx/src/NpRigidDynamic.cpp, LINE 251
2026-07-02T14:49:21Z [9,230ms] [Error] [omni.physx.plugin] PhysX error: PxRigidDynamic::setAngularVelocity: Body must be non-kinematic!, FILE /builds/omniverse/physics/physx/source/physx/src/NpRigidDynamic.cpp, LINE 284
2026-07-02T14:49:21Z [9,231ms] [Error] [omni.physx.plugin] PhysX error: PxRigidDynamic::setLinearVelocity: Body must be non-kinematic!, FILE /builds/omniverse/physics/physx/source/physx/src/NpRigidDynamic.cpp, LINE 251
2026-07-02T14:49:21Z [9,231ms] [Error] [omni.physx.plugin] PhysX error: PxRigidDynamic::setAngularVelocity: Body must be non-kinematic!, FILE /builds/omniverse/physics/physx/source/physx/src/NpRigidDynamic.cpp, LINE 284
2026-07-02T14:49:21Z [9,231ms] [Error] [omni.physx.plugin] PhysX error: PxRigidDynamic::setLinearVelocity: Body must be non-kinematic!, FILE /builds/omniverse/physics/physx/source/physx/src/NpRigidDynamic.cpp, LINE 251
2026-07-02T14:49:21Z [9,231ms] [Error] [omni.physx.plugin] PhysX error: PxRigidDynamic::setAngularVelocity: Body must be non-kinematic!, FILE /builds/omniverse/physics/physx/source/physx/src/NpRigidDynamic.cpp, LINE 284
2026-07-02T14:49:21Z [9,231ms] [Error] [omni.physx.plugin] PhysX error: PxRigidDynamic::setLinearVelocity: Body must be non-kinematic!, FILE /builds/omniverse/physics/physx/source/physx/src/NpRigidDynamic.cpp, LINE 251
2026-07-02T14:49:21Z [9,231ms] [Error] [omni.physx.plugin] PhysX error: PxRigidDynamic::setAngularVelocity: Body must be non-kinematic!, FILE /builds/omniverse/physics/physx/source/physx/src/NpRigidDynamic.cpp, LINE 284
2026-07-02T14:49:21Z [9,232ms] [Error] [omni.physx.plugin] PhysX error: PxRigidDynamic::setLinearVelocity: Body must be non-kinematic!, FILE /builds/omniverse/physics/physx/source/physx/src/NpRigidDynamic.cpp, LINE 251
2026-07-02T14:49:21Z [9,232ms] [Error] [omni.physx.plugin] PhysX error: PxRigidDynamic::setAngularVelocity: Body must be non-kinematic!, FILE /builds/omniverse/physics/physx/source/physx/src/NpRigidDynamic.cpp, LINE 284
2026-07-02T14:49:21Z [9,232ms] [Error] [omni.physx.plugin] PhysX error: PxRigidDynamic::setLinearVelocity: Body must be non-kinematic!, FILE /builds/omniverse/physics/physx/source/physx/src/NpRigidDynamic.cpp, LINE 251
2026-07-02T14:49:21Z [9,232ms] [Error] [omni.physx.plugin] PhysX error: PxRigidDynamic::setAngularVelocity: Body must be non-kinematic!, FILE /builds/omniverse/physics/physx/source/physx/src/NpRigidDynamic.cpp, LINE 284
2026-07-02T14:49:21Z [9,233ms] [Error] [omni.physx.plugin] PhysX error: PxRigidDynamic::setLinearVelocity: Body must be non-kinematic!, FILE /builds/omniverse/physics/physx/source/physx/src/NpRigidDynamic.cpp, LINE 251
2026-07-02T14:49:21Z [9,233ms] [Error] [omni.physx.plugin] PhysX error: PxRigidDynamic::setAngularVelocity: Body must be non-kinematic!, FILE /builds/omniverse/physics/physx/source/physx/src/NpRigidDynamic.cpp, LINE 284
2026-07-02T14:49:21Z [9,233ms] [Error] [omni.physx.plugin] PhysX error: PxRigidDynamic::setLinearVelocity: Body must be non-kinematic!, FILE /builds/omniverse/physics/physx/source/physx/src/NpRigidDynamic.cpp, LINE 251
2026-07-02T14:49:21Z [9,233ms] [Error] [omni.physx.plugin] PhysX error: PxRigidDynamic::setAngularVelocity: Body must be non-kinematic!, FILE /builds/omniverse/physics/physx/source/physx/src/NpRigidDynamic.cpp, LINE 284
2026-07-02T14:49:21Z [9,234ms] [Error] [omni.physx.plugin] PhysX error: PxRigidDynamic::setLinearVelocity: Body must be non-kinematic!, FILE /builds/omniverse/physics/physx/source/physx/src/NpRigidDynamic.cpp, LINE 251
2026-07-02T14:49:21Z [9,234ms] [Error] [omni.physx.plugin] PhysX error: PxRigidDynamic::setAngularVelocity: Body must be non-kinematic!, FILE /builds/omniverse/physics/physx/source/physx/src/NpRigidDynamic.cpp, LINE 284
2026-07-02T14:49:21Z [9,234ms] [Error] [omni.physx.plugin] PhysX error: PxRigidDynamic::setLinearVelocity: Body must be non-kinematic!, FILE /builds/omniverse/physics/physx/source/physx/src/NpRigidDynamic.cpp, LINE 251
2026-07-02T14:49:21Z [9,234ms] [Error] [omni.physx.plugin] PhysX error: PxRigidDynamic::setAngularVelocity: Body must be non-kinematic!, FILE /builds/omniverse/physics/physx/source/physx/src/NpRigidDynamic.cpp, LINE 284
2026-07-02T14:49:21Z [9,235ms] [Error] [omni.physx.plugin] PhysX error: PxRigidDynamic::setLinearVelocity: Body must be non-kinematic!, FILE /builds/omniverse/physics/physx/source/physx/src/NpRigidDynamic.cpp, LINE 251
2026-07-02T14:49:21Z [9,235ms] [Error] [omni.physx.plugin] PhysX error: PxRigidDynamic::setAngularVelocity: Body must be non-kinematic!, FILE /builds/omniverse/physics/physx/source/physx/src/NpRigidDynamic.cpp, LINE 284
2026-07-02T14:49:21Z [9,235ms] [Error] [omni.physx.plugin] PhysX error: PxRigidDynamic::setLinearVelocity: Body must be non-kinematic!, FILE /builds/omniverse/physics/physx/source/physx/src/NpRigidDynamic.cpp, LINE 251
2026-07-02T14:49:21Z [9,235ms] [Error] [omni.physx.plugin] PhysX error: PxRigidDynamic::setAngularVelocity: Body must be non-kinematic!, FILE /builds/omniverse/physics/physx/source/physx/src/NpRigidDynamic.cpp, LINE 284
[INFO]: RTX streaming completed in 0.01 s.
[INFO]: RTX streaming completed in 0.04 s.
[INFO] Pi0.5 episode 0 success=False mode=failure completed=False steps=3600 instruction='reach the avocado'
[INFO] Starting Pi0.5 reaching episode 1: instruction='reach the bowl', target_label='bowl'
2026-07-02T14:49:22Z [9,628ms] [Warning] [omni.kit.material.library.material_extensions] Could not initialize context menu integration: No module named 'omni.kit.context_menu'
2026-07-02T14:50:01Z [49,044ms] [Error] [omni.physx.plugin] PhysX error: PxRigidDynamic::setLinearVelocity: Body must be non-kinematic!, FILE /builds/omniverse/physics/physx/source/physx/src/NpRigidDynamic.cpp, LINE 251
2026-07-02T14:50:01Z [49,044ms] [Error] [omni.physx.plugin] PhysX error: PxRigidDynamic::setAngularVelocity: Body must be non-kinematic!, FILE /builds/omniverse/physics/physx/source/physx/src/NpRigidDynamic.cpp, LINE 284
2026-07-02T14:50:01Z [49,045ms] [Error] [omni.physx.plugin] PhysX error: PxRigidDynamic::setLinearVelocity: Body must be non-kinematic!, FILE /builds/omniverse/physics/physx/source/physx/src/NpRigidDynamic.cpp, LINE 251
2026-07-02T14:50:01Z [49,045ms] [Error] [omni.physx.plugin] PhysX error: PxRigidDynamic::setAngularVelocity: Body must be non-kinematic!, FILE /builds/omniverse/physics/physx/source/physx/src/NpRigidDynamic.cpp, LINE 284
2026-07-02T14:50:01Z [49,046ms] [Error] [omni.physx.plugin] PhysX error: PxRigidDynamic::setLinearVelocity: Body must be non-kinematic!, FILE /builds/omniverse/physics/physx/source/physx/src/NpRigidDynamic.cpp, LINE 251
2026-07-02T14:50:01Z [49,046ms] [Error] [omni.physx.plugin] PhysX error: PxRigidDynamic::setAngularVelocity: Body must be non-kinematic!, FILE /builds/omniverse/physics/physx/source/physx/src/NpRigidDynamic.cpp, LINE 284
2026-07-02T14:50:01Z [49,047ms] [Error] [omni.physx.plugin] PhysX error: PxRigidDynamic::setLinearVelocity: Body must be non-kinematic!, FILE /builds/omniverse/physics/physx/source/physx/src/NpRigidDynamic.cpp, LINE 251
2026-07-02T14:50:01Z [49,047ms] [Error] [omni.physx.plugin] PhysX error: PxRigidDynamic::setAngularVelocity: Body must be non-kinematic!, FILE /builds/omniverse/physics/physx/source/physx/src/NpRigidDynamic.cpp, LINE 284
2026-07-02T14:50:01Z [49,047ms] [Error] [omni.physx.plugin] PhysX error: PxRigidDynamic::setLinearVelocity: Body must be non-kinematic!, FILE /builds/omniverse/physics/physx/source/physx/src/NpRigidDynamic.cpp, LINE 251
2026-07-02T14:50:01Z [49,048ms] [Error] [omni.physx.plugin] PhysX error: PxRigidDynamic::setAngularVelocity: Body must be non-kinematic!, FILE /builds/omniverse/physics/physx/source/physx/src/NpRigidDynamic.cpp, LINE 284
2026-07-02T14:50:01Z [49,048ms] [Error] [omni.physx.plugin] PhysX error: PxRigidDynamic::setLinearVelocity: Body must be non-kinematic!, FILE /builds/omniverse/physics/physx/source/physx/src/NpRigidDynamic.cpp, LINE 251
2026-07-02T14:50:01Z [49,048ms] [Error] [omni.physx.plugin] PhysX error: PxRigidDynamic::setAngularVelocity: Body must be non-kinematic!, FILE /builds/omniverse/physics/physx/source/physx/src/NpRigidDynamic.cpp, LINE 284
2026-07-02T14:50:01Z [49,049ms] [Error] [omni.physx.plugin] PhysX error: PxRigidDynamic::setLinearVelocity: Body must be non-kinematic!, FILE /builds/omniverse/physics/physx/source/physx/src/NpRigidDynamic.cpp, LINE 251
2026-07-02T14:50:01Z [49,049ms] [Error] [omni.physx.plugin] PhysX error: PxRigidDynamic::setAngularVelocity: Body must be non-kinematic!, FILE /builds/omniverse/physics/physx/source/physx/src/NpRigidDynamic.cpp, LINE 284
2026-07-02T14:50:01Z [49,050ms] [Error] [omni.physx.plugin] PhysX error: PxRigidDynamic::setLinearVelocity: Body must be non-kinematic!, FILE /builds/omniverse/physics/physx/source/physx/src/NpRigidDynamic.cpp, LINE 251
2026-07-02T14:50:01Z [49,050ms] [Error] [omni.physx.plugin] PhysX error: PxRigidDynamic::setAngularVelocity: Body must be non-kinematic!, FILE /builds/omniverse/physics/physx/source/physx/src/NpRigidDynamic.cpp, LINE 284
2026-07-02T14:50:01Z [49,051ms] [Error] [omni.physx.plugin] PhysX error: PxRigidDynamic::setLinearVelocity: Body must be non-kinematic!, FILE /builds/omniverse/physics/physx/source/physx/src/NpRigidDynamic.cpp, LINE 251
2026-07-02T14:50:01Z [49,051ms] [Error] [omni.physx.plugin] PhysX error: PxRigidDynamic::setAngularVelocity: Body must be non-kinematic!, FILE /builds/omniverse/physics/physx/source/physx/src/NpRigidDynamic.cpp, LINE 284
2026-07-02T14:50:01Z [49,051ms] [Error] [omni.physx.plugin] PhysX error: PxRigidDynamic::setLinearVelocity: Body must be non-kinematic!, FILE /builds/omniverse/physics/physx/source/physx/src/NpRigidDynamic.cpp, LINE 251
2026-07-02T14:50:01Z [49,051ms] [Error] [omni.physx.plugin] PhysX error: PxRigidDynamic::setAngularVelocity: Body must be non-kinematic!, FILE /builds/omniverse/physics/physx/source/physx/src/NpRigidDynamic.cpp, LINE 284
2026-07-02T14:50:01Z [49,052ms] [Error] [omni.physx.plugin] PhysX error: PxRigidDynamic::setLinearVelocity: Body must be non-kinematic!, FILE /builds/omniverse/physics/physx/source/physx/src/NpRigidDynamic.cpp, LINE 251
2026-07-02T14:50:01Z [49,052ms] [Error] [omni.physx.plugin] PhysX error: PxRigidDynamic::setAngularVelocity: Body must be non-kinematic!, FILE /builds/omniverse/physics/physx/source/physx/src/NpRigidDynamic.cpp, LINE 284
2026-07-02T14:50:01Z [49,053ms] [Error] [omni.physx.plugin] PhysX error: PxRigidDynamic::setLinearVelocity: Body must be non-kinematic!, FILE /builds/omniverse/physics/physx/source/physx/src/NpRigidDynamic.cpp, LINE 251
2026-07-02T14:50:01Z [49,053ms] [Error] [omni.physx.plugin] PhysX error: PxRigidDynamic::setAngularVelocity: Body must be non-kinematic!, FILE /builds/omniverse/physics/physx/source/physx/src/NpRigidDynamic.cpp, LINE 284
2026-07-02T14:50:01Z [49,054ms] [Error] [omni.physx.plugin] PhysX error: PxRigidDynamic::setLinearVelocity: Body must be non-kinematic!, FILE /builds/omniverse/physics/physx/source/physx/src/NpRigidDynamic.cpp, LINE 251
2026-07-02T14:50:01Z [49,054ms] [Error] [omni.physx.plugin] PhysX error: PxRigidDynamic::setAngularVelocity: Body must be non-kinematic!, FILE /builds/omniverse/physics/physx/source/physx/src/NpRigidDynamic.cpp, LINE 284
2026-07-02T14:50:01Z [49,054ms] [Error] [omni.physx.plugin] PhysX error: PxRigidDynamic::setLinearVelocity: Body must be non-kinematic!, FILE /builds/omniverse/physics/physx/source/physx/src/NpRigidDynamic.cpp, LINE 251
2026-07-02T14:50:01Z [49,054ms] [Error] [omni.physx.plugin] PhysX error: PxRigidDynamic::setAngularVelocity: Body must be non-kinematic!, FILE /builds/omniverse/physics/physx/source/physx/src/NpRigidDynamic.cpp, LINE 284
2026-07-02T14:50:01Z [49,055ms] [Error] [omni.physx.plugin] PhysX error: PxRigidDynamic::setLinearVelocity: Body must be non-kinematic!, FILE /builds/omniverse/physics/physx/source/physx/src/NpRigidDynamic.cpp, LINE 251
2026-07-02T14:50:01Z [49,055ms] [Error] [omni.physx.plugin] PhysX error: PxRigidDynamic::setAngularVelocity: Body must be non-kinematic!, FILE /builds/omniverse/physics/physx/source/physx/src/NpRigidDynamic.cpp, LINE 284
2026-07-02T14:50:01Z [49,056ms] [Error] [omni.physx.plugin] PhysX error: PxRigidDynamic::setLinearVelocity: Body must be non-kinematic!, FILE /builds/omniverse/physics/physx/source/physx/src/NpRigidDynamic.cpp, LINE 251
2026-07-02T14:50:01Z [49,056ms] [Error] [omni.physx.plugin] PhysX error: PxRigidDynamic::setAngularVelocity: Body must be non-kinematic!, FILE /builds/omniverse/physics/physx/source/physx/src/NpRigidDynamic.cpp, LINE 284
2026-07-02T14:50:01Z [49,056ms] [Error] [omni.physx.plugin] PhysX error: PxRigidDynamic::setLinearVelocity: Body must be non-kinematic!, FILE /builds/omniverse/physics/physx/source/physx/src/NpRigidDynamic.cpp, LINE 251
2026-07-02T14:50:01Z [49,056ms] [Error] [omni.physx.plugin] PhysX error: PxRigidDynamic::setAngularVelocity: Body must be non-kinematic!, FILE /builds/omniverse/physics/physx/source/physx/src/NpRigidDynamic.cpp, LINE 284
2026-07-02T14:50:01Z [49,057ms] [Error] [omni.physx.plugin] PhysX error: PxRigidDynamic::setLinearVelocity: Body must be non-kinematic!, FILE /builds/omniverse/physics/physx/source/physx/src/NpRigidDynamic.cpp, LINE 251
2026-07-02T14:50:01Z [49,057ms] [Error] [omni.physx.plugin] PhysX error: PxRigidDynamic::setAngularVelocity: Body must be non-kinematic!, FILE /builds/omniverse/physics/physx/source/physx/src/NpRigidDynamic.cpp, LINE 284
2026-07-02T14:50:01Z [49,059ms] [Error] [omni.physx.plugin] PhysX error: PxRigidDynamic::setLinearVelocity: Body must be non-kinematic!, FILE /builds/omniverse/physics/physx/source/physx/src/NpRigidDynamic.cpp, LINE 251
2026-07-02T14:50:01Z [49,059ms] [Error] [omni.physx.plugin] PhysX error: PxRigidDynamic::setAngularVelocity: Body must be non-kinematic!, FILE /builds/omniverse/physics/physx/source/physx/src/NpRigidDynamic.cpp, LINE 284
2026-07-02T14:50:01Z [49,060ms] [Error] [omni.physx.plugin] PhysX error: PxRigidDynamic::setLinearVelocity: Body must be non-kinematic!, FILE /builds/omniverse/physics/physx/source/physx/src/NpRigidDynamic.cpp, LINE 251
2026-07-02T14:50:01Z [49,060ms] [Error] [omni.physx.plugin] PhysX error: PxRigidDynamic::setAngularVelocity: Body must be non-kinematic!, FILE /builds/omniverse/physics/physx/source/physx/src/NpRigidDynamic.cpp, LINE 284
2026-07-02T14:50:01Z [49,060ms] [Error] [omni.physx.plugin] PhysX error: PxRigidDynamic::setLinearVelocity: Body must be non-kinematic!, FILE /builds/omniverse/physics/physx/source/physx/src/NpRigidDynamic.cpp, LINE 251
2026-07-02T14:50:01Z [49,060ms] [Error] [omni.physx.plugin] PhysX error: PxRigidDynamic::setAngularVelocity: Body must be non-kinematic!, FILE /builds/omniverse/physics/physx/source/physx/src/NpRigidDynamic.cpp, LINE 284
2026-07-02T14:50:01Z [49,061ms] [Error] [omni.physx.plugin] PhysX error: PxRigidDynamic::setLinearVelocity: Body must be non-kinematic!, FILE /builds/omniverse/physics/physx/source/physx/src/NpRigidDynamic.cpp, LINE 251
2026-07-02T14:50:01Z [49,061ms] [Error] [omni.physx.plugin] PhysX error: PxRigidDynamic::setAngularVelocity: Body must be non-kinematic!, FILE /builds/omniverse/physics/physx/source/physx/src/NpRigidDynamic.cpp, LINE 284
2026-07-02T14:50:01Z [49,061ms] [Error] [omni.physx.plugin] PhysX error: PxRigidDynamic::setLinearVelocity: Body must be non-kinematic!, FILE /builds/omniverse/physics/physx/source/physx/src/NpRigidDynamic.cpp, LINE 251
2026-07-02T14:50:01Z [49,061ms] [Error] [omni.physx.plugin] PhysX error: PxRigidDynamic::setAngularVelocity: Body must be non-kinematic!, FILE /builds/omniverse/physics/physx/source/physx/src/NpRigidDynamic.cpp, LINE 284
2026-07-02T14:50:01Z [49,062ms] [Error] [omni.physx.plugin] PhysX error: PxRigidDynamic::setLinearVelocity: Body must be non-kinematic!, FILE /builds/omniverse/physics/physx/source/physx/src/NpRigidDynamic.cpp, LINE 251
2026-07-02T14:50:01Z [49,062ms] [Error] [omni.physx.plugin] PhysX error: PxRigidDynamic::setAngularVelocity: Body must be non-kinematic!, FILE /builds/omniverse/physics/physx/source/physx/src/NpRigidDynamic.cpp, LINE 284
2026-07-02T14:50:01Z [49,063ms] [Error] [omni.physx.plugin] PhysX error: PxRigidDynamic::setLinearVelocity: Body must be non-kinematic!, FILE /builds/omniverse/physics/physx/source/physx/src/NpRigidDynamic.cpp, LINE 251
2026-07-02T14:50:01Z [49,063ms] [Error] [omni.physx.plugin] PhysX error: PxRigidDynamic::setAngularVelocity: Body must be non-kinematic!, FILE /builds/omniverse/physics/physx/source/physx/src/NpRigidDynamic.cpp, LINE 284
2026-07-02T14:50:01Z [49,063ms] [Error] [omni.physx.plugin] PhysX error: PxRigidDynamic::setLinearVelocity: Body must be non-kinematic!, FILE /builds/omniverse/physics/physx/source/physx/src/NpRigidDynamic.cpp, LINE 251
2026-07-02T14:50:01Z [49,063ms] [Error] [omni.physx.plugin] PhysX error: PxRigidDynamic::setAngularVelocity: Body must be non-kinematic!, FILE /builds/omniverse/physics/physx/source/physx/src/NpRigidDynamic.cpp, LINE 284
2026-07-02T14:50:01Z [49,064ms] [Error] [omni.physx.plugin] PhysX error: PxRigidDynamic::setLinearVelocity: Body must be non-kinematic!, FILE /builds/omniverse/physics/physx/source/physx/src/NpRigidDynamic.cpp, LINE 251
2026-07-02T14:50:01Z [49,064ms] [Error] [omni.physx.plugin] PhysX error: PxRigidDynamic::setAngularVelocity: Body must be non-kinematic!, FILE /builds/omniverse/physics/physx/source/physx/src/NpRigidDynamic.cpp, LINE 284
2026-07-02T14:50:01Z [49,065ms] [Error] [omni.physx.plugin] PhysX error: PxRigidDynamic::setLinearVelocity: Body must be non-kinematic!, FILE /builds/omniverse/physics/physx/source/physx/src/NpRigidDynamic.cpp, LINE 251
2026-07-02T14:50:01Z [49,065ms] [Error] [omni.physx.plugin] PhysX error: PxRigidDynamic::setAngularVelocity: Body must be non-kinematic!, FILE /builds/omniverse/physics/physx/source/physx/src/NpRigidDynamic.cpp, LINE 284
2026-07-02T14:50:01Z [49,065ms] [Error] [omni.physx.plugin] PhysX error: PxRigidDynamic::setLinearVelocity: Body must be non-kinematic!, FILE /builds/omniverse/physics/physx/source/physx/src/NpRigidDynamic.cpp, LINE 251
2026-07-02T14:50:01Z [49,065ms] [Error] [omni.physx.plugin] PhysX error: PxRigidDynamic::setAngularVelocity: Body must be non-kinematic!, FILE /builds/omniverse/physics/physx/source/physx/src/NpRigidDynamic.cpp, LINE 284
2026-07-02T14:50:01Z [49,066ms] [Error] [omni.physx.plugin] PhysX error: PxRigidDynamic::setLinearVelocity: Body must be non-kinematic!, FILE /builds/omniverse/physics/physx/source/physx/src/NpRigidDynamic.cpp, LINE 251
2026-07-02T14:50:01Z [49,066ms] [Error] [omni.physx.plugin] PhysX error: PxRigidDynamic::setAngularVelocity: Body must be non-kinematic!, FILE /builds/omniverse/physics/physx/source/physx/src/NpRigidDynamic.cpp, LINE 284
2026-07-02T14:50:01Z [49,066ms] [Error] [omni.physx.plugin] PhysX error: PxRigidDynamic::setLinearVelocity: Body must be non-kinematic!, FILE /builds/omniverse/physics/physx/source/physx/src/NpRigidDynamic.cpp, LINE 251
2026-07-02T14:50:01Z [49,066ms] [Error] [omni.physx.plugin] PhysX error: PxRigidDynamic::setAngularVelocity: Body must be non-kinematic!, FILE /builds/omniverse/physics/physx/source/physx/src/NpRigidDynamic.cpp, LINE 284
2026-07-02T14:50:01Z [49,067ms] [Error] [omni.physx.plugin] PhysX error: PxRigidDynamic::setLinearVelocity: Body must be non-kinematic!, FILE /builds/omniverse/physics/physx/source/physx/src/NpRigidDynamic.cpp, LINE 251
2026-07-02T14:50:01Z [49,067ms] [Error] [omni.physx.plugin] PhysX error: PxRigidDynamic::setAngularVelocity: Body must be non-kinematic!, FILE /builds/omniverse/physics/physx/source/physx/src/NpRigidDynamic.cpp, LINE 284
2026-07-02T14:50:01Z [49,067ms] [Error] [omni.physx.plugin] PhysX error: PxRigidDynamic::setLinearVelocity: Body must be non-kinematic!, FILE /builds/omniverse/physics/physx/source/physx/src/NpRigidDynamic.cpp, LINE 251
2026-07-02T14:50:01Z [49,067ms] [Error] [omni.physx.plugin] PhysX error: PxRigidDynamic::setAngularVelocity: Body must be non-kinematic!, FILE /builds/omniverse/physics/physx/source/physx/src/NpRigidDynamic.cpp, LINE 284
2026-07-02T14:50:01Z [49,068ms] [Error] [omni.physx.plugin] PhysX error: PxRigidDynamic::setLinearVelocity: Body must be non-kinematic!, FILE /builds/omniverse/physics/physx/source/physx/src/NpRigidDynamic.cpp, LINE 251
2026-07-02T14:50:01Z [49,068ms] [Error] [omni.physx.plugin] PhysX error: PxRigidDynamic::setAngularVelocity: Body must be non-kinematic!, FILE /builds/omniverse/physics/physx/source/physx/src/NpRigidDynamic.cpp, LINE 284
2026-07-02T14:50:01Z [49,069ms] [Error] [omni.physx.plugin] PhysX error: PxRigidDynamic::setLinearVelocity: Body must be non-kinematic!, FILE /builds/omniverse/physics/physx/source/physx/src/NpRigidDynamic.cpp, LINE 251
2026-07-02T14:50:01Z [49,069ms] [Error] [omni.physx.plugin] PhysX error: PxRigidDynamic::setAngularVelocity: Body must be non-kinematic!, FILE /builds/omniverse/physics/physx/source/physx/src/NpRigidDynamic.cpp, LINE 284
2026-07-02T14:50:01Z [49,069ms] [Error] [omni.physx.plugin] PhysX error: PxRigidDynamic::setLinearVelocity: Body must be non-kinematic!, FILE /builds/omniverse/physics/physx/source/physx/src/NpRigidDynamic.cpp, LINE 251
2026-07-02T14:50:01Z [49,069ms] [Error] [omni.physx.plugin] PhysX error: PxRigidDynamic::setAngularVelocity: Body must be non-kinematic!, FILE /builds/omniverse/physics/physx/source/physx/src/NpRigidDynamic.cpp, LINE 284
2026-07-02T14:50:01Z [49,070ms] [Error] [omni.physx.plugin] PhysX error: PxRigidDynamic::setLinearVelocity: Body must be non-kinematic!, FILE /builds/omniverse/physics/physx/source/physx/src/NpRigidDynamic.cpp, LINE 251
2026-07-02T14:50:01Z [49,070ms] [Error] [omni.physx.plugin] PhysX error: PxRigidDynamic::setAngularVelocity: Body must be non-kinematic!, FILE /builds/omniverse/physics/physx/source/physx/src/NpRigidDynamic.cpp, LINE 284
2026-07-02T14:50:01Z [49,071ms] [Error] [omni.physx.plugin] PhysX error: PxRigidDynamic::setLinearVelocity: Body must be non-kinematic!, FILE /builds/omniverse/physics/physx/source/physx/src/NpRigidDynamic.cpp, LINE 251
2026-07-02T14:50:01Z [49,071ms] [Error] [omni.physx.plugin] PhysX error: PxRigidDynamic::setAngularVelocity: Body must be non-kinematic!, FILE /builds/omniverse/physics/physx/source/physx/src/NpRigidDynamic.cpp, LINE 284
2026-07-02T14:50:01Z [49,071ms] [Error] [omni.physx.plugin] PhysX error: PxRigidDynamic::setLinearVelocity: Body must be non-kinematic!, FILE /builds/omniverse/physics/physx/source/physx/src/NpRigidDynamic.cpp, LINE 251
2026-07-02T14:50:01Z [49,072ms] [Error] [omni.physx.plugin] PhysX error: PxRigidDynamic::setAngularVelocity: Body must be non-kinematic!, FILE /builds/omniverse/physics/physx/source/physx/src/NpRigidDynamic.cpp, LINE 284
2026-07-02T14:50:01Z [49,072ms] [Error] [omni.physx.plugin] PhysX error: PxRigidDynamic::setLinearVelocity: Body must be non-kinematic!, FILE /builds/omniverse/physics/physx/source/physx/src/NpRigidDynamic.cpp, LINE 251
2026-07-02T14:50:01Z [49,072ms] [Error] [omni.physx.plugin] PhysX error: PxRigidDynamic::setAngularVelocity: Body must be non-kinematic!, FILE /builds/omniverse/physics/physx/source/physx/src/NpRigidDynamic.cpp, LINE 284
2026-07-02T14:50:01Z [49,073ms] [Error] [omni.physx.plugin] PhysX error: PxRigidDynamic::setLinearVelocity: Body must be non-kinematic!, FILE /builds/omniverse/physics/physx/source/physx/src/NpRigidDynamic.cpp, LINE 251
2026-07-02T14:50:01Z [49,073ms] [Error] [omni.physx.plugin] PhysX error: PxRigidDynamic::setAngularVelocity: Body must be non-kinematic!, FILE /builds/omniverse/physics/physx/source/physx/src/NpRigidDynamic.cpp, LINE 284
2026-07-02T14:50:01Z [49,073ms] [Error] [omni.physx.plugin] PhysX error: PxRigidDynamic::setLinearVelocity: Body must be non-kinematic!, FILE /builds/omniverse/physics/physx/source/physx/src/NpRigidDynamic.cpp, LINE 251
2026-07-02T14:50:01Z [49,073ms] [Error] [omni.physx.plugin] PhysX error: PxRigidDynamic::setAngularVelocity: Body must be non-kinematic!, FILE /builds/omniverse/physics/physx/source/physx/src/NpRigidDynamic.cpp, LINE 284
2026-07-02T14:50:01Z [49,076ms] [Error] [omni.physx.plugin] PhysX error: PxRigidDynamic::setLinearVelocity: Body must be non-kinematic!, FILE /builds/omniverse/physics/physx/source/physx/src/NpRigidDynamic.cpp, LINE 251
2026-07-02T14:50:01Z [49,076ms] [Error] [omni.physx.plugin] PhysX error: PxRigidDynamic::setAngularVelocity: Body must be non-kinematic!, FILE /builds/omniverse/physics/physx/source/physx/src/NpRigidDynamic.cpp, LINE 284
2026-07-02T14:50:01Z [49,076ms] [Error] [omni.physx.plugin] PhysX error: PxRigidDynamic::setLinearVelocity: Body must be non-kinematic!, FILE /builds/omniverse/physics/physx/source/physx/src/NpRigidDynamic.cpp, LINE 251
2026-07-02T14:50:01Z [49,076ms] [Error] [omni.physx.plugin] PhysX error: PxRigidDynamic::setAngularVelocity: Body must be non-kinematic!, FILE /builds/omniverse/physics/physx/source/physx/src/NpRigidDynamic.cpp, LINE 284
2026-07-02T14:50:01Z [49,077ms] [Error] [omni.physx.plugin] PhysX error: PxRigidDynamic::setLinearVelocity: Body must be non-kinematic!, FILE /builds/omniverse/physics/physx/source/physx/src/NpRigidDynamic.cpp, LINE 251
2026-07-02T14:50:01Z [49,077ms] [Error] [omni.physx.plugin] PhysX error: PxRigidDynamic::setAngularVelocity: Body must be non-kinematic!, FILE /builds/omniverse/physics/physx/source/physx/src/NpRigidDynamic.cpp, LINE 284
2026-07-02T14:50:01Z [49,078ms] [Error] [omni.physx.plugin] PhysX error: PxRigidDynamic::setLinearVelocity: Body must be non-kinematic!, FILE /builds/omniverse/physics/physx/source/physx/src/NpRigidDynamic.cpp, LINE 251
2026-07-02T14:50:01Z [49,078ms] [Error] [omni.physx.plugin] PhysX error: PxRigidDynamic::setAngularVelocity: Body must be non-kinematic!, FILE /builds/omniverse/physics/physx/source/physx/src/NpRigidDynamic.cpp, LINE 284
2026-07-02T14:50:01Z [49,078ms] [Error] [omni.physx.plugin] PhysX error: PxRigidDynamic::setLinearVelocity: Body must be non-kinematic!, FILE /builds/omniverse/physics/physx/source/physx/src/NpRigidDynamic.cpp, LINE 251
2026-07-02T14:50:01Z [49,078ms] [Error] [omni.physx.plugin] PhysX error: PxRigidDynamic::setAngularVelocity: Body must be non-kinematic!, FILE /builds/omniverse/physics/physx/source/physx/src/NpRigidDynamic.cpp, LINE 284
2026-07-02T14:50:01Z [49,079ms] [Error] [omni.physx.plugin] PhysX error: PxRigidDynamic::setLinearVelocity: Body must be non-kinematic!, FILE /builds/omniverse/physics/physx/source/physx/src/NpRigidDynamic.cpp, LINE 251
2026-07-02T14:50:01Z [49,079ms] [Error] [omni.physx.plugin] PhysX error: PxRigidDynamic::setAngularVelocity: Body must be non-kinematic!, FILE /builds/omniverse/physics/physx/source/physx/src/NpRigidDynamic.cpp, LINE 284
2026-07-02T14:50:01Z [49,080ms] [Error] [omni.physx.plugin] PhysX error: PxRigidDynamic::setLinearVelocity: Body must be non-kinematic!, FILE /builds/omniverse/physics/physx/source/physx/src/NpRigidDynamic.cpp, LINE 251
2026-07-02T14:50:01Z [49,080ms] [Error] [omni.physx.plugin] PhysX error: PxRigidDynamic::setAngularVelocity: Body must be non-kinematic!, FILE /builds/omniverse/physics/physx/source/physx/src/NpRigidDynamic.cpp, LINE 284
2026-07-02T14:50:01Z [49,080ms] [Error] [omni.physx.plugin] PhysX error: PxRigidDynamic::setLinearVelocity: Body must be non-kinematic!, FILE /builds/omniverse/physics/physx/source/physx/src/NpRigidDynamic.cpp, LINE 251
2026-07-02T14:50:01Z [49,080ms] [Error] [omni.physx.plugin] PhysX error: PxRigidDynamic::setAngularVelocity: Body must be non-kinematic!, FILE /builds/omniverse/physics/physx/source/physx/src/NpRigidDynamic.cpp, LINE 284
2026-07-02T14:50:01Z [49,089ms] [Error] [omni.physx.plugin] PhysX error: PxRigidDynamic::setLinearVelocity: Body must be non-kinematic!, FILE /builds/omniverse/physics/physx/source/physx/src/NpRigidDynamic.cpp, LINE 251
2026-07-02T14:50:01Z [49,089ms] [Error] [omni.physx.plugin] PhysX error: PxRigidDynamic::setAngularVelocity: Body must be non-kinematic!, FILE /builds/omniverse/physics/physx/source/physx/src/NpRigidDynamic.cpp, LINE 284
2026-07-02T14:50:01Z [49,089ms] [Error] [omni.physx.plugin] PhysX error: PxRigidDynamic::setLinearVelocity: Body must be non-kinematic!, FILE /builds/omniverse/physics/physx/source/physx/src/NpRigidDynamic.cpp, LINE 251
2026-07-02T14:50:01Z [49,089ms] [Error] [omni.physx.plugin] PhysX error: PxRigidDynamic::setAngularVelocity: Body must be non-kinematic!, FILE /builds/omniverse/physics/physx/source/physx/src/NpRigidDynamic.cpp, LINE 284
2026-07-02T14:50:01Z [49,090ms] [Error] [omni.physx.plugin] PhysX error: PxRigidDynamic::setLinearVelocity: Body must be non-kinematic!, FILE /builds/omniverse/physics/physx/source/physx/src/NpRigidDynamic.cpp, LINE 251
2026-07-02T14:50:01Z [49,090ms] [Error] [omni.physx.plugin] PhysX error: PxRigidDynamic::setAngularVelocity: Body must be non-kinematic!, FILE /builds/omniverse/physics/physx/source/physx/src/NpRigidDynamic.cpp, LINE 284
2026-07-02T14:50:01Z [49,090ms] [Error] [omni.physx.plugin] PhysX error: PxRigidDynamic::setLinearVelocity: Body must be non-kinematic!, FILE /builds/omniverse/physics/physx/source/physx/src/NpRigidDynamic.cpp, LINE 251
2026-07-02T14:50:01Z [49,090ms] [Error] [omni.physx.plugin] PhysX error: PxRigidDynamic::setAngularVelocity: Body must be non-kinematic!, FILE /builds/omniverse/physics/physx/source/physx/src/NpRigidDynamic.cpp, LINE 284
2026-07-02T14:50:01Z [49,093ms] [Error] [omni.physx.plugin] PhysX error: PxRigidDynamic::setLinearVelocity: Body must be non-kinematic!, FILE /builds/omniverse/physics/physx/source/physx/src/NpRigidDynamic.cpp, LINE 251
2026-07-02T14:50:01Z [49,093ms] [Error] [omni.physx.plugin] PhysX error: PxRigidDynamic::setAngularVelocity: Body must be non-kinematic!, FILE /builds/omniverse/physics/physx/source/physx/src/NpRigidDynamic.cpp, LINE 284
2026-07-02T14:50:01Z [49,093ms] [Error] [omni.physx.plugin] PhysX error: PxRigidDynamic::setLinearVelocity: Body must be non-kinematic!, FILE /builds/omniverse/physics/physx/source/physx/src/NpRigidDynamic.cpp, LINE 251
2026-07-02T14:50:01Z [49,093ms] [Error] [omni.physx.plugin] PhysX error: PxRigidDynamic::setAngularVelocity: Body must be non-kinematic!, FILE /builds/omniverse/physics/physx/source/physx/src/NpRigidDynamic.cpp, LINE 284
2026-07-02T14:50:01Z [49,094ms] [Error] [omni.physx.plugin] PhysX error: PxRigidDynamic::setLinearVelocity: Body must be non-kinematic!, FILE /builds/omniverse/physics/physx/source/physx/src/NpRigidDynamic.cpp, LINE 251
2026-07-02T14:50:01Z [49,094ms] [Error] [omni.physx.plugin] PhysX error: PxRigidDynamic::setAngularVelocity: Body must be non-kinematic!, FILE /builds/omniverse/physics/physx/source/physx/src/NpRigidDynamic.cpp, LINE 284
2026-07-02T14:50:01Z [49,094ms] [Error] [omni.physx.plugin] PhysX error: PxRigidDynamic::setLinearVelocity: Body must be non-kinematic!, FILE /builds/omniverse/physics/physx/source/physx/src/NpRigidDynamic.cpp, LINE 251
2026-07-02T14:50:01Z [49,094ms] [Error] [omni.physx.plugin] PhysX error: PxRigidDynamic::setAngularVelocity: Body must be non-kinematic!, FILE /builds/omniverse/physics/physx/source/physx/src/NpRigidDynamic.cpp, LINE 284
2026-07-02T14:50:01Z [49,095ms] [Error] [omni.physx.plugin] PhysX error: PxRigidDynamic::setLinearVelocity: Body must be non-kinematic!, FILE /builds/omniverse/physics/physx/source/physx/src/NpRigidDynamic.cpp, LINE 251
2026-07-02T14:50:01Z [49,095ms] [Error] [omni.physx.plugin] PhysX error: PxRigidDynamic::setAngularVelocity: Body must be non-kinematic!, FILE /builds/omniverse/physics/physx/source/physx/src/NpRigidDynamic.cpp, LINE 284
2026-07-02T14:50:01Z [49,095ms] [Error] [omni.physx.plugin] PhysX error: PxRigidDynamic::setLinearVelocity: Body must be non-kinematic!, FILE /builds/omniverse/physics/physx/source/physx/src/NpRigidDynamic.cpp, LINE 251
2026-07-02T14:50:01Z [49,095ms] [Error] [omni.physx.plugin] PhysX error: PxRigidDynamic::setAngularVelocity: Body must be non-kinematic!, FILE /builds/omniverse/physics/physx/source/physx/src/NpRigidDynamic.cpp, LINE 284
2026-07-02T14:50:01Z [49,096ms] [Error] [omni.physx.plugin] PhysX error: PxRigidDynamic::setLinearVelocity: Body must be non-kinematic!, FILE /builds/omniverse/physics/physx/source/physx/src/NpRigidDynamic.cpp, LINE 251
2026-07-02T14:50:01Z [49,096ms] [Error] [omni.physx.plugin] PhysX error: PxRigidDynamic::setAngularVelocity: Body must be non-kinematic!, FILE /builds/omniverse/physics/physx/source/physx/src/NpRigidDynamic.cpp, LINE 284
2026-07-02T14:50:01Z [49,096ms] [Error] [omni.physx.plugin] PhysX error: PxRigidDynamic::setLinearVelocity: Body must be non-kinematic!, FILE /builds/omniverse/physics/physx/source/physx/src/NpRigidDynamic.cpp, LINE 251
2026-07-02T14:50:01Z [49,096ms] [Error] [omni.physx.plugin] PhysX error: PxRigidDynamic::setAngularVelocity: Body must be non-kinematic!, FILE /builds/omniverse/physics/physx/source/physx/src/NpRigidDynamic.cpp, LINE 284
2026-07-02T14:50:01Z [49,097ms] [Error] [omni.physx.plugin] PhysX error: PxRigidDynamic::setLinearVelocity: Body must be non-kinematic!, FILE /builds/omniverse/physics/physx/source/physx/src/NpRigidDynamic.cpp, LINE 251
2026-07-02T14:50:01Z [49,097ms] [Error] [omni.physx.plugin] PhysX error: PxRigidDynamic::setAngularVelocity: Body must be non-kinematic!, FILE /builds/omniverse/physics/physx/source/physx/src/NpRigidDynamic.cpp, LINE 284
2026-07-02T14:50:01Z [49,097ms] [Error] [omni.physx.plugin] PhysX error: PxRigidDynamic::setLinearVelocity: Body must be non-kinematic!, FILE /builds/omniverse/physics/physx/source/physx/src/NpRigidDynamic.cpp, LINE 251
2026-07-02T14:50:01Z [49,097ms] [Error] [omni.physx.plugin] PhysX error: PxRigidDynamic::setAngularVelocity: Body must be non-kinematic!, FILE /builds/omniverse/physics/physx/source/physx/src/NpRigidDynamic.cpp, LINE 284
2026-07-02T14:50:01Z [49,098ms] [Error] [omni.physx.plugin] PhysX error: PxRigidDynamic::setLinearVelocity: Body must be non-kinematic!, FILE /builds/omniverse/physics/physx/source/physx/src/NpRigidDynamic.cpp, LINE 251
2026-07-02T14:50:01Z [49,098ms] [Error] [omni.physx.plugin] PhysX error: PxRigidDynamic::setAngularVelocity: Body must be non-kinematic!, FILE /builds/omniverse/physics/physx/source/physx/src/NpRigidDynamic.cpp, LINE 284
2026-07-02T14:50:01Z [49,098ms] [Error] [omni.physx.plugin] PhysX error: PxRigidDynamic::setLinearVelocity: Body must be non-kinematic!, FILE /builds/omniverse/physics/physx/source/physx/src/NpRigidDynamic.cpp, LINE 251
2026-07-02T14:50:01Z [49,098ms] [Error] [omni.physx.plugin] PhysX error: PxRigidDynamic::setAngularVelocity: Body must be non-kinematic!, FILE /builds/omniverse/physics/physx/source/physx/src/NpRigidDynamic.cpp, LINE 284
2026-07-02T14:50:01Z [49,098ms] [Error] [omni.physx.plugin] PhysX error: PxRigidDynamic::setLinearVelocity: Body must be non-kinematic!, FILE /builds/omniverse/physics/physx/source/physx/src/NpRigidDynamic.cpp, LINE 251
2026-07-02T14:50:01Z [49,099ms] [Error] [omni.physx.plugin] PhysX error: PxRigidDynamic::setAngularVelocity: Body must be non-kinematic!, FILE /builds/omniverse/physics/physx/source/physx/src/NpRigidDynamic.cpp, LINE 284
2026-07-02T14:50:01Z [49,099ms] [Error] [omni.physx.plugin] PhysX error: PxRigidDynamic::setLinearVelocity: Body must be non-kinematic!, FILE /builds/omniverse/physics/physx/source/physx/src/NpRigidDynamic.cpp, LINE 251
2026-07-02T14:50:01Z [49,099ms] [Error] [omni.physx.plugin] PhysX error: PxRigidDynamic::setAngularVelocity: Body must be non-kinematic!, FILE /builds/omniverse/physics/physx/source/physx/src/NpRigidDynamic.cpp, LINE 284
2026-07-02T14:50:01Z [49,099ms] [Error] [omni.physx.plugin] PhysX error: PxRigidDynamic::setLinearVelocity: Body must be non-kinematic!, FILE /builds/omniverse/physics/physx/source/physx/src/NpRigidDynamic.cpp, LINE 251
2026-07-02T14:50:01Z [49,099ms] [Error] [omni.physx.plugin] PhysX error: PxRigidDynamic::setAngularVelocity: Body must be non-kinematic!, FILE /builds/omniverse/physics/physx/source/physx/src/NpRigidDynamic.cpp, LINE 284
2026-07-02T14:50:01Z [49,100ms] [Error] [omni.physx.plugin] PhysX error: PxRigidDynamic::setLinearVelocity: Body must be non-kinematic!, FILE /builds/omniverse/physics/physx/source/physx/src/NpRigidDynamic.cpp, LINE 251
2026-07-02T14:50:01Z [49,100ms] [Error] [omni.physx.plugin] PhysX error: PxRigidDynamic::setAngularVelocity: Body must be non-kinematic!, FILE /builds/omniverse/physics/physx/source/physx/src/NpRigidDynamic.cpp, LINE 284
2026-07-02T14:50:01Z [49,100ms] [Error] [omni.physx.plugin] PhysX error: PxRigidDynamic::setLinearVelocity: Body must be non-kinematic!, FILE /builds/omniverse/physics/physx/source/physx/src/NpRigidDynamic.cpp, LINE 251
2026-07-02T14:50:01Z [49,100ms] [Error] [omni.physx.plugin] PhysX error: PxRigidDynamic::setAngularVelocity: Body must be non-kinematic!, FILE /builds/omniverse/physics/physx/source/physx/src/NpRigidDynamic.cpp, LINE 284
2026-07-02T14:50:01Z [49,101ms] [Error] [omni.physx.plugin] PhysX error: PxRigidDynamic::setLinearVelocity: Body must be non-kinematic!, FILE /builds/omniverse/physics/physx/source/physx/src/NpRigidDynamic.cpp, LINE 251
2026-07-02T14:50:01Z [49,101ms] [Error] [omni.physx.plugin] PhysX error: PxRigidDynamic::setAngularVelocity: Body must be non-kinematic!, FILE /builds/omniverse/physics/physx/source/physx/src/NpRigidDynamic.cpp, LINE 284
2026-07-02T14:50:01Z [49,101ms] [Error] [omni.physx.plugin] PhysX error: PxRigidDynamic::setLinearVelocity: Body must be non-kinematic!, FILE /builds/omniverse/physics/physx/source/physx/src/NpRigidDynamic.cpp, LINE 251
2026-07-02T14:50:01Z [49,101ms] [Error] [omni.physx.plugin] PhysX error: PxRigidDynamic::setAngularVelocity: Body must be non-kinematic!, FILE /builds/omniverse/physics/physx/source/physx/src/NpRigidDynamic.cpp, LINE 284
2026-07-02T14:50:01Z [49,102ms] [Error] [omni.physx.plugin] PhysX error: PxRigidDynamic::setLinearVelocity: Body must be non-kinematic!, FILE /builds/omniverse/physics/physx/source/physx/src/NpRigidDynamic.cpp, LINE 251
2026-07-02T14:50:01Z [49,102ms] [Error] [omni.physx.plugin] PhysX error: PxRigidDynamic::setAngularVelocity: Body must be non-kinematic!, FILE /builds/omniverse/physics/physx/source/physx/src/NpRigidDynamic.cpp, LINE 284
2026-07-02T14:50:01Z [49,102ms] [Error] [omni.physx.plugin] PhysX error: PxRigidDynamic::setLinearVelocity: Body must be non-kinematic!, FILE /builds/omniverse/physics/physx/source/physx/src/NpRigidDynamic.cpp, LINE 251
2026-07-02T14:50:01Z [49,102ms] [Error] [omni.physx.plugin] PhysX error: PxRigidDynamic::setAngularVelocity: Body must be non-kinematic!, FILE /builds/omniverse/physics/physx/source/physx/src/NpRigidDynamic.cpp, LINE 284
2026-07-02T14:50:01Z [49,103ms] [Error] [omni.physx.plugin] PhysX error: PxRigidDynamic::setLinearVelocity: Body must be non-kinematic!, FILE /builds/omniverse/physics/physx/source/physx/src/NpRigidDynamic.cpp, LINE 251
2026-07-02T14:50:01Z [49,103ms] [Error] [omni.physx.plugin] PhysX error: PxRigidDynamic::setAngularVelocity: Body must be non-kinematic!, FILE /builds/omniverse/physics/physx/source/physx/src/NpRigidDynamic.cpp, LINE 284
2026-07-02T14:50:01Z [49,103ms] [Error] [omni.physx.plugin] PhysX error: PxRigidDynamic::setLinearVelocity: Body must be non-kinematic!, FILE /builds/omniverse/physics/physx/source/physx/src/NpRigidDynamic.cpp, LINE 251
2026-07-02T14:50:01Z [49,103ms] [Error] [omni.physx.plugin] PhysX error: PxRigidDynamic::setAngularVelocity: Body must be non-kinematic!, FILE /builds/omniverse/physics/physx/source/physx/src/NpRigidDynamic.cpp, LINE 284
2026-07-02T14:50:01Z [49,104ms] [Error] [omni.physx.plugin] PhysX error: PxRigidDynamic::setLinearVelocity: Body must be non-kinematic!, FILE /builds/omniverse/physics/physx/source/physx/src/NpRigidDynamic.cpp, LINE 251
2026-07-02T14:50:01Z [49,104ms] [Error] [omni.physx.plugin] PhysX error: PxRigidDynamic::setAngularVelocity: Body must be non-kinematic!, FILE /builds/omniverse/physics/physx/source/physx/src/NpRigidDynamic.cpp, LINE 284
2026-07-02T14:50:01Z [49,104ms] [Error] [omni.physx.plugin] PhysX error: PxRigidDynamic::setLinearVelocity: Body must be non-kinematic!, FILE /builds/omniverse/physics/physx/source/physx/src/NpRigidDynamic.cpp, LINE 251
2026-07-02T14:50:01Z [49,105ms] [Error] [omni.physx.plugin] PhysX error: PxRigidDynamic::setAngularVelocity: Body must be non-kinematic!, FILE /builds/omniverse/physics/physx/source/physx/src/NpRigidDynamic.cpp, LINE 284
2026-07-02T14:50:01Z [49,105ms] [Error] [omni.physx.plugin] PhysX error: PxRigidDynamic::setLinearVelocity: Body must be non-kinematic!, FILE /builds/omniverse/physics/physx/source/physx/src/NpRigidDynamic.cpp, LINE 251
2026-07-02T14:50:01Z [49,105ms] [Error] [omni.physx.plugin] PhysX error: PxRigidDynamic::setAngularVelocity: Body must be non-kinematic!, FILE /builds/omniverse/physics/physx/source/physx/src/NpRigidDynamic.cpp, LINE 284
2026-07-02T14:50:01Z [49,106ms] [Error] [omni.physx.plugin] PhysX error: PxRigidDynamic::setLinearVelocity: Body must be non-kinematic!, FILE /builds/omniverse/physics/physx/source/physx/src/NpRigidDynamic.cpp, LINE 251
2026-07-02T14:50:01Z [49,106ms] [Error] [omni.physx.plugin] PhysX error: PxRigidDynamic::setAngularVelocity: Body must be non-kinematic!, FILE /builds/omniverse/physics/physx/source/physx/src/NpRigidDynamic.cpp, LINE 284
2026-07-02T14:50:01Z [49,107ms] [Error] [omni.physx.plugin] PhysX error: PxRigidDynamic::setLinearVelocity: Body must be non-kinematic!, FILE /builds/omniverse/physics/physx/source/physx/src/NpRigidDynamic.cpp, LINE 251
2026-07-02T14:50:01Z [49,107ms] [Error] [omni.physx.plugin] PhysX error: PxRigidDynamic::setAngularVelocity: Body must be non-kinematic!, FILE /builds/omniverse/physics/physx/source/physx/src/NpRigidDynamic.cpp, LINE 284
2026-07-02T14:50:01Z [49,109ms] [Error] [omni.physx.plugin] PhysX error: PxRigidDynamic::setLinearVelocity: Body must be non-kinematic!, FILE /builds/omniverse/physics/physx/source/physx/src/NpRigidDynamic.cpp, LINE 251
2026-07-02T14:50:01Z [49,109ms] [Error] [omni.physx.plugin] PhysX error: PxRigidDynamic::setAngularVelocity: Body must be non-kinematic!, FILE /builds/omniverse/physics/physx/source/physx/src/NpRigidDynamic.cpp, LINE 284
2026-07-02T14:50:01Z [49,109ms] [Error] [omni.physx.plugin] PhysX error: PxRigidDynamic::setLinearVelocity: Body must be non-kinematic!, FILE /builds/omniverse/physics/physx/source/physx/src/NpRigidDynamic.cpp, LINE 251
2026-07-02T14:50:01Z [49,110ms] [Error] [omni.physx.plugin] PhysX error: PxRigidDynamic::setAngularVelocity: Body must be non-kinematic!, FILE /builds/omniverse/physics/physx/source/physx/src/NpRigidDynamic.cpp, LINE 284
2026-07-02T14:50:01Z [49,110ms] [Error] [omni.physx.plugin] PhysX error: PxRigidDynamic::setLinearVelocity: Body must be non-kinematic!, FILE /builds/omniverse/physics/physx/source/physx/src/NpRigidDynamic.cpp, LINE 251
2026-07-02T14:50:01Z [49,110ms] [Error] [omni.physx.plugin] PhysX error: PxRigidDynamic::setAngularVelocity: Body must be non-kinematic!, FILE /builds/omniverse/physics/physx/source/physx/src/NpRigidDynamic.cpp, LINE 284
2026-07-02T14:50:01Z [49,110ms] [Error] [omni.physx.plugin] PhysX error: PxRigidDynamic::setLinearVelocity: Body must be non-kinematic!, FILE /builds/omniverse/physics/physx/source/physx/src/NpRigidDynamic.cpp, LINE 251
2026-07-02T14:50:01Z [49,111ms] [Error] [omni.physx.plugin] PhysX error: PxRigidDynamic::setAngularVelocity: Body must be non-kinematic!, FILE /builds/omniverse/physics/physx/source/physx/src/NpRigidDynamic.cpp, LINE 284
2026-07-02T14:50:01Z [49,111ms] [Error] [omni.physx.plugin] PhysX error: PxRigidDynamic::setLinearVelocity: Body must be non-kinematic!, FILE /builds/omniverse/physics/physx/source/physx/src/NpRigidDynamic.cpp, LINE 251
2026-07-02T14:50:01Z [49,111ms] [Error] [omni.physx.plugin] PhysX error: PxRigidDynamic::setAngularVelocity: Body must be non-kinematic!, FILE /builds/omniverse/physics/physx/source/physx/src/NpRigidDynamic.cpp, LINE 284
2026-07-02T14:50:01Z [49,112ms] [Error] [omni.physx.plugin] PhysX error: PxRigidDynamic::setLinearVelocity: Body must be non-kinematic!, FILE /builds/omniverse/physics/physx/source/physx/src/NpRigidDynamic.cpp, LINE 251
2026-07-02T14:50:01Z [49,112ms] [Error] [omni.physx.plugin] PhysX error: PxRigidDynamic::setAngularVelocity: Body must be non-kinematic!, FILE /builds/omniverse/physics/physx/source/physx/src/NpRigidDynamic.cpp, LINE 284
2026-07-02T14:50:01Z [49,112ms] [Error] [omni.physx.plugin] PhysX error: PxRigidDynamic::setLinearVelocity: Body must be non-kinematic!, FILE /builds/omniverse/physics/physx/source/physx/src/NpRigidDynamic.cpp, LINE 251
2026-07-02T14:50:01Z [49,112ms] [Error] [omni.physx.plugin] PhysX error: PxRigidDynamic::setAngularVelocity: Body must be non-kinematic!, FILE /builds/omniverse/physics/physx/source/physx/src/NpRigidDynamic.cpp, LINE 284
2026-07-02T14:50:01Z [49,113ms] [Error] [omni.physx.plugin] PhysX error: PxRigidDynamic::setLinearVelocity: Body must be non-kinematic!, FILE /builds/omniverse/physics/physx/source/physx/src/NpRigidDynamic.cpp, LINE 251
2026-07-02T14:50:01Z [49,113ms] [Error] [omni.physx.plugin] PhysX error: PxRigidDynamic::setAngularVelocity: Body must be non-kinematic!, FILE /builds/omniverse/physics/physx/source/physx/src/NpRigidDynamic.cpp, LINE 284
2026-07-02T14:50:01Z [49,113ms] [Error] [omni.physx.plugin] PhysX error: PxRigidDynamic::setLinearVelocity: Body must be non-kinematic!, FILE /builds/omniverse/physics/physx/source/physx/src/NpRigidDynamic.cpp, LINE 251
2026-07-02T14:50:01Z [49,113ms] [Error] [omni.physx.plugin] PhysX error: PxRigidDynamic::setAngularVelocity: Body must be non-kinematic!, FILE /builds/omniverse/physics/physx/source/physx/src/NpRigidDynamic.cpp, LINE 284
2026-07-02T14:50:01Z [49,114ms] [Error] [omni.physx.plugin] PhysX error: PxRigidDynamic::setLinearVelocity: Body must be non-kinematic!, FILE /builds/omniverse/physics/physx/source/physx/src/NpRigidDynamic.cpp, LINE 251
2026-07-02T14:50:01Z [49,114ms] [Error] [omni.physx.plugin] PhysX error: PxRigidDynamic::setAngularVelocity: Body must be non-kinematic!, FILE /builds/omniverse/physics/physx/source/physx/src/NpRigidDynamic.cpp, LINE 284
2026-07-02T14:50:01Z [49,114ms] [Error] [omni.physx.plugin] PhysX error: PxRigidDynamic::setLinearVelocity: Body must be non-kinematic!, FILE /builds/omniverse/physics/physx/source/physx/src/NpRigidDynamic.cpp, LINE 251
2026-07-02T14:50:01Z [49,114ms] [Error] [omni.physx.plugin] PhysX error: PxRigidDynamic::setAngularVelocity: Body must be non-kinematic!, FILE /builds/omniverse/physics/physx/source/physx/src/NpRigidDynamic.cpp, LINE 284
2026-07-02T14:50:01Z [49,115ms] [Error] [omni.physx.plugin] PhysX error: PxRigidDynamic::setLinearVelocity: Body must be non-kinematic!, FILE /builds/omniverse/physics/physx/source/physx/src/NpRigidDynamic.cpp, LINE 251
2026-07-02T14:50:01Z [49,115ms] [Error] [omni.physx.plugin] PhysX error: PxRigidDynamic::setAngularVelocity: Body must be non-kinematic!, FILE /builds/omniverse/physics/physx/source/physx/src/NpRigidDynamic.cpp, LINE 284
2026-07-02T14:50:01Z [49,115ms] [Error] [omni.physx.plugin] PhysX error: PxRigidDynamic::setLinearVelocity: Body must be non-kinematic!, FILE /builds/omniverse/physics/physx/source/physx/src/NpRigidDynamic.cpp, LINE 251
2026-07-02T14:50:01Z [49,115ms] [Error] [omni.physx.plugin] PhysX error: PxRigidDynamic::setAngularVelocity: Body must be non-kinematic!, FILE /builds/omniverse/physics/physx/source/physx/src/NpRigidDynamic.cpp, LINE 284
2026-07-02T14:50:01Z [49,116ms] [Error] [omni.physx.plugin] PhysX error: PxRigidDynamic::setLinearVelocity: Body must be non-kinematic!, FILE /builds/omniverse/physics/physx/source/physx/src/NpRigidDynamic.cpp, LINE 251
2026-07-02T14:50:01Z [49,116ms] [Error] [omni.physx.plugin] PhysX error: PxRigidDynamic::setAngularVelocity: Body must be non-kinematic!, FILE /builds/omniverse/physics/physx/source/physx/src/NpRigidDynamic.cpp, LINE 284
2026-07-02T14:50:01Z [49,116ms] [Error] [omni.physx.plugin] PhysX error: PxRigidDynamic::setLinearVelocity: Body must be non-kinematic!, FILE /builds/omniverse/physics/physx/source/physx/src/NpRigidDynamic.cpp, LINE 251
2026-07-02T14:50:01Z [49,116ms] [Error] [omni.physx.plugin] PhysX error: PxRigidDynamic::setAngularVelocity: Body must be non-kinematic!, FILE /builds/omniverse/physics/physx/source/physx/src/NpRigidDynamic.cpp, LINE 284
2026-07-02T14:50:01Z [49,117ms] [Error] [omni.physx.plugin] PhysX error: PxRigidDynamic::setLinearVelocity: Body must be non-kinematic!, FILE /builds/omniverse/physics/physx/source/physx/src/NpRigidDynamic.cpp, LINE 251
2026-07-02T14:50:01Z [49,117ms] [Error] [omni.physx.plugin] PhysX error: PxRigidDynamic::setAngularVelocity: Body must be non-kinematic!, FILE /builds/omniverse/physics/physx/source/physx/src/NpRigidDynamic.cpp, LINE 284
2026-07-02T14:50:01Z [49,117ms] [Error] [omni.physx.plugin] PhysX error: PxRigidDynamic::setLinearVelocity: Body must be non-kinematic!, FILE /builds/omniverse/physics/physx/source/physx/src/NpRigidDynamic.cpp, LINE 251
2026-07-02T14:50:01Z [49,117ms] [Error] [omni.physx.plugin] PhysX error: PxRigidDynamic::setAngularVelocity: Body must be non-kinematic!, FILE /builds/omniverse/physics/physx/source/physx/src/NpRigidDynamic.cpp, LINE 284
2026-07-02T14:50:01Z [49,118ms] [Error] [omni.physx.plugin] PhysX error: PxRigidDynamic::setLinearVelocity: Body must be non-kinematic!, FILE /builds/omniverse/physics/physx/source/physx/src/NpRigidDynamic.cpp, LINE 251
2026-07-02T14:50:01Z [49,118ms] [Error] [omni.physx.plugin] PhysX error: PxRigidDynamic::setAngularVelocity: Body must be non-kinematic!, FILE /builds/omniverse/physics/physx/source/physx/src/NpRigidDynamic.cpp, LINE 284
[INFO] Pi0.5 episode 1 success=False mode=failure completed=False steps=3600 instruction='reach the bowl'
[INFO] Starting Pi0.5 reaching episode 2: instruction='reach the basket', target_label='basket'
2026-07-02T14:50:40Z [88,440ms] [Error] [omni.physx.plugin] PhysX error: PxRigidDynamic::setLinearVelocity: Body must be non-kinematic!, FILE /builds/omniverse/physics/physx/source/physx/src/NpRigidDynamic.cpp, LINE 251
2026-07-02T14:50:40Z [88,440ms] [Error] [omni.physx.plugin] PhysX error: PxRigidDynamic::setAngularVelocity: Body must be non-kinematic!, FILE /builds/omniverse/physics/physx/source/physx/src/NpRigidDynamic.cpp, LINE 284
2026-07-02T14:50:40Z [88,441ms] [Error] [omni.physx.plugin] PhysX error: PxRigidDynamic::setLinearVelocity: Body must be non-kinematic!, FILE /builds/omniverse/physics/physx/source/physx/src/NpRigidDynamic.cpp, LINE 251
2026-07-02T14:50:40Z [88,441ms] [Error] [omni.physx.plugin] PhysX error: PxRigidDynamic::setAngularVelocity: Body must be non-kinematic!, FILE /builds/omniverse/physics/physx/source/physx/src/NpRigidDynamic.cpp, LINE 284
2026-07-02T14:50:40Z [88,441ms] [Error] [omni.physx.plugin] PhysX error: PxRigidDynamic::setLinearVelocity: Body must be non-kinematic!, FILE /builds/omniverse/physics/physx/source/physx/src/NpRigidDynamic.cpp, LINE 251
2026-07-02T14:50:40Z [88,441ms] [Error] [omni.physx.plugin] PhysX error: PxRigidDynamic::setAngularVelocity: Body must be non-kinematic!, FILE /builds/omniverse/physics/physx/source/physx/src/NpRigidDynamic.cpp, LINE 284
2026-07-02T14:50:40Z [88,442ms] [Error] [omni.physx.plugin] PhysX error: PxRigidDynamic::setLinearVelocity: Body must be non-kinematic!, FILE /builds/omniverse/physics/physx/source/physx/src/NpRigidDynamic.cpp, LINE 251
2026-07-02T14:50:40Z [88,442ms] [Error] [omni.physx.plugin] PhysX error: PxRigidDynamic::setAngularVelocity: Body must be non-kinematic!, FILE /builds/omniverse/physics/physx/source/physx/src/NpRigidDynamic.cpp, LINE 284
2026-07-02T14:50:40Z [88,442ms] [Error] [omni.physx.plugin] PhysX error: PxRigidDynamic::setLinearVelocity: Body must be non-kinematic!, FILE /builds/omniverse/physics/physx/source/physx/src/NpRigidDynamic.cpp, LINE 251
2026-07-02T14:50:40Z [88,443ms] [Error] [omni.physx.plugin] PhysX error: PxRigidDynamic::setAngularVelocity: Body must be non-kinematic!, FILE /builds/omniverse/physics/physx/source/physx/src/NpRigidDynamic.cpp, LINE 284
2026-07-02T14:50:40Z [88,443ms] [Error] [omni.physx.plugin] PhysX error: PxRigidDynamic::setLinearVelocity: Body must be non-kinematic!, FILE /builds/omniverse/physics/physx/source/physx/src/NpRigidDynamic.cpp, LINE 251
2026-07-02T14:50:40Z [88,443ms] [Error] [omni.physx.plugin] PhysX error: PxRigidDynamic::setAngularVelocity: Body must be non-kinematic!, FILE /builds/omniverse/physics/physx/source/physx/src/NpRigidDynamic.cpp, LINE 284
2026-07-02T14:50:40Z [88,444ms] [Error] [omni.physx.plugin] PhysX error: PxRigidDynamic::setLinearVelocity: Body must be non-kinematic!, FILE /builds/omniverse/physics/physx/source/physx/src/NpRigidDynamic.cpp, LINE 251
2026-07-02T14:50:40Z [88,444ms] [Error] [omni.physx.plugin] PhysX error: PxRigidDynamic::setAngularVelocity: Body must be non-kinematic!, FILE /builds/omniverse/physics/physx/source/physx/src/NpRigidDynamic.cpp, LINE 284
2026-07-02T14:50:40Z [88,444ms] [Error] [omni.physx.plugin] PhysX error: PxRigidDynamic::setLinearVelocity: Body must be non-kinematic!, FILE /builds/omniverse/physics/physx/source/physx/src/NpRigidDynamic.cpp, LINE 251
2026-07-02T14:50:40Z [88,444ms] [Error] [omni.physx.plugin] PhysX error: PxRigidDynamic::setAngularVelocity: Body must be non-kinematic!, FILE /builds/omniverse/physics/physx/source/physx/src/NpRigidDynamic.cpp, LINE 284
2026-07-02T14:50:40Z [88,445ms] [Error] [omni.physx.plugin] PhysX error: PxRigidDynamic::setLinearVelocity: Body must be non-kinematic!, FILE /builds/omniverse/physics/physx/source/physx/src/NpRigidDynamic.cpp, LINE 251
2026-07-02T14:50:40Z [88,445ms] [Error] [omni.physx.plugin] PhysX error: PxRigidDynamic::setAngularVelocity: Body must be non-kinematic!, FILE /builds/omniverse/physics/physx/source/physx/src/NpRigidDynamic.cpp, LINE 284
2026-07-02T14:50:40Z [88,446ms] [Error] [omni.physx.plugin] PhysX error: PxRigidDynamic::setLinearVelocity: Body must be non-kinematic!, FILE /builds/omniverse/physics/physx/source/physx/src/NpRigidDynamic.cpp, LINE 251
2026-07-02T14:50:40Z [88,446ms] [Error] [omni.physx.plugin] PhysX error: PxRigidDynamic::setAngularVelocity: Body must be non-kinematic!, FILE /builds/omniverse/physics/physx/source/physx/src/NpRigidDynamic.cpp, LINE 284
2026-07-02T14:50:40Z [88,448ms] [Error] [omni.physx.plugin] PhysX error: PxRigidDynamic::setLinearVelocity: Body must be non-kinematic!, FILE /builds/omniverse/physics/physx/source/physx/src/NpRigidDynamic.cpp, LINE 251
2026-07-02T14:50:40Z [88,448ms] [Error] [omni.physx.plugin] PhysX error: PxRigidDynamic::setAngularVelocity: Body must be non-kinematic!, FILE /builds/omniverse/physics/physx/source/physx/src/NpRigidDynamic.cpp, LINE 284
2026-07-02T14:50:40Z [88,448ms] [Error] [omni.physx.plugin] PhysX error: PxRigidDynamic::setLinearVelocity: Body must be non-kinematic!, FILE /builds/omniverse/physics/physx/source/physx/src/NpRigidDynamic.cpp, LINE 251
2026-07-02T14:50:40Z [88,449ms] [Error] [omni.physx.plugin] PhysX error: PxRigidDynamic::setAngularVelocity: Body must be non-kinematic!, FILE /builds/omniverse/physics/physx/source/physx/src/NpRigidDynamic.cpp, LINE 284
2026-07-02T14:50:40Z [88,449ms] [Error] [omni.physx.plugin] PhysX error: PxRigidDynamic::setLinearVelocity: Body must be non-kinematic!, FILE /builds/omniverse/physics/physx/source/physx/src/NpRigidDynamic.cpp, LINE 251
2026-07-02T14:50:40Z [88,449ms] [Error] [omni.physx.plugin] PhysX error: PxRigidDynamic::setAngularVelocity: Body must be non-kinematic!, FILE /builds/omniverse/physics/physx/source/physx/src/NpRigidDynamic.cpp, LINE 284
2026-07-02T14:50:40Z [88,450ms] [Error] [omni.physx.plugin] PhysX error: PxRigidDynamic::setLinearVelocity: Body must be non-kinematic!, FILE /builds/omniverse/physics/physx/source/physx/src/NpRigidDynamic.cpp, LINE 251
2026-07-02T14:50:40Z [88,450ms] [Error] [omni.physx.plugin] PhysX error: PxRigidDynamic::setAngularVelocity: Body must be non-kinematic!, FILE /builds/omniverse/physics/physx/source/physx/src/NpRigidDynamic.cpp, LINE 284
2026-07-02T14:50:40Z [88,450ms] [Error] [omni.physx.plugin] PhysX error: PxRigidDynamic::setLinearVelocity: Body must be non-kinematic!, FILE /builds/omniverse/physics/physx/source/physx/src/NpRigidDynamic.cpp, LINE 251
2026-07-02T14:50:40Z [88,450ms] [Error] [omni.physx.plugin] PhysX error: PxRigidDynamic::setAngularVelocity: Body must be non-kinematic!, FILE /builds/omniverse/physics/physx/source/physx/src/NpRigidDynamic.cpp, LINE 284
2026-07-02T14:50:40Z [88,451ms] [Error] [omni.physx.plugin] PhysX error: PxRigidDynamic::setLinearVelocity: Body must be non-kinematic!, FILE /builds/omniverse/physics/physx/source/physx/src/NpRigidDynamic.cpp, LINE 251
2026-07-02T14:50:40Z [88,451ms] [Error] [omni.physx.plugin] PhysX error: PxRigidDynamic::setAngularVelocity: Body must be non-kinematic!, FILE /builds/omniverse/physics/physx/source/physx/src/NpRigidDynamic.cpp, LINE 284
2026-07-02T14:50:40Z [88,451ms] [Error] [omni.physx.plugin] PhysX error: PxRigidDynamic::setLinearVelocity: Body must be non-kinematic!, FILE /builds/omniverse/physics/physx/source/physx/src/NpRigidDynamic.cpp, LINE 251
2026-07-02T14:50:40Z [88,451ms] [Error] [omni.physx.plugin] PhysX error: PxRigidDynamic::setAngularVelocity: Body must be non-kinematic!, FILE /builds/omniverse/physics/physx/source/physx/src/NpRigidDynamic.cpp, LINE 284
2026-07-02T14:50:40Z [88,452ms] [Error] [omni.physx.plugin] PhysX error: PxRigidDynamic::setLinearVelocity: Body must be non-kinematic!, FILE /builds/omniverse/physics/physx/source/physx/src/NpRigidDynamic.cpp, LINE 251
2026-07-02T14:50:40Z [88,452ms] [Error] [omni.physx.plugin] PhysX error: PxRigidDynamic::setAngularVelocity: Body must be non-kinematic!, FILE /builds/omniverse/physics/physx/source/physx/src/NpRigidDynamic.cpp, LINE 284
2026-07-02T14:50:40Z [88,453ms] [Error] [omni.physx.plugin] PhysX error: PxRigidDynamic::setLinearVelocity: Body must be non-kinematic!, FILE /builds/omniverse/physics/physx/source/physx/src/NpRigidDynamic.cpp, LINE 251
2026-07-02T14:50:40Z [88,453ms] [Error] [omni.physx.plugin] PhysX error: PxRigidDynamic::setAngularVelocity: Body must be non-kinematic!, FILE /builds/omniverse/physics/physx/source/physx/src/NpRigidDynamic.cpp, LINE 284
2026-07-02T14:50:40Z [88,453ms] [Error] [omni.physx.plugin] PhysX error: PxRigidDynamic::setLinearVelocity: Body must be non-kinematic!, FILE /builds/omniverse/physics/physx/source/physx/src/NpRigidDynamic.cpp, LINE 251
2026-07-02T14:50:40Z [88,453ms] [Error] [omni.physx.plugin] PhysX error: PxRigidDynamic::setAngularVelocity: Body must be non-kinematic!, FILE /builds/omniverse/physics/physx/source/physx/src/NpRigidDynamic.cpp, LINE 284
2026-07-02T14:50:40Z [88,454ms] [Error] [omni.physx.plugin] PhysX error: PxRigidDynamic::setLinearVelocity: Body must be non-kinematic!, FILE /builds/omniverse/physics/physx/source/physx/src/NpRigidDynamic.cpp, LINE 251
2026-07-02T14:50:40Z [88,454ms] [Error] [omni.physx.plugin] PhysX error: PxRigidDynamic::setAngularVelocity: Body must be non-kinematic!, FILE /builds/omniverse/physics/physx/source/physx/src/NpRigidDynamic.cpp, LINE 284
2026-07-02T14:50:40Z [88,455ms] [Error] [omni.physx.plugin] PhysX error: PxRigidDynamic::setLinearVelocity: Body must be non-kinematic!, FILE /builds/omniverse/physics/physx/source/physx/src/NpRigidDynamic.cpp, LINE 251
2026-07-02T14:50:40Z [88,455ms] [Error] [omni.physx.plugin] PhysX error: PxRigidDynamic::setAngularVelocity: Body must be non-kinematic!, FILE /builds/omniverse/physics/physx/source/physx/src/NpRigidDynamic.cpp, LINE 284
2026-07-02T14:50:40Z [88,455ms] [Error] [omni.physx.plugin] PhysX error: PxRigidDynamic::setLinearVelocity: Body must be non-kinematic!, FILE /builds/omniverse/physics/physx/source/physx/src/NpRigidDynamic.cpp, LINE 251
2026-07-02T14:50:40Z [88,455ms] [Error] [omni.physx.plugin] PhysX error: PxRigidDynamic::setAngularVelocity: Body must be non-kinematic!, FILE /builds/omniverse/physics/physx/source/physx/src/NpRigidDynamic.cpp, LINE 284
2026-07-02T14:50:40Z [88,456ms] [Error] [omni.physx.plugin] PhysX error: PxRigidDynamic::setLinearVelocity: Body must be non-kinematic!, FILE /builds/omniverse/physics/physx/source/physx/src/NpRigidDynamic.cpp, LINE 251
2026-07-02T14:50:40Z [88,456ms] [Error] [omni.physx.plugin] PhysX error: PxRigidDynamic::setAngularVelocity: Body must be non-kinematic!, FILE /builds/omniverse/physics/physx/source/physx/src/NpRigidDynamic.cpp, LINE 284
2026-07-02T14:50:40Z [88,456ms] [Error] [omni.physx.plugin] PhysX error: PxRigidDynamic::setLinearVelocity: Body must be non-kinematic!, FILE /builds/omniverse/physics/physx/source/physx/src/NpRigidDynamic.cpp, LINE 251
2026-07-02T14:50:40Z [88,456ms] [Error] [omni.physx.plugin] PhysX error: PxRigidDynamic::setAngularVelocity: Body must be non-kinematic!, FILE /builds/omniverse/physics/physx/source/physx/src/NpRigidDynamic.cpp, LINE 284
2026-07-02T14:50:40Z [88,457ms] [Error] [omni.physx.plugin] PhysX error: PxRigidDynamic::setLinearVelocity: Body must be non-kinematic!, FILE /builds/omniverse/physics/physx/source/physx/src/NpRigidDynamic.cpp, LINE 251
2026-07-02T14:50:40Z [88,457ms] [Error] [omni.physx.plugin] PhysX error: PxRigidDynamic::setAngularVelocity: Body must be non-kinematic!, FILE /builds/omniverse/physics/physx/source/physx/src/NpRigidDynamic.cpp, LINE 284
2026-07-02T14:50:40Z [88,458ms] [Error] [omni.physx.plugin] PhysX error: PxRigidDynamic::setLinearVelocity: Body must be non-kinematic!, FILE /builds/omniverse/physics/physx/source/physx/src/NpRigidDynamic.cpp, LINE 251
2026-07-02T14:50:40Z [88,458ms] [Error] [omni.physx.plugin] PhysX error: PxRigidDynamic::setAngularVelocity: Body must be non-kinematic!, FILE /builds/omniverse/physics/physx/source/physx/src/NpRigidDynamic.cpp, LINE 284
2026-07-02T14:50:40Z [88,458ms] [Error] [omni.physx.plugin] PhysX error: PxRigidDynamic::setLinearVelocity: Body must be non-kinematic!, FILE /builds/omniverse/physics/physx/source/physx/src/NpRigidDynamic.cpp, LINE 251
2026-07-02T14:50:40Z [88,458ms] [Error] [omni.physx.plugin] PhysX error: PxRigidDynamic::setAngularVelocity: Body must be non-kinematic!, FILE /builds/omniverse/physics/physx/source/physx/src/NpRigidDynamic.cpp, LINE 284
2026-07-02T14:50:40Z [88,459ms] [Error] [omni.physx.plugin] PhysX error: PxRigidDynamic::setLinearVelocity: Body must be non-kinematic!, FILE /builds/omniverse/physics/physx/source/physx/src/NpRigidDynamic.cpp, LINE 251
2026-07-02T14:50:40Z [88,459ms] [Error] [omni.physx.plugin] PhysX error: PxRigidDynamic::setAngularVelocity: Body must be non-kinematic!, FILE /builds/omniverse/physics/physx/source/physx/src/NpRigidDynamic.cpp, LINE 284
2026-07-02T14:50:40Z [88,459ms] [Error] [omni.physx.plugin] PhysX error: PxRigidDynamic::setLinearVelocity: Body must be non-kinematic!, FILE /builds/omniverse/physics/physx/source/physx/src/NpRigidDynamic.cpp, LINE 251
2026-07-02T14:50:40Z [88,459ms] [Error] [omni.physx.plugin] PhysX error: PxRigidDynamic::setAngularVelocity: Body must be non-kinematic!, FILE /builds/omniverse/physics/physx/source/physx/src/NpRigidDynamic.cpp, LINE 284
2026-07-02T14:50:40Z [88,460ms] [Error] [omni.physx.plugin] PhysX error: PxRigidDynamic::setLinearVelocity: Body must be non-kinematic!, FILE /builds/omniverse/physics/physx/source/physx/src/NpRigidDynamic.cpp, LINE 251
2026-07-02T14:50:40Z [88,460ms] [Error] [omni.physx.plugin] PhysX error: PxRigidDynamic::setAngularVelocity: Body must be non-kinematic!, FILE /builds/omniverse/physics/physx/source/physx/src/NpRigidDynamic.cpp, LINE 284
2026-07-02T14:50:40Z [88,461ms] [Error] [omni.physx.plugin] PhysX error: PxRigidDynamic::setLinearVelocity: Body must be non-kinematic!, FILE /builds/omniverse/physics/physx/source/physx/src/NpRigidDynamic.cpp, LINE 251
2026-07-02T14:50:40Z [88,461ms] [Error] [omni.physx.plugin] PhysX error: PxRigidDynamic::setAngularVelocity: Body must be non-kinematic!, FILE /builds/omniverse/physics/physx/source/physx/src/NpRigidDynamic.cpp, LINE 284
2026-07-02T14:50:40Z [88,461ms] [Error] [omni.physx.plugin] PhysX error: PxRigidDynamic::setLinearVelocity: Body must be non-kinematic!, FILE /builds/omniverse/physics/physx/source/physx/src/NpRigidDynamic.cpp, LINE 251
2026-07-02T14:50:40Z [88,461ms] [Error] [omni.physx.plugin] PhysX error: PxRigidDynamic::setAngularVelocity: Body must be non-kinematic!, FILE /builds/omniverse/physics/physx/source/physx/src/NpRigidDynamic.cpp, LINE 284
2026-07-02T14:50:40Z [88,462ms] [Error] [omni.physx.plugin] PhysX error: PxRigidDynamic::setLinearVelocity: Body must be non-kinematic!, FILE /builds/omniverse/physics/physx/source/physx/src/NpRigidDynamic.cpp, LINE 251
2026-07-02T14:50:40Z [88,462ms] [Error] [omni.physx.plugin] PhysX error: PxRigidDynamic::setAngularVelocity: Body must be non-kinematic!, FILE /builds/omniverse/physics/physx/source/physx/src/NpRigidDynamic.cpp, LINE 284
2026-07-02T14:50:40Z [88,462ms] [Error] [omni.physx.plugin] PhysX error: PxRigidDynamic::setLinearVelocity: Body must be non-kinematic!, FILE /builds/omniverse/physics/physx/source/physx/src/NpRigidDynamic.cpp, LINE 251
2026-07-02T14:50:40Z [88,462ms] [Error] [omni.physx.plugin] PhysX error: PxRigidDynamic::setAngularVelocity: Body must be non-kinematic!, FILE /builds/omniverse/physics/physx/source/physx/src/NpRigidDynamic.cpp, LINE 284
2026-07-02T14:50:40Z [88,465ms] [Error] [omni.physx.plugin] PhysX error: PxRigidDynamic::setLinearVelocity: Body must be non-kinematic!, FILE /builds/omniverse/physics/physx/source/physx/src/NpRigidDynamic.cpp, LINE 251
2026-07-02T14:50:40Z [88,465ms] [Error] [omni.physx.plugin] PhysX error: PxRigidDynamic::setAngularVelocity: Body must be non-kinematic!, FILE /builds/omniverse/physics/physx/source/physx/src/NpRigidDynamic.cpp, LINE 284
2026-07-02T14:50:40Z [88,465ms] [Error] [omni.physx.plugin] PhysX error: PxRigidDynamic::setLinearVelocity: Body must be non-kinematic!, FILE /builds/omniverse/physics/physx/source/physx/src/NpRigidDynamic.cpp, LINE 251
2026-07-02T14:50:40Z [88,465ms] [Error] [omni.physx.plugin] PhysX error: PxRigidDynamic::setAngularVelocity: Body must be non-kinematic!, FILE /builds/omniverse/physics/physx/source/physx/src/NpRigidDynamic.cpp, LINE 284
2026-07-02T14:50:40Z [88,466ms] [Error] [omni.physx.plugin] PhysX error: PxRigidDynamic::setLinearVelocity: Body must be non-kinematic!, FILE /builds/omniverse/physics/physx/source/physx/src/NpRigidDynamic.cpp, LINE 251
2026-07-02T14:50:40Z [88,466ms] [Error] [omni.physx.plugin] PhysX error: PxRigidDynamic::setAngularVelocity: Body must be non-kinematic!, FILE /builds/omniverse/physics/physx/source/physx/src/NpRigidDynamic.cpp, LINE 284
2026-07-02T14:50:40Z [88,467ms] [Error] [omni.physx.plugin] PhysX error: PxRigidDynamic::setLinearVelocity: Body must be non-kinematic!, FILE /builds/omniverse/physics/physx/source/physx/src/NpRigidDynamic.cpp, LINE 251
2026-07-02T14:50:40Z [88,467ms] [Error] [omni.physx.plugin] PhysX error: PxRigidDynamic::setAngularVelocity: Body must be non-kinematic!, FILE /builds/omniverse/physics/physx/source/physx/src/NpRigidDynamic.cpp, LINE 284
2026-07-02T14:50:40Z [88,467ms] [Error] [omni.physx.plugin] PhysX error: PxRigidDynamic::setLinearVelocity: Body must be non-kinematic!, FILE /builds/omniverse/physics/physx/source/physx/src/NpRigidDynamic.cpp, LINE 251
2026-07-02T14:50:40Z [88,467ms] [Error] [omni.physx.plugin] PhysX error: PxRigidDynamic::setAngularVelocity: Body must be non-kinematic!, FILE /builds/omniverse/physics/physx/source/physx/src/NpRigidDynamic.cpp, LINE 284
2026-07-02T14:50:40Z [88,468ms] [Error] [omni.physx.plugin] PhysX error: PxRigidDynamic::setLinearVelocity: Body must be non-kinematic!, FILE /builds/omniverse/physics/physx/source/physx/src/NpRigidDynamic.cpp, LINE 251
2026-07-02T14:50:40Z [88,468ms] [Error] [omni.physx.plugin] PhysX error: PxRigidDynamic::setAngularVelocity: Body must be non-kinematic!, FILE /builds/omniverse/physics/physx/source/physx/src/NpRigidDynamic.cpp, LINE 284
2026-07-02T14:50:40Z [88,468ms] [Error] [omni.physx.plugin] PhysX error: PxRigidDynamic::setLinearVelocity: Body must be non-kinematic!, FILE /builds/omniverse/physics/physx/source/physx/src/NpRigidDynamic.cpp, LINE 251
2026-07-02T14:50:40Z [88,468ms] [Error] [omni.physx.plugin] PhysX error: PxRigidDynamic::setAngularVelocity: Body must be non-kinematic!, FILE /builds/omniverse/physics/physx/source/physx/src/NpRigidDynamic.cpp, LINE 284
2026-07-02T14:50:40Z [88,469ms] [Error] [omni.physx.plugin] PhysX error: PxRigidDynamic::setLinearVelocity: Body must be non-kinematic!, FILE /builds/omniverse/physics/physx/source/physx/src/NpRigidDynamic.cpp, LINE 251
2026-07-02T14:50:40Z [88,469ms] [Error] [omni.physx.plugin] PhysX error: PxRigidDynamic::setAngularVelocity: Body must be non-kinematic!, FILE /builds/omniverse/physics/physx/source/physx/src/NpRigidDynamic.cpp, LINE 284
2026-07-02T14:50:40Z [88,470ms] [Error] [omni.physx.plugin] PhysX error: PxRigidDynamic::setLinearVelocity: Body must be non-kinematic!, FILE /builds/omniverse/physics/physx/source/physx/src/NpRigidDynamic.cpp, LINE 251
2026-07-02T14:50:40Z [88,470ms] [Error] [omni.physx.plugin] PhysX error: PxRigidDynamic::setAngularVelocity: Body must be non-kinematic!, FILE /builds/omniverse/physics/physx/source/physx/src/NpRigidDynamic.cpp, LINE 284
2026-07-02T14:50:40Z [88,471ms] [Error] [omni.physx.plugin] PhysX error: PxRigidDynamic::setLinearVelocity: Body must be non-kinematic!, FILE /builds/omniverse/physics/physx/source/physx/src/NpRigidDynamic.cpp, LINE 251
2026-07-02T14:50:40Z [88,471ms] [Error] [omni.physx.plugin] PhysX error: PxRigidDynamic::setAngularVelocity: Body must be non-kinematic!, FILE /builds/omniverse/physics/physx/source/physx/src/NpRigidDynamic.cpp, LINE 284
2026-07-02T14:50:40Z [88,471ms] [Error] [omni.physx.plugin] PhysX error: PxRigidDynamic::setLinearVelocity: Body must be non-kinematic!, FILE /builds/omniverse/physics/physx/source/physx/src/NpRigidDynamic.cpp, LINE 251
2026-07-02T14:50:40Z [88,471ms] [Error] [omni.physx.plugin] PhysX error: PxRigidDynamic::setAngularVelocity: Body must be non-kinematic!, FILE /builds/omniverse/physics/physx/source/physx/src/NpRigidDynamic.cpp, LINE 284
2026-07-02T14:50:40Z [88,472ms] [Error] [omni.physx.plugin] PhysX error: PxRigidDynamic::setLinearVelocity: Body must be non-kinematic!, FILE /builds/omniverse/physics/physx/source/physx/src/NpRigidDynamic.cpp, LINE 251
2026-07-02T14:50:40Z [88,472ms] [Error] [omni.physx.plugin] PhysX error: PxRigidDynamic::setAngularVelocity: Body must be non-kinematic!, FILE /builds/omniverse/physics/physx/source/physx/src/NpRigidDynamic.cpp, LINE 284
2026-07-02T14:50:40Z [88,472ms] [Error] [omni.physx.plugin] PhysX error: PxRigidDynamic::setLinearVelocity: Body must be non-kinematic!, FILE /builds/omniverse/physics/physx/source/physx/src/NpRigidDynamic.cpp, LINE 251
2026-07-02T14:50:40Z [88,473ms] [Error] [omni.physx.plugin] PhysX error: PxRigidDynamic::setAngularVelocity: Body must be non-kinematic!, FILE /builds/omniverse/physics/physx/source/physx/src/NpRigidDynamic.cpp, LINE 284
2026-07-02T14:50:41Z [88,473ms] [Error] [omni.physx.plugin] PhysX error: PxRigidDynamic::setLinearVelocity: Body must be non-kinematic!, FILE /builds/omniverse/physics/physx/source/physx/src/NpRigidDynamic.cpp, LINE 251
2026-07-02T14:50:41Z [88,473ms] [Error] [omni.physx.plugin] PhysX error: PxRigidDynamic::setAngularVelocity: Body must be non-kinematic!, FILE /builds/omniverse/physics/physx/source/physx/src/NpRigidDynamic.cpp, LINE 284
2026-07-02T14:50:41Z [88,474ms] [Error] [omni.physx.plugin] PhysX error: PxRigidDynamic::setLinearVelocity: Body must be non-kinematic!, FILE /builds/omniverse/physics/physx/source/physx/src/NpRigidDynamic.cpp, LINE 251
2026-07-02T14:50:41Z [88,474ms] [Error] [omni.physx.plugin] PhysX error: PxRigidDynamic::setAngularVelocity: Body must be non-kinematic!, FILE /builds/omniverse/physics/physx/source/physx/src/NpRigidDynamic.cpp, LINE 284
2026-07-02T14:50:41Z [88,485ms] [Error] [omni.physx.plugin] PhysX error: PxRigidDynamic::setLinearVelocity: Body must be non-kinematic!, FILE /builds/omniverse/physics/physx/source/physx/src/NpRigidDynamic.cpp, LINE 251
2026-07-02T14:50:41Z [88,485ms] [Error] [omni.physx.plugin] PhysX error: PxRigidDynamic::setAngularVelocity: Body must be non-kinematic!, FILE /builds/omniverse/physics/physx/source/physx/src/NpRigidDynamic.cpp, LINE 284
2026-07-02T14:50:41Z [88,485ms] [Error] [omni.physx.plugin] PhysX error: PxRigidDynamic::setLinearVelocity: Body must be non-kinematic!, FILE /builds/omniverse/physics/physx/source/physx/src/NpRigidDynamic.cpp, LINE 251
2026-07-02T14:50:41Z [88,485ms] [Error] [omni.physx.plugin] PhysX error: PxRigidDynamic::setAngularVelocity: Body must be non-kinematic!, FILE /builds/omniverse/physics/physx/source/physx/src/NpRigidDynamic.cpp, LINE 284
2026-07-02T14:50:41Z [88,486ms] [Error] [omni.physx.plugin] PhysX error: PxRigidDynamic::setLinearVelocity: Body must be non-kinematic!, FILE /builds/omniverse/physics/physx/source/physx/src/NpRigidDynamic.cpp, LINE 251
2026-07-02T14:50:41Z [88,486ms] [Error] [omni.physx.plugin] PhysX error: PxRigidDynamic::setAngularVelocity: Body must be non-kinematic!, FILE /builds/omniverse/physics/physx/source/physx/src/NpRigidDynamic.cpp, LINE 284
2026-07-02T14:50:41Z [88,486ms] [Error] [omni.physx.plugin] PhysX error: PxRigidDynamic::setLinearVelocity: Body must be non-kinematic!, FILE /builds/omniverse/physics/physx/source/physx/src/NpRigidDynamic.cpp, LINE 251
2026-07-02T14:50:41Z [88,486ms] [Error] [omni.physx.plugin] PhysX error: PxRigidDynamic::setAngularVelocity: Body must be non-kinematic!, FILE /builds/omniverse/physics/physx/source/physx/src/NpRigidDynamic.cpp, LINE 284
2026-07-02T14:50:41Z [88,487ms] [Error] [omni.physx.plugin] PhysX error: PxRigidDynamic::setLinearVelocity: Body must be non-kinematic!, FILE /builds/omniverse/physics/physx/source/physx/src/NpRigidDynamic.cpp, LINE 251
2026-07-02T14:50:41Z [88,487ms] [Error] [omni.physx.plugin] PhysX error: PxRigidDynamic::setAngularVelocity: Body must be non-kinematic!, FILE /builds/omniverse/physics/physx/source/physx/src/NpRigidDynamic.cpp, LINE 284
2026-07-02T14:50:41Z [88,488ms] [Error] [omni.physx.plugin] PhysX error: PxRigidDynamic::setLinearVelocity: Body must be non-kinematic!, FILE /builds/omniverse/physics/physx/source/physx/src/NpRigidDynamic.cpp, LINE 251
2026-07-02T14:50:41Z [88,488ms] [Error] [omni.physx.plugin] PhysX error: PxRigidDynamic::setAngularVelocity: Body must be non-kinematic!, FILE /builds/omniverse/physics/physx/source/physx/src/NpRigidDynamic.cpp, LINE 284
2026-07-02T14:50:41Z [88,488ms] [Error] [omni.physx.plugin] PhysX error: PxRigidDynamic::setLinearVelocity: Body must be non-kinematic!, FILE /builds/omniverse/physics/physx/source/physx/src/NpRigidDynamic.cpp, LINE 251
2026-07-02T14:50:41Z [88,488ms] [Error] [omni.physx.plugin] PhysX error: PxRigidDynamic::setAngularVelocity: Body must be non-kinematic!, FILE /builds/omniverse/physics/physx/source/physx/src/NpRigidDynamic.cpp, LINE 284
2026-07-02T14:50:41Z [88,488ms] [Error] [omni.physx.plugin] PhysX error: PxRigidDynamic::setLinearVelocity: Body must be non-kinematic!, FILE /builds/omniverse/physics/physx/source/physx/src/NpRigidDynamic.cpp, LINE 251
2026-07-02T14:50:41Z [88,489ms] [Error] [omni.physx.plugin] PhysX error: PxRigidDynamic::setAngularVelocity: Body must be non-kinematic!, FILE /builds/omniverse/physics/physx/source/physx/src/NpRigidDynamic.cpp, LINE 284
2026-07-02T14:50:41Z [88,489ms] [Error] [omni.physx.plugin] PhysX error: PxRigidDynamic::setLinearVelocity: Body must be non-kinematic!, FILE /builds/omniverse/physics/physx/source/physx/src/NpRigidDynamic.cpp, LINE 251
2026-07-02T14:50:41Z [88,489ms] [Error] [omni.physx.plugin] PhysX error: PxRigidDynamic::setAngularVelocity: Body must be non-kinematic!, FILE /builds/omniverse/physics/physx/source/physx/src/NpRigidDynamic.cpp, LINE 284
2026-07-02T14:50:41Z [88,489ms] [Error] [omni.physx.plugin] PhysX error: PxRigidDynamic::setLinearVelocity: Body must be non-kinematic!, FILE /builds/omniverse/physics/physx/source/physx/src/NpRigidDynamic.cpp, LINE 251
2026-07-02T14:50:41Z [88,489ms] [Error] [omni.physx.plugin] PhysX error: PxRigidDynamic::setAngularVelocity: Body must be non-kinematic!, FILE /builds/omniverse/physics/physx/source/physx/src/NpRigidDynamic.cpp, LINE 284
2026-07-02T14:50:41Z [88,490ms] [Error] [omni.physx.plugin] PhysX error: PxRigidDynamic::setLinearVelocity: Body must be non-kinematic!, FILE /builds/omniverse/physics/physx/source/physx/src/NpRigidDynamic.cpp, LINE 251
2026-07-02T14:50:41Z [88,490ms] [Error] [omni.physx.plugin] PhysX error: PxRigidDynamic::setAngularVelocity: Body must be non-kinematic!, FILE /builds/omniverse/physics/physx/source/physx/src/NpRigidDynamic.cpp, LINE 284
2026-07-02T14:50:41Z [88,490ms] [Error] [omni.physx.plugin] PhysX error: PxRigidDynamic::setLinearVelocity: Body must be non-kinematic!, FILE /builds/omniverse/physics/physx/source/physx/src/NpRigidDynamic.cpp, LINE 251
2026-07-02T14:50:41Z [88,490ms] [Error] [omni.physx.plugin] PhysX error: PxRigidDynamic::setAngularVelocity: Body must be non-kinematic!, FILE /builds/omniverse/physics/physx/source/physx/src/NpRigidDynamic.cpp, LINE 284
2026-07-02T14:50:41Z [88,491ms] [Error] [omni.physx.plugin] PhysX error: PxRigidDynamic::setLinearVelocity: Body must be non-kinematic!, FILE /builds/omniverse/physics/physx/source/physx/src/NpRigidDynamic.cpp, LINE 251
2026-07-02T14:50:41Z [88,491ms] [Error] [omni.physx.plugin] PhysX error: PxRigidDynamic::setAngularVelocity: Body must be non-kinematic!, FILE /builds/omniverse/physics/physx/source/physx/src/NpRigidDynamic.cpp, LINE 284
2026-07-02T14:50:41Z [88,491ms] [Error] [omni.physx.plugin] PhysX error: PxRigidDynamic::setLinearVelocity: Body must be non-kinematic!, FILE /builds/omniverse/physics/physx/source/physx/src/NpRigidDynamic.cpp, LINE 251
2026-07-02T14:50:41Z [88,491ms] [Error] [omni.physx.plugin] PhysX error: PxRigidDynamic::setAngularVelocity: Body must be non-kinematic!, FILE /builds/omniverse/physics/physx/source/physx/src/NpRigidDynamic.cpp, LINE 284
2026-07-02T14:50:41Z [88,492ms] [Error] [omni.physx.plugin] PhysX error: PxRigidDynamic::setLinearVelocity: Body must be non-kinematic!, FILE /builds/omniverse/physics/physx/source/physx/src/NpRigidDynamic.cpp, LINE 251
2026-07-02T14:50:41Z [88,492ms] [Error] [omni.physx.plugin] PhysX error: PxRigidDynamic::setAngularVelocity: Body must be non-kinematic!, FILE /builds/omniverse/physics/physx/source/physx/src/NpRigidDynamic.cpp, LINE 284
2026-07-02T14:50:41Z [88,492ms] [Error] [omni.physx.plugin] PhysX error: PxRigidDynamic::setLinearVelocity: Body must be non-kinematic!, FILE /builds/omniverse/physics/physx/source/physx/src/NpRigidDynamic.cpp, LINE 251
2026-07-02T14:50:41Z [88,492ms] [Error] [omni.physx.plugin] PhysX error: PxRigidDynamic::setAngularVelocity: Body must be non-kinematic!, FILE /builds/omniverse/physics/physx/source/physx/src/NpRigidDynamic.cpp, LINE 284
2026-07-02T14:50:41Z [88,493ms] [Error] [omni.physx.plugin] PhysX error: PxRigidDynamic::setLinearVelocity: Body must be non-kinematic!, FILE /builds/omniverse/physics/physx/source/physx/src/NpRigidDynamic.cpp, LINE 251
2026-07-02T14:50:41Z [88,493ms] [Error] [omni.physx.plugin] PhysX error: PxRigidDynamic::setAngularVelocity: Body must be non-kinematic!, FILE /builds/omniverse/physics/physx/source/physx/src/NpRigidDynamic.cpp, LINE 284
2026-07-02T14:50:41Z [88,493ms] [Error] [omni.physx.plugin] PhysX error: PxRigidDynamic::setLinearVelocity: Body must be non-kinematic!, FILE /builds/omniverse/physics/physx/source/physx/src/NpRigidDynamic.cpp, LINE 251
2026-07-02T14:50:41Z [88,493ms] [Error] [omni.physx.plugin] PhysX error: PxRigidDynamic::setAngularVelocity: Body must be non-kinematic!, FILE /builds/omniverse/physics/physx/source/physx/src/NpRigidDynamic.cpp, LINE 284
2026-07-02T14:50:41Z [88,493ms] [Error] [omni.physx.plugin] PhysX error: PxRigidDynamic::setLinearVelocity: Body must be non-kinematic!, FILE /builds/omniverse/physics/physx/source/physx/src/NpRigidDynamic.cpp, LINE 251
2026-07-02T14:50:41Z [88,493ms] [Error] [omni.physx.plugin] PhysX error: PxRigidDynamic::setAngularVelocity: Body must be non-kinematic!, FILE /builds/omniverse/physics/physx/source/physx/src/NpRigidDynamic.cpp, LINE 284
2026-07-02T14:50:41Z [88,494ms] [Error] [omni.physx.plugin] PhysX error: PxRigidDynamic::setLinearVelocity: Body must be non-kinematic!, FILE /builds/omniverse/physics/physx/source/physx/src/NpRigidDynamic.cpp, LINE 251
2026-07-02T14:50:41Z [88,494ms] [Error] [omni.physx.plugin] PhysX error: PxRigidDynamic::setAngularVelocity: Body must be non-kinematic!, FILE /builds/omniverse/physics/physx/source/physx/src/NpRigidDynamic.cpp, LINE 284
2026-07-02T14:50:41Z [88,494ms] [Error] [omni.physx.plugin] PhysX error: PxRigidDynamic::setLinearVelocity: Body must be non-kinematic!, FILE /builds/omniverse/physics/physx/source/physx/src/NpRigidDynamic.cpp, LINE 251
2026-07-02T14:50:41Z [88,495ms] [Error] [omni.physx.plugin] PhysX error: PxRigidDynamic::setAngularVelocity: Body must be non-kinematic!, FILE /builds/omniverse/physics/physx/source/physx/src/NpRigidDynamic.cpp, LINE 284
2026-07-02T14:50:41Z [88,495ms] [Error] [omni.physx.plugin] PhysX error: PxRigidDynamic::setLinearVelocity: Body must be non-kinematic!, FILE /builds/omniverse/physics/physx/source/physx/src/NpRigidDynamic.cpp, LINE 251
2026-07-02T14:50:41Z [88,495ms] [Error] [omni.physx.plugin] PhysX error: PxRigidDynamic::setAngularVelocity: Body must be non-kinematic!, FILE /builds/omniverse/physics/physx/source/physx/src/NpRigidDynamic.cpp, LINE 284
2026-07-02T14:50:41Z [88,495ms] [Error] [omni.physx.plugin] PhysX error: PxRigidDynamic::setLinearVelocity: Body must be non-kinematic!, FILE /builds/omniverse/physics/physx/source/physx/src/NpRigidDynamic.cpp, LINE 251
2026-07-02T14:50:41Z [88,495ms] [Error] [omni.physx.plugin] PhysX error: PxRigidDynamic::setAngularVelocity: Body must be non-kinematic!, FILE /builds/omniverse/physics/physx/source/physx/src/NpRigidDynamic.cpp, LINE 284
2026-07-02T14:50:41Z [88,496ms] [Error] [omni.physx.plugin] PhysX error: PxRigidDynamic::setLinearVelocity: Body must be non-kinematic!, FILE /builds/omniverse/physics/physx/source/physx/src/NpRigidDynamic.cpp, LINE 251
2026-07-02T14:50:41Z [88,496ms] [Error] [omni.physx.plugin] PhysX error: PxRigidDynamic::setAngularVelocity: Body must be non-kinematic!, FILE /builds/omniverse/physics/physx/source/physx/src/NpRigidDynamic.cpp, LINE 284
2026-07-02T14:50:41Z [88,496ms] [Error] [omni.physx.plugin] PhysX error: PxRigidDynamic::setLinearVelocity: Body must be non-kinematic!, FILE /builds/omniverse/physics/physx/source/physx/src/NpRigidDynamic.cpp, LINE 251
2026-07-02T14:50:41Z [88,496ms] [Error] [omni.physx.plugin] PhysX error: PxRigidDynamic::setAngularVelocity: Body must be non-kinematic!, FILE /builds/omniverse/physics/physx/source/physx/src/NpRigidDynamic.cpp, LINE 284
2026-07-02T14:50:41Z [88,497ms] [Error] [omni.physx.plugin] PhysX error: PxRigidDynamic::setLinearVelocity: Body must be non-kinematic!, FILE /builds/omniverse/physics/physx/source/physx/src/NpRigidDynamic.cpp, LINE 251
2026-07-02T14:50:41Z [88,497ms] [Error] [omni.physx.plugin] PhysX error: PxRigidDynamic::setAngularVelocity: Body must be non-kinematic!, FILE /builds/omniverse/physics/physx/source/physx/src/NpRigidDynamic.cpp, LINE 284
2026-07-02T14:50:41Z [88,497ms] [Error] [omni.physx.plugin] PhysX error: PxRigidDynamic::setLinearVelocity: Body must be non-kinematic!, FILE /builds/omniverse/physics/physx/source/physx/src/NpRigidDynamic.cpp, LINE 251
2026-07-02T14:50:41Z [88,497ms] [Error] [omni.physx.plugin] PhysX error: PxRigidDynamic::setAngularVelocity: Body must be non-kinematic!, FILE /builds/omniverse/physics/physx/source/physx/src/NpRigidDynamic.cpp, LINE 284
2026-07-02T14:50:41Z [88,498ms] [Error] [omni.physx.plugin] PhysX error: PxRigidDynamic::setLinearVelocity: Body must be non-kinematic!, FILE /builds/omniverse/physics/physx/source/physx/src/NpRigidDynamic.cpp, LINE 251
2026-07-02T14:50:41Z [88,498ms] [Error] [omni.physx.plugin] PhysX error: PxRigidDynamic::setAngularVelocity: Body must be non-kinematic!, FILE /builds/omniverse/physics/physx/source/physx/src/NpRigidDynamic.cpp, LINE 284
2026-07-02T14:50:41Z [88,500ms] [Error] [omni.physx.plugin] PhysX error: PxRigidDynamic::setLinearVelocity: Body must be non-kinematic!, FILE /builds/omniverse/physics/physx/source/physx/src/NpRigidDynamic.cpp, LINE 251
2026-07-02T14:50:41Z [88,500ms] [Error] [omni.physx.plugin] PhysX error: PxRigidDynamic::setAngularVelocity: Body must be non-kinematic!, FILE /builds/omniverse/physics/physx/source/physx/src/NpRigidDynamic.cpp, LINE 284
2026-07-02T14:50:41Z [88,500ms] [Error] [omni.physx.plugin] PhysX error: PxRigidDynamic::setLinearVelocity: Body must be non-kinematic!, FILE /builds/omniverse/physics/physx/source/physx/src/NpRigidDynamic.cpp, LINE 251
2026-07-02T14:50:41Z [88,500ms] [Error] [omni.physx.plugin] PhysX error: PxRigidDynamic::setAngularVelocity: Body must be non-kinematic!, FILE /builds/omniverse/physics/physx/source/physx/src/NpRigidDynamic.cpp, LINE 284
2026-07-02T14:50:41Z [88,501ms] [Error] [omni.physx.plugin] PhysX error: PxRigidDynamic::setLinearVelocity: Body must be non-kinematic!, FILE /builds/omniverse/physics/physx/source/physx/src/NpRigidDynamic.cpp, LINE 251
2026-07-02T14:50:41Z [88,501ms] [Error] [omni.physx.plugin] PhysX error: PxRigidDynamic::setAngularVelocity: Body must be non-kinematic!, FILE /builds/omniverse/physics/physx/source/physx/src/NpRigidDynamic.cpp, LINE 284
2026-07-02T14:50:41Z [88,501ms] [Error] [omni.physx.plugin] PhysX error: PxRigidDynamic::setLinearVelocity: Body must be non-kinematic!, FILE /builds/omniverse/physics/physx/source/physx/src/NpRigidDynamic.cpp, LINE 251
2026-07-02T14:50:41Z [88,501ms] [Error] [omni.physx.plugin] PhysX error: PxRigidDynamic::setAngularVelocity: Body must be non-kinematic!, FILE /builds/omniverse/physics/physx/source/physx/src/NpRigidDynamic.cpp, LINE 284
2026-07-02T14:50:41Z [88,502ms] [Error] [omni.physx.plugin] PhysX error: PxRigidDynamic::setLinearVelocity: Body must be non-kinematic!, FILE /builds/omniverse/physics/physx/source/physx/src/NpRigidDynamic.cpp, LINE 251
2026-07-02T14:50:41Z [88,502ms] [Error] [omni.physx.plugin] PhysX error: PxRigidDynamic::setAngularVelocity: Body must be non-kinematic!, FILE /builds/omniverse/physics/physx/source/physx/src/NpRigidDynamic.cpp, LINE 284
2026-07-02T14:50:41Z [88,502ms] [Error] [omni.physx.plugin] PhysX error: PxRigidDynamic::setLinearVelocity: Body must be non-kinematic!, FILE /builds/omniverse/physics/physx/source/physx/src/NpRigidDynamic.cpp, LINE 251
2026-07-02T14:50:41Z [88,502ms] [Error] [omni.physx.plugin] PhysX error: PxRigidDynamic::setAngularVelocity: Body must be non-kinematic!, FILE /builds/omniverse/physics/physx/source/physx/src/NpRigidDynamic.cpp, LINE 284
2026-07-02T14:50:41Z [88,503ms] [Error] [omni.physx.plugin] PhysX error: PxRigidDynamic::setLinearVelocity: Body must be non-kinematic!, FILE /builds/omniverse/physics/physx/source/physx/src/NpRigidDynamic.cpp, LINE 251
2026-07-02T14:50:41Z [88,503ms] [Error] [omni.physx.plugin] PhysX error: PxRigidDynamic::setAngularVelocity: Body must be non-kinematic!, FILE /builds/omniverse/physics/physx/source/physx/src/NpRigidDynamic.cpp, LINE 284
2026-07-02T14:50:41Z [88,503ms] [Error] [omni.physx.plugin] PhysX error: PxRigidDynamic::setLinearVelocity: Body must be non-kinematic!, FILE /builds/omniverse/physics/physx/source/physx/src/NpRigidDynamic.cpp, LINE 251
2026-07-02T14:50:41Z [88,503ms] [Error] [omni.physx.plugin] PhysX error: PxRigidDynamic::setAngularVelocity: Body must be non-kinematic!, FILE /builds/omniverse/physics/physx/source/physx/src/NpRigidDynamic.cpp, LINE 284
2026-07-02T14:50:41Z [88,504ms] [Error] [omni.physx.plugin] PhysX error: PxRigidDynamic::setLinearVelocity: Body must be non-kinematic!, FILE /builds/omniverse/physics/physx/source/physx/src/NpRigidDynamic.cpp, LINE 251
2026-07-02T14:50:41Z [88,504ms] [Error] [omni.physx.plugin] PhysX error: PxRigidDynamic::setAngularVelocity: Body must be non-kinematic!, FILE /builds/omniverse/physics/physx/source/physx/src/NpRigidDynamic.cpp, LINE 284
2026-07-02T14:50:41Z [88,504ms] [Error] [omni.physx.plugin] PhysX error: PxRigidDynamic::setLinearVelocity: Body must be non-kinematic!, FILE /builds/omniverse/physics/physx/source/physx/src/NpRigidDynamic.cpp, LINE 251
2026-07-02T14:50:41Z [88,504ms] [Error] [omni.physx.plugin] PhysX error: PxRigidDynamic::setAngularVelocity: Body must be non-kinematic!, FILE /builds/omniverse/physics/physx/source/physx/src/NpRigidDynamic.cpp, LINE 284
2026-07-02T14:50:41Z [88,505ms] [Error] [omni.physx.plugin] PhysX error: PxRigidDynamic::setLinearVelocity: Body must be non-kinematic!, FILE /builds/omniverse/physics/physx/source/physx/src/NpRigidDynamic.cpp, LINE 251
2026-07-02T14:50:41Z [88,505ms] [Error] [omni.physx.plugin] PhysX error: PxRigidDynamic::setAngularVelocity: Body must be non-kinematic!, FILE /builds/omniverse/physics/physx/source/physx/src/NpRigidDynamic.cpp, LINE 284
2026-07-02T14:50:41Z [88,505ms] [Error] [omni.physx.plugin] PhysX error: PxRigidDynamic::setLinearVelocity: Body must be non-kinematic!, FILE /builds/omniverse/physics/physx/source/physx/src/NpRigidDynamic.cpp, LINE 251
2026-07-02T14:50:41Z [88,505ms] [Error] [omni.physx.plugin] PhysX error: PxRigidDynamic::setAngularVelocity: Body must be non-kinematic!, FILE /builds/omniverse/physics/physx/source/physx/src/NpRigidDynamic.cpp, LINE 284
2026-07-02T14:50:41Z [88,506ms] [Error] [omni.physx.plugin] PhysX error: PxRigidDynamic::setLinearVelocity: Body must be non-kinematic!, FILE /builds/omniverse/physics/physx/source/physx/src/NpRigidDynamic.cpp, LINE 251
2026-07-02T14:50:41Z [88,506ms] [Error] [omni.physx.plugin] PhysX error: PxRigidDynamic::setAngularVelocity: Body must be non-kinematic!, FILE /builds/omniverse/physics/physx/source/physx/src/NpRigidDynamic.cpp, LINE 284
2026-07-02T14:50:41Z [88,506ms] [Error] [omni.physx.plugin] PhysX error: PxRigidDynamic::setLinearVelocity: Body must be non-kinematic!, FILE /builds/omniverse/physics/physx/source/physx/src/NpRigidDynamic.cpp, LINE 251
2026-07-02T14:50:41Z [88,506ms] [Error] [omni.physx.plugin] PhysX error: PxRigidDynamic::setAngularVelocity: Body must be non-kinematic!, FILE /builds/omniverse/physics/physx/source/physx/src/NpRigidDynamic.cpp, LINE 284
2026-07-02T14:50:41Z [88,507ms] [Error] [omni.physx.plugin] PhysX error: PxRigidDynamic::setLinearVelocity: Body must be non-kinematic!, FILE /builds/omniverse/physics/physx/source/physx/src/NpRigidDynamic.cpp, LINE 251
2026-07-02T14:50:41Z [88,507ms] [Error] [omni.physx.plugin] PhysX error: PxRigidDynamic::setAngularVelocity: Body must be non-kinematic!, FILE /builds/omniverse/physics/physx/source/physx/src/NpRigidDynamic.cpp, LINE 284
2026-07-02T14:50:41Z [88,507ms] [Error] [omni.physx.plugin] PhysX error: PxRigidDynamic::setLinearVelocity: Body must be non-kinematic!, FILE /builds/omniverse/physics/physx/source/physx/src/NpRigidDynamic.cpp, LINE 251
2026-07-02T14:50:41Z [88,507ms] [Error] [omni.physx.plugin] PhysX error: PxRigidDynamic::setAngularVelocity: Body must be non-kinematic!, FILE /builds/omniverse/physics/physx/source/physx/src/NpRigidDynamic.cpp, LINE 284
2026-07-02T14:50:41Z [88,508ms] [Error] [omni.physx.plugin] PhysX error: PxRigidDynamic::setLinearVelocity: Body must be non-kinematic!, FILE /builds/omniverse/physics/physx/source/physx/src/NpRigidDynamic.cpp, LINE 251
2026-07-02T14:50:41Z [88,508ms] [Error] [omni.physx.plugin] PhysX error: PxRigidDynamic::setAngularVelocity: Body must be non-kinematic!, FILE /builds/omniverse/physics/physx/source/physx/src/NpRigidDynamic.cpp, LINE 284
2026-07-02T14:50:41Z [88,508ms] [Error] [omni.physx.plugin] PhysX error: PxRigidDynamic::setLinearVelocity: Body must be non-kinematic!, FILE /builds/omniverse/physics/physx/source/physx/src/NpRigidDynamic.cpp, LINE 251
2026-07-02T14:50:41Z [88,508ms] [Error] [omni.physx.plugin] PhysX error: PxRigidDynamic::setAngularVelocity: Body must be non-kinematic!, FILE /builds/omniverse/physics/physx/source/physx/src/NpRigidDynamic.cpp, LINE 284
2026-07-02T14:50:41Z [88,509ms] [Error] [omni.physx.plugin] PhysX error: PxRigidDynamic::setLinearVelocity: Body must be non-kinematic!, FILE /builds/omniverse/physics/physx/source/physx/src/NpRigidDynamic.cpp, LINE 251
2026-07-02T14:50:41Z [88,509ms] [Error] [omni.physx.plugin] PhysX error: PxRigidDynamic::setAngularVelocity: Body must be non-kinematic!, FILE /builds/omniverse/physics/physx/source/physx/src/NpRigidDynamic.cpp, LINE 284
2026-07-02T14:50:41Z [88,509ms] [Error] [omni.physx.plugin] PhysX error: PxRigidDynamic::setLinearVelocity: Body must be non-kinematic!, FILE /builds/omniverse/physics/physx/source/physx/src/NpRigidDynamic.cpp, LINE 251
2026-07-02T14:50:41Z [88,509ms] [Error] [omni.physx.plugin] PhysX error: PxRigidDynamic::setAngularVelocity: Body must be non-kinematic!, FILE /builds/omniverse/physics/physx/source/physx/src/NpRigidDynamic.cpp, LINE 284
2026-07-02T14:50:41Z [88,509ms] [Error] [omni.physx.plugin] PhysX error: PxRigidDynamic::setLinearVelocity: Body must be non-kinematic!, FILE /builds/omniverse/physics/physx/source/physx/src/NpRigidDynamic.cpp, LINE 251
2026-07-02T14:50:41Z [88,510ms] [Error] [omni.physx.plugin] PhysX error: PxRigidDynamic::setAngularVelocity: Body must be non-kinematic!, FILE /builds/omniverse/physics/physx/source/physx/src/NpRigidDynamic.cpp, LINE 284
2026-07-02T14:50:41Z [88,510ms] [Error] [omni.physx.plugin] PhysX error: PxRigidDynamic::setLinearVelocity: Body must be non-kinematic!, FILE /builds/omniverse/physics/physx/source/physx/src/NpRigidDynamic.cpp, LINE 251
2026-07-02T14:50:41Z [88,510ms] [Error] [omni.physx.plugin] PhysX error: PxRigidDynamic::setAngularVelocity: Body must be non-kinematic!, FILE /builds/omniverse/physics/physx/source/physx/src/NpRigidDynamic.cpp, LINE 284
[INFO] Pi0.5 episode 2 success=False mode=failure completed=False steps=3600 instruction='reach the basket'
[INFO] Starting Pi0.5 reaching episode 3: instruction='reach the onion', target_label='onion'
2026-07-02T14:51:21Z [128,494ms] [Error] [omni.physx.plugin] PhysX error: PxRigidDynamic::setLinearVelocity: Body must be non-kinematic!, FILE /builds/omniverse/physics/physx/source/physx/src/NpRigidDynamic.cpp, LINE 251
2026-07-02T14:51:21Z [128,494ms] [Error] [omni.physx.plugin] PhysX error: PxRigidDynamic::setAngularVelocity: Body must be non-kinematic!, FILE /builds/omniverse/physics/physx/source/physx/src/NpRigidDynamic.cpp, LINE 284
2026-07-02T14:51:21Z [128,495ms] [Error] [omni.physx.plugin] PhysX error: PxRigidDynamic::setLinearVelocity: Body must be non-kinematic!, FILE /builds/omniverse/physics/physx/source/physx/src/NpRigidDynamic.cpp, LINE 251
2026-07-02T14:51:21Z [128,495ms] [Error] [omni.physx.plugin] PhysX error: PxRigidDynamic::setAngularVelocity: Body must be non-kinematic!, FILE /builds/omniverse/physics/physx/source/physx/src/NpRigidDynamic.cpp, LINE 284
2026-07-02T14:51:21Z [128,495ms] [Error] [omni.physx.plugin] PhysX error: PxRigidDynamic::setLinearVelocity: Body must be non-kinematic!, FILE /builds/omniverse/physics/physx/source/physx/src/NpRigidDynamic.cpp, LINE 251
2026-07-02T14:51:21Z [128,495ms] [Error] [omni.physx.plugin] PhysX error: PxRigidDynamic::setAngularVelocity: Body must be non-kinematic!, FILE /builds/omniverse/physics/physx/source/physx/src/NpRigidDynamic.cpp, LINE 284
2026-07-02T14:51:21Z [128,496ms] [Error] [omni.physx.plugin] PhysX error: PxRigidDynamic::setLinearVelocity: Body must be non-kinematic!, FILE /builds/omniverse/physics/physx/source/physx/src/NpRigidDynamic.cpp, LINE 251
2026-07-02T14:51:21Z [128,496ms] [Error] [omni.physx.plugin] PhysX error: PxRigidDynamic::setAngularVelocity: Body must be non-kinematic!, FILE /builds/omniverse/physics/physx/source/physx/src/NpRigidDynamic.cpp, LINE 284
2026-07-02T14:51:21Z [128,496ms] [Error] [omni.physx.plugin] PhysX error: PxRigidDynamic::setLinearVelocity: Body must be non-kinematic!, FILE /builds/omniverse/physics/physx/source/physx/src/NpRigidDynamic.cpp, LINE 251
2026-07-02T14:51:21Z [128,496ms] [Error] [omni.physx.plugin] PhysX error: PxRigidDynamic::setAngularVelocity: Body must be non-kinematic!, FILE /builds/omniverse/physics/physx/source/physx/src/NpRigidDynamic.cpp, LINE 284
2026-07-02T14:51:21Z [128,497ms] [Error] [omni.physx.plugin] PhysX error: PxRigidDynamic::setLinearVelocity: Body must be non-kinematic!, FILE /builds/omniverse/physics/physx/source/physx/src/NpRigidDynamic.cpp, LINE 251
2026-07-02T14:51:21Z [128,497ms] [Error] [omni.physx.plugin] PhysX error: PxRigidDynamic::setAngularVelocity: Body must be non-kinematic!, FILE /builds/omniverse/physics/physx/source/physx/src/NpRigidDynamic.cpp, LINE 284
2026-07-02T14:51:21Z [128,498ms] [Error] [omni.physx.plugin] PhysX error: PxRigidDynamic::setLinearVelocity: Body must be non-kinematic!, FILE /builds/omniverse/physics/physx/source/physx/src/NpRigidDynamic.cpp, LINE 251
2026-07-02T14:51:21Z [128,498ms] [Error] [omni.physx.plugin] PhysX error: PxRigidDynamic::setAngularVelocity: Body must be non-kinematic!, FILE /builds/omniverse/physics/physx/source/physx/src/NpRigidDynamic.cpp, LINE 284
2026-07-02T14:51:21Z [128,498ms] [Error] [omni.physx.plugin] PhysX error: PxRigidDynamic::setLinearVelocity: Body must be non-kinematic!, FILE /builds/omniverse/physics/physx/source/physx/src/NpRigidDynamic.cpp, LINE 251
2026-07-02T14:51:21Z [128,498ms] [Error] [omni.physx.plugin] PhysX error: PxRigidDynamic::setAngularVelocity: Body must be non-kinematic!, FILE /builds/omniverse/physics/physx/source/physx/src/NpRigidDynamic.cpp, LINE 284
2026-07-02T14:51:21Z [128,499ms] [Error] [omni.physx.plugin] PhysX error: PxRigidDynamic::setLinearVelocity: Body must be non-kinematic!, FILE /builds/omniverse/physics/physx/source/physx/src/NpRigidDynamic.cpp, LINE 251
2026-07-02T14:51:21Z [128,499ms] [Error] [omni.physx.plugin] PhysX error: PxRigidDynamic::setAngularVelocity: Body must be non-kinematic!, FILE /builds/omniverse/physics/physx/source/physx/src/NpRigidDynamic.cpp, LINE 284
2026-07-02T14:51:21Z [128,499ms] [Error] [omni.physx.plugin] PhysX error: PxRigidDynamic::setLinearVelocity: Body must be non-kinematic!, FILE /builds/omniverse/physics/physx/source/physx/src/NpRigidDynamic.cpp, LINE 251
2026-07-02T14:51:21Z [128,499ms] [Error] [omni.physx.plugin] PhysX error: PxRigidDynamic::setAngularVelocity: Body must be non-kinematic!, FILE /builds/omniverse/physics/physx/source/physx/src/NpRigidDynamic.cpp, LINE 284
2026-07-02T14:51:21Z [128,500ms] [Error] [omni.physx.plugin] PhysX error: PxRigidDynamic::setLinearVelocity: Body must be non-kinematic!, FILE /builds/omniverse/physics/physx/source/physx/src/NpRigidDynamic.cpp, LINE 251
2026-07-02T14:51:21Z [128,500ms] [Error] [omni.physx.plugin] PhysX error: PxRigidDynamic::setAngularVelocity: Body must be non-kinematic!, FILE /builds/omniverse/physics/physx/source/physx/src/NpRigidDynamic.cpp, LINE 284
2026-07-02T14:51:21Z [128,501ms] [Error] [omni.physx.plugin] PhysX error: PxRigidDynamic::setLinearVelocity: Body must be non-kinematic!, FILE /builds/omniverse/physics/physx/source/physx/src/NpRigidDynamic.cpp, LINE 251
2026-07-02T14:51:21Z [128,501ms] [Error] [omni.physx.plugin] PhysX error: PxRigidDynamic::setAngularVelocity: Body must be non-kinematic!, FILE /builds/omniverse/physics/physx/source/physx/src/NpRigidDynamic.cpp, LINE 284
2026-07-02T14:51:21Z [128,501ms] [Error] [omni.physx.plugin] PhysX error: PxRigidDynamic::setLinearVelocity: Body must be non-kinematic!, FILE /builds/omniverse/physics/physx/source/physx/src/NpRigidDynamic.cpp, LINE 251
2026-07-02T14:51:21Z [128,501ms] [Error] [omni.physx.plugin] PhysX error: PxRigidDynamic::setAngularVelocity: Body must be non-kinematic!, FILE /builds/omniverse/physics/physx/source/physx/src/NpRigidDynamic.cpp, LINE 284
2026-07-02T14:51:21Z [128,504ms] [Error] [omni.physx.plugin] PhysX error: PxRigidDynamic::setLinearVelocity: Body must be non-kinematic!, FILE /builds/omniverse/physics/physx/source/physx/src/NpRigidDynamic.cpp, LINE 251
2026-07-02T14:51:21Z [128,504ms] [Error] [omni.physx.plugin] PhysX error: PxRigidDynamic::setAngularVelocity: Body must be non-kinematic!, FILE /builds/omniverse/physics/physx/source/physx/src/NpRigidDynamic.cpp, LINE 284
2026-07-02T14:51:21Z [128,505ms] [Error] [omni.physx.plugin] PhysX error: PxRigidDynamic::setLinearVelocity: Body must be non-kinematic!, FILE /builds/omniverse/physics/physx/source/physx/src/NpRigidDynamic.cpp, LINE 251
2026-07-02T14:51:21Z [128,505ms] [Error] [omni.physx.plugin] PhysX error: PxRigidDynamic::setAngularVelocity: Body must be non-kinematic!, FILE /builds/omniverse/physics/physx/source/physx/src/NpRigidDynamic.cpp, LINE 284
2026-07-02T14:51:21Z [128,505ms] [Error] [omni.physx.plugin] PhysX error: PxRigidDynamic::setLinearVelocity: Body must be non-kinematic!, FILE /builds/omniverse/physics/physx/source/physx/src/NpRigidDynamic.cpp, LINE 251
2026-07-02T14:51:21Z [128,505ms] [Error] [omni.physx.plugin] PhysX error: PxRigidDynamic::setAngularVelocity: Body must be non-kinematic!, FILE /builds/omniverse/physics/physx/source/physx/src/NpRigidDynamic.cpp, LINE 284
2026-07-02T14:51:21Z [128,506ms] [Error] [omni.physx.plugin] PhysX error: PxRigidDynamic::setLinearVelocity: Body must be non-kinematic!, FILE /builds/omniverse/physics/physx/source/physx/src/NpRigidDynamic.cpp, LINE 251
2026-07-02T14:51:21Z [128,506ms] [Error] [omni.physx.plugin] PhysX error: PxRigidDynamic::setAngularVelocity: Body must be non-kinematic!, FILE /builds/omniverse/physics/physx/source/physx/src/NpRigidDynamic.cpp, LINE 284
2026-07-02T14:51:21Z [128,507ms] [Error] [omni.physx.plugin] PhysX error: PxRigidDynamic::setLinearVelocity: Body must be non-kinematic!, FILE /builds/omniverse/physics/physx/source/physx/src/NpRigidDynamic.cpp, LINE 251
2026-07-02T14:51:21Z [128,507ms] [Error] [omni.physx.plugin] PhysX error: PxRigidDynamic::setAngularVelocity: Body must be non-kinematic!, FILE /builds/omniverse/physics/physx/source/physx/src/NpRigidDynamic.cpp, LINE 284
2026-07-02T14:51:21Z [128,507ms] [Error] [omni.physx.plugin] PhysX error: PxRigidDynamic::setLinearVelocity: Body must be non-kinematic!, FILE /builds/omniverse/physics/physx/source/physx/src/NpRigidDynamic.cpp, LINE 251
2026-07-02T14:51:21Z [128,507ms] [Error] [omni.physx.plugin] PhysX error: PxRigidDynamic::setAngularVelocity: Body must be non-kinematic!, FILE /builds/omniverse/physics/physx/source/physx/src/NpRigidDynamic.cpp, LINE 284
2026-07-02T14:51:21Z [128,508ms] [Error] [omni.physx.plugin] PhysX error: PxRigidDynamic::setLinearVelocity: Body must be non-kinematic!, FILE /builds/omniverse/physics/physx/source/physx/src/NpRigidDynamic.cpp, LINE 251
2026-07-02T14:51:21Z [128,508ms] [Error] [omni.physx.plugin] PhysX error: PxRigidDynamic::setAngularVelocity: Body must be non-kinematic!, FILE /builds/omniverse/physics/physx/source/physx/src/NpRigidDynamic.cpp, LINE 284
2026-07-02T14:51:21Z [128,508ms] [Error] [omni.physx.plugin] PhysX error: PxRigidDynamic::setLinearVelocity: Body must be non-kinematic!, FILE /builds/omniverse/physics/physx/source/physx/src/NpRigidDynamic.cpp, LINE 251
2026-07-02T14:51:21Z [128,509ms] [Error] [omni.physx.plugin] PhysX error: PxRigidDynamic::setAngularVelocity: Body must be non-kinematic!, FILE /builds/omniverse/physics/physx/source/physx/src/NpRigidDynamic.cpp, LINE 284
2026-07-02T14:51:21Z [128,509ms] [Error] [omni.physx.plugin] PhysX error: PxRigidDynamic::setLinearVelocity: Body must be non-kinematic!, FILE /builds/omniverse/physics/physx/source/physx/src/NpRigidDynamic.cpp, LINE 251
2026-07-02T14:51:21Z [128,509ms] [Error] [omni.physx.plugin] PhysX error: PxRigidDynamic::setAngularVelocity: Body must be non-kinematic!, FILE /builds/omniverse/physics/physx/source/physx/src/NpRigidDynamic.cpp, LINE 284
2026-07-02T14:51:21Z [128,510ms] [Error] [omni.physx.plugin] PhysX error: PxRigidDynamic::setLinearVelocity: Body must be non-kinematic!, FILE /builds/omniverse/physics/physx/source/physx/src/NpRigidDynamic.cpp, LINE 251
2026-07-02T14:51:21Z [128,510ms] [Error] [omni.physx.plugin] PhysX error: PxRigidDynamic::setAngularVelocity: Body must be non-kinematic!, FILE /builds/omniverse/physics/physx/source/physx/src/NpRigidDynamic.cpp, LINE 284
2026-07-02T14:51:21Z [128,510ms] [Error] [omni.physx.plugin] PhysX error: PxRigidDynamic::setLinearVelocity: Body must be non-kinematic!, FILE /builds/omniverse/physics/physx/source/physx/src/NpRigidDynamic.cpp, LINE 251
2026-07-02T14:51:21Z [128,510ms] [Error] [omni.physx.plugin] PhysX error: PxRigidDynamic::setAngularVelocity: Body must be non-kinematic!, FILE /builds/omniverse/physics/physx/source/physx/src/NpRigidDynamic.cpp, LINE 284
2026-07-02T14:51:21Z [128,511ms] [Error] [omni.physx.plugin] PhysX error: PxRigidDynamic::setLinearVelocity: Body must be non-kinematic!, FILE /builds/omniverse/physics/physx/source/physx/src/NpRigidDynamic.cpp, LINE 251
2026-07-02T14:51:21Z [128,511ms] [Error] [omni.physx.plugin] PhysX error: PxRigidDynamic::setAngularVelocity: Body must be non-kinematic!, FILE /builds/omniverse/physics/physx/source/physx/src/NpRigidDynamic.cpp, LINE 284
2026-07-02T14:51:21Z [128,512ms] [Error] [omni.physx.plugin] PhysX error: PxRigidDynamic::setLinearVelocity: Body must be non-kinematic!, FILE /builds/omniverse/physics/physx/source/physx/src/NpRigidDynamic.cpp, LINE 251
2026-07-02T14:51:21Z [128,512ms] [Error] [omni.physx.plugin] PhysX error: PxRigidDynamic::setAngularVelocity: Body must be non-kinematic!, FILE /builds/omniverse/physics/physx/source/physx/src/NpRigidDynamic.cpp, LINE 284
2026-07-02T14:51:21Z [128,512ms] [Error] [omni.physx.plugin] PhysX error: PxRigidDynamic::setLinearVelocity: Body must be non-kinematic!, FILE /builds/omniverse/physics/physx/source/physx/src/NpRigidDynamic.cpp, LINE 251
2026-07-02T14:51:21Z [128,512ms] [Error] [omni.physx.plugin] PhysX error: PxRigidDynamic::setAngularVelocity: Body must be non-kinematic!, FILE /builds/omniverse/physics/physx/source/physx/src/NpRigidDynamic.cpp, LINE 284
2026-07-02T14:51:21Z [128,513ms] [Error] [omni.physx.plugin] PhysX error: PxRigidDynamic::setLinearVelocity: Body must be non-kinematic!, FILE /builds/omniverse/physics/physx/source/physx/src/NpRigidDynamic.cpp, LINE 251
2026-07-02T14:51:21Z [128,513ms] [Error] [omni.physx.plugin] PhysX error: PxRigidDynamic::setAngularVelocity: Body must be non-kinematic!, FILE /builds/omniverse/physics/physx/source/physx/src/NpRigidDynamic.cpp, LINE 284
2026-07-02T14:51:21Z [128,513ms] [Error] [omni.physx.plugin] PhysX error: PxRigidDynamic::setLinearVelocity: Body must be non-kinematic!, FILE /builds/omniverse/physics/physx/source/physx/src/NpRigidDynamic.cpp, LINE 251
2026-07-02T14:51:21Z [128,513ms] [Error] [omni.physx.plugin] PhysX error: PxRigidDynamic::setAngularVelocity: Body must be non-kinematic!, FILE /builds/omniverse/physics/physx/source/physx/src/NpRigidDynamic.cpp, LINE 284
2026-07-02T14:51:21Z [128,514ms] [Error] [omni.physx.plugin] PhysX error: PxRigidDynamic::setLinearVelocity: Body must be non-kinematic!, FILE /builds/omniverse/physics/physx/source/physx/src/NpRigidDynamic.cpp, LINE 251
2026-07-02T14:51:21Z [128,514ms] [Error] [omni.physx.plugin] PhysX error: PxRigidDynamic::setAngularVelocity: Body must be non-kinematic!, FILE /builds/omniverse/physics/physx/source/physx/src/NpRigidDynamic.cpp, LINE 284
2026-07-02T14:51:21Z [128,514ms] [Error] [omni.physx.plugin] PhysX error: PxRigidDynamic::setLinearVelocity: Body must be non-kinematic!, FILE /builds/omniverse/physics/physx/source/physx/src/NpRigidDynamic.cpp, LINE 251
2026-07-02T14:51:21Z [128,515ms] [Error] [omni.physx.plugin] PhysX error: PxRigidDynamic::setAngularVelocity: Body must be non-kinematic!, FILE /builds/omniverse/physics/physx/source/physx/src/NpRigidDynamic.cpp, LINE 284
2026-07-02T14:51:21Z [128,515ms] [Error] [omni.physx.plugin] PhysX error: PxRigidDynamic::setLinearVelocity: Body must be non-kinematic!, FILE /builds/omniverse/physics/physx/source/physx/src/NpRigidDynamic.cpp, LINE 251
2026-07-02T14:51:21Z [128,515ms] [Error] [omni.physx.plugin] PhysX error: PxRigidDynamic::setAngularVelocity: Body must be non-kinematic!, FILE /builds/omniverse/physics/physx/source/physx/src/NpRigidDynamic.cpp, LINE 284
2026-07-02T14:51:21Z [128,516ms] [Error] [omni.physx.plugin] PhysX error: PxRigidDynamic::setLinearVelocity: Body must be non-kinematic!, FILE /builds/omniverse/physics/physx/source/physx/src/NpRigidDynamic.cpp, LINE 251
2026-07-02T14:51:21Z [128,516ms] [Error] [omni.physx.plugin] PhysX error: PxRigidDynamic::setAngularVelocity: Body must be non-kinematic!, FILE /builds/omniverse/physics/physx/source/physx/src/NpRigidDynamic.cpp, LINE 284
2026-07-02T14:51:21Z [128,516ms] [Error] [omni.physx.plugin] PhysX error: PxRigidDynamic::setLinearVelocity: Body must be non-kinematic!, FILE /builds/omniverse/physics/physx/source/physx/src/NpRigidDynamic.cpp, LINE 251
2026-07-02T14:51:21Z [128,516ms] [Error] [omni.physx.plugin] PhysX error: PxRigidDynamic::setAngularVelocity: Body must be non-kinematic!, FILE /builds/omniverse/physics/physx/source/physx/src/NpRigidDynamic.cpp, LINE 284
2026-07-02T14:51:21Z [128,517ms] [Error] [omni.physx.plugin] PhysX error: PxRigidDynamic::setLinearVelocity: Body must be non-kinematic!, FILE /builds/omniverse/physics/physx/source/physx/src/NpRigidDynamic.cpp, LINE 251
2026-07-02T14:51:21Z [128,517ms] [Error] [omni.physx.plugin] PhysX error: PxRigidDynamic::setAngularVelocity: Body must be non-kinematic!, FILE /builds/omniverse/physics/physx/source/physx/src/NpRigidDynamic.cpp, LINE 284
2026-07-02T14:51:21Z [128,518ms] [Error] [omni.physx.plugin] PhysX error: PxRigidDynamic::setLinearVelocity: Body must be non-kinematic!, FILE /builds/omniverse/physics/physx/source/physx/src/NpRigidDynamic.cpp, LINE 251
2026-07-02T14:51:21Z [128,518ms] [Error] [omni.physx.plugin] PhysX error: PxRigidDynamic::setAngularVelocity: Body must be non-kinematic!, FILE /builds/omniverse/physics/physx/source/physx/src/NpRigidDynamic.cpp, LINE 284
2026-07-02T14:51:21Z [128,520ms] [Error] [omni.physx.plugin] PhysX error: PxRigidDynamic::setLinearVelocity: Body must be non-kinematic!, FILE /builds/omniverse/physics/physx/source/physx/src/NpRigidDynamic.cpp, LINE 251
2026-07-02T14:51:21Z [128,520ms] [Error] [omni.physx.plugin] PhysX error: PxRigidDynamic::setAngularVelocity: Body must be non-kinematic!, FILE /builds/omniverse/physics/physx/source/physx/src/NpRigidDynamic.cpp, LINE 284
2026-07-02T14:51:21Z [128,521ms] [Error] [omni.physx.plugin] PhysX error: PxRigidDynamic::setLinearVelocity: Body must be non-kinematic!, FILE /builds/omniverse/physics/physx/source/physx/src/NpRigidDynamic.cpp, LINE 251
2026-07-02T14:51:21Z [128,521ms] [Error] [omni.physx.plugin] PhysX error: PxRigidDynamic::setAngularVelocity: Body must be non-kinematic!, FILE /builds/omniverse/physics/physx/source/physx/src/NpRigidDynamic.cpp, LINE 284
2026-07-02T14:51:21Z [128,521ms] [Error] [omni.physx.plugin] PhysX error: PxRigidDynamic::setLinearVelocity: Body must be non-kinematic!, FILE /builds/omniverse/physics/physx/source/physx/src/NpRigidDynamic.cpp, LINE 251
2026-07-02T14:51:21Z [128,521ms] [Error] [omni.physx.plugin] PhysX error: PxRigidDynamic::setAngularVelocity: Body must be non-kinematic!, FILE /builds/omniverse/physics/physx/source/physx/src/NpRigidDynamic.cpp, LINE 284
2026-07-02T14:51:21Z [128,522ms] [Error] [omni.physx.plugin] PhysX error: PxRigidDynamic::setLinearVelocity: Body must be non-kinematic!, FILE /builds/omniverse/physics/physx/source/physx/src/NpRigidDynamic.cpp, LINE 251
2026-07-02T14:51:21Z [128,522ms] [Error] [omni.physx.plugin] PhysX error: PxRigidDynamic::setAngularVelocity: Body must be non-kinematic!, FILE /builds/omniverse/physics/physx/source/physx/src/NpRigidDynamic.cpp, LINE 284
2026-07-02T14:51:21Z [128,522ms] [Error] [omni.physx.plugin] PhysX error: PxRigidDynamic::setLinearVelocity: Body must be non-kinematic!, FILE /builds/omniverse/physics/physx/source/physx/src/NpRigidDynamic.cpp, LINE 251
2026-07-02T14:51:21Z [128,523ms] [Error] [omni.physx.plugin] PhysX error: PxRigidDynamic::setAngularVelocity: Body must be non-kinematic!, FILE /builds/omniverse/physics/physx/source/physx/src/NpRigidDynamic.cpp, LINE 284
2026-07-02T14:51:21Z [128,523ms] [Error] [omni.physx.plugin] PhysX error: PxRigidDynamic::setLinearVelocity: Body must be non-kinematic!, FILE /builds/omniverse/physics/physx/source/physx/src/NpRigidDynamic.cpp, LINE 251
2026-07-02T14:51:21Z [128,524ms] [Error] [omni.physx.plugin] PhysX error: PxRigidDynamic::setAngularVelocity: Body must be non-kinematic!, FILE /builds/omniverse/physics/physx/source/physx/src/NpRigidDynamic.cpp, LINE 284
2026-07-02T14:51:21Z [128,524ms] [Error] [omni.physx.plugin] PhysX error: PxRigidDynamic::setLinearVelocity: Body must be non-kinematic!, FILE /builds/omniverse/physics/physx/source/physx/src/NpRigidDynamic.cpp, LINE 251
2026-07-02T14:51:21Z [128,524ms] [Error] [omni.physx.plugin] PhysX error: PxRigidDynamic::setAngularVelocity: Body must be non-kinematic!, FILE /builds/omniverse/physics/physx/source/physx/src/NpRigidDynamic.cpp, LINE 284
2026-07-02T14:51:21Z [128,525ms] [Error] [omni.physx.plugin] PhysX error: PxRigidDynamic::setLinearVelocity: Body must be non-kinematic!, FILE /builds/omniverse/physics/physx/source/physx/src/NpRigidDynamic.cpp, LINE 251
2026-07-02T14:51:21Z [128,525ms] [Error] [omni.physx.plugin] PhysX error: PxRigidDynamic::setAngularVelocity: Body must be non-kinematic!, FILE /builds/omniverse/physics/physx/source/physx/src/NpRigidDynamic.cpp, LINE 284
2026-07-02T14:51:21Z [128,525ms] [Error] [omni.physx.plugin] PhysX error: PxRigidDynamic::setLinearVelocity: Body must be non-kinematic!, FILE /builds/omniverse/physics/physx/source/physx/src/NpRigidDynamic.cpp, LINE 251
2026-07-02T14:51:21Z [128,525ms] [Error] [omni.physx.plugin] PhysX error: PxRigidDynamic::setAngularVelocity: Body must be non-kinematic!, FILE /builds/omniverse/physics/physx/source/physx/src/NpRigidDynamic.cpp, LINE 284
2026-07-02T14:51:21Z [128,526ms] [Error] [omni.physx.plugin] PhysX error: PxRigidDynamic::setLinearVelocity: Body must be non-kinematic!, FILE /builds/omniverse/physics/physx/source/physx/src/NpRigidDynamic.cpp, LINE 251
2026-07-02T14:51:21Z [128,526ms] [Error] [omni.physx.plugin] PhysX error: PxRigidDynamic::setAngularVelocity: Body must be non-kinematic!, FILE /builds/omniverse/physics/physx/source/physx/src/NpRigidDynamic.cpp, LINE 284
2026-07-02T14:51:21Z [128,526ms] [Error] [omni.physx.plugin] PhysX error: PxRigidDynamic::setLinearVelocity: Body must be non-kinematic!, FILE /builds/omniverse/physics/physx/source/physx/src/NpRigidDynamic.cpp, LINE 251
2026-07-02T14:51:21Z [128,526ms] [Error] [omni.physx.plugin] PhysX error: PxRigidDynamic::setAngularVelocity: Body must be non-kinematic!, FILE /builds/omniverse/physics/physx/source/physx/src/NpRigidDynamic.cpp, LINE 284
2026-07-02T14:51:21Z [128,527ms] [Error] [omni.physx.plugin] PhysX error: PxRigidDynamic::setLinearVelocity: Body must be non-kinematic!, FILE /builds/omniverse/physics/physx/source/physx/src/NpRigidDynamic.cpp, LINE 251
2026-07-02T14:51:21Z [128,527ms] [Error] [omni.physx.plugin] PhysX error: PxRigidDynamic::setAngularVelocity: Body must be non-kinematic!, FILE /builds/omniverse/physics/physx/source/physx/src/NpRigidDynamic.cpp, LINE 284
2026-07-02T14:51:21Z [128,528ms] [Error] [omni.physx.plugin] PhysX error: PxRigidDynamic::setLinearVelocity: Body must be non-kinematic!, FILE /builds/omniverse/physics/physx/source/physx/src/NpRigidDynamic.cpp, LINE 251
2026-07-02T14:51:21Z [128,528ms] [Error] [omni.physx.plugin] PhysX error: PxRigidDynamic::setAngularVelocity: Body must be non-kinematic!, FILE /builds/omniverse/physics/physx/source/physx/src/NpRigidDynamic.cpp, LINE 284
2026-07-02T14:51:21Z [128,528ms] [Error] [omni.physx.plugin] PhysX error: PxRigidDynamic::setLinearVelocity: Body must be non-kinematic!, FILE /builds/omniverse/physics/physx/source/physx/src/NpRigidDynamic.cpp, LINE 251
2026-07-02T14:51:21Z [128,528ms] [Error] [omni.physx.plugin] PhysX error: PxRigidDynamic::setAngularVelocity: Body must be non-kinematic!, FILE /builds/omniverse/physics/physx/source/physx/src/NpRigidDynamic.cpp, LINE 284
2026-07-02T14:51:21Z [128,539ms] [Error] [omni.physx.plugin] PhysX error: PxRigidDynamic::setLinearVelocity: Body must be non-kinematic!, FILE /builds/omniverse/physics/physx/source/physx/src/NpRigidDynamic.cpp, LINE 251
2026-07-02T14:51:21Z [128,539ms] [Error] [omni.physx.plugin] PhysX error: PxRigidDynamic::setAngularVelocity: Body must be non-kinematic!, FILE /builds/omniverse/physics/physx/source/physx/src/NpRigidDynamic.cpp, LINE 284
2026-07-02T14:51:21Z [128,540ms] [Error] [omni.physx.plugin] PhysX error: PxRigidDynamic::setLinearVelocity: Body must be non-kinematic!, FILE /builds/omniverse/physics/physx/source/physx/src/NpRigidDynamic.cpp, LINE 251
2026-07-02T14:51:21Z [128,540ms] [Error] [omni.physx.plugin] PhysX error: PxRigidDynamic::setAngularVelocity: Body must be non-kinematic!, FILE /builds/omniverse/physics/physx/source/physx/src/NpRigidDynamic.cpp, LINE 284
2026-07-02T14:51:21Z [128,540ms] [Error] [omni.physx.plugin] PhysX error: PxRigidDynamic::setLinearVelocity: Body must be non-kinematic!, FILE /builds/omniverse/physics/physx/source/physx/src/NpRigidDynamic.cpp, LINE 251
2026-07-02T14:51:21Z [128,540ms] [Error] [omni.physx.plugin] PhysX error: PxRigidDynamic::setAngularVelocity: Body must be non-kinematic!, FILE /builds/omniverse/physics/physx/source/physx/src/NpRigidDynamic.cpp, LINE 284
2026-07-02T14:51:21Z [128,541ms] [Error] [omni.physx.plugin] PhysX error: PxRigidDynamic::setLinearVelocity: Body must be non-kinematic!, FILE /builds/omniverse/physics/physx/source/physx/src/NpRigidDynamic.cpp, LINE 251
2026-07-02T14:51:21Z [128,541ms] [Error] [omni.physx.plugin] PhysX error: PxRigidDynamic::setAngularVelocity: Body must be non-kinematic!, FILE /builds/omniverse/physics/physx/source/physx/src/NpRigidDynamic.cpp, LINE 284
2026-07-02T14:51:21Z [128,541ms] [Error] [omni.physx.plugin] PhysX error: PxRigidDynamic::setLinearVelocity: Body must be non-kinematic!, FILE /builds/omniverse/physics/physx/source/physx/src/NpRigidDynamic.cpp, LINE 251
2026-07-02T14:51:21Z [128,541ms] [Error] [omni.physx.plugin] PhysX error: PxRigidDynamic::setAngularVelocity: Body must be non-kinematic!, FILE /builds/omniverse/physics/physx/source/physx/src/NpRigidDynamic.cpp, LINE 284
2026-07-02T14:51:21Z [128,542ms] [Error] [omni.physx.plugin] PhysX error: PxRigidDynamic::setLinearVelocity: Body must be non-kinematic!, FILE /builds/omniverse/physics/physx/source/physx/src/NpRigidDynamic.cpp, LINE 251
2026-07-02T14:51:21Z [128,542ms] [Error] [omni.physx.plugin] PhysX error: PxRigidDynamic::setAngularVelocity: Body must be non-kinematic!, FILE /builds/omniverse/physics/physx/source/physx/src/NpRigidDynamic.cpp, LINE 284
2026-07-02T14:51:21Z [128,542ms] [Error] [omni.physx.plugin] PhysX error: PxRigidDynamic::setLinearVelocity: Body must be non-kinematic!, FILE /builds/omniverse/physics/physx/source/physx/src/NpRigidDynamic.cpp, LINE 251
2026-07-02T14:51:21Z [128,542ms] [Error] [omni.physx.plugin] PhysX error: PxRigidDynamic::setAngularVelocity: Body must be non-kinematic!, FILE /builds/omniverse/physics/physx/source/physx/src/NpRigidDynamic.cpp, LINE 284
2026-07-02T14:51:21Z [128,543ms] [Error] [omni.physx.plugin] PhysX error: PxRigidDynamic::setLinearVelocity: Body must be non-kinematic!, FILE /builds/omniverse/physics/physx/source/physx/src/NpRigidDynamic.cpp, LINE 251
2026-07-02T14:51:21Z [128,543ms] [Error] [omni.physx.plugin] PhysX error: PxRigidDynamic::setAngularVelocity: Body must be non-kinematic!, FILE /builds/omniverse/physics/physx/source/physx/src/NpRigidDynamic.cpp, LINE 284
2026-07-02T14:51:21Z [128,543ms] [Error] [omni.physx.plugin] PhysX error: PxRigidDynamic::setLinearVelocity: Body must be non-kinematic!, FILE /builds/omniverse/physics/physx/source/physx/src/NpRigidDynamic.cpp, LINE 251
2026-07-02T14:51:21Z [128,543ms] [Error] [omni.physx.plugin] PhysX error: PxRigidDynamic::setAngularVelocity: Body must be non-kinematic!, FILE /builds/omniverse/physics/physx/source/physx/src/NpRigidDynamic.cpp, LINE 284
2026-07-02T14:51:21Z [128,544ms] [Error] [omni.physx.plugin] PhysX error: PxRigidDynamic::setLinearVelocity: Body must be non-kinematic!, FILE /builds/omniverse/physics/physx/source/physx/src/NpRigidDynamic.cpp, LINE 251
2026-07-02T14:51:21Z [128,544ms] [Error] [omni.physx.plugin] PhysX error: PxRigidDynamic::setAngularVelocity: Body must be non-kinematic!, FILE /builds/omniverse/physics/physx/source/physx/src/NpRigidDynamic.cpp, LINE 284
2026-07-02T14:51:21Z [128,544ms] [Error] [omni.physx.plugin] PhysX error: PxRigidDynamic::setLinearVelocity: Body must be non-kinematic!, FILE /builds/omniverse/physics/physx/source/physx/src/NpRigidDynamic.cpp, LINE 251
2026-07-02T14:51:21Z [128,544ms] [Error] [omni.physx.plugin] PhysX error: PxRigidDynamic::setAngularVelocity: Body must be non-kinematic!, FILE /builds/omniverse/physics/physx/source/physx/src/NpRigidDynamic.cpp, LINE 284
2026-07-02T14:51:21Z [128,545ms] [Error] [omni.physx.plugin] PhysX error: PxRigidDynamic::setLinearVelocity: Body must be non-kinematic!, FILE /builds/omniverse/physics/physx/source/physx/src/NpRigidDynamic.cpp, LINE 251
2026-07-02T14:51:21Z [128,545ms] [Error] [omni.physx.plugin] PhysX error: PxRigidDynamic::setAngularVelocity: Body must be non-kinematic!, FILE /builds/omniverse/physics/physx/source/physx/src/NpRigidDynamic.cpp, LINE 284
2026-07-02T14:51:21Z [128,545ms] [Error] [omni.physx.plugin] PhysX error: PxRigidDynamic::setLinearVelocity: Body must be non-kinematic!, FILE /builds/omniverse/physics/physx/source/physx/src/NpRigidDynamic.cpp, LINE 251
2026-07-02T14:51:21Z [128,545ms] [Error] [omni.physx.plugin] PhysX error: PxRigidDynamic::setAngularVelocity: Body must be non-kinematic!, FILE /builds/omniverse/physics/physx/source/physx/src/NpRigidDynamic.cpp, LINE 284
2026-07-02T14:51:21Z [128,546ms] [Error] [omni.physx.plugin] PhysX error: PxRigidDynamic::setLinearVelocity: Body must be non-kinematic!, FILE /builds/omniverse/physics/physx/source/physx/src/NpRigidDynamic.cpp, LINE 251
2026-07-02T14:51:21Z [128,546ms] [Error] [omni.physx.plugin] PhysX error: PxRigidDynamic::setAngularVelocity: Body must be non-kinematic!, FILE /builds/omniverse/physics/physx/source/physx/src/NpRigidDynamic.cpp, LINE 284
2026-07-02T14:51:21Z [128,546ms] [Error] [omni.physx.plugin] PhysX error: PxRigidDynamic::setLinearVelocity: Body must be non-kinematic!, FILE /builds/omniverse/physics/physx/source/physx/src/NpRigidDynamic.cpp, LINE 251
2026-07-02T14:51:21Z [128,546ms] [Error] [omni.physx.plugin] PhysX error: PxRigidDynamic::setAngularVelocity: Body must be non-kinematic!, FILE /builds/omniverse/physics/physx/source/physx/src/NpRigidDynamic.cpp, LINE 284
2026-07-02T14:51:21Z [128,547ms] [Error] [omni.physx.plugin] PhysX error: PxRigidDynamic::setLinearVelocity: Body must be non-kinematic!, FILE /builds/omniverse/physics/physx/source/physx/src/NpRigidDynamic.cpp, LINE 251
2026-07-02T14:51:21Z [128,547ms] [Error] [omni.physx.plugin] PhysX error: PxRigidDynamic::setAngularVelocity: Body must be non-kinematic!, FILE /builds/omniverse/physics/physx/source/physx/src/NpRigidDynamic.cpp, LINE 284
2026-07-02T14:51:21Z [128,547ms] [Error] [omni.physx.plugin] PhysX error: PxRigidDynamic::setLinearVelocity: Body must be non-kinematic!, FILE /builds/omniverse/physics/physx/source/physx/src/NpRigidDynamic.cpp, LINE 251
2026-07-02T14:51:21Z [128,547ms] [Error] [omni.physx.plugin] PhysX error: PxRigidDynamic::setAngularVelocity: Body must be non-kinematic!, FILE /builds/omniverse/physics/physx/source/physx/src/NpRigidDynamic.cpp, LINE 284
2026-07-02T14:51:21Z [128,548ms] [Error] [omni.physx.plugin] PhysX error: PxRigidDynamic::setLinearVelocity: Body must be non-kinematic!, FILE /builds/omniverse/physics/physx/source/physx/src/NpRigidDynamic.cpp, LINE 251
2026-07-02T14:51:21Z [128,548ms] [Error] [omni.physx.plugin] PhysX error: PxRigidDynamic::setAngularVelocity: Body must be non-kinematic!, FILE /builds/omniverse/physics/physx/source/physx/src/NpRigidDynamic.cpp, LINE 284
2026-07-02T14:51:21Z [128,548ms] [Error] [omni.physx.plugin] PhysX error: PxRigidDynamic::setLinearVelocity: Body must be non-kinematic!, FILE /builds/omniverse/physics/physx/source/physx/src/NpRigidDynamic.cpp, LINE 251
2026-07-02T14:51:21Z [128,548ms] [Error] [omni.physx.plugin] PhysX error: PxRigidDynamic::setAngularVelocity: Body must be non-kinematic!, FILE /builds/omniverse/physics/physx/source/physx/src/NpRigidDynamic.cpp, LINE 284
2026-07-02T14:51:21Z [128,549ms] [Error] [omni.physx.plugin] PhysX error: PxRigidDynamic::setLinearVelocity: Body must be non-kinematic!, FILE /builds/omniverse/physics/physx/source/physx/src/NpRigidDynamic.cpp, LINE 251
2026-07-02T14:51:21Z [128,549ms] [Error] [omni.physx.plugin] PhysX error: PxRigidDynamic::setAngularVelocity: Body must be non-kinematic!, FILE /builds/omniverse/physics/physx/source/physx/src/NpRigidDynamic.cpp, LINE 284
2026-07-02T14:51:21Z [128,549ms] [Error] [omni.physx.plugin] PhysX error: PxRigidDynamic::setLinearVelocity: Body must be non-kinematic!, FILE /builds/omniverse/physics/physx/source/physx/src/NpRigidDynamic.cpp, LINE 251
2026-07-02T14:51:21Z [128,549ms] [Error] [omni.physx.plugin] PhysX error: PxRigidDynamic::setAngularVelocity: Body must be non-kinematic!, FILE /builds/omniverse/physics/physx/source/physx/src/NpRigidDynamic.cpp, LINE 284
2026-07-02T14:51:21Z [128,550ms] [Error] [omni.physx.plugin] PhysX error: PxRigidDynamic::setLinearVelocity: Body must be non-kinematic!, FILE /builds/omniverse/physics/physx/source/physx/src/NpRigidDynamic.cpp, LINE 251
2026-07-02T14:51:21Z [128,550ms] [Error] [omni.physx.plugin] PhysX error: PxRigidDynamic::setAngularVelocity: Body must be non-kinematic!, FILE /builds/omniverse/physics/physx/source/physx/src/NpRigidDynamic.cpp, LINE 284
2026-07-02T14:51:21Z [128,550ms] [Error] [omni.physx.plugin] PhysX error: PxRigidDynamic::setLinearVelocity: Body must be non-kinematic!, FILE /builds/omniverse/physics/physx/source/physx/src/NpRigidDynamic.cpp, LINE 251
2026-07-02T14:51:21Z [128,550ms] [Error] [omni.physx.plugin] PhysX error: PxRigidDynamic::setAngularVelocity: Body must be non-kinematic!, FILE /builds/omniverse/physics/physx/source/physx/src/NpRigidDynamic.cpp, LINE 284
2026-07-02T14:51:21Z [128,551ms] [Error] [omni.physx.plugin] PhysX error: PxRigidDynamic::setLinearVelocity: Body must be non-kinematic!, FILE /builds/omniverse/physics/physx/source/physx/src/NpRigidDynamic.cpp, LINE 251
2026-07-02T14:51:21Z [128,551ms] [Error] [omni.physx.plugin] PhysX error: PxRigidDynamic::setAngularVelocity: Body must be non-kinematic!, FILE /builds/omniverse/physics/physx/source/physx/src/NpRigidDynamic.cpp, LINE 284
2026-07-02T14:51:21Z [128,551ms] [Error] [omni.physx.plugin] PhysX error: PxRigidDynamic::setLinearVelocity: Body must be non-kinematic!, FILE /builds/omniverse/physics/physx/source/physx/src/NpRigidDynamic.cpp, LINE 251
2026-07-02T14:51:21Z [128,551ms] [Error] [omni.physx.plugin] PhysX error: PxRigidDynamic::setAngularVelocity: Body must be non-kinematic!, FILE /builds/omniverse/physics/physx/source/physx/src/NpRigidDynamic.cpp, LINE 284
2026-07-02T14:51:21Z [128,552ms] [Error] [omni.physx.plugin] PhysX error: PxRigidDynamic::setLinearVelocity: Body must be non-kinematic!, FILE /builds/omniverse/physics/physx/source/physx/src/NpRigidDynamic.cpp, LINE 251
2026-07-02T14:51:21Z [128,552ms] [Error] [omni.physx.plugin] PhysX error: PxRigidDynamic::setAngularVelocity: Body must be non-kinematic!, FILE /builds/omniverse/physics/physx/source/physx/src/NpRigidDynamic.cpp, LINE 284
2026-07-02T14:51:21Z [128,552ms] [Error] [omni.physx.plugin] PhysX error: PxRigidDynamic::setLinearVelocity: Body must be non-kinematic!, FILE /builds/omniverse/physics/physx/source/physx/src/NpRigidDynamic.cpp, LINE 251
2026-07-02T14:51:21Z [128,552ms] [Error] [omni.physx.plugin] PhysX error: PxRigidDynamic::setAngularVelocity: Body must be non-kinematic!, FILE /builds/omniverse/physics/physx/source/physx/src/NpRigidDynamic.cpp, LINE 284
2026-07-02T14:51:21Z [128,553ms] [Error] [omni.physx.plugin] PhysX error: PxRigidDynamic::setLinearVelocity: Body must be non-kinematic!, FILE /builds/omniverse/physics/physx/source/physx/src/NpRigidDynamic.cpp, LINE 251
2026-07-02T14:51:21Z [128,553ms] [Error] [omni.physx.plugin] PhysX error: PxRigidDynamic::setAngularVelocity: Body must be non-kinematic!, FILE /builds/omniverse/physics/physx/source/physx/src/NpRigidDynamic.cpp, LINE 284
2026-07-02T14:51:21Z [128,553ms] [Error] [omni.physx.plugin] PhysX error: PxRigidDynamic::setLinearVelocity: Body must be non-kinematic!, FILE /builds/omniverse/physics/physx/source/physx/src/NpRigidDynamic.cpp, LINE 251
2026-07-02T14:51:21Z [128,553ms] [Error] [omni.physx.plugin] PhysX error: PxRigidDynamic::setAngularVelocity: Body must be non-kinematic!, FILE /builds/omniverse/physics/physx/source/physx/src/NpRigidDynamic.cpp, LINE 284
2026-07-02T14:51:21Z [128,553ms] [Error] [omni.physx.plugin] PhysX error: PxRigidDynamic::setLinearVelocity: Body must be non-kinematic!, FILE /builds/omniverse/physics/physx/source/physx/src/NpRigidDynamic.cpp, LINE 251
2026-07-02T14:51:21Z [128,554ms] [Error] [omni.physx.plugin] PhysX error: PxRigidDynamic::setAngularVelocity: Body must be non-kinematic!, FILE /builds/omniverse/physics/physx/source/physx/src/NpRigidDynamic.cpp, LINE 284
2026-07-02T14:51:21Z [128,556ms] [Error] [omni.physx.plugin] PhysX error: PxRigidDynamic::setLinearVelocity: Body must be non-kinematic!, FILE /builds/omniverse/physics/physx/source/physx/src/NpRigidDynamic.cpp, LINE 251
2026-07-02T14:51:21Z [128,556ms] [Error] [omni.physx.plugin] PhysX error: PxRigidDynamic::setAngularVelocity: Body must be non-kinematic!, FILE /builds/omniverse/physics/physx/source/physx/src/NpRigidDynamic.cpp, LINE 284
2026-07-02T14:51:21Z [128,556ms] [Error] [omni.physx.plugin] PhysX error: PxRigidDynamic::setLinearVelocity: Body must be non-kinematic!, FILE /builds/omniverse/physics/physx/source/physx/src/NpRigidDynamic.cpp, LINE 251
2026-07-02T14:51:21Z [128,556ms] [Error] [omni.physx.plugin] PhysX error: PxRigidDynamic::setAngularVelocity: Body must be non-kinematic!, FILE /builds/omniverse/physics/physx/source/physx/src/NpRigidDynamic.cpp, LINE 284
2026-07-02T14:51:21Z [128,557ms] [Error] [omni.physx.plugin] PhysX error: PxRigidDynamic::setLinearVelocity: Body must be non-kinematic!, FILE /builds/omniverse/physics/physx/source/physx/src/NpRigidDynamic.cpp, LINE 251
2026-07-02T14:51:21Z [128,557ms] [Error] [omni.physx.plugin] PhysX error: PxRigidDynamic::setAngularVelocity: Body must be non-kinematic!, FILE /builds/omniverse/physics/physx/source/physx/src/NpRigidDynamic.cpp, LINE 284
2026-07-02T14:51:21Z [128,557ms] [Error] [omni.physx.plugin] PhysX error: PxRigidDynamic::setLinearVelocity: Body must be non-kinematic!, FILE /builds/omniverse/physics/physx/source/physx/src/NpRigidDynamic.cpp, LINE 251
2026-07-02T14:51:21Z [128,557ms] [Error] [omni.physx.plugin] PhysX error: PxRigidDynamic::setAngularVelocity: Body must be non-kinematic!, FILE /builds/omniverse/physics/physx/source/physx/src/NpRigidDynamic.cpp, LINE 284
2026-07-02T14:51:21Z [128,558ms] [Error] [omni.physx.plugin] PhysX error: PxRigidDynamic::setLinearVelocity: Body must be non-kinematic!, FILE /builds/omniverse/physics/physx/source/physx/src/NpRigidDynamic.cpp, LINE 251
2026-07-02T14:51:21Z [128,558ms] [Error] [omni.physx.plugin] PhysX error: PxRigidDynamic::setAngularVelocity: Body must be non-kinematic!, FILE /builds/omniverse/physics/physx/source/physx/src/NpRigidDynamic.cpp, LINE 284
2026-07-02T14:51:21Z [128,558ms] [Error] [omni.physx.plugin] PhysX error: PxRigidDynamic::setLinearVelocity: Body must be non-kinematic!, FILE /builds/omniverse/physics/physx/source/physx/src/NpRigidDynamic.cpp, LINE 251
2026-07-02T14:51:21Z [128,558ms] [Error] [omni.physx.plugin] PhysX error: PxRigidDynamic::setAngularVelocity: Body must be non-kinematic!, FILE /builds/omniverse/physics/physx/source/physx/src/NpRigidDynamic.cpp, LINE 284
2026-07-02T14:51:21Z [128,559ms] [Error] [omni.physx.plugin] PhysX error: PxRigidDynamic::setLinearVelocity: Body must be non-kinematic!, FILE /builds/omniverse/physics/physx/source/physx/src/NpRigidDynamic.cpp, LINE 251
2026-07-02T14:51:21Z [128,559ms] [Error] [omni.physx.plugin] PhysX error: PxRigidDynamic::setAngularVelocity: Body must be non-kinematic!, FILE /builds/omniverse/physics/physx/source/physx/src/NpRigidDynamic.cpp, LINE 284
2026-07-02T14:51:21Z [128,559ms] [Error] [omni.physx.plugin] PhysX error: PxRigidDynamic::setLinearVelocity: Body must be non-kinematic!, FILE /builds/omniverse/physics/physx/source/physx/src/NpRigidDynamic.cpp, LINE 251
2026-07-02T14:51:21Z [128,559ms] [Error] [omni.physx.plugin] PhysX error: PxRigidDynamic::setAngularVelocity: Body must be non-kinematic!, FILE /builds/omniverse/physics/physx/source/physx/src/NpRigidDynamic.cpp, LINE 284
2026-07-02T14:51:21Z [128,560ms] [Error] [omni.physx.plugin] PhysX error: PxRigidDynamic::setLinearVelocity: Body must be non-kinematic!, FILE /builds/omniverse/physics/physx/source/physx/src/NpRigidDynamic.cpp, LINE 251
2026-07-02T14:51:21Z [128,560ms] [Error] [omni.physx.plugin] PhysX error: PxRigidDynamic::setAngularVelocity: Body must be non-kinematic!, FILE /builds/omniverse/physics/physx/source/physx/src/NpRigidDynamic.cpp, LINE 284
2026-07-02T14:51:21Z [128,560ms] [Error] [omni.physx.plugin] PhysX error: PxRigidDynamic::setLinearVelocity: Body must be non-kinematic!, FILE /builds/omniverse/physics/physx/source/physx/src/NpRigidDynamic.cpp, LINE 251
2026-07-02T14:51:21Z [128,560ms] [Error] [omni.physx.plugin] PhysX error: PxRigidDynamic::setAngularVelocity: Body must be non-kinematic!, FILE /builds/omniverse/physics/physx/source/physx/src/NpRigidDynamic.cpp, LINE 284
2026-07-02T14:51:21Z [128,560ms] [Error] [omni.physx.plugin] PhysX error: PxRigidDynamic::setLinearVelocity: Body must be non-kinematic!, FILE /builds/omniverse/physics/physx/source/physx/src/NpRigidDynamic.cpp, LINE 251
2026-07-02T14:51:21Z [128,561ms] [Error] [omni.physx.plugin] PhysX error: PxRigidDynamic::setAngularVelocity: Body must be non-kinematic!, FILE /builds/omniverse/physics/physx/source/physx/src/NpRigidDynamic.cpp, LINE 284
2026-07-02T14:51:21Z [128,561ms] [Error] [omni.physx.plugin] PhysX error: PxRigidDynamic::setLinearVelocity: Body must be non-kinematic!, FILE /builds/omniverse/physics/physx/source/physx/src/NpRigidDynamic.cpp, LINE 251
2026-07-02T14:51:21Z [128,561ms] [Error] [omni.physx.plugin] PhysX error: PxRigidDynamic::setAngularVelocity: Body must be non-kinematic!, FILE /builds/omniverse/physics/physx/source/physx/src/NpRigidDynamic.cpp, LINE 284
2026-07-02T14:51:21Z [128,562ms] [Error] [omni.physx.plugin] PhysX error: PxRigidDynamic::setLinearVelocity: Body must be non-kinematic!, FILE /builds/omniverse/physics/physx/source/physx/src/NpRigidDynamic.cpp, LINE 251
2026-07-02T14:51:21Z [128,562ms] [Error] [omni.physx.plugin] PhysX error: PxRigidDynamic::setAngularVelocity: Body must be non-kinematic!, FILE /builds/omniverse/physics/physx/source/physx/src/NpRigidDynamic.cpp, LINE 284
2026-07-02T14:51:21Z [128,562ms] [Error] [omni.physx.plugin] PhysX error: PxRigidDynamic::setLinearVelocity: Body must be non-kinematic!, FILE /builds/omniverse/physics/physx/source/physx/src/NpRigidDynamic.cpp, LINE 251
2026-07-02T14:51:21Z [128,562ms] [Error] [omni.physx.plugin] PhysX error: PxRigidDynamic::setAngularVelocity: Body must be non-kinematic!, FILE /builds/omniverse/physics/physx/source/physx/src/NpRigidDynamic.cpp, LINE 284
2026-07-02T14:51:21Z [128,563ms] [Error] [omni.physx.plugin] PhysX error: PxRigidDynamic::setLinearVelocity: Body must be non-kinematic!, FILE /builds/omniverse/physics/physx/source/physx/src/NpRigidDynamic.cpp, LINE 251
2026-07-02T14:51:21Z [128,563ms] [Error] [omni.physx.plugin] PhysX error: PxRigidDynamic::setAngularVelocity: Body must be non-kinematic!, FILE /builds/omniverse/physics/physx/source/physx/src/NpRigidDynamic.cpp, LINE 284
2026-07-02T14:51:21Z [128,563ms] [Error] [omni.physx.plugin] PhysX error: PxRigidDynamic::setLinearVelocity: Body must be non-kinematic!, FILE /builds/omniverse/physics/physx/source/physx/src/NpRigidDynamic.cpp, LINE 251
2026-07-02T14:51:21Z [128,563ms] [Error] [omni.physx.plugin] PhysX error: PxRigidDynamic::setAngularVelocity: Body must be non-kinematic!, FILE /builds/omniverse/physics/physx/source/physx/src/NpRigidDynamic.cpp, LINE 284
2026-07-02T14:51:21Z [128,563ms] [Error] [omni.physx.plugin] PhysX error: PxRigidDynamic::setLinearVelocity: Body must be non-kinematic!, FILE /builds/omniverse/physics/physx/source/physx/src/NpRigidDynamic.cpp, LINE 251
2026-07-02T14:51:21Z [128,564ms] [Error] [omni.physx.plugin] PhysX error: PxRigidDynamic::setAngularVelocity: Body must be non-kinematic!, FILE /builds/omniverse/physics/physx/source/physx/src/NpRigidDynamic.cpp, LINE 284
2026-07-02T14:51:21Z [128,564ms] [Error] [omni.physx.plugin] PhysX error: PxRigidDynamic::setLinearVelocity: Body must be non-kinematic!, FILE /builds/omniverse/physics/physx/source/physx/src/NpRigidDynamic.cpp, LINE 251
2026-07-02T14:51:21Z [128,564ms] [Error] [omni.physx.plugin] PhysX error: PxRigidDynamic::setAngularVelocity: Body must be non-kinematic!, FILE /builds/omniverse/physics/physx/source/physx/src/NpRigidDynamic.cpp, LINE 284
2026-07-02T14:51:21Z [128,564ms] [Error] [omni.physx.plugin] PhysX error: PxRigidDynamic::setLinearVelocity: Body must be non-kinematic!, FILE /builds/omniverse/physics/physx/source/physx/src/NpRigidDynamic.cpp, LINE 251
2026-07-02T14:51:21Z [128,564ms] [Error] [omni.physx.plugin] PhysX error: PxRigidDynamic::setAngularVelocity: Body must be non-kinematic!, FILE /builds/omniverse/physics/physx/source/physx/src/NpRigidDynamic.cpp, LINE 284
2026-07-02T14:51:21Z [128,565ms] [Error] [omni.physx.plugin] PhysX error: PxRigidDynamic::setLinearVelocity: Body must be non-kinematic!, FILE /builds/omniverse/physics/physx/source/physx/src/NpRigidDynamic.cpp, LINE 251
2026-07-02T14:51:21Z [128,565ms] [Error] [omni.physx.plugin] PhysX error: PxRigidDynamic::setAngularVelocity: Body must be non-kinematic!, FILE /builds/omniverse/physics/physx/source/physx/src/NpRigidDynamic.cpp, LINE 284
[INFO] Pi0.5 episode 3 success=False mode=failure completed=False steps=3600 instruction='reach the onion'
[INFO] Starting Pi0.5 reaching episode 4: instruction='reach the onion', target_label='onion'
2026-07-02T14:52:00Z [168,365ms] [Error] [omni.physx.plugin] PhysX error: PxRigidDynamic::setLinearVelocity: Body must be non-kinematic!, FILE /builds/omniverse/physics/physx/source/physx/src/NpRigidDynamic.cpp, LINE 251
2026-07-02T14:52:00Z [168,365ms] [Error] [omni.physx.plugin] PhysX error: PxRigidDynamic::setAngularVelocity: Body must be non-kinematic!, FILE /builds/omniverse/physics/physx/source/physx/src/NpRigidDynamic.cpp, LINE 284
2026-07-02T14:52:00Z [168,365ms] [Error] [omni.physx.plugin] PhysX error: PxRigidDynamic::setLinearVelocity: Body must be non-kinematic!, FILE /builds/omniverse/physics/physx/source/physx/src/NpRigidDynamic.cpp, LINE 251
2026-07-02T14:52:00Z [168,366ms] [Error] [omni.physx.plugin] PhysX error: PxRigidDynamic::setAngularVelocity: Body must be non-kinematic!, FILE /builds/omniverse/physics/physx/source/physx/src/NpRigidDynamic.cpp, LINE 284
2026-07-02T14:52:00Z [168,366ms] [Error] [omni.physx.plugin] PhysX error: PxRigidDynamic::setLinearVelocity: Body must be non-kinematic!, FILE /builds/omniverse/physics/physx/source/physx/src/NpRigidDynamic.cpp, LINE 251
2026-07-02T14:52:00Z [168,366ms] [Error] [omni.physx.plugin] PhysX error: PxRigidDynamic::setAngularVelocity: Body must be non-kinematic!, FILE /builds/omniverse/physics/physx/source/physx/src/NpRigidDynamic.cpp, LINE 284
2026-07-02T14:52:00Z [168,367ms] [Error] [omni.physx.plugin] PhysX error: PxRigidDynamic::setLinearVelocity: Body must be non-kinematic!, FILE /builds/omniverse/physics/physx/source/physx/src/NpRigidDynamic.cpp, LINE 251
2026-07-02T14:52:00Z [168,367ms] [Error] [omni.physx.plugin] PhysX error: PxRigidDynamic::setAngularVelocity: Body must be non-kinematic!, FILE /builds/omniverse/physics/physx/source/physx/src/NpRigidDynamic.cpp, LINE 284
2026-07-02T14:52:00Z [168,367ms] [Error] [omni.physx.plugin] PhysX error: PxRigidDynamic::setLinearVelocity: Body must be non-kinematic!, FILE /builds/omniverse/physics/physx/source/physx/src/NpRigidDynamic.cpp, LINE 251
2026-07-02T14:52:00Z [168,367ms] [Error] [omni.physx.plugin] PhysX error: PxRigidDynamic::setAngularVelocity: Body must be non-kinematic!, FILE /builds/omniverse/physics/physx/source/physx/src/NpRigidDynamic.cpp, LINE 284
2026-07-02T14:52:00Z [168,368ms] [Error] [omni.physx.plugin] PhysX error: PxRigidDynamic::setLinearVelocity: Body must be non-kinematic!, FILE /builds/omniverse/physics/physx/source/physx/src/NpRigidDynamic.cpp, LINE 251
2026-07-02T14:52:00Z [168,368ms] [Error] [omni.physx.plugin] PhysX error: PxRigidDynamic::setAngularVelocity: Body must be non-kinematic!, FILE /builds/omniverse/physics/physx/source/physx/src/NpRigidDynamic.cpp, LINE 284
2026-07-02T14:52:00Z [168,369ms] [Error] [omni.physx.plugin] PhysX error: PxRigidDynamic::setLinearVelocity: Body must be non-kinematic!, FILE /builds/omniverse/physics/physx/source/physx/src/NpRigidDynamic.cpp, LINE 251
2026-07-02T14:52:00Z [168,369ms] [Error] [omni.physx.plugin] PhysX error: PxRigidDynamic::setAngularVelocity: Body must be non-kinematic!, FILE /builds/omniverse/physics/physx/source/physx/src/NpRigidDynamic.cpp, LINE 284
2026-07-02T14:52:00Z [168,369ms] [Error] [omni.physx.plugin] PhysX error: PxRigidDynamic::setLinearVelocity: Body must be non-kinematic!, FILE /builds/omniverse/physics/physx/source/physx/src/NpRigidDynamic.cpp, LINE 251
2026-07-02T14:52:00Z [168,369ms] [Error] [omni.physx.plugin] PhysX error: PxRigidDynamic::setAngularVelocity: Body must be non-kinematic!, FILE /builds/omniverse/physics/physx/source/physx/src/NpRigidDynamic.cpp, LINE 284
2026-07-02T14:52:00Z [168,370ms] [Error] [omni.physx.plugin] PhysX error: PxRigidDynamic::setLinearVelocity: Body must be non-kinematic!, FILE /builds/omniverse/physics/physx/source/physx/src/NpRigidDynamic.cpp, LINE 251
2026-07-02T14:52:00Z [168,370ms] [Error] [omni.physx.plugin] PhysX error: PxRigidDynamic::setAngularVelocity: Body must be non-kinematic!, FILE /builds/omniverse/physics/physx/source/physx/src/NpRigidDynamic.cpp, LINE 284
2026-07-02T14:52:00Z [168,370ms] [Error] [omni.physx.plugin] PhysX error: PxRigidDynamic::setLinearVelocity: Body must be non-kinematic!, FILE /builds/omniverse/physics/physx/source/physx/src/NpRigidDynamic.cpp, LINE 251
2026-07-02T14:52:00Z [168,370ms] [Error] [omni.physx.plugin] PhysX error: PxRigidDynamic::setAngularVelocity: Body must be non-kinematic!, FILE /builds/omniverse/physics/physx/source/physx/src/NpRigidDynamic.cpp, LINE 284
2026-07-02T14:52:00Z [168,371ms] [Error] [omni.physx.plugin] PhysX error: PxRigidDynamic::setLinearVelocity: Body must be non-kinematic!, FILE /builds/omniverse/physics/physx/source/physx/src/NpRigidDynamic.cpp, LINE 251
2026-07-02T14:52:00Z [168,371ms] [Error] [omni.physx.plugin] PhysX error: PxRigidDynamic::setAngularVelocity: Body must be non-kinematic!, FILE /builds/omniverse/physics/physx/source/physx/src/NpRigidDynamic.cpp, LINE 284
2026-07-02T14:52:00Z [168,371ms] [Error] [omni.physx.plugin] PhysX error: PxRigidDynamic::setLinearVelocity: Body must be non-kinematic!, FILE /builds/omniverse/physics/physx/source/physx/src/NpRigidDynamic.cpp, LINE 251
2026-07-02T14:52:00Z [168,372ms] [Error] [omni.physx.plugin] PhysX error: PxRigidDynamic::setAngularVelocity: Body must be non-kinematic!, FILE /builds/omniverse/physics/physx/source/physx/src/NpRigidDynamic.cpp, LINE 284
2026-07-02T14:52:00Z [168,372ms] [Error] [omni.physx.plugin] PhysX error: PxRigidDynamic::setLinearVelocity: Body must be non-kinematic!, FILE /builds/omniverse/physics/physx/source/physx/src/NpRigidDynamic.cpp, LINE 251
2026-07-02T14:52:00Z [168,372ms] [Error] [omni.physx.plugin] PhysX error: PxRigidDynamic::setAngularVelocity: Body must be non-kinematic!, FILE /builds/omniverse/physics/physx/source/physx/src/NpRigidDynamic.cpp, LINE 284
2026-07-02T14:52:00Z [168,374ms] [Error] [omni.physx.plugin] PhysX error: PxRigidDynamic::setLinearVelocity: Body must be non-kinematic!, FILE /builds/omniverse/physics/physx/source/physx/src/NpRigidDynamic.cpp, LINE 251
2026-07-02T14:52:00Z [168,374ms] [Error] [omni.physx.plugin] PhysX error: PxRigidDynamic::setAngularVelocity: Body must be non-kinematic!, FILE /builds/omniverse/physics/physx/source/physx/src/NpRigidDynamic.cpp, LINE 284
2026-07-02T14:52:00Z [168,375ms] [Error] [omni.physx.plugin] PhysX error: PxRigidDynamic::setLinearVelocity: Body must be non-kinematic!, FILE /builds/omniverse/physics/physx/source/physx/src/NpRigidDynamic.cpp, LINE 251
2026-07-02T14:52:00Z [168,375ms] [Error] [omni.physx.plugin] PhysX error: PxRigidDynamic::setAngularVelocity: Body must be non-kinematic!, FILE /builds/omniverse/physics/physx/source/physx/src/NpRigidDynamic.cpp, LINE 284
2026-07-02T14:52:00Z [168,376ms] [Error] [omni.physx.plugin] PhysX error: PxRigidDynamic::setLinearVelocity: Body must be non-kinematic!, FILE /builds/omniverse/physics/physx/source/physx/src/NpRigidDynamic.cpp, LINE 251
2026-07-02T14:52:00Z [168,376ms] [Error] [omni.physx.plugin] PhysX error: PxRigidDynamic::setAngularVelocity: Body must be non-kinematic!, FILE /builds/omniverse/physics/physx/source/physx/src/NpRigidDynamic.cpp, LINE 284
2026-07-02T14:52:00Z [168,376ms] [Error] [omni.physx.plugin] PhysX error: PxRigidDynamic::setLinearVelocity: Body must be non-kinematic!, FILE /builds/omniverse/physics/physx/source/physx/src/NpRigidDynamic.cpp, LINE 251
2026-07-02T14:52:00Z [168,376ms] [Error] [omni.physx.plugin] PhysX error: PxRigidDynamic::setAngularVelocity: Body must be non-kinematic!, FILE /builds/omniverse/physics/physx/source/physx/src/NpRigidDynamic.cpp, LINE 284
2026-07-02T14:52:00Z [168,377ms] [Error] [omni.physx.plugin] PhysX error: PxRigidDynamic::setLinearVelocity: Body must be non-kinematic!, FILE /builds/omniverse/physics/physx/source/physx/src/NpRigidDynamic.cpp, LINE 251
2026-07-02T14:52:00Z [168,377ms] [Error] [omni.physx.plugin] PhysX error: PxRigidDynamic::setAngularVelocity: Body must be non-kinematic!, FILE /builds/omniverse/physics/physx/source/physx/src/NpRigidDynamic.cpp, LINE 284
2026-07-02T14:52:00Z [168,377ms] [Error] [omni.physx.plugin] PhysX error: PxRigidDynamic::setLinearVelocity: Body must be non-kinematic!, FILE /builds/omniverse/physics/physx/source/physx/src/NpRigidDynamic.cpp, LINE 251
2026-07-02T14:52:00Z [168,377ms] [Error] [omni.physx.plugin] PhysX error: PxRigidDynamic::setAngularVelocity: Body must be non-kinematic!, FILE /builds/omniverse/physics/physx/source/physx/src/NpRigidDynamic.cpp, LINE 284
2026-07-02T14:52:00Z [168,378ms] [Error] [omni.physx.plugin] PhysX error: PxRigidDynamic::setLinearVelocity: Body must be non-kinematic!, FILE /builds/omniverse/physics/physx/source/physx/src/NpRigidDynamic.cpp, LINE 251
2026-07-02T14:52:00Z [168,378ms] [Error] [omni.physx.plugin] PhysX error: PxRigidDynamic::setAngularVelocity: Body must be non-kinematic!, FILE /builds/omniverse/physics/physx/source/physx/src/NpRigidDynamic.cpp, LINE 284
2026-07-02T14:52:00Z [168,378ms] [Error] [omni.physx.plugin] PhysX error: PxRigidDynamic::setLinearVelocity: Body must be non-kinematic!, FILE /builds/omniverse/physics/physx/source/physx/src/NpRigidDynamic.cpp, LINE 251
2026-07-02T14:52:00Z [168,379ms] [Error] [omni.physx.plugin] PhysX error: PxRigidDynamic::setAngularVelocity: Body must be non-kinematic!, FILE /builds/omniverse/physics/physx/source/physx/src/NpRigidDynamic.cpp, LINE 284
2026-07-02T14:52:00Z [168,379ms] [Error] [omni.physx.plugin] PhysX error: PxRigidDynamic::setLinearVelocity: Body must be non-kinematic!, FILE /builds/omniverse/physics/physx/source/physx/src/NpRigidDynamic.cpp, LINE 251
2026-07-02T14:52:00Z [168,379ms] [Error] [omni.physx.plugin] PhysX error: PxRigidDynamic::setAngularVelocity: Body must be non-kinematic!, FILE /builds/omniverse/physics/physx/source/physx/src/NpRigidDynamic.cpp, LINE 284
2026-07-02T14:52:00Z [168,380ms] [Error] [omni.physx.plugin] PhysX error: PxRigidDynamic::setLinearVelocity: Body must be non-kinematic!, FILE /builds/omniverse/physics/physx/source/physx/src/NpRigidDynamic.cpp, LINE 251
2026-07-02T14:52:00Z [168,380ms] [Error] [omni.physx.plugin] PhysX error: PxRigidDynamic::setAngularVelocity: Body must be non-kinematic!, FILE /builds/omniverse/physics/physx/source/physx/src/NpRigidDynamic.cpp, LINE 284
2026-07-02T14:52:00Z [168,380ms] [Error] [omni.physx.plugin] PhysX error: PxRigidDynamic::setLinearVelocity: Body must be non-kinematic!, FILE /builds/omniverse/physics/physx/source/physx/src/NpRigidDynamic.cpp, LINE 251
2026-07-02T14:52:00Z [168,380ms] [Error] [omni.physx.plugin] PhysX error: PxRigidDynamic::setAngularVelocity: Body must be non-kinematic!, FILE /builds/omniverse/physics/physx/source/physx/src/NpRigidDynamic.cpp, LINE 284
2026-07-02T14:52:00Z [168,381ms] [Error] [omni.physx.plugin] PhysX error: PxRigidDynamic::setLinearVelocity: Body must be non-kinematic!, FILE /builds/omniverse/physics/physx/source/physx/src/NpRigidDynamic.cpp, LINE 251
2026-07-02T14:52:00Z [168,381ms] [Error] [omni.physx.plugin] PhysX error: PxRigidDynamic::setAngularVelocity: Body must be non-kinematic!, FILE /builds/omniverse/physics/physx/source/physx/src/NpRigidDynamic.cpp, LINE 284
2026-07-02T14:52:00Z [168,381ms] [Error] [omni.physx.plugin] PhysX error: PxRigidDynamic::setLinearVelocity: Body must be non-kinematic!, FILE /builds/omniverse/physics/physx/source/physx/src/NpRigidDynamic.cpp, LINE 251
2026-07-02T14:52:00Z [168,381ms] [Error] [omni.physx.plugin] PhysX error: PxRigidDynamic::setAngularVelocity: Body must be non-kinematic!, FILE /builds/omniverse/physics/physx/source/physx/src/NpRigidDynamic.cpp, LINE 284
2026-07-02T14:52:00Z [168,382ms] [Error] [omni.physx.plugin] PhysX error: PxRigidDynamic::setLinearVelocity: Body must be non-kinematic!, FILE /builds/omniverse/physics/physx/source/physx/src/NpRigidDynamic.cpp, LINE 251
2026-07-02T14:52:00Z [168,382ms] [Error] [omni.physx.plugin] PhysX error: PxRigidDynamic::setAngularVelocity: Body must be non-kinematic!, FILE /builds/omniverse/physics/physx/source/physx/src/NpRigidDynamic.cpp, LINE 284
2026-07-02T14:52:00Z [168,383ms] [Error] [omni.physx.plugin] PhysX error: PxRigidDynamic::setLinearVelocity: Body must be non-kinematic!, FILE /builds/omniverse/physics/physx/source/physx/src/NpRigidDynamic.cpp, LINE 251
2026-07-02T14:52:00Z [168,383ms] [Error] [omni.physx.plugin] PhysX error: PxRigidDynamic::setAngularVelocity: Body must be non-kinematic!, FILE /builds/omniverse/physics/physx/source/physx/src/NpRigidDynamic.cpp, LINE 284
2026-07-02T14:52:00Z [168,383ms] [Error] [omni.physx.plugin] PhysX error: PxRigidDynamic::setLinearVelocity: Body must be non-kinematic!, FILE /builds/omniverse/physics/physx/source/physx/src/NpRigidDynamic.cpp, LINE 251
2026-07-02T14:52:00Z [168,383ms] [Error] [omni.physx.plugin] PhysX error: PxRigidDynamic::setAngularVelocity: Body must be non-kinematic!, FILE /builds/omniverse/physics/physx/source/physx/src/NpRigidDynamic.cpp, LINE 284
2026-07-02T14:52:00Z [168,384ms] [Error] [omni.physx.plugin] PhysX error: PxRigidDynamic::setLinearVelocity: Body must be non-kinematic!, FILE /builds/omniverse/physics/physx/source/physx/src/NpRigidDynamic.cpp, LINE 251
2026-07-02T14:52:00Z [168,384ms] [Error] [omni.physx.plugin] PhysX error: PxRigidDynamic::setAngularVelocity: Body must be non-kinematic!, FILE /builds/omniverse/physics/physx/source/physx/src/NpRigidDynamic.cpp, LINE 284
2026-07-02T14:52:00Z [168,385ms] [Error] [omni.physx.plugin] PhysX error: PxRigidDynamic::setLinearVelocity: Body must be non-kinematic!, FILE /builds/omniverse/physics/physx/source/physx/src/NpRigidDynamic.cpp, LINE 251
2026-07-02T14:52:00Z [168,385ms] [Error] [omni.physx.plugin] PhysX error: PxRigidDynamic::setAngularVelocity: Body must be non-kinematic!, FILE /builds/omniverse/physics/physx/source/physx/src/NpRigidDynamic.cpp, LINE 284
2026-07-02T14:52:00Z [168,385ms] [Error] [omni.physx.plugin] PhysX error: PxRigidDynamic::setLinearVelocity: Body must be non-kinematic!, FILE /builds/omniverse/physics/physx/source/physx/src/NpRigidDynamic.cpp, LINE 251
2026-07-02T14:52:00Z [168,385ms] [Error] [omni.physx.plugin] PhysX error: PxRigidDynamic::setAngularVelocity: Body must be non-kinematic!, FILE /builds/omniverse/physics/physx/source/physx/src/NpRigidDynamic.cpp, LINE 284
2026-07-02T14:52:00Z [168,386ms] [Error] [omni.physx.plugin] PhysX error: PxRigidDynamic::setLinearVelocity: Body must be non-kinematic!, FILE /builds/omniverse/physics/physx/source/physx/src/NpRigidDynamic.cpp, LINE 251
2026-07-02T14:52:00Z [168,386ms] [Error] [omni.physx.plugin] PhysX error: PxRigidDynamic::setAngularVelocity: Body must be non-kinematic!, FILE /builds/omniverse/physics/physx/source/physx/src/NpRigidDynamic.cpp, LINE 284
2026-07-02T14:52:00Z [168,386ms] [Error] [omni.physx.plugin] PhysX error: PxRigidDynamic::setLinearVelocity: Body must be non-kinematic!, FILE /builds/omniverse/physics/physx/source/physx/src/NpRigidDynamic.cpp, LINE 251
2026-07-02T14:52:00Z [168,386ms] [Error] [omni.physx.plugin] PhysX error: PxRigidDynamic::setAngularVelocity: Body must be non-kinematic!, FILE /builds/omniverse/physics/physx/source/physx/src/NpRigidDynamic.cpp, LINE 284
2026-07-02T14:52:00Z [168,387ms] [Error] [omni.physx.plugin] PhysX error: PxRigidDynamic::setLinearVelocity: Body must be non-kinematic!, FILE /builds/omniverse/physics/physx/source/physx/src/NpRigidDynamic.cpp, LINE 251
2026-07-02T14:52:00Z [168,387ms] [Error] [omni.physx.plugin] PhysX error: PxRigidDynamic::setAngularVelocity: Body must be non-kinematic!, FILE /builds/omniverse/physics/physx/source/physx/src/NpRigidDynamic.cpp, LINE 284
2026-07-02T14:52:00Z [168,388ms] [Error] [omni.physx.plugin] PhysX error: PxRigidDynamic::setLinearVelocity: Body must be non-kinematic!, FILE /builds/omniverse/physics/physx/source/physx/src/NpRigidDynamic.cpp, LINE 251
2026-07-02T14:52:00Z [168,388ms] [Error] [omni.physx.plugin] PhysX error: PxRigidDynamic::setAngularVelocity: Body must be non-kinematic!, FILE /builds/omniverse/physics/physx/source/physx/src/NpRigidDynamic.cpp, LINE 284
2026-07-02T14:52:00Z [168,388ms] [Error] [omni.physx.plugin] PhysX error: PxRigidDynamic::setLinearVelocity: Body must be non-kinematic!, FILE /builds/omniverse/physics/physx/source/physx/src/NpRigidDynamic.cpp, LINE 251
2026-07-02T14:52:00Z [168,388ms] [Error] [omni.physx.plugin] PhysX error: PxRigidDynamic::setAngularVelocity: Body must be non-kinematic!, FILE /builds/omniverse/physics/physx/source/physx/src/NpRigidDynamic.cpp, LINE 284
2026-07-02T14:52:00Z [168,390ms] [Error] [omni.physx.plugin] PhysX error: PxRigidDynamic::setLinearVelocity: Body must be non-kinematic!, FILE /builds/omniverse/physics/physx/source/physx/src/NpRigidDynamic.cpp, LINE 251
2026-07-02T14:52:00Z [168,391ms] [Error] [omni.physx.plugin] PhysX error: PxRigidDynamic::setAngularVelocity: Body must be non-kinematic!, FILE /builds/omniverse/physics/physx/source/physx/src/NpRigidDynamic.cpp, LINE 284
2026-07-02T14:52:00Z [168,391ms] [Error] [omni.physx.plugin] PhysX error: PxRigidDynamic::setLinearVelocity: Body must be non-kinematic!, FILE /builds/omniverse/physics/physx/source/physx/src/NpRigidDynamic.cpp, LINE 251
2026-07-02T14:52:00Z [168,391ms] [Error] [omni.physx.plugin] PhysX error: PxRigidDynamic::setAngularVelocity: Body must be non-kinematic!, FILE /builds/omniverse/physics/physx/source/physx/src/NpRigidDynamic.cpp, LINE 284
2026-07-02T14:52:00Z [168,392ms] [Error] [omni.physx.plugin] PhysX error: PxRigidDynamic::setLinearVelocity: Body must be non-kinematic!, FILE /builds/omniverse/physics/physx/source/physx/src/NpRigidDynamic.cpp, LINE 251
2026-07-02T14:52:00Z [168,392ms] [Error] [omni.physx.plugin] PhysX error: PxRigidDynamic::setAngularVelocity: Body must be non-kinematic!, FILE /builds/omniverse/physics/physx/source/physx/src/NpRigidDynamic.cpp, LINE 284
2026-07-02T14:52:00Z [168,393ms] [Error] [omni.physx.plugin] PhysX error: PxRigidDynamic::setLinearVelocity: Body must be non-kinematic!, FILE /builds/omniverse/physics/physx/source/physx/src/NpRigidDynamic.cpp, LINE 251
2026-07-02T14:52:00Z [168,393ms] [Error] [omni.physx.plugin] PhysX error: PxRigidDynamic::setAngularVelocity: Body must be non-kinematic!, FILE /builds/omniverse/physics/physx/source/physx/src/NpRigidDynamic.cpp, LINE 284
2026-07-02T14:52:00Z [168,393ms] [Error] [omni.physx.plugin] PhysX error: PxRigidDynamic::setLinearVelocity: Body must be non-kinematic!, FILE /builds/omniverse/physics/physx/source/physx/src/NpRigidDynamic.cpp, LINE 251
2026-07-02T14:52:00Z [168,393ms] [Error] [omni.physx.plugin] PhysX error: PxRigidDynamic::setAngularVelocity: Body must be non-kinematic!, FILE /builds/omniverse/physics/physx/source/physx/src/NpRigidDynamic.cpp, LINE 284
2026-07-02T14:52:00Z [168,394ms] [Error] [omni.physx.plugin] PhysX error: PxRigidDynamic::setLinearVelocity: Body must be non-kinematic!, FILE /builds/omniverse/physics/physx/source/physx/src/NpRigidDynamic.cpp, LINE 251
2026-07-02T14:52:00Z [168,394ms] [Error] [omni.physx.plugin] PhysX error: PxRigidDynamic::setAngularVelocity: Body must be non-kinematic!, FILE /builds/omniverse/physics/physx/source/physx/src/NpRigidDynamic.cpp, LINE 284
2026-07-02T14:52:00Z [168,394ms] [Error] [omni.physx.plugin] PhysX error: PxRigidDynamic::setLinearVelocity: Body must be non-kinematic!, FILE /builds/omniverse/physics/physx/source/physx/src/NpRigidDynamic.cpp, LINE 251
2026-07-02T14:52:00Z [168,394ms] [Error] [omni.physx.plugin] PhysX error: PxRigidDynamic::setAngularVelocity: Body must be non-kinematic!, FILE /builds/omniverse/physics/physx/source/physx/src/NpRigidDynamic.cpp, LINE 284
2026-07-02T14:52:00Z [168,395ms] [Error] [omni.physx.plugin] PhysX error: PxRigidDynamic::setLinearVelocity: Body must be non-kinematic!, FILE /builds/omniverse/physics/physx/source/physx/src/NpRigidDynamic.cpp, LINE 251
2026-07-02T14:52:00Z [168,395ms] [Error] [omni.physx.plugin] PhysX error: PxRigidDynamic::setAngularVelocity: Body must be non-kinematic!, FILE /builds/omniverse/physics/physx/source/physx/src/NpRigidDynamic.cpp, LINE 284
2026-07-02T14:52:00Z [168,396ms] [Error] [omni.physx.plugin] PhysX error: PxRigidDynamic::setLinearVelocity: Body must be non-kinematic!, FILE /builds/omniverse/physics/physx/source/physx/src/NpRigidDynamic.cpp, LINE 251
2026-07-02T14:52:00Z [168,396ms] [Error] [omni.physx.plugin] PhysX error: PxRigidDynamic::setAngularVelocity: Body must be non-kinematic!, FILE /builds/omniverse/physics/physx/source/physx/src/NpRigidDynamic.cpp, LINE 284
2026-07-02T14:52:00Z [168,396ms] [Error] [omni.physx.plugin] PhysX error: PxRigidDynamic::setLinearVelocity: Body must be non-kinematic!, FILE /builds/omniverse/physics/physx/source/physx/src/NpRigidDynamic.cpp, LINE 251
2026-07-02T14:52:00Z [168,396ms] [Error] [omni.physx.plugin] PhysX error: PxRigidDynamic::setAngularVelocity: Body must be non-kinematic!, FILE /builds/omniverse/physics/physx/source/physx/src/NpRigidDynamic.cpp, LINE 284
2026-07-02T14:52:00Z [168,397ms] [Error] [omni.physx.plugin] PhysX error: PxRigidDynamic::setLinearVelocity: Body must be non-kinematic!, FILE /builds/omniverse/physics/physx/source/physx/src/NpRigidDynamic.cpp, LINE 251
2026-07-02T14:52:00Z [168,397ms] [Error] [omni.physx.plugin] PhysX error: PxRigidDynamic::setAngularVelocity: Body must be non-kinematic!, FILE /builds/omniverse/physics/physx/source/physx/src/NpRigidDynamic.cpp, LINE 284
2026-07-02T14:52:00Z [168,397ms] [Error] [omni.physx.plugin] PhysX error: PxRigidDynamic::setLinearVelocity: Body must be non-kinematic!, FILE /builds/omniverse/physics/physx/source/physx/src/NpRigidDynamic.cpp, LINE 251
2026-07-02T14:52:00Z [168,397ms] [Error] [omni.physx.plugin] PhysX error: PxRigidDynamic::setAngularVelocity: Body must be non-kinematic!, FILE /builds/omniverse/physics/physx/source/physx/src/NpRigidDynamic.cpp, LINE 284
2026-07-02T14:52:00Z [168,398ms] [Error] [omni.physx.plugin] PhysX error: PxRigidDynamic::setLinearVelocity: Body must be non-kinematic!, FILE /builds/omniverse/physics/physx/source/physx/src/NpRigidDynamic.cpp, LINE 251
2026-07-02T14:52:00Z [168,398ms] [Error] [omni.physx.plugin] PhysX error: PxRigidDynamic::setAngularVelocity: Body must be non-kinematic!, FILE /builds/omniverse/physics/physx/source/physx/src/NpRigidDynamic.cpp, LINE 284
2026-07-02T14:52:00Z [168,409ms] [Error] [omni.physx.plugin] PhysX error: PxRigidDynamic::setLinearVelocity: Body must be non-kinematic!, FILE /builds/omniverse/physics/physx/source/physx/src/NpRigidDynamic.cpp, LINE 251
2026-07-02T14:52:00Z [168,409ms] [Error] [omni.physx.plugin] PhysX error: PxRigidDynamic::setAngularVelocity: Body must be non-kinematic!, FILE /builds/omniverse/physics/physx/source/physx/src/NpRigidDynamic.cpp, LINE 284
2026-07-02T14:52:00Z [168,409ms] [Error] [omni.physx.plugin] PhysX error: PxRigidDynamic::setLinearVelocity: Body must be non-kinematic!, FILE /builds/omniverse/physics/physx/source/physx/src/NpRigidDynamic.cpp, LINE 251
2026-07-02T14:52:00Z [168,409ms] [Error] [omni.physx.plugin] PhysX error: PxRigidDynamic::setAngularVelocity: Body must be non-kinematic!, FILE /builds/omniverse/physics/physx/source/physx/src/NpRigidDynamic.cpp, LINE 284
2026-07-02T14:52:00Z [168,410ms] [Error] [omni.physx.plugin] PhysX error: PxRigidDynamic::setLinearVelocity: Body must be non-kinematic!, FILE /builds/omniverse/physics/physx/source/physx/src/NpRigidDynamic.cpp, LINE 251
2026-07-02T14:52:00Z [168,410ms] [Error] [omni.physx.plugin] PhysX error: PxRigidDynamic::setAngularVelocity: Body must be non-kinematic!, FILE /builds/omniverse/physics/physx/source/physx/src/NpRigidDynamic.cpp, LINE 284
2026-07-02T14:52:00Z [168,410ms] [Error] [omni.physx.plugin] PhysX error: PxRigidDynamic::setLinearVelocity: Body must be non-kinematic!, FILE /builds/omniverse/physics/physx/source/physx/src/NpRigidDynamic.cpp, LINE 251
2026-07-02T14:52:00Z [168,410ms] [Error] [omni.physx.plugin] PhysX error: PxRigidDynamic::setAngularVelocity: Body must be non-kinematic!, FILE /builds/omniverse/physics/physx/source/physx/src/NpRigidDynamic.cpp, LINE 284
2026-07-02T14:52:00Z [168,411ms] [Error] [omni.physx.plugin] PhysX error: PxRigidDynamic::setLinearVelocity: Body must be non-kinematic!, FILE /builds/omniverse/physics/physx/source/physx/src/NpRigidDynamic.cpp, LINE 251
2026-07-02T14:52:00Z [168,411ms] [Error] [omni.physx.plugin] PhysX error: PxRigidDynamic::setAngularVelocity: Body must be non-kinematic!, FILE /builds/omniverse/physics/physx/source/physx/src/NpRigidDynamic.cpp, LINE 284
2026-07-02T14:52:00Z [168,411ms] [Error] [omni.physx.plugin] PhysX error: PxRigidDynamic::setLinearVelocity: Body must be non-kinematic!, FILE /builds/omniverse/physics/physx/source/physx/src/NpRigidDynamic.cpp, LINE 251
2026-07-02T14:52:00Z [168,411ms] [Error] [omni.physx.plugin] PhysX error: PxRigidDynamic::setAngularVelocity: Body must be non-kinematic!, FILE /builds/omniverse/physics/physx/source/physx/src/NpRigidDynamic.cpp, LINE 284
2026-07-02T14:52:00Z [168,412ms] [Error] [omni.physx.plugin] PhysX error: PxRigidDynamic::setLinearVelocity: Body must be non-kinematic!, FILE /builds/omniverse/physics/physx/source/physx/src/NpRigidDynamic.cpp, LINE 251
2026-07-02T14:52:00Z [168,412ms] [Error] [omni.physx.plugin] PhysX error: PxRigidDynamic::setAngularVelocity: Body must be non-kinematic!, FILE /builds/omniverse/physics/physx/source/physx/src/NpRigidDynamic.cpp, LINE 284
2026-07-02T14:52:00Z [168,412ms] [Error] [omni.physx.plugin] PhysX error: PxRigidDynamic::setLinearVelocity: Body must be non-kinematic!, FILE /builds/omniverse/physics/physx/source/physx/src/NpRigidDynamic.cpp, LINE 251
2026-07-02T14:52:00Z [168,412ms] [Error] [omni.physx.plugin] PhysX error: PxRigidDynamic::setAngularVelocity: Body must be non-kinematic!, FILE /builds/omniverse/physics/physx/source/physx/src/NpRigidDynamic.cpp, LINE 284
2026-07-02T14:52:00Z [168,413ms] [Error] [omni.physx.plugin] PhysX error: PxRigidDynamic::setLinearVelocity: Body must be non-kinematic!, FILE /builds/omniverse/physics/physx/source/physx/src/NpRigidDynamic.cpp, LINE 251
2026-07-02T14:52:00Z [168,413ms] [Error] [omni.physx.plugin] PhysX error: PxRigidDynamic::setAngularVelocity: Body must be non-kinematic!, FILE /builds/omniverse/physics/physx/source/physx/src/NpRigidDynamic.cpp, LINE 284
2026-07-02T14:52:00Z [168,413ms] [Error] [omni.physx.plugin] PhysX error: PxRigidDynamic::setLinearVelocity: Body must be non-kinematic!, FILE /builds/omniverse/physics/physx/source/physx/src/NpRigidDynamic.cpp, LINE 251
2026-07-02T14:52:00Z [168,413ms] [Error] [omni.physx.plugin] PhysX error: PxRigidDynamic::setAngularVelocity: Body must be non-kinematic!, FILE /builds/omniverse/physics/physx/source/physx/src/NpRigidDynamic.cpp, LINE 284
2026-07-02T14:52:00Z [168,414ms] [Error] [omni.physx.plugin] PhysX error: PxRigidDynamic::setLinearVelocity: Body must be non-kinematic!, FILE /builds/omniverse/physics/physx/source/physx/src/NpRigidDynamic.cpp, LINE 251
2026-07-02T14:52:00Z [168,414ms] [Error] [omni.physx.plugin] PhysX error: PxRigidDynamic::setAngularVelocity: Body must be non-kinematic!, FILE /builds/omniverse/physics/physx/source/physx/src/NpRigidDynamic.cpp, LINE 284
2026-07-02T14:52:00Z [168,414ms] [Error] [omni.physx.plugin] PhysX error: PxRigidDynamic::setLinearVelocity: Body must be non-kinematic!, FILE /builds/omniverse/physics/physx/source/physx/src/NpRigidDynamic.cpp, LINE 251
2026-07-02T14:52:00Z [168,414ms] [Error] [omni.physx.plugin] PhysX error: PxRigidDynamic::setAngularVelocity: Body must be non-kinematic!, FILE /builds/omniverse/physics/physx/source/physx/src/NpRigidDynamic.cpp, LINE 284
2026-07-02T14:52:00Z [168,415ms] [Error] [omni.physx.plugin] PhysX error: PxRigidDynamic::setLinearVelocity: Body must be non-kinematic!, FILE /builds/omniverse/physics/physx/source/physx/src/NpRigidDynamic.cpp, LINE 251
2026-07-02T14:52:00Z [168,415ms] [Error] [omni.physx.plugin] PhysX error: PxRigidDynamic::setAngularVelocity: Body must be non-kinematic!, FILE /builds/omniverse/physics/physx/source/physx/src/NpRigidDynamic.cpp, LINE 284
2026-07-02T14:52:00Z [168,415ms] [Error] [omni.physx.plugin] PhysX error: PxRigidDynamic::setLinearVelocity: Body must be non-kinematic!, FILE /builds/omniverse/physics/physx/source/physx/src/NpRigidDynamic.cpp, LINE 251
2026-07-02T14:52:00Z [168,415ms] [Error] [omni.physx.plugin] PhysX error: PxRigidDynamic::setAngularVelocity: Body must be non-kinematic!, FILE /builds/omniverse/physics/physx/source/physx/src/NpRigidDynamic.cpp, LINE 284
2026-07-02T14:52:00Z [168,416ms] [Error] [omni.physx.plugin] PhysX error: PxRigidDynamic::setLinearVelocity: Body must be non-kinematic!, FILE /builds/omniverse/physics/physx/source/physx/src/NpRigidDynamic.cpp, LINE 251
2026-07-02T14:52:00Z [168,416ms] [Error] [omni.physx.plugin] PhysX error: PxRigidDynamic::setAngularVelocity: Body must be non-kinematic!, FILE /builds/omniverse/physics/physx/source/physx/src/NpRigidDynamic.cpp, LINE 284
2026-07-02T14:52:00Z [168,416ms] [Error] [omni.physx.plugin] PhysX error: PxRigidDynamic::setLinearVelocity: Body must be non-kinematic!, FILE /builds/omniverse/physics/physx/source/physx/src/NpRigidDynamic.cpp, LINE 251
2026-07-02T14:52:00Z [168,416ms] [Error] [omni.physx.plugin] PhysX error: PxRigidDynamic::setAngularVelocity: Body must be non-kinematic!, FILE /builds/omniverse/physics/physx/source/physx/src/NpRigidDynamic.cpp, LINE 284
2026-07-02T14:52:00Z [168,417ms] [Error] [omni.physx.plugin] PhysX error: PxRigidDynamic::setLinearVelocity: Body must be non-kinematic!, FILE /builds/omniverse/physics/physx/source/physx/src/NpRigidDynamic.cpp, LINE 251
2026-07-02T14:52:00Z [168,417ms] [Error] [omni.physx.plugin] PhysX error: PxRigidDynamic::setAngularVelocity: Body must be non-kinematic!, FILE /builds/omniverse/physics/physx/source/physx/src/NpRigidDynamic.cpp, LINE 284
2026-07-02T14:52:00Z [168,418ms] [Error] [omni.physx.plugin] PhysX error: PxRigidDynamic::setLinearVelocity: Body must be non-kinematic!, FILE /builds/omniverse/physics/physx/source/physx/src/NpRigidDynamic.cpp, LINE 251
2026-07-02T14:52:00Z [168,418ms] [Error] [omni.physx.plugin] PhysX error: PxRigidDynamic::setAngularVelocity: Body must be non-kinematic!, FILE /builds/omniverse/physics/physx/source/physx/src/NpRigidDynamic.cpp, LINE 284
2026-07-02T14:52:00Z [168,418ms] [Error] [omni.physx.plugin] PhysX error: PxRigidDynamic::setLinearVelocity: Body must be non-kinematic!, FILE /builds/omniverse/physics/physx/source/physx/src/NpRigidDynamic.cpp, LINE 251
2026-07-02T14:52:00Z [168,418ms] [Error] [omni.physx.plugin] PhysX error: PxRigidDynamic::setAngularVelocity: Body must be non-kinematic!, FILE /builds/omniverse/physics/physx/source/physx/src/NpRigidDynamic.cpp, LINE 284
2026-07-02T14:52:00Z [168,419ms] [Error] [omni.physx.plugin] PhysX error: PxRigidDynamic::setLinearVelocity: Body must be non-kinematic!, FILE /builds/omniverse/physics/physx/source/physx/src/NpRigidDynamic.cpp, LINE 251
2026-07-02T14:52:00Z [168,419ms] [Error] [omni.physx.plugin] PhysX error: PxRigidDynamic::setAngularVelocity: Body must be non-kinematic!, FILE /builds/omniverse/physics/physx/source/physx/src/NpRigidDynamic.cpp, LINE 284
2026-07-02T14:52:00Z [168,419ms] [Error] [omni.physx.plugin] PhysX error: PxRigidDynamic::setLinearVelocity: Body must be non-kinematic!, FILE /builds/omniverse/physics/physx/source/physx/src/NpRigidDynamic.cpp, LINE 251
2026-07-02T14:52:00Z [168,419ms] [Error] [omni.physx.plugin] PhysX error: PxRigidDynamic::setAngularVelocity: Body must be non-kinematic!, FILE /builds/omniverse/physics/physx/source/physx/src/NpRigidDynamic.cpp, LINE 284
2026-07-02T14:52:00Z [168,419ms] [Error] [omni.physx.plugin] PhysX error: PxRigidDynamic::setLinearVelocity: Body must be non-kinematic!, FILE /builds/omniverse/physics/physx/source/physx/src/NpRigidDynamic.cpp, LINE 251
2026-07-02T14:52:00Z [168,420ms] [Error] [omni.physx.plugin] PhysX error: PxRigidDynamic::setAngularVelocity: Body must be non-kinematic!, FILE /builds/omniverse/physics/physx/source/physx/src/NpRigidDynamic.cpp, LINE 284
2026-07-02T14:52:00Z [168,420ms] [Error] [omni.physx.plugin] PhysX error: PxRigidDynamic::setLinearVelocity: Body must be non-kinematic!, FILE /builds/omniverse/physics/physx/source/physx/src/NpRigidDynamic.cpp, LINE 251
2026-07-02T14:52:00Z [168,420ms] [Error] [omni.physx.plugin] PhysX error: PxRigidDynamic::setAngularVelocity: Body must be non-kinematic!, FILE /builds/omniverse/physics/physx/source/physx/src/NpRigidDynamic.cpp, LINE 284
2026-07-02T14:52:00Z [168,420ms] [Error] [omni.physx.plugin] PhysX error: PxRigidDynamic::setLinearVelocity: Body must be non-kinematic!, FILE /builds/omniverse/physics/physx/source/physx/src/NpRigidDynamic.cpp, LINE 251
2026-07-02T14:52:00Z [168,420ms] [Error] [omni.physx.plugin] PhysX error: PxRigidDynamic::setAngularVelocity: Body must be non-kinematic!, FILE /builds/omniverse/physics/physx/source/physx/src/NpRigidDynamic.cpp, LINE 284
2026-07-02T14:52:00Z [168,421ms] [Error] [omni.physx.plugin] PhysX error: PxRigidDynamic::setLinearVelocity: Body must be non-kinematic!, FILE /builds/omniverse/physics/physx/source/physx/src/NpRigidDynamic.cpp, LINE 251
2026-07-02T14:52:00Z [168,421ms] [Error] [omni.physx.plugin] PhysX error: PxRigidDynamic::setAngularVelocity: Body must be non-kinematic!, FILE /builds/omniverse/physics/physx/source/physx/src/NpRigidDynamic.cpp, LINE 284
2026-07-02T14:52:00Z [168,421ms] [Error] [omni.physx.plugin] PhysX error: PxRigidDynamic::setLinearVelocity: Body must be non-kinematic!, FILE /builds/omniverse/physics/physx/source/physx/src/NpRigidDynamic.cpp, LINE 251
2026-07-02T14:52:00Z [168,421ms] [Error] [omni.physx.plugin] PhysX error: PxRigidDynamic::setAngularVelocity: Body must be non-kinematic!, FILE /builds/omniverse/physics/physx/source/physx/src/NpRigidDynamic.cpp, LINE 284
2026-07-02T14:52:00Z [168,422ms] [Error] [omni.physx.plugin] PhysX error: PxRigidDynamic::setLinearVelocity: Body must be non-kinematic!, FILE /builds/omniverse/physics/physx/source/physx/src/NpRigidDynamic.cpp, LINE 251
2026-07-02T14:52:00Z [168,422ms] [Error] [omni.physx.plugin] PhysX error: PxRigidDynamic::setAngularVelocity: Body must be non-kinematic!, FILE /builds/omniverse/physics/physx/source/physx/src/NpRigidDynamic.cpp, LINE 284
2026-07-02T14:52:00Z [168,424ms] [Error] [omni.physx.plugin] PhysX error: PxRigidDynamic::setLinearVelocity: Body must be non-kinematic!, FILE /builds/omniverse/physics/physx/source/physx/src/NpRigidDynamic.cpp, LINE 251
2026-07-02T14:52:00Z [168,424ms] [Error] [omni.physx.plugin] PhysX error: PxRigidDynamic::setAngularVelocity: Body must be non-kinematic!, FILE /builds/omniverse/physics/physx/source/physx/src/NpRigidDynamic.cpp, LINE 284
2026-07-02T14:52:00Z [168,424ms] [Error] [omni.physx.plugin] PhysX error: PxRigidDynamic::setLinearVelocity: Body must be non-kinematic!, FILE /builds/omniverse/physics/physx/source/physx/src/NpRigidDynamic.cpp, LINE 251
2026-07-02T14:52:00Z [168,425ms] [Error] [omni.physx.plugin] PhysX error: PxRigidDynamic::setAngularVelocity: Body must be non-kinematic!, FILE /builds/omniverse/physics/physx/source/physx/src/NpRigidDynamic.cpp, LINE 284
2026-07-02T14:52:00Z [168,425ms] [Error] [omni.physx.plugin] PhysX error: PxRigidDynamic::setLinearVelocity: Body must be non-kinematic!, FILE /builds/omniverse/physics/physx/source/physx/src/NpRigidDynamic.cpp, LINE 251
2026-07-02T14:52:00Z [168,425ms] [Error] [omni.physx.plugin] PhysX error: PxRigidDynamic::setAngularVelocity: Body must be non-kinematic!, FILE /builds/omniverse/physics/physx/source/physx/src/NpRigidDynamic.cpp, LINE 284
2026-07-02T14:52:00Z [168,425ms] [Error] [omni.physx.plugin] PhysX error: PxRigidDynamic::setLinearVelocity: Body must be non-kinematic!, FILE /builds/omniverse/physics/physx/source/physx/src/NpRigidDynamic.cpp, LINE 251
2026-07-02T14:52:00Z [168,425ms] [Error] [omni.physx.plugin] PhysX error: PxRigidDynamic::setAngularVelocity: Body must be non-kinematic!, FILE /builds/omniverse/physics/physx/source/physx/src/NpRigidDynamic.cpp, LINE 284
2026-07-02T14:52:00Z [168,426ms] [Error] [omni.physx.plugin] PhysX error: PxRigidDynamic::setLinearVelocity: Body must be non-kinematic!, FILE /builds/omniverse/physics/physx/source/physx/src/NpRigidDynamic.cpp, LINE 251
2026-07-02T14:52:00Z [168,426ms] [Error] [omni.physx.plugin] PhysX error: PxRigidDynamic::setAngularVelocity: Body must be non-kinematic!, FILE /builds/omniverse/physics/physx/source/physx/src/NpRigidDynamic.cpp, LINE 284
2026-07-02T14:52:00Z [168,426ms] [Error] [omni.physx.plugin] PhysX error: PxRigidDynamic::setLinearVelocity: Body must be non-kinematic!, FILE /builds/omniverse/physics/physx/source/physx/src/NpRigidDynamic.cpp, LINE 251
2026-07-02T14:52:00Z [168,426ms] [Error] [omni.physx.plugin] PhysX error: PxRigidDynamic::setAngularVelocity: Body must be non-kinematic!, FILE /builds/omniverse/physics/physx/source/physx/src/NpRigidDynamic.cpp, LINE 284
2026-07-02T14:52:00Z [168,427ms] [Error] [omni.physx.plugin] PhysX error: PxRigidDynamic::setLinearVelocity: Body must be non-kinematic!, FILE /builds/omniverse/physics/physx/source/physx/src/NpRigidDynamic.cpp, LINE 251
2026-07-02T14:52:00Z [168,427ms] [Error] [omni.physx.plugin] PhysX error: PxRigidDynamic::setAngularVelocity: Body must be non-kinematic!, FILE /builds/omniverse/physics/physx/source/physx/src/NpRigidDynamic.cpp, LINE 284
2026-07-02T14:52:00Z [168,427ms] [Error] [omni.physx.plugin] PhysX error: PxRigidDynamic::setLinearVelocity: Body must be non-kinematic!, FILE /builds/omniverse/physics/physx/source/physx/src/NpRigidDynamic.cpp, LINE 251
2026-07-02T14:52:00Z [168,427ms] [Error] [omni.physx.plugin] PhysX error: PxRigidDynamic::setAngularVelocity: Body must be non-kinematic!, FILE /builds/omniverse/physics/physx/source/physx/src/NpRigidDynamic.cpp, LINE 284
2026-07-02T14:52:00Z [168,428ms] [Error] [omni.physx.plugin] PhysX error: PxRigidDynamic::setLinearVelocity: Body must be non-kinematic!, FILE /builds/omniverse/physics/physx/source/physx/src/NpRigidDynamic.cpp, LINE 251
2026-07-02T14:52:00Z [168,428ms] [Error] [omni.physx.plugin] PhysX error: PxRigidDynamic::setAngularVelocity: Body must be non-kinematic!, FILE /builds/omniverse/physics/physx/source/physx/src/NpRigidDynamic.cpp, LINE 284
2026-07-02T14:52:00Z [168,428ms] [Error] [omni.physx.plugin] PhysX error: PxRigidDynamic::setLinearVelocity: Body must be non-kinematic!, FILE /builds/omniverse/physics/physx/source/physx/src/NpRigidDynamic.cpp, LINE 251
2026-07-02T14:52:00Z [168,428ms] [Error] [omni.physx.plugin] PhysX error: PxRigidDynamic::setAngularVelocity: Body must be non-kinematic!, FILE /builds/omniverse/physics/physx/source/physx/src/NpRigidDynamic.cpp, LINE 284
2026-07-02T14:52:00Z [168,429ms] [Error] [omni.physx.plugin] PhysX error: PxRigidDynamic::setLinearVelocity: Body must be non-kinematic!, FILE /builds/omniverse/physics/physx/source/physx/src/NpRigidDynamic.cpp, LINE 251
2026-07-02T14:52:00Z [168,429ms] [Error] [omni.physx.plugin] PhysX error: PxRigidDynamic::setAngularVelocity: Body must be non-kinematic!, FILE /builds/omniverse/physics/physx/source/physx/src/NpRigidDynamic.cpp, LINE 284
2026-07-02T14:52:00Z [168,429ms] [Error] [omni.physx.plugin] PhysX error: PxRigidDynamic::setLinearVelocity: Body must be non-kinematic!, FILE /builds/omniverse/physics/physx/source/physx/src/NpRigidDynamic.cpp, LINE 251
2026-07-02T14:52:00Z [168,429ms] [Error] [omni.physx.plugin] PhysX error: PxRigidDynamic::setAngularVelocity: Body must be non-kinematic!, FILE /builds/omniverse/physics/physx/source/physx/src/NpRigidDynamic.cpp, LINE 284
2026-07-02T14:52:00Z [168,430ms] [Error] [omni.physx.plugin] PhysX error: PxRigidDynamic::setLinearVelocity: Body must be non-kinematic!, FILE /builds/omniverse/physics/physx/source/physx/src/NpRigidDynamic.cpp, LINE 251
2026-07-02T14:52:00Z [168,430ms] [Error] [omni.physx.plugin] PhysX error: PxRigidDynamic::setAngularVelocity: Body must be non-kinematic!, FILE /builds/omniverse/physics/physx/source/physx/src/NpRigidDynamic.cpp, LINE 284
2026-07-02T14:52:00Z [168,430ms] [Error] [omni.physx.plugin] PhysX error: PxRigidDynamic::setLinearVelocity: Body must be non-kinematic!, FILE /builds/omniverse/physics/physx/source/physx/src/NpRigidDynamic.cpp, LINE 251
2026-07-02T14:52:00Z [168,430ms] [Error] [omni.physx.plugin] PhysX error: PxRigidDynamic::setAngularVelocity: Body must be non-kinematic!, FILE /builds/omniverse/physics/physx/source/physx/src/NpRigidDynamic.cpp, LINE 284
2026-07-02T14:52:00Z [168,431ms] [Error] [omni.physx.plugin] PhysX error: PxRigidDynamic::setLinearVelocity: Body must be non-kinematic!, FILE /builds/omniverse/physics/physx/source/physx/src/NpRigidDynamic.cpp, LINE 251
2026-07-02T14:52:00Z [168,431ms] [Error] [omni.physx.plugin] PhysX error: PxRigidDynamic::setAngularVelocity: Body must be non-kinematic!, FILE /builds/omniverse/physics/physx/source/physx/src/NpRigidDynamic.cpp, LINE 284
2026-07-02T14:52:00Z [168,431ms] [Error] [omni.physx.plugin] PhysX error: PxRigidDynamic::setLinearVelocity: Body must be non-kinematic!, FILE /builds/omniverse/physics/physx/source/physx/src/NpRigidDynamic.cpp, LINE 251
2026-07-02T14:52:00Z [168,431ms] [Error] [omni.physx.plugin] PhysX error: PxRigidDynamic::setAngularVelocity: Body must be non-kinematic!, FILE /builds/omniverse/physics/physx/source/physx/src/NpRigidDynamic.cpp, LINE 284
2026-07-02T14:52:00Z [168,432ms] [Error] [omni.physx.plugin] PhysX error: PxRigidDynamic::setLinearVelocity: Body must be non-kinematic!, FILE /builds/omniverse/physics/physx/source/physx/src/NpRigidDynamic.cpp, LINE 251
2026-07-02T14:52:00Z [168,432ms] [Error] [omni.physx.plugin] PhysX error: PxRigidDynamic::setAngularVelocity: Body must be non-kinematic!, FILE /builds/omniverse/physics/physx/source/physx/src/NpRigidDynamic.cpp, LINE 284
2026-07-02T14:52:00Z [168,432ms] [Error] [omni.physx.plugin] PhysX error: PxRigidDynamic::setLinearVelocity: Body must be non-kinematic!, FILE /builds/omniverse/physics/physx/source/physx/src/NpRigidDynamic.cpp, LINE 251
2026-07-02T14:52:00Z [168,432ms] [Error] [omni.physx.plugin] PhysX error: PxRigidDynamic::setAngularVelocity: Body must be non-kinematic!, FILE /builds/omniverse/physics/physx/source/physx/src/NpRigidDynamic.cpp, LINE 284
2026-07-02T14:52:00Z [168,433ms] [Error] [omni.physx.plugin] PhysX error: PxRigidDynamic::setLinearVelocity: Body must be non-kinematic!, FILE /builds/omniverse/physics/physx/source/physx/src/NpRigidDynamic.cpp, LINE 251
2026-07-02T14:52:00Z [168,433ms] [Error] [omni.physx.plugin] PhysX error: PxRigidDynamic::setAngularVelocity: Body must be non-kinematic!, FILE /builds/omniverse/physics/physx/source/physx/src/NpRigidDynamic.cpp, LINE 284
2026-07-02T14:52:00Z [168,433ms] [Error] [omni.physx.plugin] PhysX error: PxRigidDynamic::setLinearVelocity: Body must be non-kinematic!, FILE /builds/omniverse/physics/physx/source/physx/src/NpRigidDynamic.cpp, LINE 251
2026-07-02T14:52:00Z [168,433ms] [Error] [omni.physx.plugin] PhysX error: PxRigidDynamic::setAngularVelocity: Body must be non-kinematic!, FILE /builds/omniverse/physics/physx/source/physx/src/NpRigidDynamic.cpp, LINE 284
2026-07-02T14:52:00Z [168,434ms] [Error] [omni.physx.plugin] PhysX error: PxRigidDynamic::setLinearVelocity: Body must be non-kinematic!, FILE /builds/omniverse/physics/physx/source/physx/src/NpRigidDynamic.cpp, LINE 251
2026-07-02T14:52:00Z [168,434ms] [Error] [omni.physx.plugin] PhysX error: PxRigidDynamic::setAngularVelocity: Body must be non-kinematic!, FILE /builds/omniverse/physics/physx/source/physx/src/NpRigidDynamic.cpp, LINE 284
2026-07-02T14:52:00Z [168,434ms] [Error] [omni.physx.plugin] PhysX error: PxRigidDynamic::setLinearVelocity: Body must be non-kinematic!, FILE /builds/omniverse/physics/physx/source/physx/src/NpRigidDynamic.cpp, LINE 251
2026-07-02T14:52:00Z [168,434ms] [Error] [omni.physx.plugin] PhysX error: PxRigidDynamic::setAngularVelocity: Body must be non-kinematic!, FILE /builds/omniverse/physics/physx/source/physx/src/NpRigidDynamic.cpp, LINE 284
2026-07-02T14:52:00Z [168,435ms] [Error] [omni.physx.plugin] PhysX error: PxRigidDynamic::setLinearVelocity: Body must be non-kinematic!, FILE /builds/omniverse/physics/physx/source/physx/src/NpRigidDynamic.cpp, LINE 251
2026-07-02T14:52:00Z [168,435ms] [Error] [omni.physx.plugin] PhysX error: PxRigidDynamic::setAngularVelocity: Body must be non-kinematic!, FILE /builds/omniverse/physics/physx/source/physx/src/NpRigidDynamic.cpp, LINE 284
[INFO] Pi0.5 episode 4 success=False mode=failure completed=False steps=3600 instruction='reach the onion'
[INFO] Using Python: "/home/rootalkhatib/miniconda3/envs/env_isaaclab_6_0/bin/python"
[REACHING_DONE] 2026-07-02T16:52:41+02:00
The '--headless' CLI argument is deprecated. Omit '--viz' for default headless. If config visualizers are enabled and you want to force headless, use '--viz none'.
WARNING: All log messages before absl::InitializeLog() is called are written to STDERR
E0000 00:00:1783003963.444557 2331608 descriptor_database.cc:633] File already exists in database: grpc/health/v1/health.proto
W0000 00:00:1783003963.444596 2331608 message.cc:301] Protobuf GeneratedMessageFactory: File is already registered: grpc/health/v1/health.proto
Loading user config located at: '/home/rootalkhatib/miniconda3/envs/env_isaaclab_6_0/lib/python3.12/site-packages/isaacsim/kit/data/Kit/IsaacLab/3.0/user.config.json'
2026-07-02T14:52:43Z [Info] [carb] Logging to file: /home/rootalkhatib/miniconda3/envs/env_isaaclab_6_0/lib/python3.12/site-packages/isaacsim/kit/logs/Kit/IsaacLab/3.0/kit_20260702_165243.log
2026-07-02T14:52:43Z [9ms] [Warning] [omni.ext.plugin] [ext: isaaclab_visualizers] Extensions config 'extension.toml' doesn't exist '/home/rootalkhatib/IsaacLab-6.0/source/isaaclab_visualizers' or '/home/rootalkhatib/IsaacLab-6.0/source/isaaclab_visualizers/config'
2026-07-02T14:52:43Z [9ms] [Warning] [omni.ext.plugin] [ext: isaacsim.app.compatibility_check-1.1.4+110.1.2.lx64.r.cp312] Extensions config 'extension.toml' doesn't exist '/home/rootalkhatib/miniconda3/envs/env_isaaclab_6_0/lib/python3.12/site-packages/isaacsim/exts/isaacsim.app.compatibility_check-1.1.4+110.1.2.lx64.r.cp312' or '/home/rootalkhatib/miniconda3/envs/env_isaaclab_6_0/lib/python3.12/site-packages/isaacsim/exts/isaacsim.app.compatibility_check-1.1.4+110.1.2.lx64.r.cp312/config'
2026-07-02T14:52:43Z [9ms] [Warning] [omni.ext.plugin] [ext: isaacsim.replicator.nurec_utils] Extensions config 'extension.toml' doesn't exist '/home/rootalkhatib/miniconda3/envs/env_isaaclab_6_0/lib/python3.12/site-packages/isaacsim/exts/isaacsim.replicator.nurec_utils' or '/home/rootalkhatib/miniconda3/envs/env_isaaclab_6_0/lib/python3.12/site-packages/isaacsim/exts/isaacsim.replicator.nurec_utils/config'
2026-07-02T14:52:43Z [500ms] [Warning] [omni.platforminfo.plugin] failed to open the default display.  Can't verify X Server version.

|---------------------------------------------------------------------------------------------|
| Driver Version: 595.71.05     | Graphics API: Vulkan
|=============================================================================================|
| GPU | Name                             | Active | LDA | GPU Memory | Vendor-ID | LUID       |
|     |                                  |        |     |            | Device-ID | UUID       |
|     |                                  |        |     |            | Bus-ID    |            |
|---------------------------------------------------------------------------------------------|
| 0   | NVIDIA GeForce RTX 4070 Ti SUPER | Yes: 0 |     | 16622   MB | 10de      | 0          |
|     |                                  |        |     |            | 2705      | d588fc24.. |
|     |                                  |        |     |            | a2        |            |
|=============================================================================================|
| OS: 22.04.5 LTS (Jammy Jellyfish) ubuntu, Version: 22.04.5, Kernel: 6.8.0-124-generic
| Processor: Intel(R) Xeon(R) w3-2423
| Cores: 6 | Logical Cores: 12
|---------------------------------------------------------------------------------------------|
| Total Memory (MB): 31333 | Free Memory: 23111
| Total Page/Swap (MB): 2047 | Free Page/Swap: 1365
|---------------------------------------------------------------------------------------------|
2026-07-02T14:52:44Z [1,025ms] [Warning] [omni.rtx] CPU performance profile is set to powersave. This profile sets the CPU to the lowest frequency reducing performance.
2026-07-02T14:52:44Z [1,034ms] [Warning] [omni.rtx] IOMMU is enabled.
2026-07-02T14:52:45Z [1,805ms] [Warning] [carb.windowing-glfw.plugin] GLFW initialization failed.
2026-07-02T14:52:45Z [1,805ms] [Warning] [carb] Failed to startup plugin carb.windowing-glfw.plugin (interfaces: [carb::windowing::IGLContext v1.0],[carb::windowing::IWindowing v1.5]) (impl: carb.windowing-glfw.plugin)
2026-07-02T14:52:45Z [1,887ms] [Warning] [carb.windowing-glfw.plugin] GLFW initialization failed.
2026-07-02T14:52:45Z [1,887ms] [Warning] [carb] Failed to startup plugin carb.windowing-glfw.plugin (interfaces: [carb::windowing::IGLContext v1.0],[carb::windowing::IWindowing v1.5]) (impl: carb.windowing-glfw.plugin)
2026-07-02T14:52:45Z [1,889ms] [Warning] [carb.windowing-glfw.plugin] GLFW initialization failed.
[ISAACLAB] AppLauncher initialization complete
[INFO] Connecting Pi0.5 remote runtime for pick-place rollout...
[INFO] Connected to Pi0.5 policy server metadata={}
[INFO]: Registered backend 'physx' for factory Articulation.
[INFO]: Registered backend 'physx' for factory FrameView.
[INFO]: Registered backend 'physx' for factory RigidObject.
[INFO]: Physics scene prim path: /physicsScene
[INFO]: Simulation parameters for joints in /World/envs/env_.*/Robot:
+---------------------------------------------------------------------------------------------------------------------------------------------------------------------------+
|                                                     Simulation Joint Information (Prim path: /World/envs/env_.*/Robot)                                                    |
+-------+---------------------+-----------+---------+----------+-----------------+------------------+------------------+------------------+-----------------+---------------+
| Index | Name                | Stiffness | Damping | Armature | Static Friction | Dynamic Friction | Viscous Friction | Position Limits  | Velocity Limits | Effort Limits |
+-------+---------------------+-----------+---------+----------+-----------------+------------------+------------------+------------------+-----------------+---------------+
|   0   | panda_joint1        |  400.000  |  80.000 |  0.001   |      0.000      |      0.000       |      0.000       | [-2.897, 2.897]  |      2.175      |     87.000    |
|   1   | panda_joint2        |  400.000  |  80.000 |  0.001   |      0.000      |      0.000       |      0.000       | [-1.763, 1.763]  |      2.175      |     87.000    |
|   2   | panda_joint3        |  400.000  |  80.000 |  0.001   |      0.000      |      0.000       |      0.000       | [-2.897, 2.897]  |      2.175      |     87.000    |
|   3   | panda_joint4        |  400.000  |  80.000 |  0.001   |      0.000      |      0.000       |      0.000       | [-3.072, -0.070] |      2.175      |     87.000    |
|   4   | panda_joint5        |  400.000  |  80.000 |  0.001   |      0.000      |      0.000       |      0.000       | [-2.897, 2.897]  |      2.610      |     12.000    |
|   5   | panda_joint6        |  400.000  |  80.000 |  0.001   |      0.000      |      0.000       |      0.000       | [-0.018, 3.753]  |      2.610      |     12.000    |
|   6   | panda_joint7        |  400.000  |  80.000 |  0.001   |      0.000      |      0.000       |      0.000       | [-2.897, 2.897]  |      2.610      |     12.000    |
|   7   | panda_finger_joint1 |  2.0e+03  | 100.000 |  0.000   |      0.000      |      0.000       |      0.000       |  [0.000, 0.040]  |      0.200      |    200.000    |
|   8   | panda_finger_joint2 |  2.0e+03  | 100.000 |  0.000   |      0.000      |      0.000       |      0.000       |  [0.000, 0.040]  |      0.200      |    200.000    |
+-------+---------------------+-----------+---------+----------+-----------------+------------------+------------------+------------------+-----------------+---------------+
[INFO]: Registered backend 'physx' for factory Renderer.
[INFO]: Created new renderer for simulation: IsaacRtxRenderer
[INFO]: Using renderer: IsaacRtxRenderer
[INFO]: Using renderer: IsaacRtxRenderer
[INFO] Starting Pi0.5 pick-place episode 0: instruction='pick up the can and place it in the tray', target='can', placement='tray'
2026-07-02T14:52:45Z [1,889ms] [Warning] [carb] Failed to startup plugin carb.windowing-glfw.plugin (interfaces: [carb::windowing::IGLContext v1.0],[carb::windowing::IWindowing v1.5]) (impl: carb.windowing-glfw.plugin)
2026-07-02T14:52:45Z [2,271ms] [Warning] [isaacsim.core.simulation_manager.plugin] USD stage is not available; stage-opened subscription is deferred
2026-07-02T14:52:45Z [2,271ms] [Warning] [isaacsim.core.simulation_manager.plugin] USD stage is not available; stage-opened subscription is deferred
2026-07-02T14:52:45Z [2,311ms] [Warning] [omni.log] Source: omni.hydra was already registered.
2026-07-02T14:52:46Z [2,920ms] [Warning] [pxr.Semantics] pxr.Semantics is deprecated - please use Semantics instead
2026-07-02T14:52:46Z [3,010ms] [Warning] [omni.replicator.core.scripts.extension] No material configuration file, adding configuration to material settings directly.
2026-07-02T14:52:51Z [8,702ms] [Warning] [omni.usd] Encountered USD Warnings but USD Diagnostics are currently muted. To view USD Warnings, please set the '/persistent/app/usd/muteUsdDiagnostics' setting to false in Preferences page.
2026-07-02T14:52:52Z [9,464ms] [Warning] [omni.rtx] DLSS increasing input dimensions: Render resolution of (150, 150) is below minimal input resolution of 300.
2026-07-02T14:52:52Z [9,541ms] [Warning] [omni.syntheticdata.plugin] OgnSdPostRenderVarToHost : rendervar copy from texture directly to host buffer is counter-performant. Please use copy from texture to device buffer first.
2026-07-02T14:52:52Z [9,561ms] [Error] [omni.physx.plugin] PhysX error: PxRigidDynamic::setLinearVelocity: Body must be non-kinematic!, FILE /builds/omniverse/physics/physx/source/physx/src/NpRigidDynamic.cpp, LINE 251
2026-07-02T14:52:52Z [9,562ms] [Error] [omni.physx.plugin] PhysX error: PxRigidDynamic::setAngularVelocity: Body must be non-kinematic!, FILE /builds/omniverse/physics/physx/source/physx/src/NpRigidDynamic.cpp, LINE 284
2026-07-02T14:52:52Z [9,562ms] [Error] [omni.physx.plugin] PhysX error: PxRigidDynamic::setLinearVelocity: Body must be non-kinematic!, FILE /builds/omniverse/physics/physx/source/physx/src/NpRigidDynamic.cpp, LINE 251
2026-07-02T14:52:52Z [9,563ms] [Error] [omni.physx.plugin] PhysX error: PxRigidDynamic::setAngularVelocity: Body must be non-kinematic!, FILE /builds/omniverse/physics/physx/source/physx/src/NpRigidDynamic.cpp, LINE 284
2026-07-02T14:52:52Z [9,563ms] [Error] [omni.physx.plugin] PhysX error: PxRigidDynamic::setLinearVelocity: Body must be non-kinematic!, FILE /builds/omniverse/physics/physx/source/physx/src/NpRigidDynamic.cpp, LINE 251
2026-07-02T14:52:52Z [9,563ms] [Error] [omni.physx.plugin] PhysX error: PxRigidDynamic::setAngularVelocity: Body must be non-kinematic!, FILE /builds/omniverse/physics/physx/source/physx/src/NpRigidDynamic.cpp, LINE 284
2026-07-02T14:52:52Z [9,564ms] [Error] [omni.physx.plugin] PhysX error: PxRigidDynamic::setLinearVelocity: Body must be non-kinematic!, FILE /builds/omniverse/physics/physx/source/physx/src/NpRigidDynamic.cpp, LINE 251
2026-07-02T14:52:52Z [9,564ms] [Error] [omni.physx.plugin] PhysX error: PxRigidDynamic::setAngularVelocity: Body must be non-kinematic!, FILE /builds/omniverse/physics/physx/source/physx/src/NpRigidDynamic.cpp, LINE 284
2026-07-02T14:52:52Z [9,565ms] [Error] [omni.physx.plugin] PhysX error: PxRigidDynamic::setLinearVelocity: Body must be non-kinematic!, FILE /builds/omniverse/physics/physx/source/physx/src/NpRigidDynamic.cpp, LINE 251
2026-07-02T14:52:52Z [9,565ms] [Error] [omni.physx.plugin] PhysX error: PxRigidDynamic::setAngularVelocity: Body must be non-kinematic!, FILE /builds/omniverse/physics/physx/source/physx/src/NpRigidDynamic.cpp, LINE 284
2026-07-02T14:52:52Z [9,565ms] [Error] [omni.physx.plugin] PhysX error: PxRigidDynamic::setLinearVelocity: Body must be non-kinematic!, FILE /builds/omniverse/physics/physx/source/physx/src/NpRigidDynamic.cpp, LINE 251
2026-07-02T14:52:52Z [9,565ms] [Error] [omni.physx.plugin] PhysX error: PxRigidDynamic::setAngularVelocity: Body must be non-kinematic!, FILE /builds/omniverse/physics/physx/source/physx/src/NpRigidDynamic.cpp, LINE 284
2026-07-02T14:52:52Z [9,566ms] [Error] [omni.physx.plugin] PhysX error: PxRigidDynamic::setLinearVelocity: Body must be non-kinematic!, FILE /builds/omniverse/physics/physx/source/physx/src/NpRigidDynamic.cpp, LINE 251
2026-07-02T14:52:52Z [9,566ms] [Error] [omni.physx.plugin] PhysX error: PxRigidDynamic::setAngularVelocity: Body must be non-kinematic!, FILE /builds/omniverse/physics/physx/source/physx/src/NpRigidDynamic.cpp, LINE 284
2026-07-02T14:52:52Z [9,567ms] [Error] [omni.physx.plugin] PhysX error: PxRigidDynamic::setLinearVelocity: Body must be non-kinematic!, FILE /builds/omniverse/physics/physx/source/physx/src/NpRigidDynamic.cpp, LINE 251
2026-07-02T14:52:52Z [9,567ms] [Error] [omni.physx.plugin] PhysX error: PxRigidDynamic::setAngularVelocity: Body must be non-kinematic!, FILE /builds/omniverse/physics/physx/source/physx/src/NpRigidDynamic.cpp, LINE 284
2026-07-02T14:52:52Z [9,567ms] [Error] [omni.physx.plugin] PhysX error: PxRigidDynamic::setLinearVelocity: Body must be non-kinematic!, FILE /builds/omniverse/physics/physx/source/physx/src/NpRigidDynamic.cpp, LINE 251
2026-07-02T14:52:52Z [9,567ms] [Error] [omni.physx.plugin] PhysX error: PxRigidDynamic::setAngularVelocity: Body must be non-kinematic!, FILE /builds/omniverse/physics/physx/source/physx/src/NpRigidDynamic.cpp, LINE 284
2026-07-02T14:52:52Z [9,568ms] [Error] [omni.physx.plugin] PhysX error: PxRigidDynamic::setLinearVelocity: Body must be non-kinematic!, FILE /builds/omniverse/physics/physx/source/physx/src/NpRigidDynamic.cpp, LINE 251
2026-07-02T14:52:52Z [9,568ms] [Error] [omni.physx.plugin] PhysX error: PxRigidDynamic::setAngularVelocity: Body must be non-kinematic!, FILE /builds/omniverse/physics/physx/source/physx/src/NpRigidDynamic.cpp, LINE 284
2026-07-02T14:52:52Z [9,569ms] [Error] [omni.physx.plugin] PhysX error: PxRigidDynamic::setLinearVelocity: Body must be non-kinematic!, FILE /builds/omniverse/physics/physx/source/physx/src/NpRigidDynamic.cpp, LINE 251
2026-07-02T14:52:52Z [9,569ms] [Error] [omni.physx.plugin] PhysX error: PxRigidDynamic::setAngularVelocity: Body must be non-kinematic!, FILE /builds/omniverse/physics/physx/source/physx/src/NpRigidDynamic.cpp, LINE 284
2026-07-02T14:52:52Z [9,569ms] [Error] [omni.physx.plugin] PhysX error: PxRigidDynamic::setLinearVelocity: Body must be non-kinematic!, FILE /builds/omniverse/physics/physx/source/physx/src/NpRigidDynamic.cpp, LINE 251
2026-07-02T14:52:52Z [9,569ms] [Error] [omni.physx.plugin] PhysX error: PxRigidDynamic::setAngularVelocity: Body must be non-kinematic!, FILE /builds/omniverse/physics/physx/source/physx/src/NpRigidDynamic.cpp, LINE 284
2026-07-02T14:52:52Z [9,570ms] [Error] [omni.physx.plugin] PhysX error: PxRigidDynamic::setLinearVelocity: Body must be non-kinematic!, FILE /builds/omniverse/physics/physx/source/physx/src/NpRigidDynamic.cpp, LINE 251
2026-07-02T14:52:52Z [9,570ms] [Error] [omni.physx.plugin] PhysX error: PxRigidDynamic::setAngularVelocity: Body must be non-kinematic!, FILE /builds/omniverse/physics/physx/source/physx/src/NpRigidDynamic.cpp, LINE 284
2026-07-02T14:52:52Z [9,571ms] [Error] [omni.physx.plugin] PhysX error: PxRigidDynamic::setLinearVelocity: Body must be non-kinematic!, FILE /builds/omniverse/physics/physx/source/physx/src/NpRigidDynamic.cpp, LINE 251
2026-07-02T14:52:52Z [9,571ms] [Error] [omni.physx.plugin] PhysX error: PxRigidDynamic::setAngularVelocity: Body must be non-kinematic!, FILE /builds/omniverse/physics/physx/source/physx/src/NpRigidDynamic.cpp, LINE 284
2026-07-02T14:52:52Z [9,571ms] [Error] [omni.physx.plugin] PhysX error: PxRigidDynamic::setLinearVelocity: Body must be non-kinematic!, FILE /builds/omniverse/physics/physx/source/physx/src/NpRigidDynamic.cpp, LINE 251
2026-07-02T14:52:52Z [9,571ms] [Error] [omni.physx.plugin] PhysX error: PxRigidDynamic::setAngularVelocity: Body must be non-kinematic!, FILE /builds/omniverse/physics/physx/source/physx/src/NpRigidDynamic.cpp, LINE 284
2026-07-02T14:52:52Z [9,572ms] [Error] [omni.physx.plugin] PhysX error: PxRigidDynamic::setLinearVelocity: Body must be non-kinematic!, FILE /builds/omniverse/physics/physx/source/physx/src/NpRigidDynamic.cpp, LINE 251
2026-07-02T14:52:52Z [9,572ms] [Error] [omni.physx.plugin] PhysX error: PxRigidDynamic::setAngularVelocity: Body must be non-kinematic!, FILE /builds/omniverse/physics/physx/source/physx/src/NpRigidDynamic.cpp, LINE 284
2026-07-02T14:52:52Z [9,573ms] [Error] [omni.physx.plugin] PhysX error: PxRigidDynamic::setLinearVelocity: Body must be non-kinematic!, FILE /builds/omniverse/physics/physx/source/physx/src/NpRigidDynamic.cpp, LINE 251
2026-07-02T14:52:52Z [9,573ms] [Error] [omni.physx.plugin] PhysX error: PxRigidDynamic::setAngularVelocity: Body must be non-kinematic!, FILE /builds/omniverse/physics/physx/source/physx/src/NpRigidDynamic.cpp, LINE 284
2026-07-02T14:52:52Z [9,574ms] [Error] [omni.physx.plugin] PhysX error: PxRigidDynamic::setLinearVelocity: Body must be non-kinematic!, FILE /builds/omniverse/physics/physx/source/physx/src/NpRigidDynamic.cpp, LINE 251
2026-07-02T14:52:52Z [9,574ms] [Error] [omni.physx.plugin] PhysX error: PxRigidDynamic::setAngularVelocity: Body must be non-kinematic!, FILE /builds/omniverse/physics/physx/source/physx/src/NpRigidDynamic.cpp, LINE 284
2026-07-02T14:52:52Z [9,574ms] [Error] [omni.physx.plugin] PhysX error: PxRigidDynamic::setLinearVelocity: Body must be non-kinematic!, FILE /builds/omniverse/physics/physx/source/physx/src/NpRigidDynamic.cpp, LINE 251
2026-07-02T14:52:52Z [9,575ms] [Error] [omni.physx.plugin] PhysX error: PxRigidDynamic::setAngularVelocity: Body must be non-kinematic!, FILE /builds/omniverse/physics/physx/source/physx/src/NpRigidDynamic.cpp, LINE 284
2026-07-02T14:52:52Z [9,575ms] [Error] [omni.physx.plugin] PhysX error: PxRigidDynamic::setLinearVelocity: Body must be non-kinematic!, FILE /builds/omniverse/physics/physx/source/physx/src/NpRigidDynamic.cpp, LINE 251
2026-07-02T14:52:52Z [9,575ms] [Error] [omni.physx.plugin] PhysX error: PxRigidDynamic::setAngularVelocity: Body must be non-kinematic!, FILE /builds/omniverse/physics/physx/source/physx/src/NpRigidDynamic.cpp, LINE 284
2026-07-02T14:52:52Z [9,576ms] [Error] [omni.physx.plugin] PhysX error: PxRigidDynamic::setLinearVelocity: Body must be non-kinematic!, FILE /builds/omniverse/physics/physx/source/physx/src/NpRigidDynamic.cpp, LINE 251
2026-07-02T14:52:52Z [9,576ms] [Error] [omni.physx.plugin] PhysX error: PxRigidDynamic::setAngularVelocity: Body must be non-kinematic!, FILE /builds/omniverse/physics/physx/source/physx/src/NpRigidDynamic.cpp, LINE 284
2026-07-02T14:52:52Z [9,576ms] [Error] [omni.physx.plugin] PhysX error: PxRigidDynamic::setLinearVelocity: Body must be non-kinematic!, FILE /builds/omniverse/physics/physx/source/physx/src/NpRigidDynamic.cpp, LINE 251
2026-07-02T14:52:52Z [9,577ms] [Error] [omni.physx.plugin] PhysX error: PxRigidDynamic::setAngularVelocity: Body must be non-kinematic!, FILE /builds/omniverse/physics/physx/source/physx/src/NpRigidDynamic.cpp, LINE 284
2026-07-02T14:52:52Z [9,577ms] [Error] [omni.physx.plugin] PhysX error: PxRigidDynamic::setLinearVelocity: Body must be non-kinematic!, FILE /builds/omniverse/physics/physx/source/physx/src/NpRigidDynamic.cpp, LINE 251
2026-07-02T14:52:52Z [9,577ms] [Error] [omni.physx.plugin] PhysX error: PxRigidDynamic::setAngularVelocity: Body must be non-kinematic!, FILE /builds/omniverse/physics/physx/source/physx/src/NpRigidDynamic.cpp, LINE 284
2026-07-02T14:52:52Z [9,578ms] [Error] [omni.physx.plugin] PhysX error: PxRigidDynamic::setLinearVelocity: Body must be non-kinematic!, FILE /builds/omniverse/physics/physx/source/physx/src/NpRigidDynamic.cpp, LINE 251
2026-07-02T14:52:52Z [9,578ms] [Error] [omni.physx.plugin] PhysX error: PxRigidDynamic::setAngularVelocity: Body must be non-kinematic!, FILE /builds/omniverse/physics/physx/source/physx/src/NpRigidDynamic.cpp, LINE 284
2026-07-02T14:52:52Z [9,578ms] [Error] [omni.physx.plugin] PhysX error: PxRigidDynamic::setLinearVelocity: Body must be non-kinematic!, FILE /builds/omniverse/physics/physx/source/physx/src/NpRigidDynamic.cpp, LINE 251
2026-07-02T14:52:52Z [9,579ms] [Error] [omni.physx.plugin] PhysX error: PxRigidDynamic::setAngularVelocity: Body must be non-kinematic!, FILE /builds/omniverse/physics/physx/source/physx/src/NpRigidDynamic.cpp, LINE 284
2026-07-02T14:52:52Z [9,579ms] [Error] [omni.physx.plugin] PhysX error: PxRigidDynamic::setLinearVelocity: Body must be non-kinematic!, FILE /builds/omniverse/physics/physx/source/physx/src/NpRigidDynamic.cpp, LINE 251
2026-07-02T14:52:52Z [9,579ms] [Error] [omni.physx.plugin] PhysX error: PxRigidDynamic::setAngularVelocity: Body must be non-kinematic!, FILE /builds/omniverse/physics/physx/source/physx/src/NpRigidDynamic.cpp, LINE 284
2026-07-02T14:52:52Z [9,581ms] [Error] [omni.physx.plugin] PhysX error: PxRigidDynamic::setLinearVelocity: Body must be non-kinematic!, FILE /builds/omniverse/physics/physx/source/physx/src/NpRigidDynamic.cpp, LINE 251
2026-07-02T14:52:52Z [9,581ms] [Error] [omni.physx.plugin] PhysX error: PxRigidDynamic::setAngularVelocity: Body must be non-kinematic!, FILE /builds/omniverse/physics/physx/source/physx/src/NpRigidDynamic.cpp, LINE 284
2026-07-02T14:52:52Z [9,581ms] [Error] [omni.physx.plugin] PhysX error: PxRigidDynamic::setLinearVelocity: Body must be non-kinematic!, FILE /builds/omniverse/physics/physx/source/physx/src/NpRigidDynamic.cpp, LINE 251
2026-07-02T14:52:52Z [9,581ms] [Error] [omni.physx.plugin] PhysX error: PxRigidDynamic::setAngularVelocity: Body must be non-kinematic!, FILE /builds/omniverse/physics/physx/source/physx/src/NpRigidDynamic.cpp, LINE 284
2026-07-02T14:52:52Z [9,582ms] [Error] [omni.physx.plugin] PhysX error: PxRigidDynamic::setLinearVelocity: Body must be non-kinematic!, FILE /builds/omniverse/physics/physx/source/physx/src/NpRigidDynamic.cpp, LINE 251
2026-07-02T14:52:52Z [9,582ms] [Error] [omni.physx.plugin] PhysX error: PxRigidDynamic::setAngularVelocity: Body must be non-kinematic!, FILE /builds/omniverse/physics/physx/source/physx/src/NpRigidDynamic.cpp, LINE 284
2026-07-02T14:52:52Z [9,583ms] [Error] [omni.physx.plugin] PhysX error: PxRigidDynamic::setLinearVelocity: Body must be non-kinematic!, FILE /builds/omniverse/physics/physx/source/physx/src/NpRigidDynamic.cpp, LINE 251
2026-07-02T14:52:52Z [9,583ms] [Error] [omni.physx.plugin] PhysX error: PxRigidDynamic::setAngularVelocity: Body must be non-kinematic!, FILE /builds/omniverse/physics/physx/source/physx/src/NpRigidDynamic.cpp, LINE 284
2026-07-02T14:52:52Z [9,584ms] [Error] [omni.physx.plugin] PhysX error: PxRigidDynamic::setLinearVelocity: Body must be non-kinematic!, FILE /builds/omniverse/physics/physx/source/physx/src/NpRigidDynamic.cpp, LINE 251
2026-07-02T14:52:52Z [9,584ms] [Error] [omni.physx.plugin] PhysX error: PxRigidDynamic::setAngularVelocity: Body must be non-kinematic!, FILE /builds/omniverse/physics/physx/source/physx/src/NpRigidDynamic.cpp, LINE 284
2026-07-02T14:52:52Z [9,584ms] [Error] [omni.physx.plugin] PhysX error: PxRigidDynamic::setLinearVelocity: Body must be non-kinematic!, FILE /builds/omniverse/physics/physx/source/physx/src/NpRigidDynamic.cpp, LINE 251
2026-07-02T14:52:52Z [9,584ms] [Error] [omni.physx.plugin] PhysX error: PxRigidDynamic::setAngularVelocity: Body must be non-kinematic!, FILE /builds/omniverse/physics/physx/source/physx/src/NpRigidDynamic.cpp, LINE 284
2026-07-02T14:52:52Z [9,585ms] [Error] [omni.physx.plugin] PhysX error: PxRigidDynamic::setLinearVelocity: Body must be non-kinematic!, FILE /builds/omniverse/physics/physx/source/physx/src/NpRigidDynamic.cpp, LINE 251
2026-07-02T14:52:52Z [9,585ms] [Error] [omni.physx.plugin] PhysX error: PxRigidDynamic::setAngularVelocity: Body must be non-kinematic!, FILE /builds/omniverse/physics/physx/source/physx/src/NpRigidDynamic.cpp, LINE 284
2026-07-02T14:52:52Z [9,586ms] [Error] [omni.physx.plugin] PhysX error: PxRigidDynamic::setLinearVelocity: Body must be non-kinematic!, FILE /builds/omniverse/physics/physx/source/physx/src/NpRigidDynamic.cpp, LINE 251
2026-07-02T14:52:52Z [9,586ms] [Error] [omni.physx.plugin] PhysX error: PxRigidDynamic::setAngularVelocity: Body must be non-kinematic!, FILE /builds/omniverse/physics/physx/source/physx/src/NpRigidDynamic.cpp, LINE 284
2026-07-02T14:52:52Z [9,596ms] [Error] [omni.physx.plugin] PhysX error: PxRigidDynamic::setLinearVelocity: Body must be non-kinematic!, FILE /builds/omniverse/physics/physx/source/physx/src/NpRigidDynamic.cpp, LINE 251
2026-07-02T14:52:52Z [9,596ms] [Error] [omni.physx.plugin] PhysX error: PxRigidDynamic::setAngularVelocity: Body must be non-kinematic!, FILE /builds/omniverse/physics/physx/source/physx/src/NpRigidDynamic.cpp, LINE 284
2026-07-02T14:52:52Z [9,597ms] [Error] [omni.physx.plugin] PhysX error: PxRigidDynamic::setLinearVelocity: Body must be non-kinematic!, FILE /builds/omniverse/physics/physx/source/physx/src/NpRigidDynamic.cpp, LINE 251
2026-07-02T14:52:52Z [9,597ms] [Error] [omni.physx.plugin] PhysX error: PxRigidDynamic::setAngularVelocity: Body must be non-kinematic!, FILE /builds/omniverse/physics/physx/source/physx/src/NpRigidDynamic.cpp, LINE 284
2026-07-02T14:52:52Z [9,597ms] [Error] [omni.physx.plugin] PhysX error: PxRigidDynamic::setLinearVelocity: Body must be non-kinematic!, FILE /builds/omniverse/physics/physx/source/physx/src/NpRigidDynamic.cpp, LINE 251
2026-07-02T14:52:52Z [9,597ms] [Error] [omni.physx.plugin] PhysX error: PxRigidDynamic::setAngularVelocity: Body must be non-kinematic!, FILE /builds/omniverse/physics/physx/source/physx/src/NpRigidDynamic.cpp, LINE 284
2026-07-02T14:52:52Z [9,598ms] [Error] [omni.physx.plugin] PhysX error: PxRigidDynamic::setLinearVelocity: Body must be non-kinematic!, FILE /builds/omniverse/physics/physx/source/physx/src/NpRigidDynamic.cpp, LINE 251
2026-07-02T14:52:52Z [9,598ms] [Error] [omni.physx.plugin] PhysX error: PxRigidDynamic::setAngularVelocity: Body must be non-kinematic!, FILE /builds/omniverse/physics/physx/source/physx/src/NpRigidDynamic.cpp, LINE 284
2026-07-02T14:52:52Z [9,598ms] [Error] [omni.physx.plugin] PhysX error: PxRigidDynamic::setLinearVelocity: Body must be non-kinematic!, FILE /builds/omniverse/physics/physx/source/physx/src/NpRigidDynamic.cpp, LINE 251
2026-07-02T14:52:52Z [9,598ms] [Error] [omni.physx.plugin] PhysX error: PxRigidDynamic::setAngularVelocity: Body must be non-kinematic!, FILE /builds/omniverse/physics/physx/source/physx/src/NpRigidDynamic.cpp, LINE 284
2026-07-02T14:52:52Z [9,598ms] [Error] [omni.physx.plugin] PhysX error: PxRigidDynamic::setLinearVelocity: Body must be non-kinematic!, FILE /builds/omniverse/physics/physx/source/physx/src/NpRigidDynamic.cpp, LINE 251
2026-07-02T14:52:52Z [9,598ms] [Error] [omni.physx.plugin] PhysX error: PxRigidDynamic::setAngularVelocity: Body must be non-kinematic!, FILE /builds/omniverse/physics/physx/source/physx/src/NpRigidDynamic.cpp, LINE 284
2026-07-02T14:52:52Z [9,599ms] [Error] [omni.physx.plugin] PhysX error: PxRigidDynamic::setLinearVelocity: Body must be non-kinematic!, FILE /builds/omniverse/physics/physx/source/physx/src/NpRigidDynamic.cpp, LINE 251
2026-07-02T14:52:52Z [9,599ms] [Error] [omni.physx.plugin] PhysX error: PxRigidDynamic::setAngularVelocity: Body must be non-kinematic!, FILE /builds/omniverse/physics/physx/source/physx/src/NpRigidDynamic.cpp, LINE 284
2026-07-02T14:52:52Z [9,599ms] [Error] [omni.physx.plugin] PhysX error: PxRigidDynamic::setLinearVelocity: Body must be non-kinematic!, FILE /builds/omniverse/physics/physx/source/physx/src/NpRigidDynamic.cpp, LINE 251
2026-07-02T14:52:52Z [9,599ms] [Error] [omni.physx.plugin] PhysX error: PxRigidDynamic::setAngularVelocity: Body must be non-kinematic!, FILE /builds/omniverse/physics/physx/source/physx/src/NpRigidDynamic.cpp, LINE 284
2026-07-02T14:52:52Z [9,600ms] [Error] [omni.physx.plugin] PhysX error: PxRigidDynamic::setLinearVelocity: Body must be non-kinematic!, FILE /builds/omniverse/physics/physx/source/physx/src/NpRigidDynamic.cpp, LINE 251
2026-07-02T14:52:52Z [9,600ms] [Error] [omni.physx.plugin] PhysX error: PxRigidDynamic::setAngularVelocity: Body must be non-kinematic!, FILE /builds/omniverse/physics/physx/source/physx/src/NpRigidDynamic.cpp, LINE 284
2026-07-02T14:52:52Z [9,600ms] [Error] [omni.physx.plugin] PhysX error: PxRigidDynamic::setLinearVelocity: Body must be non-kinematic!, FILE /builds/omniverse/physics/physx/source/physx/src/NpRigidDynamic.cpp, LINE 251
2026-07-02T14:52:52Z [9,600ms] [Error] [omni.physx.plugin] PhysX error: PxRigidDynamic::setAngularVelocity: Body must be non-kinematic!, FILE /builds/omniverse/physics/physx/source/physx/src/NpRigidDynamic.cpp, LINE 284
2026-07-02T14:52:52Z [9,600ms] [Error] [omni.physx.plugin] PhysX error: PxRigidDynamic::setLinearVelocity: Body must be non-kinematic!, FILE /builds/omniverse/physics/physx/source/physx/src/NpRigidDynamic.cpp, LINE 251
2026-07-02T14:52:52Z [9,601ms] [Error] [omni.physx.plugin] PhysX error: PxRigidDynamic::setAngularVelocity: Body must be non-kinematic!, FILE /builds/omniverse/physics/physx/source/physx/src/NpRigidDynamic.cpp, LINE 284
2026-07-02T14:52:52Z [9,601ms] [Error] [omni.physx.plugin] PhysX error: PxRigidDynamic::setLinearVelocity: Body must be non-kinematic!, FILE /builds/omniverse/physics/physx/source/physx/src/NpRigidDynamic.cpp, LINE 251
2026-07-02T14:52:52Z [9,601ms] [Error] [omni.physx.plugin] PhysX error: PxRigidDynamic::setAngularVelocity: Body must be non-kinematic!, FILE /builds/omniverse/physics/physx/source/physx/src/NpRigidDynamic.cpp, LINE 284
2026-07-02T14:52:52Z [9,601ms] [Error] [omni.physx.plugin] PhysX error: PxRigidDynamic::setLinearVelocity: Body must be non-kinematic!, FILE /builds/omniverse/physics/physx/source/physx/src/NpRigidDynamic.cpp, LINE 251
2026-07-02T14:52:52Z [9,601ms] [Error] [omni.physx.plugin] PhysX error: PxRigidDynamic::setAngularVelocity: Body must be non-kinematic!, FILE /builds/omniverse/physics/physx/source/physx/src/NpRigidDynamic.cpp, LINE 284
2026-07-02T14:52:52Z [9,602ms] [Error] [omni.physx.plugin] PhysX error: PxRigidDynamic::setLinearVelocity: Body must be non-kinematic!, FILE /builds/omniverse/physics/physx/source/physx/src/NpRigidDynamic.cpp, LINE 251
2026-07-02T14:52:52Z [9,602ms] [Error] [omni.physx.plugin] PhysX error: PxRigidDynamic::setAngularVelocity: Body must be non-kinematic!, FILE /builds/omniverse/physics/physx/source/physx/src/NpRigidDynamic.cpp, LINE 284
2026-07-02T14:52:52Z [9,602ms] [Error] [omni.physx.plugin] PhysX error: PxRigidDynamic::setLinearVelocity: Body must be non-kinematic!, FILE /builds/omniverse/physics/physx/source/physx/src/NpRigidDynamic.cpp, LINE 251
2026-07-02T14:52:52Z [9,602ms] [Error] [omni.physx.plugin] PhysX error: PxRigidDynamic::setAngularVelocity: Body must be non-kinematic!, FILE /builds/omniverse/physics/physx/source/physx/src/NpRigidDynamic.cpp, LINE 284
2026-07-02T14:52:52Z [9,603ms] [Error] [omni.physx.plugin] PhysX error: PxRigidDynamic::setLinearVelocity: Body must be non-kinematic!, FILE /builds/omniverse/physics/physx/source/physx/src/NpRigidDynamic.cpp, LINE 251
2026-07-02T14:52:52Z [9,603ms] [Error] [omni.physx.plugin] PhysX error: PxRigidDynamic::setAngularVelocity: Body must be non-kinematic!, FILE /builds/omniverse/physics/physx/source/physx/src/NpRigidDynamic.cpp, LINE 284
2026-07-02T14:52:52Z [9,603ms] [Error] [omni.physx.plugin] PhysX error: PxRigidDynamic::setLinearVelocity: Body must be non-kinematic!, FILE /builds/omniverse/physics/physx/source/physx/src/NpRigidDynamic.cpp, LINE 251
2026-07-02T14:52:52Z [9,603ms] [Error] [omni.physx.plugin] PhysX error: PxRigidDynamic::setAngularVelocity: Body must be non-kinematic!, FILE /builds/omniverse/physics/physx/source/physx/src/NpRigidDynamic.cpp, LINE 284
2026-07-02T14:52:52Z [9,603ms] [Error] [omni.physx.plugin] PhysX error: PxRigidDynamic::setLinearVelocity: Body must be non-kinematic!, FILE /builds/omniverse/physics/physx/source/physx/src/NpRigidDynamic.cpp, LINE 251
2026-07-02T14:52:52Z [9,604ms] [Error] [omni.physx.plugin] PhysX error: PxRigidDynamic::setAngularVelocity: Body must be non-kinematic!, FILE /builds/omniverse/physics/physx/source/physx/src/NpRigidDynamic.cpp, LINE 284
2026-07-02T14:52:52Z [9,604ms] [Error] [omni.physx.plugin] PhysX error: PxRigidDynamic::setLinearVelocity: Body must be non-kinematic!, FILE /builds/omniverse/physics/physx/source/physx/src/NpRigidDynamic.cpp, LINE 251
2026-07-02T14:52:52Z [9,604ms] [Error] [omni.physx.plugin] PhysX error: PxRigidDynamic::setAngularVelocity: Body must be non-kinematic!, FILE /builds/omniverse/physics/physx/source/physx/src/NpRigidDynamic.cpp, LINE 284
2026-07-02T14:52:52Z [9,604ms] [Error] [omni.physx.plugin] PhysX error: PxRigidDynamic::setLinearVelocity: Body must be non-kinematic!, FILE /builds/omniverse/physics/physx/source/physx/src/NpRigidDynamic.cpp, LINE 251
2026-07-02T14:52:52Z [9,604ms] [Error] [omni.physx.plugin] PhysX error: PxRigidDynamic::setAngularVelocity: Body must be non-kinematic!, FILE /builds/omniverse/physics/physx/source/physx/src/NpRigidDynamic.cpp, LINE 284
2026-07-02T14:52:52Z [9,605ms] [Error] [omni.physx.plugin] PhysX error: PxRigidDynamic::setLinearVelocity: Body must be non-kinematic!, FILE /builds/omniverse/physics/physx/source/physx/src/NpRigidDynamic.cpp, LINE 251
2026-07-02T14:52:52Z [9,605ms] [Error] [omni.physx.plugin] PhysX error: PxRigidDynamic::setAngularVelocity: Body must be non-kinematic!, FILE /builds/omniverse/physics/physx/source/physx/src/NpRigidDynamic.cpp, LINE 284
2026-07-02T14:52:52Z [9,605ms] [Error] [omni.physx.plugin] PhysX error: PxRigidDynamic::setLinearVelocity: Body must be non-kinematic!, FILE /builds/omniverse/physics/physx/source/physx/src/NpRigidDynamic.cpp, LINE 251
2026-07-02T14:52:52Z [9,605ms] [Error] [omni.physx.plugin] PhysX error: PxRigidDynamic::setAngularVelocity: Body must be non-kinematic!, FILE /builds/omniverse/physics/physx/source/physx/src/NpRigidDynamic.cpp, LINE 284
2026-07-02T14:52:52Z [9,606ms] [Error] [omni.physx.plugin] PhysX error: PxRigidDynamic::setLinearVelocity: Body must be non-kinematic!, FILE /builds/omniverse/physics/physx/source/physx/src/NpRigidDynamic.cpp, LINE 251
2026-07-02T14:52:52Z [9,606ms] [Error] [omni.physx.plugin] PhysX error: PxRigidDynamic::setAngularVelocity: Body must be non-kinematic!, FILE /builds/omniverse/physics/physx/source/physx/src/NpRigidDynamic.cpp, LINE 284
2026-07-02T14:52:52Z [9,606ms] [Error] [omni.physx.plugin] PhysX error: PxRigidDynamic::setLinearVelocity: Body must be non-kinematic!, FILE /builds/omniverse/physics/physx/source/physx/src/NpRigidDynamic.cpp, LINE 251
2026-07-02T14:52:52Z [9,606ms] [Error] [omni.physx.plugin] PhysX error: PxRigidDynamic::setAngularVelocity: Body must be non-kinematic!, FILE /builds/omniverse/physics/physx/source/physx/src/NpRigidDynamic.cpp, LINE 284
2026-07-02T14:52:52Z [9,606ms] [Error] [omni.physx.plugin] PhysX error: PxRigidDynamic::setLinearVelocity: Body must be non-kinematic!, FILE /builds/omniverse/physics/physx/source/physx/src/NpRigidDynamic.cpp, LINE 251
2026-07-02T14:52:52Z [9,607ms] [Error] [omni.physx.plugin] PhysX error: PxRigidDynamic::setAngularVelocity: Body must be non-kinematic!, FILE /builds/omniverse/physics/physx/source/physx/src/NpRigidDynamic.cpp, LINE 284
2026-07-02T14:52:52Z [9,607ms] [Error] [omni.physx.plugin] PhysX error: PxRigidDynamic::setLinearVelocity: Body must be non-kinematic!, FILE /builds/omniverse/physics/physx/source/physx/src/NpRigidDynamic.cpp, LINE 251
2026-07-02T14:52:52Z [9,607ms] [Error] [omni.physx.plugin] PhysX error: PxRigidDynamic::setAngularVelocity: Body must be non-kinematic!, FILE /builds/omniverse/physics/physx/source/physx/src/NpRigidDynamic.cpp, LINE 284
2026-07-02T14:52:52Z [9,608ms] [Error] [omni.physx.plugin] PhysX error: PxRigidDynamic::setLinearVelocity: Body must be non-kinematic!, FILE /builds/omniverse/physics/physx/source/physx/src/NpRigidDynamic.cpp, LINE 251
2026-07-02T14:52:52Z [9,608ms] [Error] [omni.physx.plugin] PhysX error: PxRigidDynamic::setAngularVelocity: Body must be non-kinematic!, FILE /builds/omniverse/physics/physx/source/physx/src/NpRigidDynamic.cpp, LINE 284
2026-07-02T14:52:52Z [9,608ms] [Error] [omni.physx.plugin] PhysX error: PxRigidDynamic::setLinearVelocity: Body must be non-kinematic!, FILE /builds/omniverse/physics/physx/source/physx/src/NpRigidDynamic.cpp, LINE 251
2026-07-02T14:52:52Z [9,608ms] [Error] [omni.physx.plugin] PhysX error: PxRigidDynamic::setAngularVelocity: Body must be non-kinematic!, FILE /builds/omniverse/physics/physx/source/physx/src/NpRigidDynamic.cpp, LINE 284
2026-07-02T14:52:52Z [9,609ms] [Error] [omni.physx.plugin] PhysX error: PxRigidDynamic::setLinearVelocity: Body must be non-kinematic!, FILE /builds/omniverse/physics/physx/source/physx/src/NpRigidDynamic.cpp, LINE 251
2026-07-02T14:52:52Z [9,609ms] [Error] [omni.physx.plugin] PhysX error: PxRigidDynamic::setAngularVelocity: Body must be non-kinematic!, FILE /builds/omniverse/physics/physx/source/physx/src/NpRigidDynamic.cpp, LINE 284
2026-07-02T14:52:52Z [9,609ms] [Error] [omni.physx.plugin] PhysX error: PxRigidDynamic::setLinearVelocity: Body must be non-kinematic!, FILE /builds/omniverse/physics/physx/source/physx/src/NpRigidDynamic.cpp, LINE 251
2026-07-02T14:52:52Z [9,609ms] [Error] [omni.physx.plugin] PhysX error: PxRigidDynamic::setAngularVelocity: Body must be non-kinematic!, FILE /builds/omniverse/physics/physx/source/physx/src/NpRigidDynamic.cpp, LINE 284
2026-07-02T14:52:52Z [9,610ms] [Error] [omni.physx.plugin] PhysX error: PxRigidDynamic::setLinearVelocity: Body must be non-kinematic!, FILE /builds/omniverse/physics/physx/source/physx/src/NpRigidDynamic.cpp, LINE 251
2026-07-02T14:52:52Z [9,610ms] [Error] [omni.physx.plugin] PhysX error: PxRigidDynamic::setAngularVelocity: Body must be non-kinematic!, FILE /builds/omniverse/physics/physx/source/physx/src/NpRigidDynamic.cpp, LINE 284
2026-07-02T14:52:52Z [9,610ms] [Error] [omni.physx.plugin] PhysX error: PxRigidDynamic::setLinearVelocity: Body must be non-kinematic!, FILE /builds/omniverse/physics/physx/source/physx/src/NpRigidDynamic.cpp, LINE 251
2026-07-02T14:52:52Z [9,610ms] [Error] [omni.physx.plugin] PhysX error: PxRigidDynamic::setAngularVelocity: Body must be non-kinematic!, FILE /builds/omniverse/physics/physx/source/physx/src/NpRigidDynamic.cpp, LINE 284
2026-07-02T14:52:52Z [9,610ms] [Error] [omni.physx.plugin] PhysX error: PxRigidDynamic::setLinearVelocity: Body must be non-kinematic!, FILE /builds/omniverse/physics/physx/source/physx/src/NpRigidDynamic.cpp, LINE 251
2026-07-02T14:52:52Z [9,610ms] [Error] [omni.physx.plugin] PhysX error: PxRigidDynamic::setAngularVelocity: Body must be non-kinematic!, FILE /builds/omniverse/physics/physx/source/physx/src/NpRigidDynamic.cpp, LINE 284
2026-07-02T14:52:52Z [9,611ms] [Error] [omni.physx.plugin] PhysX error: PxRigidDynamic::setLinearVelocity: Body must be non-kinematic!, FILE /builds/omniverse/physics/physx/source/physx/src/NpRigidDynamic.cpp, LINE 251
2026-07-02T14:52:52Z [9,611ms] [Error] [omni.physx.plugin] PhysX error: PxRigidDynamic::setAngularVelocity: Body must be non-kinematic!, FILE /builds/omniverse/physics/physx/source/physx/src/NpRigidDynamic.cpp, LINE 284
[INFO]: RTX streaming completed in 0.01 s.
[INFO]: RTX streaming completed in 0.04 s.
[INFO] Pi0.5 pick-place episode 0 success=False completed=False steps=3800 instruction='pick up the can and place it in the tray'
[INFO] Starting Pi0.5 pick-place episode 1: instruction='pick up the can and place it in the basket', target='can', placement='basket'
2026-07-02T14:52:53Z [9,785ms] [Warning] [omni.kit.material.library.material_extensions] Could not initialize context menu integration: No module named 'omni.kit.context_menu'
2026-07-02T14:53:38Z [55,539ms] [Error] [omni.physx.plugin] PhysX error: PxRigidDynamic::setLinearVelocity: Body must be non-kinematic!, FILE /builds/omniverse/physics/physx/source/physx/src/NpRigidDynamic.cpp, LINE 251
2026-07-02T14:53:38Z [55,539ms] [Error] [omni.physx.plugin] PhysX error: PxRigidDynamic::setAngularVelocity: Body must be non-kinematic!, FILE /builds/omniverse/physics/physx/source/physx/src/NpRigidDynamic.cpp, LINE 284
2026-07-02T14:53:38Z [55,540ms] [Error] [omni.physx.plugin] PhysX error: PxRigidDynamic::setLinearVelocity: Body must be non-kinematic!, FILE /builds/omniverse/physics/physx/source/physx/src/NpRigidDynamic.cpp, LINE 251
2026-07-02T14:53:38Z [55,540ms] [Error] [omni.physx.plugin] PhysX error: PxRigidDynamic::setAngularVelocity: Body must be non-kinematic!, FILE /builds/omniverse/physics/physx/source/physx/src/NpRigidDynamic.cpp, LINE 284
2026-07-02T14:53:38Z [55,540ms] [Error] [omni.physx.plugin] PhysX error: PxRigidDynamic::setLinearVelocity: Body must be non-kinematic!, FILE /builds/omniverse/physics/physx/source/physx/src/NpRigidDynamic.cpp, LINE 251
2026-07-02T14:53:38Z [55,540ms] [Error] [omni.physx.plugin] PhysX error: PxRigidDynamic::setAngularVelocity: Body must be non-kinematic!, FILE /builds/omniverse/physics/physx/source/physx/src/NpRigidDynamic.cpp, LINE 284
2026-07-02T14:53:38Z [55,541ms] [Error] [omni.physx.plugin] PhysX error: PxRigidDynamic::setLinearVelocity: Body must be non-kinematic!, FILE /builds/omniverse/physics/physx/source/physx/src/NpRigidDynamic.cpp, LINE 251
2026-07-02T14:53:38Z [55,541ms] [Error] [omni.physx.plugin] PhysX error: PxRigidDynamic::setAngularVelocity: Body must be non-kinematic!, FILE /builds/omniverse/physics/physx/source/physx/src/NpRigidDynamic.cpp, LINE 284
2026-07-02T14:53:38Z [55,542ms] [Error] [omni.physx.plugin] PhysX error: PxRigidDynamic::setLinearVelocity: Body must be non-kinematic!, FILE /builds/omniverse/physics/physx/source/physx/src/NpRigidDynamic.cpp, LINE 251
2026-07-02T14:53:38Z [55,542ms] [Error] [omni.physx.plugin] PhysX error: PxRigidDynamic::setAngularVelocity: Body must be non-kinematic!, FILE /builds/omniverse/physics/physx/source/physx/src/NpRigidDynamic.cpp, LINE 284
2026-07-02T14:53:38Z [55,542ms] [Error] [omni.physx.plugin] PhysX error: PxRigidDynamic::setLinearVelocity: Body must be non-kinematic!, FILE /builds/omniverse/physics/physx/source/physx/src/NpRigidDynamic.cpp, LINE 251
2026-07-02T14:53:38Z [55,542ms] [Error] [omni.physx.plugin] PhysX error: PxRigidDynamic::setAngularVelocity: Body must be non-kinematic!, FILE /builds/omniverse/physics/physx/source/physx/src/NpRigidDynamic.cpp, LINE 284
2026-07-02T14:53:38Z [55,543ms] [Error] [omni.physx.plugin] PhysX error: PxRigidDynamic::setLinearVelocity: Body must be non-kinematic!, FILE /builds/omniverse/physics/physx/source/physx/src/NpRigidDynamic.cpp, LINE 251
2026-07-02T14:53:38Z [55,543ms] [Error] [omni.physx.plugin] PhysX error: PxRigidDynamic::setAngularVelocity: Body must be non-kinematic!, FILE /builds/omniverse/physics/physx/source/physx/src/NpRigidDynamic.cpp, LINE 284
2026-07-02T14:53:38Z [55,544ms] [Error] [omni.physx.plugin] PhysX error: PxRigidDynamic::setLinearVelocity: Body must be non-kinematic!, FILE /builds/omniverse/physics/physx/source/physx/src/NpRigidDynamic.cpp, LINE 251
2026-07-02T14:53:38Z [55,544ms] [Error] [omni.physx.plugin] PhysX error: PxRigidDynamic::setAngularVelocity: Body must be non-kinematic!, FILE /builds/omniverse/physics/physx/source/physx/src/NpRigidDynamic.cpp, LINE 284
2026-07-02T14:53:38Z [55,544ms] [Error] [omni.physx.plugin] PhysX error: PxRigidDynamic::setLinearVelocity: Body must be non-kinematic!, FILE /builds/omniverse/physics/physx/source/physx/src/NpRigidDynamic.cpp, LINE 251
2026-07-02T14:53:38Z [55,544ms] [Error] [omni.physx.plugin] PhysX error: PxRigidDynamic::setAngularVelocity: Body must be non-kinematic!, FILE /builds/omniverse/physics/physx/source/physx/src/NpRigidDynamic.cpp, LINE 284
2026-07-02T14:53:38Z [55,545ms] [Error] [omni.physx.plugin] PhysX error: PxRigidDynamic::setLinearVelocity: Body must be non-kinematic!, FILE /builds/omniverse/physics/physx/source/physx/src/NpRigidDynamic.cpp, LINE 251
2026-07-02T14:53:38Z [55,545ms] [Error] [omni.physx.plugin] PhysX error: PxRigidDynamic::setAngularVelocity: Body must be non-kinematic!, FILE /builds/omniverse/physics/physx/source/physx/src/NpRigidDynamic.cpp, LINE 284
2026-07-02T14:53:38Z [55,546ms] [Error] [omni.physx.plugin] PhysX error: PxRigidDynamic::setLinearVelocity: Body must be non-kinematic!, FILE /builds/omniverse/physics/physx/source/physx/src/NpRigidDynamic.cpp, LINE 251
2026-07-02T14:53:38Z [55,546ms] [Error] [omni.physx.plugin] PhysX error: PxRigidDynamic::setAngularVelocity: Body must be non-kinematic!, FILE /builds/omniverse/physics/physx/source/physx/src/NpRigidDynamic.cpp, LINE 284
2026-07-02T14:53:38Z [55,546ms] [Error] [omni.physx.plugin] PhysX error: PxRigidDynamic::setLinearVelocity: Body must be non-kinematic!, FILE /builds/omniverse/physics/physx/source/physx/src/NpRigidDynamic.cpp, LINE 251
2026-07-02T14:53:38Z [55,546ms] [Error] [omni.physx.plugin] PhysX error: PxRigidDynamic::setAngularVelocity: Body must be non-kinematic!, FILE /builds/omniverse/physics/physx/source/physx/src/NpRigidDynamic.cpp, LINE 284
2026-07-02T14:53:38Z [55,549ms] [Error] [omni.physx.plugin] PhysX error: PxRigidDynamic::setLinearVelocity: Body must be non-kinematic!, FILE /builds/omniverse/physics/physx/source/physx/src/NpRigidDynamic.cpp, LINE 251
2026-07-02T14:53:38Z [55,549ms] [Error] [omni.physx.plugin] PhysX error: PxRigidDynamic::setAngularVelocity: Body must be non-kinematic!, FILE /builds/omniverse/physics/physx/source/physx/src/NpRigidDynamic.cpp, LINE 284
2026-07-02T14:53:38Z [55,550ms] [Error] [omni.physx.plugin] PhysX error: PxRigidDynamic::setLinearVelocity: Body must be non-kinematic!, FILE /builds/omniverse/physics/physx/source/physx/src/NpRigidDynamic.cpp, LINE 251
2026-07-02T14:53:38Z [55,550ms] [Error] [omni.physx.plugin] PhysX error: PxRigidDynamic::setAngularVelocity: Body must be non-kinematic!, FILE /builds/omniverse/physics/physx/source/physx/src/NpRigidDynamic.cpp, LINE 284
2026-07-02T14:53:38Z [55,550ms] [Error] [omni.physx.plugin] PhysX error: PxRigidDynamic::setLinearVelocity: Body must be non-kinematic!, FILE /builds/omniverse/physics/physx/source/physx/src/NpRigidDynamic.cpp, LINE 251
2026-07-02T14:53:38Z [55,550ms] [Error] [omni.physx.plugin] PhysX error: PxRigidDynamic::setAngularVelocity: Body must be non-kinematic!, FILE /builds/omniverse/physics/physx/source/physx/src/NpRigidDynamic.cpp, LINE 284
2026-07-02T14:53:38Z [55,551ms] [Error] [omni.physx.plugin] PhysX error: PxRigidDynamic::setLinearVelocity: Body must be non-kinematic!, FILE /builds/omniverse/physics/physx/source/physx/src/NpRigidDynamic.cpp, LINE 251
2026-07-02T14:53:38Z [55,551ms] [Error] [omni.physx.plugin] PhysX error: PxRigidDynamic::setAngularVelocity: Body must be non-kinematic!, FILE /builds/omniverse/physics/physx/source/physx/src/NpRigidDynamic.cpp, LINE 284
2026-07-02T14:53:38Z [55,552ms] [Error] [omni.physx.plugin] PhysX error: PxRigidDynamic::setLinearVelocity: Body must be non-kinematic!, FILE /builds/omniverse/physics/physx/source/physx/src/NpRigidDynamic.cpp, LINE 251
2026-07-02T14:53:38Z [55,552ms] [Error] [omni.physx.plugin] PhysX error: PxRigidDynamic::setAngularVelocity: Body must be non-kinematic!, FILE /builds/omniverse/physics/physx/source/physx/src/NpRigidDynamic.cpp, LINE 284
2026-07-02T14:53:38Z [55,553ms] [Error] [omni.physx.plugin] PhysX error: PxRigidDynamic::setLinearVelocity: Body must be non-kinematic!, FILE /builds/omniverse/physics/physx/source/physx/src/NpRigidDynamic.cpp, LINE 251
2026-07-02T14:53:38Z [55,553ms] [Error] [omni.physx.plugin] PhysX error: PxRigidDynamic::setAngularVelocity: Body must be non-kinematic!, FILE /builds/omniverse/physics/physx/source/physx/src/NpRigidDynamic.cpp, LINE 284
2026-07-02T14:53:38Z [55,554ms] [Error] [omni.physx.plugin] PhysX error: PxRigidDynamic::setLinearVelocity: Body must be non-kinematic!, FILE /builds/omniverse/physics/physx/source/physx/src/NpRigidDynamic.cpp, LINE 251
2026-07-02T14:53:38Z [55,554ms] [Error] [omni.physx.plugin] PhysX error: PxRigidDynamic::setAngularVelocity: Body must be non-kinematic!, FILE /builds/omniverse/physics/physx/source/physx/src/NpRigidDynamic.cpp, LINE 284
2026-07-02T14:53:38Z [55,554ms] [Error] [omni.physx.plugin] PhysX error: PxRigidDynamic::setLinearVelocity: Body must be non-kinematic!, FILE /builds/omniverse/physics/physx/source/physx/src/NpRigidDynamic.cpp, LINE 251
2026-07-02T14:53:38Z [55,554ms] [Error] [omni.physx.plugin] PhysX error: PxRigidDynamic::setAngularVelocity: Body must be non-kinematic!, FILE /builds/omniverse/physics/physx/source/physx/src/NpRigidDynamic.cpp, LINE 284
2026-07-02T14:53:38Z [55,555ms] [Error] [omni.physx.plugin] PhysX error: PxRigidDynamic::setLinearVelocity: Body must be non-kinematic!, FILE /builds/omniverse/physics/physx/source/physx/src/NpRigidDynamic.cpp, LINE 251
2026-07-02T14:53:38Z [55,555ms] [Error] [omni.physx.plugin] PhysX error: PxRigidDynamic::setAngularVelocity: Body must be non-kinematic!, FILE /builds/omniverse/physics/physx/source/physx/src/NpRigidDynamic.cpp, LINE 284
2026-07-02T14:53:38Z [55,556ms] [Error] [omni.physx.plugin] PhysX error: PxRigidDynamic::setLinearVelocity: Body must be non-kinematic!, FILE /builds/omniverse/physics/physx/source/physx/src/NpRigidDynamic.cpp, LINE 251
2026-07-02T14:53:38Z [55,556ms] [Error] [omni.physx.plugin] PhysX error: PxRigidDynamic::setAngularVelocity: Body must be non-kinematic!, FILE /builds/omniverse/physics/physx/source/physx/src/NpRigidDynamic.cpp, LINE 284
2026-07-02T14:53:38Z [55,556ms] [Error] [omni.physx.plugin] PhysX error: PxRigidDynamic::setLinearVelocity: Body must be non-kinematic!, FILE /builds/omniverse/physics/physx/source/physx/src/NpRigidDynamic.cpp, LINE 251
2026-07-02T14:53:38Z [55,556ms] [Error] [omni.physx.plugin] PhysX error: PxRigidDynamic::setAngularVelocity: Body must be non-kinematic!, FILE /builds/omniverse/physics/physx/source/physx/src/NpRigidDynamic.cpp, LINE 284
2026-07-02T14:53:38Z [55,557ms] [Error] [omni.physx.plugin] PhysX error: PxRigidDynamic::setLinearVelocity: Body must be non-kinematic!, FILE /builds/omniverse/physics/physx/source/physx/src/NpRigidDynamic.cpp, LINE 251
2026-07-02T14:53:38Z [55,557ms] [Error] [omni.physx.plugin] PhysX error: PxRigidDynamic::setAngularVelocity: Body must be non-kinematic!, FILE /builds/omniverse/physics/physx/source/physx/src/NpRigidDynamic.cpp, LINE 284
2026-07-02T14:53:38Z [55,557ms] [Error] [omni.physx.plugin] PhysX error: PxRigidDynamic::setLinearVelocity: Body must be non-kinematic!, FILE /builds/omniverse/physics/physx/source/physx/src/NpRigidDynamic.cpp, LINE 251
2026-07-02T14:53:38Z [55,557ms] [Error] [omni.physx.plugin] PhysX error: PxRigidDynamic::setAngularVelocity: Body must be non-kinematic!, FILE /builds/omniverse/physics/physx/source/physx/src/NpRigidDynamic.cpp, LINE 284
2026-07-02T14:53:38Z [55,558ms] [Error] [omni.physx.plugin] PhysX error: PxRigidDynamic::setLinearVelocity: Body must be non-kinematic!, FILE /builds/omniverse/physics/physx/source/physx/src/NpRigidDynamic.cpp, LINE 251
2026-07-02T14:53:38Z [55,558ms] [Error] [omni.physx.plugin] PhysX error: PxRigidDynamic::setAngularVelocity: Body must be non-kinematic!, FILE /builds/omniverse/physics/physx/source/physx/src/NpRigidDynamic.cpp, LINE 284
2026-07-02T14:53:38Z [55,558ms] [Error] [omni.physx.plugin] PhysX error: PxRigidDynamic::setLinearVelocity: Body must be non-kinematic!, FILE /builds/omniverse/physics/physx/source/physx/src/NpRigidDynamic.cpp, LINE 251
2026-07-02T14:53:38Z [55,559ms] [Error] [omni.physx.plugin] PhysX error: PxRigidDynamic::setAngularVelocity: Body must be non-kinematic!, FILE /builds/omniverse/physics/physx/source/physx/src/NpRigidDynamic.cpp, LINE 284
2026-07-02T14:53:38Z [55,559ms] [Error] [omni.physx.plugin] PhysX error: PxRigidDynamic::setLinearVelocity: Body must be non-kinematic!, FILE /builds/omniverse/physics/physx/source/physx/src/NpRigidDynamic.cpp, LINE 251
2026-07-02T14:53:38Z [55,559ms] [Error] [omni.physx.plugin] PhysX error: PxRigidDynamic::setAngularVelocity: Body must be non-kinematic!, FILE /builds/omniverse/physics/physx/source/physx/src/NpRigidDynamic.cpp, LINE 284
2026-07-02T14:53:38Z [55,560ms] [Error] [omni.physx.plugin] PhysX error: PxRigidDynamic::setLinearVelocity: Body must be non-kinematic!, FILE /builds/omniverse/physics/physx/source/physx/src/NpRigidDynamic.cpp, LINE 251
2026-07-02T14:53:38Z [55,560ms] [Error] [omni.physx.plugin] PhysX error: PxRigidDynamic::setAngularVelocity: Body must be non-kinematic!, FILE /builds/omniverse/physics/physx/source/physx/src/NpRigidDynamic.cpp, LINE 284
2026-07-02T14:53:38Z [55,561ms] [Error] [omni.physx.plugin] PhysX error: PxRigidDynamic::setLinearVelocity: Body must be non-kinematic!, FILE /builds/omniverse/physics/physx/source/physx/src/NpRigidDynamic.cpp, LINE 251
2026-07-02T14:53:38Z [55,561ms] [Error] [omni.physx.plugin] PhysX error: PxRigidDynamic::setAngularVelocity: Body must be non-kinematic!, FILE /builds/omniverse/physics/physx/source/physx/src/NpRigidDynamic.cpp, LINE 284
2026-07-02T14:53:38Z [55,562ms] [Error] [omni.physx.plugin] PhysX error: PxRigidDynamic::setLinearVelocity: Body must be non-kinematic!, FILE /builds/omniverse/physics/physx/source/physx/src/NpRigidDynamic.cpp, LINE 251
2026-07-02T14:53:38Z [55,562ms] [Error] [omni.physx.plugin] PhysX error: PxRigidDynamic::setAngularVelocity: Body must be non-kinematic!, FILE /builds/omniverse/physics/physx/source/physx/src/NpRigidDynamic.cpp, LINE 284
2026-07-02T14:53:38Z [55,562ms] [Error] [omni.physx.plugin] PhysX error: PxRigidDynamic::setLinearVelocity: Body must be non-kinematic!, FILE /builds/omniverse/physics/physx/source/physx/src/NpRigidDynamic.cpp, LINE 251
2026-07-02T14:53:38Z [55,562ms] [Error] [omni.physx.plugin] PhysX error: PxRigidDynamic::setAngularVelocity: Body must be non-kinematic!, FILE /builds/omniverse/physics/physx/source/physx/src/NpRigidDynamic.cpp, LINE 284
2026-07-02T14:53:38Z [55,563ms] [Error] [omni.physx.plugin] PhysX error: PxRigidDynamic::setLinearVelocity: Body must be non-kinematic!, FILE /builds/omniverse/physics/physx/source/physx/src/NpRigidDynamic.cpp, LINE 251
2026-07-02T14:53:38Z [55,563ms] [Error] [omni.physx.plugin] PhysX error: PxRigidDynamic::setAngularVelocity: Body must be non-kinematic!, FILE /builds/omniverse/physics/physx/source/physx/src/NpRigidDynamic.cpp, LINE 284
2026-07-02T14:53:38Z [55,566ms] [Error] [omni.physx.plugin] PhysX error: PxRigidDynamic::setLinearVelocity: Body must be non-kinematic!, FILE /builds/omniverse/physics/physx/source/physx/src/NpRigidDynamic.cpp, LINE 251
2026-07-02T14:53:38Z [55,566ms] [Error] [omni.physx.plugin] PhysX error: PxRigidDynamic::setAngularVelocity: Body must be non-kinematic!, FILE /builds/omniverse/physics/physx/source/physx/src/NpRigidDynamic.cpp, LINE 284
2026-07-02T14:53:38Z [55,578ms] [Error] [omni.physx.plugin] PhysX error: PxRigidDynamic::setLinearVelocity: Body must be non-kinematic!, FILE /builds/omniverse/physics/physx/source/physx/src/NpRigidDynamic.cpp, LINE 251
2026-07-02T14:53:38Z [55,578ms] [Error] [omni.physx.plugin] PhysX error: PxRigidDynamic::setAngularVelocity: Body must be non-kinematic!, FILE /builds/omniverse/physics/physx/source/physx/src/NpRigidDynamic.cpp, LINE 284
2026-07-02T14:53:38Z [55,579ms] [Error] [omni.physx.plugin] PhysX error: PxRigidDynamic::setLinearVelocity: Body must be non-kinematic!, FILE /builds/omniverse/physics/physx/source/physx/src/NpRigidDynamic.cpp, LINE 251
2026-07-02T14:53:38Z [55,579ms] [Error] [omni.physx.plugin] PhysX error: PxRigidDynamic::setAngularVelocity: Body must be non-kinematic!, FILE /builds/omniverse/physics/physx/source/physx/src/NpRigidDynamic.cpp, LINE 284
2026-07-02T14:53:38Z [55,579ms] [Error] [omni.physx.plugin] PhysX error: PxRigidDynamic::setLinearVelocity: Body must be non-kinematic!, FILE /builds/omniverse/physics/physx/source/physx/src/NpRigidDynamic.cpp, LINE 251
2026-07-02T14:53:38Z [55,579ms] [Error] [omni.physx.plugin] PhysX error: PxRigidDynamic::setAngularVelocity: Body must be non-kinematic!, FILE /builds/omniverse/physics/physx/source/physx/src/NpRigidDynamic.cpp, LINE 284
2026-07-02T14:53:38Z [55,580ms] [Error] [omni.physx.plugin] PhysX error: PxRigidDynamic::setLinearVelocity: Body must be non-kinematic!, FILE /builds/omniverse/physics/physx/source/physx/src/NpRigidDynamic.cpp, LINE 251
2026-07-02T14:53:38Z [55,580ms] [Error] [omni.physx.plugin] PhysX error: PxRigidDynamic::setAngularVelocity: Body must be non-kinematic!, FILE /builds/omniverse/physics/physx/source/physx/src/NpRigidDynamic.cpp, LINE 284
2026-07-02T14:53:38Z [55,580ms] [Error] [omni.physx.plugin] PhysX error: PxRigidDynamic::setLinearVelocity: Body must be non-kinematic!, FILE /builds/omniverse/physics/physx/source/physx/src/NpRigidDynamic.cpp, LINE 251
2026-07-02T14:53:38Z [55,580ms] [Error] [omni.physx.plugin] PhysX error: PxRigidDynamic::setAngularVelocity: Body must be non-kinematic!, FILE /builds/omniverse/physics/physx/source/physx/src/NpRigidDynamic.cpp, LINE 284
2026-07-02T14:53:38Z [55,581ms] [Error] [omni.physx.plugin] PhysX error: PxRigidDynamic::setLinearVelocity: Body must be non-kinematic!, FILE /builds/omniverse/physics/physx/source/physx/src/NpRigidDynamic.cpp, LINE 251
2026-07-02T14:53:38Z [55,581ms] [Error] [omni.physx.plugin] PhysX error: PxRigidDynamic::setAngularVelocity: Body must be non-kinematic!, FILE /builds/omniverse/physics/physx/source/physx/src/NpRigidDynamic.cpp, LINE 284
2026-07-02T14:53:38Z [55,581ms] [Error] [omni.physx.plugin] PhysX error: PxRigidDynamic::setLinearVelocity: Body must be non-kinematic!, FILE /builds/omniverse/physics/physx/source/physx/src/NpRigidDynamic.cpp, LINE 251
2026-07-02T14:53:38Z [55,581ms] [Error] [omni.physx.plugin] PhysX error: PxRigidDynamic::setAngularVelocity: Body must be non-kinematic!, FILE /builds/omniverse/physics/physx/source/physx/src/NpRigidDynamic.cpp, LINE 284
2026-07-02T14:53:38Z [55,582ms] [Error] [omni.physx.plugin] PhysX error: PxRigidDynamic::setLinearVelocity: Body must be non-kinematic!, FILE /builds/omniverse/physics/physx/source/physx/src/NpRigidDynamic.cpp, LINE 251
2026-07-02T14:53:38Z [55,582ms] [Error] [omni.physx.plugin] PhysX error: PxRigidDynamic::setAngularVelocity: Body must be non-kinematic!, FILE /builds/omniverse/physics/physx/source/physx/src/NpRigidDynamic.cpp, LINE 284
2026-07-02T14:53:38Z [55,582ms] [Error] [omni.physx.plugin] PhysX error: PxRigidDynamic::setLinearVelocity: Body must be non-kinematic!, FILE /builds/omniverse/physics/physx/source/physx/src/NpRigidDynamic.cpp, LINE 251
2026-07-02T14:53:38Z [55,582ms] [Error] [omni.physx.plugin] PhysX error: PxRigidDynamic::setAngularVelocity: Body must be non-kinematic!, FILE /builds/omniverse/physics/physx/source/physx/src/NpRigidDynamic.cpp, LINE 284
2026-07-02T14:53:38Z [55,584ms] [Error] [omni.physx.plugin] PhysX error: PxRigidDynamic::setLinearVelocity: Body must be non-kinematic!, FILE /builds/omniverse/physics/physx/source/physx/src/NpRigidDynamic.cpp, LINE 251
2026-07-02T14:53:38Z [55,584ms] [Error] [omni.physx.plugin] PhysX error: PxRigidDynamic::setAngularVelocity: Body must be non-kinematic!, FILE /builds/omniverse/physics/physx/source/physx/src/NpRigidDynamic.cpp, LINE 284
2026-07-02T14:53:38Z [55,585ms] [Error] [omni.physx.plugin] PhysX error: PxRigidDynamic::setLinearVelocity: Body must be non-kinematic!, FILE /builds/omniverse/physics/physx/source/physx/src/NpRigidDynamic.cpp, LINE 251
2026-07-02T14:53:38Z [55,585ms] [Error] [omni.physx.plugin] PhysX error: PxRigidDynamic::setAngularVelocity: Body must be non-kinematic!, FILE /builds/omniverse/physics/physx/source/physx/src/NpRigidDynamic.cpp, LINE 284
2026-07-02T14:53:38Z [55,585ms] [Error] [omni.physx.plugin] PhysX error: PxRigidDynamic::setLinearVelocity: Body must be non-kinematic!, FILE /builds/omniverse/physics/physx/source/physx/src/NpRigidDynamic.cpp, LINE 251
2026-07-02T14:53:38Z [55,585ms] [Error] [omni.physx.plugin] PhysX error: PxRigidDynamic::setAngularVelocity: Body must be non-kinematic!, FILE /builds/omniverse/physics/physx/source/physx/src/NpRigidDynamic.cpp, LINE 284
2026-07-02T14:53:38Z [55,586ms] [Error] [omni.physx.plugin] PhysX error: PxRigidDynamic::setLinearVelocity: Body must be non-kinematic!, FILE /builds/omniverse/physics/physx/source/physx/src/NpRigidDynamic.cpp, LINE 251
2026-07-02T14:53:38Z [55,586ms] [Error] [omni.physx.plugin] PhysX error: PxRigidDynamic::setAngularVelocity: Body must be non-kinematic!, FILE /builds/omniverse/physics/physx/source/physx/src/NpRigidDynamic.cpp, LINE 284
2026-07-02T14:53:38Z [55,586ms] [Error] [omni.physx.plugin] PhysX error: PxRigidDynamic::setLinearVelocity: Body must be non-kinematic!, FILE /builds/omniverse/physics/physx/source/physx/src/NpRigidDynamic.cpp, LINE 251
2026-07-02T14:53:38Z [55,586ms] [Error] [omni.physx.plugin] PhysX error: PxRigidDynamic::setAngularVelocity: Body must be non-kinematic!, FILE /builds/omniverse/physics/physx/source/physx/src/NpRigidDynamic.cpp, LINE 284
2026-07-02T14:53:38Z [55,587ms] [Error] [omni.physx.plugin] PhysX error: PxRigidDynamic::setLinearVelocity: Body must be non-kinematic!, FILE /builds/omniverse/physics/physx/source/physx/src/NpRigidDynamic.cpp, LINE 251
2026-07-02T14:53:38Z [55,587ms] [Error] [omni.physx.plugin] PhysX error: PxRigidDynamic::setAngularVelocity: Body must be non-kinematic!, FILE /builds/omniverse/physics/physx/source/physx/src/NpRigidDynamic.cpp, LINE 284
2026-07-02T14:53:38Z [55,587ms] [Error] [omni.physx.plugin] PhysX error: PxRigidDynamic::setLinearVelocity: Body must be non-kinematic!, FILE /builds/omniverse/physics/physx/source/physx/src/NpRigidDynamic.cpp, LINE 251
2026-07-02T14:53:38Z [55,587ms] [Error] [omni.physx.plugin] PhysX error: PxRigidDynamic::setAngularVelocity: Body must be non-kinematic!, FILE /builds/omniverse/physics/physx/source/physx/src/NpRigidDynamic.cpp, LINE 284
2026-07-02T14:53:38Z [55,588ms] [Error] [omni.physx.plugin] PhysX error: PxRigidDynamic::setLinearVelocity: Body must be non-kinematic!, FILE /builds/omniverse/physics/physx/source/physx/src/NpRigidDynamic.cpp, LINE 251
2026-07-02T14:53:38Z [55,588ms] [Error] [omni.physx.plugin] PhysX error: PxRigidDynamic::setAngularVelocity: Body must be non-kinematic!, FILE /builds/omniverse/physics/physx/source/physx/src/NpRigidDynamic.cpp, LINE 284
2026-07-02T14:53:38Z [55,588ms] [Error] [omni.physx.plugin] PhysX error: PxRigidDynamic::setLinearVelocity: Body must be non-kinematic!, FILE /builds/omniverse/physics/physx/source/physx/src/NpRigidDynamic.cpp, LINE 251
2026-07-02T14:53:38Z [55,588ms] [Error] [omni.physx.plugin] PhysX error: PxRigidDynamic::setAngularVelocity: Body must be non-kinematic!, FILE /builds/omniverse/physics/physx/source/physx/src/NpRigidDynamic.cpp, LINE 284
2026-07-02T14:53:38Z [55,589ms] [Error] [omni.physx.plugin] PhysX error: PxRigidDynamic::setLinearVelocity: Body must be non-kinematic!, FILE /builds/omniverse/physics/physx/source/physx/src/NpRigidDynamic.cpp, LINE 251
2026-07-02T14:53:38Z [55,589ms] [Error] [omni.physx.plugin] PhysX error: PxRigidDynamic::setAngularVelocity: Body must be non-kinematic!, FILE /builds/omniverse/physics/physx/source/physx/src/NpRigidDynamic.cpp, LINE 284
2026-07-02T14:53:38Z [55,589ms] [Error] [omni.physx.plugin] PhysX error: PxRigidDynamic::setLinearVelocity: Body must be non-kinematic!, FILE /builds/omniverse/physics/physx/source/physx/src/NpRigidDynamic.cpp, LINE 251
2026-07-02T14:53:38Z [55,589ms] [Error] [omni.physx.plugin] PhysX error: PxRigidDynamic::setAngularVelocity: Body must be non-kinematic!, FILE /builds/omniverse/physics/physx/source/physx/src/NpRigidDynamic.cpp, LINE 284
2026-07-02T14:53:38Z [55,590ms] [Error] [omni.physx.plugin] PhysX error: PxRigidDynamic::setLinearVelocity: Body must be non-kinematic!, FILE /builds/omniverse/physics/physx/source/physx/src/NpRigidDynamic.cpp, LINE 251
2026-07-02T14:53:38Z [55,590ms] [Error] [omni.physx.plugin] PhysX error: PxRigidDynamic::setAngularVelocity: Body must be non-kinematic!, FILE /builds/omniverse/physics/physx/source/physx/src/NpRigidDynamic.cpp, LINE 284
2026-07-02T14:53:38Z [55,590ms] [Error] [omni.physx.plugin] PhysX error: PxRigidDynamic::setLinearVelocity: Body must be non-kinematic!, FILE /builds/omniverse/physics/physx/source/physx/src/NpRigidDynamic.cpp, LINE 251
2026-07-02T14:53:38Z [55,590ms] [Error] [omni.physx.plugin] PhysX error: PxRigidDynamic::setAngularVelocity: Body must be non-kinematic!, FILE /builds/omniverse/physics/physx/source/physx/src/NpRigidDynamic.cpp, LINE 284
2026-07-02T14:53:38Z [55,591ms] [Error] [omni.physx.plugin] PhysX error: PxRigidDynamic::setLinearVelocity: Body must be non-kinematic!, FILE /builds/omniverse/physics/physx/source/physx/src/NpRigidDynamic.cpp, LINE 251
2026-07-02T14:53:38Z [55,591ms] [Error] [omni.physx.plugin] PhysX error: PxRigidDynamic::setAngularVelocity: Body must be non-kinematic!, FILE /builds/omniverse/physics/physx/source/physx/src/NpRigidDynamic.cpp, LINE 284
2026-07-02T14:53:38Z [55,591ms] [Error] [omni.physx.plugin] PhysX error: PxRigidDynamic::setLinearVelocity: Body must be non-kinematic!, FILE /builds/omniverse/physics/physx/source/physx/src/NpRigidDynamic.cpp, LINE 251
2026-07-02T14:53:38Z [55,591ms] [Error] [omni.physx.plugin] PhysX error: PxRigidDynamic::setAngularVelocity: Body must be non-kinematic!, FILE /builds/omniverse/physics/physx/source/physx/src/NpRigidDynamic.cpp, LINE 284
2026-07-02T14:53:38Z [55,592ms] [Error] [omni.physx.plugin] PhysX error: PxRigidDynamic::setLinearVelocity: Body must be non-kinematic!, FILE /builds/omniverse/physics/physx/source/physx/src/NpRigidDynamic.cpp, LINE 251
2026-07-02T14:53:38Z [55,592ms] [Error] [omni.physx.plugin] PhysX error: PxRigidDynamic::setAngularVelocity: Body must be non-kinematic!, FILE /builds/omniverse/physics/physx/source/physx/src/NpRigidDynamic.cpp, LINE 284
2026-07-02T14:53:38Z [55,592ms] [Error] [omni.physx.plugin] PhysX error: PxRigidDynamic::setLinearVelocity: Body must be non-kinematic!, FILE /builds/omniverse/physics/physx/source/physx/src/NpRigidDynamic.cpp, LINE 251
2026-07-02T14:53:38Z [55,592ms] [Error] [omni.physx.plugin] PhysX error: PxRigidDynamic::setAngularVelocity: Body must be non-kinematic!, FILE /builds/omniverse/physics/physx/source/physx/src/NpRigidDynamic.cpp, LINE 284
2026-07-02T14:53:38Z [55,593ms] [Error] [omni.physx.plugin] PhysX error: PxRigidDynamic::setLinearVelocity: Body must be non-kinematic!, FILE /builds/omniverse/physics/physx/source/physx/src/NpRigidDynamic.cpp, LINE 251
2026-07-02T14:53:38Z [55,593ms] [Error] [omni.physx.plugin] PhysX error: PxRigidDynamic::setAngularVelocity: Body must be non-kinematic!, FILE /builds/omniverse/physics/physx/source/physx/src/NpRigidDynamic.cpp, LINE 284
2026-07-02T14:53:38Z [55,593ms] [Error] [omni.physx.plugin] PhysX error: PxRigidDynamic::setLinearVelocity: Body must be non-kinematic!, FILE /builds/omniverse/physics/physx/source/physx/src/NpRigidDynamic.cpp, LINE 251
2026-07-02T14:53:38Z [55,593ms] [Error] [omni.physx.plugin] PhysX error: PxRigidDynamic::setAngularVelocity: Body must be non-kinematic!, FILE /builds/omniverse/physics/physx/source/physx/src/NpRigidDynamic.cpp, LINE 284
2026-07-02T14:53:38Z [55,594ms] [Error] [omni.physx.plugin] PhysX error: PxRigidDynamic::setLinearVelocity: Body must be non-kinematic!, FILE /builds/omniverse/physics/physx/source/physx/src/NpRigidDynamic.cpp, LINE 251
2026-07-02T14:53:38Z [55,594ms] [Error] [omni.physx.plugin] PhysX error: PxRigidDynamic::setAngularVelocity: Body must be non-kinematic!, FILE /builds/omniverse/physics/physx/source/physx/src/NpRigidDynamic.cpp, LINE 284
2026-07-02T14:53:38Z [55,595ms] [Error] [omni.physx.plugin] PhysX error: PxRigidDynamic::setLinearVelocity: Body must be non-kinematic!, FILE /builds/omniverse/physics/physx/source/physx/src/NpRigidDynamic.cpp, LINE 251
2026-07-02T14:53:38Z [55,595ms] [Error] [omni.physx.plugin] PhysX error: PxRigidDynamic::setAngularVelocity: Body must be non-kinematic!, FILE /builds/omniverse/physics/physx/source/physx/src/NpRigidDynamic.cpp, LINE 284
2026-07-02T14:53:38Z [55,595ms] [Error] [omni.physx.plugin] PhysX error: PxRigidDynamic::setLinearVelocity: Body must be non-kinematic!, FILE /builds/omniverse/physics/physx/source/physx/src/NpRigidDynamic.cpp, LINE 251
2026-07-02T14:53:38Z [55,596ms] [Error] [omni.physx.plugin] PhysX error: PxRigidDynamic::setAngularVelocity: Body must be non-kinematic!, FILE /builds/omniverse/physics/physx/source/physx/src/NpRigidDynamic.cpp, LINE 284
2026-07-02T14:53:38Z [55,596ms] [Error] [omni.physx.plugin] PhysX error: PxRigidDynamic::setLinearVelocity: Body must be non-kinematic!, FILE /builds/omniverse/physics/physx/source/physx/src/NpRigidDynamic.cpp, LINE 251
2026-07-02T14:53:38Z [55,596ms] [Error] [omni.physx.plugin] PhysX error: PxRigidDynamic::setAngularVelocity: Body must be non-kinematic!, FILE /builds/omniverse/physics/physx/source/physx/src/NpRigidDynamic.cpp, LINE 284
2026-07-02T14:53:38Z [55,596ms] [Error] [omni.physx.plugin] PhysX error: PxRigidDynamic::setLinearVelocity: Body must be non-kinematic!, FILE /builds/omniverse/physics/physx/source/physx/src/NpRigidDynamic.cpp, LINE 251
2026-07-02T14:53:38Z [55,597ms] [Error] [omni.physx.plugin] PhysX error: PxRigidDynamic::setAngularVelocity: Body must be non-kinematic!, FILE /builds/omniverse/physics/physx/source/physx/src/NpRigidDynamic.cpp, LINE 284
2026-07-02T14:53:38Z [55,597ms] [Error] [omni.physx.plugin] PhysX error: PxRigidDynamic::setLinearVelocity: Body must be non-kinematic!, FILE /builds/omniverse/physics/physx/source/physx/src/NpRigidDynamic.cpp, LINE 251
2026-07-02T14:53:38Z [55,597ms] [Error] [omni.physx.plugin] PhysX error: PxRigidDynamic::setAngularVelocity: Body must be non-kinematic!, FILE /builds/omniverse/physics/physx/source/physx/src/NpRigidDynamic.cpp, LINE 284
[INFO] Pi0.5 pick-place episode 1 success=False completed=False steps=3800 instruction='pick up the can and place it in the basket'
[INFO] Starting Pi0.5 pick-place episode 2: instruction='pick up the onion and place it in the tray', target='onion', placement='tray'
2026-07-02T14:54:19Z [96,296ms] [Error] [omni.physx.plugin] PhysX error: PxRigidDynamic::setLinearVelocity: Body must be non-kinematic!, FILE /builds/omniverse/physics/physx/source/physx/src/NpRigidDynamic.cpp, LINE 251
2026-07-02T14:54:19Z [96,296ms] [Error] [omni.physx.plugin] PhysX error: PxRigidDynamic::setAngularVelocity: Body must be non-kinematic!, FILE /builds/omniverse/physics/physx/source/physx/src/NpRigidDynamic.cpp, LINE 284
2026-07-02T14:54:19Z [96,296ms] [Error] [omni.physx.plugin] PhysX error: PxRigidDynamic::setLinearVelocity: Body must be non-kinematic!, FILE /builds/omniverse/physics/physx/source/physx/src/NpRigidDynamic.cpp, LINE 251
2026-07-02T14:54:19Z [96,296ms] [Error] [omni.physx.plugin] PhysX error: PxRigidDynamic::setAngularVelocity: Body must be non-kinematic!, FILE /builds/omniverse/physics/physx/source/physx/src/NpRigidDynamic.cpp, LINE 284
2026-07-02T14:54:19Z [96,297ms] [Error] [omni.physx.plugin] PhysX error: PxRigidDynamic::setLinearVelocity: Body must be non-kinematic!, FILE /builds/omniverse/physics/physx/source/physx/src/NpRigidDynamic.cpp, LINE 251
2026-07-02T14:54:19Z [96,297ms] [Error] [omni.physx.plugin] PhysX error: PxRigidDynamic::setAngularVelocity: Body must be non-kinematic!, FILE /builds/omniverse/physics/physx/source/physx/src/NpRigidDynamic.cpp, LINE 284
2026-07-02T14:54:19Z [96,298ms] [Error] [omni.physx.plugin] PhysX error: PxRigidDynamic::setLinearVelocity: Body must be non-kinematic!, FILE /builds/omniverse/physics/physx/source/physx/src/NpRigidDynamic.cpp, LINE 251
2026-07-02T14:54:19Z [96,298ms] [Error] [omni.physx.plugin] PhysX error: PxRigidDynamic::setAngularVelocity: Body must be non-kinematic!, FILE /builds/omniverse/physics/physx/source/physx/src/NpRigidDynamic.cpp, LINE 284
2026-07-02T14:54:19Z [96,298ms] [Error] [omni.physx.plugin] PhysX error: PxRigidDynamic::setLinearVelocity: Body must be non-kinematic!, FILE /builds/omniverse/physics/physx/source/physx/src/NpRigidDynamic.cpp, LINE 251
2026-07-02T14:54:19Z [96,298ms] [Error] [omni.physx.plugin] PhysX error: PxRigidDynamic::setAngularVelocity: Body must be non-kinematic!, FILE /builds/omniverse/physics/physx/source/physx/src/NpRigidDynamic.cpp, LINE 284
2026-07-02T14:54:19Z [96,299ms] [Error] [omni.physx.plugin] PhysX error: PxRigidDynamic::setLinearVelocity: Body must be non-kinematic!, FILE /builds/omniverse/physics/physx/source/physx/src/NpRigidDynamic.cpp, LINE 251
2026-07-02T14:54:19Z [96,299ms] [Error] [omni.physx.plugin] PhysX error: PxRigidDynamic::setAngularVelocity: Body must be non-kinematic!, FILE /builds/omniverse/physics/physx/source/physx/src/NpRigidDynamic.cpp, LINE 284
2026-07-02T14:54:19Z [96,299ms] [Error] [omni.physx.plugin] PhysX error: PxRigidDynamic::setLinearVelocity: Body must be non-kinematic!, FILE /builds/omniverse/physics/physx/source/physx/src/NpRigidDynamic.cpp, LINE 251
2026-07-02T14:54:19Z [96,299ms] [Error] [omni.physx.plugin] PhysX error: PxRigidDynamic::setAngularVelocity: Body must be non-kinematic!, FILE /builds/omniverse/physics/physx/source/physx/src/NpRigidDynamic.cpp, LINE 284
2026-07-02T14:54:19Z [96,300ms] [Error] [omni.physx.plugin] PhysX error: PxRigidDynamic::setLinearVelocity: Body must be non-kinematic!, FILE /builds/omniverse/physics/physx/source/physx/src/NpRigidDynamic.cpp, LINE 251
2026-07-02T14:54:19Z [96,300ms] [Error] [omni.physx.plugin] PhysX error: PxRigidDynamic::setAngularVelocity: Body must be non-kinematic!, FILE /builds/omniverse/physics/physx/source/physx/src/NpRigidDynamic.cpp, LINE 284
2026-07-02T14:54:19Z [96,300ms] [Error] [omni.physx.plugin] PhysX error: PxRigidDynamic::setLinearVelocity: Body must be non-kinematic!, FILE /builds/omniverse/physics/physx/source/physx/src/NpRigidDynamic.cpp, LINE 251
2026-07-02T14:54:19Z [96,301ms] [Error] [omni.physx.plugin] PhysX error: PxRigidDynamic::setAngularVelocity: Body must be non-kinematic!, FILE /builds/omniverse/physics/physx/source/physx/src/NpRigidDynamic.cpp, LINE 284
2026-07-02T14:54:19Z [96,301ms] [Error] [omni.physx.plugin] PhysX error: PxRigidDynamic::setLinearVelocity: Body must be non-kinematic!, FILE /builds/omniverse/physics/physx/source/physx/src/NpRigidDynamic.cpp, LINE 251
2026-07-02T14:54:19Z [96,301ms] [Error] [omni.physx.plugin] PhysX error: PxRigidDynamic::setAngularVelocity: Body must be non-kinematic!, FILE /builds/omniverse/physics/physx/source/physx/src/NpRigidDynamic.cpp, LINE 284
2026-07-02T14:54:19Z [96,302ms] [Error] [omni.physx.plugin] PhysX error: PxRigidDynamic::setLinearVelocity: Body must be non-kinematic!, FILE /builds/omniverse/physics/physx/source/physx/src/NpRigidDynamic.cpp, LINE 251
2026-07-02T14:54:19Z [96,302ms] [Error] [omni.physx.plugin] PhysX error: PxRigidDynamic::setAngularVelocity: Body must be non-kinematic!, FILE /builds/omniverse/physics/physx/source/physx/src/NpRigidDynamic.cpp, LINE 284
2026-07-02T14:54:19Z [96,302ms] [Error] [omni.physx.plugin] PhysX error: PxRigidDynamic::setLinearVelocity: Body must be non-kinematic!, FILE /builds/omniverse/physics/physx/source/physx/src/NpRigidDynamic.cpp, LINE 251
2026-07-02T14:54:19Z [96,302ms] [Error] [omni.physx.plugin] PhysX error: PxRigidDynamic::setAngularVelocity: Body must be non-kinematic!, FILE /builds/omniverse/physics/physx/source/physx/src/NpRigidDynamic.cpp, LINE 284
2026-07-02T14:54:19Z [96,305ms] [Error] [omni.physx.plugin] PhysX error: PxRigidDynamic::setLinearVelocity: Body must be non-kinematic!, FILE /builds/omniverse/physics/physx/source/physx/src/NpRigidDynamic.cpp, LINE 251
2026-07-02T14:54:19Z [96,305ms] [Error] [omni.physx.plugin] PhysX error: PxRigidDynamic::setAngularVelocity: Body must be non-kinematic!, FILE /builds/omniverse/physics/physx/source/physx/src/NpRigidDynamic.cpp, LINE 284
2026-07-02T14:54:19Z [96,305ms] [Error] [omni.physx.plugin] PhysX error: PxRigidDynamic::setLinearVelocity: Body must be non-kinematic!, FILE /builds/omniverse/physics/physx/source/physx/src/NpRigidDynamic.cpp, LINE 251
2026-07-02T14:54:19Z [96,305ms] [Error] [omni.physx.plugin] PhysX error: PxRigidDynamic::setAngularVelocity: Body must be non-kinematic!, FILE /builds/omniverse/physics/physx/source/physx/src/NpRigidDynamic.cpp, LINE 284
2026-07-02T14:54:19Z [96,306ms] [Error] [omni.physx.plugin] PhysX error: PxRigidDynamic::setLinearVelocity: Body must be non-kinematic!, FILE /builds/omniverse/physics/physx/source/physx/src/NpRigidDynamic.cpp, LINE 251
2026-07-02T14:54:19Z [96,306ms] [Error] [omni.physx.plugin] PhysX error: PxRigidDynamic::setAngularVelocity: Body must be non-kinematic!, FILE /builds/omniverse/physics/physx/source/physx/src/NpRigidDynamic.cpp, LINE 284
2026-07-02T14:54:19Z [96,306ms] [Error] [omni.physx.plugin] PhysX error: PxRigidDynamic::setLinearVelocity: Body must be non-kinematic!, FILE /builds/omniverse/physics/physx/source/physx/src/NpRigidDynamic.cpp, LINE 251
2026-07-02T14:54:19Z [96,306ms] [Error] [omni.physx.plugin] PhysX error: PxRigidDynamic::setAngularVelocity: Body must be non-kinematic!, FILE /builds/omniverse/physics/physx/source/physx/src/NpRigidDynamic.cpp, LINE 284
2026-07-02T14:54:19Z [96,307ms] [Error] [omni.physx.plugin] PhysX error: PxRigidDynamic::setLinearVelocity: Body must be non-kinematic!, FILE /builds/omniverse/physics/physx/source/physx/src/NpRigidDynamic.cpp, LINE 251
2026-07-02T14:54:19Z [96,307ms] [Error] [omni.physx.plugin] PhysX error: PxRigidDynamic::setAngularVelocity: Body must be non-kinematic!, FILE /builds/omniverse/physics/physx/source/physx/src/NpRigidDynamic.cpp, LINE 284
2026-07-02T14:54:19Z [96,307ms] [Error] [omni.physx.plugin] PhysX error: PxRigidDynamic::setLinearVelocity: Body must be non-kinematic!, FILE /builds/omniverse/physics/physx/source/physx/src/NpRigidDynamic.cpp, LINE 251
2026-07-02T14:54:19Z [96,307ms] [Error] [omni.physx.plugin] PhysX error: PxRigidDynamic::setAngularVelocity: Body must be non-kinematic!, FILE /builds/omniverse/physics/physx/source/physx/src/NpRigidDynamic.cpp, LINE 284
2026-07-02T14:54:19Z [96,308ms] [Error] [omni.physx.plugin] PhysX error: PxRigidDynamic::setLinearVelocity: Body must be non-kinematic!, FILE /builds/omniverse/physics/physx/source/physx/src/NpRigidDynamic.cpp, LINE 251
2026-07-02T14:54:19Z [96,308ms] [Error] [omni.physx.plugin] PhysX error: PxRigidDynamic::setAngularVelocity: Body must be non-kinematic!, FILE /builds/omniverse/physics/physx/source/physx/src/NpRigidDynamic.cpp, LINE 284
2026-07-02T14:54:19Z [96,309ms] [Error] [omni.physx.plugin] PhysX error: PxRigidDynamic::setLinearVelocity: Body must be non-kinematic!, FILE /builds/omniverse/physics/physx/source/physx/src/NpRigidDynamic.cpp, LINE 251
2026-07-02T14:54:19Z [96,309ms] [Error] [omni.physx.plugin] PhysX error: PxRigidDynamic::setAngularVelocity: Body must be non-kinematic!, FILE /builds/omniverse/physics/physx/source/physx/src/NpRigidDynamic.cpp, LINE 284
2026-07-02T14:54:19Z [96,309ms] [Error] [omni.physx.plugin] PhysX error: PxRigidDynamic::setLinearVelocity: Body must be non-kinematic!, FILE /builds/omniverse/physics/physx/source/physx/src/NpRigidDynamic.cpp, LINE 251
2026-07-02T14:54:19Z [96,309ms] [Error] [omni.physx.plugin] PhysX error: PxRigidDynamic::setAngularVelocity: Body must be non-kinematic!, FILE /builds/omniverse/physics/physx/source/physx/src/NpRigidDynamic.cpp, LINE 284
2026-07-02T14:54:19Z [96,310ms] [Error] [omni.physx.plugin] PhysX error: PxRigidDynamic::setLinearVelocity: Body must be non-kinematic!, FILE /builds/omniverse/physics/physx/source/physx/src/NpRigidDynamic.cpp, LINE 251
2026-07-02T14:54:19Z [96,310ms] [Error] [omni.physx.plugin] PhysX error: PxRigidDynamic::setAngularVelocity: Body must be non-kinematic!, FILE /builds/omniverse/physics/physx/source/physx/src/NpRigidDynamic.cpp, LINE 284
2026-07-02T14:54:19Z [96,310ms] [Error] [omni.physx.plugin] PhysX error: PxRigidDynamic::setLinearVelocity: Body must be non-kinematic!, FILE /builds/omniverse/physics/physx/source/physx/src/NpRigidDynamic.cpp, LINE 251
2026-07-02T14:54:19Z [96,310ms] [Error] [omni.physx.plugin] PhysX error: PxRigidDynamic::setAngularVelocity: Body must be non-kinematic!, FILE /builds/omniverse/physics/physx/source/physx/src/NpRigidDynamic.cpp, LINE 284
2026-07-02T14:54:19Z [96,311ms] [Error] [omni.physx.plugin] PhysX error: PxRigidDynamic::setLinearVelocity: Body must be non-kinematic!, FILE /builds/omniverse/physics/physx/source/physx/src/NpRigidDynamic.cpp, LINE 251
2026-07-02T14:54:19Z [96,311ms] [Error] [omni.physx.plugin] PhysX error: PxRigidDynamic::setAngularVelocity: Body must be non-kinematic!, FILE /builds/omniverse/physics/physx/source/physx/src/NpRigidDynamic.cpp, LINE 284
2026-07-02T14:54:19Z [96,311ms] [Error] [omni.physx.plugin] PhysX error: PxRigidDynamic::setLinearVelocity: Body must be non-kinematic!, FILE /builds/omniverse/physics/physx/source/physx/src/NpRigidDynamic.cpp, LINE 251
2026-07-02T14:54:19Z [96,311ms] [Error] [omni.physx.plugin] PhysX error: PxRigidDynamic::setAngularVelocity: Body must be non-kinematic!, FILE /builds/omniverse/physics/physx/source/physx/src/NpRigidDynamic.cpp, LINE 284
2026-07-02T14:54:19Z [96,312ms] [Error] [omni.physx.plugin] PhysX error: PxRigidDynamic::setLinearVelocity: Body must be non-kinematic!, FILE /builds/omniverse/physics/physx/source/physx/src/NpRigidDynamic.cpp, LINE 251
2026-07-02T14:54:19Z [96,312ms] [Error] [omni.physx.plugin] PhysX error: PxRigidDynamic::setAngularVelocity: Body must be non-kinematic!, FILE /builds/omniverse/physics/physx/source/physx/src/NpRigidDynamic.cpp, LINE 284
2026-07-02T14:54:19Z [96,313ms] [Error] [omni.physx.plugin] PhysX error: PxRigidDynamic::setLinearVelocity: Body must be non-kinematic!, FILE /builds/omniverse/physics/physx/source/physx/src/NpRigidDynamic.cpp, LINE 251
2026-07-02T14:54:19Z [96,313ms] [Error] [omni.physx.plugin] PhysX error: PxRigidDynamic::setAngularVelocity: Body must be non-kinematic!, FILE /builds/omniverse/physics/physx/source/physx/src/NpRigidDynamic.cpp, LINE 284
2026-07-02T14:54:19Z [96,313ms] [Error] [omni.physx.plugin] PhysX error: PxRigidDynamic::setLinearVelocity: Body must be non-kinematic!, FILE /builds/omniverse/physics/physx/source/physx/src/NpRigidDynamic.cpp, LINE 251
2026-07-02T14:54:19Z [96,313ms] [Error] [omni.physx.plugin] PhysX error: PxRigidDynamic::setAngularVelocity: Body must be non-kinematic!, FILE /builds/omniverse/physics/physx/source/physx/src/NpRigidDynamic.cpp, LINE 284
2026-07-02T14:54:19Z [96,315ms] [Error] [omni.physx.plugin] PhysX error: PxRigidDynamic::setLinearVelocity: Body must be non-kinematic!, FILE /builds/omniverse/physics/physx/source/physx/src/NpRigidDynamic.cpp, LINE 251
2026-07-02T14:54:19Z [96,315ms] [Error] [omni.physx.plugin] PhysX error: PxRigidDynamic::setAngularVelocity: Body must be non-kinematic!, FILE /builds/omniverse/physics/physx/source/physx/src/NpRigidDynamic.cpp, LINE 284
2026-07-02T14:54:19Z [96,315ms] [Error] [omni.physx.plugin] PhysX error: PxRigidDynamic::setLinearVelocity: Body must be non-kinematic!, FILE /builds/omniverse/physics/physx/source/physx/src/NpRigidDynamic.cpp, LINE 251
2026-07-02T14:54:19Z [96,315ms] [Error] [omni.physx.plugin] PhysX error: PxRigidDynamic::setAngularVelocity: Body must be non-kinematic!, FILE /builds/omniverse/physics/physx/source/physx/src/NpRigidDynamic.cpp, LINE 284
2026-07-02T14:54:19Z [96,316ms] [Error] [omni.physx.plugin] PhysX error: PxRigidDynamic::setLinearVelocity: Body must be non-kinematic!, FILE /builds/omniverse/physics/physx/source/physx/src/NpRigidDynamic.cpp, LINE 251
2026-07-02T14:54:19Z [96,316ms] [Error] [omni.physx.plugin] PhysX error: PxRigidDynamic::setAngularVelocity: Body must be non-kinematic!, FILE /builds/omniverse/physics/physx/source/physx/src/NpRigidDynamic.cpp, LINE 284
2026-07-02T14:54:19Z [96,316ms] [Error] [omni.physx.plugin] PhysX error: PxRigidDynamic::setLinearVelocity: Body must be non-kinematic!, FILE /builds/omniverse/physics/physx/source/physx/src/NpRigidDynamic.cpp, LINE 251
2026-07-02T14:54:19Z [96,316ms] [Error] [omni.physx.plugin] PhysX error: PxRigidDynamic::setAngularVelocity: Body must be non-kinematic!, FILE /builds/omniverse/physics/physx/source/physx/src/NpRigidDynamic.cpp, LINE 284
2026-07-02T14:54:19Z [96,317ms] [Error] [omni.physx.plugin] PhysX error: PxRigidDynamic::setLinearVelocity: Body must be non-kinematic!, FILE /builds/omniverse/physics/physx/source/physx/src/NpRigidDynamic.cpp, LINE 251
2026-07-02T14:54:19Z [96,317ms] [Error] [omni.physx.plugin] PhysX error: PxRigidDynamic::setAngularVelocity: Body must be non-kinematic!, FILE /builds/omniverse/physics/physx/source/physx/src/NpRigidDynamic.cpp, LINE 284
2026-07-02T14:54:19Z [96,317ms] [Error] [omni.physx.plugin] PhysX error: PxRigidDynamic::setLinearVelocity: Body must be non-kinematic!, FILE /builds/omniverse/physics/physx/source/physx/src/NpRigidDynamic.cpp, LINE 251
2026-07-02T14:54:19Z [96,317ms] [Error] [omni.physx.plugin] PhysX error: PxRigidDynamic::setAngularVelocity: Body must be non-kinematic!, FILE /builds/omniverse/physics/physx/source/physx/src/NpRigidDynamic.cpp, LINE 284
2026-07-02T14:54:19Z [96,331ms] [Error] [omni.physx.plugin] PhysX error: PxRigidDynamic::setLinearVelocity: Body must be non-kinematic!, FILE /builds/omniverse/physics/physx/source/physx/src/NpRigidDynamic.cpp, LINE 251
2026-07-02T14:54:19Z [96,331ms] [Error] [omni.physx.plugin] PhysX error: PxRigidDynamic::setAngularVelocity: Body must be non-kinematic!, FILE /builds/omniverse/physics/physx/source/physx/src/NpRigidDynamic.cpp, LINE 284
2026-07-02T14:54:19Z [96,331ms] [Error] [omni.physx.plugin] PhysX error: PxRigidDynamic::setLinearVelocity: Body must be non-kinematic!, FILE /builds/omniverse/physics/physx/source/physx/src/NpRigidDynamic.cpp, LINE 251
2026-07-02T14:54:19Z [96,331ms] [Error] [omni.physx.plugin] PhysX error: PxRigidDynamic::setAngularVelocity: Body must be non-kinematic!, FILE /builds/omniverse/physics/physx/source/physx/src/NpRigidDynamic.cpp, LINE 284
2026-07-02T14:54:19Z [96,332ms] [Error] [omni.physx.plugin] PhysX error: PxRigidDynamic::setLinearVelocity: Body must be non-kinematic!, FILE /builds/omniverse/physics/physx/source/physx/src/NpRigidDynamic.cpp, LINE 251
2026-07-02T14:54:19Z [96,332ms] [Error] [omni.physx.plugin] PhysX error: PxRigidDynamic::setAngularVelocity: Body must be non-kinematic!, FILE /builds/omniverse/physics/physx/source/physx/src/NpRigidDynamic.cpp, LINE 284
2026-07-02T14:54:19Z [96,332ms] [Error] [omni.physx.plugin] PhysX error: PxRigidDynamic::setLinearVelocity: Body must be non-kinematic!, FILE /builds/omniverse/physics/physx/source/physx/src/NpRigidDynamic.cpp, LINE 251
2026-07-02T14:54:19Z [96,332ms] [Error] [omni.physx.plugin] PhysX error: PxRigidDynamic::setAngularVelocity: Body must be non-kinematic!, FILE /builds/omniverse/physics/physx/source/physx/src/NpRigidDynamic.cpp, LINE 284
2026-07-02T14:54:19Z [96,333ms] [Error] [omni.physx.plugin] PhysX error: PxRigidDynamic::setLinearVelocity: Body must be non-kinematic!, FILE /builds/omniverse/physics/physx/source/physx/src/NpRigidDynamic.cpp, LINE 251
2026-07-02T14:54:19Z [96,333ms] [Error] [omni.physx.plugin] PhysX error: PxRigidDynamic::setAngularVelocity: Body must be non-kinematic!, FILE /builds/omniverse/physics/physx/source/physx/src/NpRigidDynamic.cpp, LINE 284
2026-07-02T14:54:19Z [96,333ms] [Error] [omni.physx.plugin] PhysX error: PxRigidDynamic::setLinearVelocity: Body must be non-kinematic!, FILE /builds/omniverse/physics/physx/source/physx/src/NpRigidDynamic.cpp, LINE 251
2026-07-02T14:54:19Z [96,333ms] [Error] [omni.physx.plugin] PhysX error: PxRigidDynamic::setAngularVelocity: Body must be non-kinematic!, FILE /builds/omniverse/physics/physx/source/physx/src/NpRigidDynamic.cpp, LINE 284
2026-07-02T14:54:19Z [96,334ms] [Error] [omni.physx.plugin] PhysX error: PxRigidDynamic::setLinearVelocity: Body must be non-kinematic!, FILE /builds/omniverse/physics/physx/source/physx/src/NpRigidDynamic.cpp, LINE 251
2026-07-02T14:54:19Z [96,334ms] [Error] [omni.physx.plugin] PhysX error: PxRigidDynamic::setAngularVelocity: Body must be non-kinematic!, FILE /builds/omniverse/physics/physx/source/physx/src/NpRigidDynamic.cpp, LINE 284
2026-07-02T14:54:19Z [96,334ms] [Error] [omni.physx.plugin] PhysX error: PxRigidDynamic::setLinearVelocity: Body must be non-kinematic!, FILE /builds/omniverse/physics/physx/source/physx/src/NpRigidDynamic.cpp, LINE 251
2026-07-02T14:54:19Z [96,334ms] [Error] [omni.physx.plugin] PhysX error: PxRigidDynamic::setAngularVelocity: Body must be non-kinematic!, FILE /builds/omniverse/physics/physx/source/physx/src/NpRigidDynamic.cpp, LINE 284
2026-07-02T14:54:19Z [96,335ms] [Error] [omni.physx.plugin] PhysX error: PxRigidDynamic::setLinearVelocity: Body must be non-kinematic!, FILE /builds/omniverse/physics/physx/source/physx/src/NpRigidDynamic.cpp, LINE 251
2026-07-02T14:54:19Z [96,335ms] [Error] [omni.physx.plugin] PhysX error: PxRigidDynamic::setAngularVelocity: Body must be non-kinematic!, FILE /builds/omniverse/physics/physx/source/physx/src/NpRigidDynamic.cpp, LINE 284
2026-07-02T14:54:19Z [96,335ms] [Error] [omni.physx.plugin] PhysX error: PxRigidDynamic::setLinearVelocity: Body must be non-kinematic!, FILE /builds/omniverse/physics/physx/source/physx/src/NpRigidDynamic.cpp, LINE 251
2026-07-02T14:54:19Z [96,335ms] [Error] [omni.physx.plugin] PhysX error: PxRigidDynamic::setAngularVelocity: Body must be non-kinematic!, FILE /builds/omniverse/physics/physx/source/physx/src/NpRigidDynamic.cpp, LINE 284
2026-07-02T14:54:19Z [96,336ms] [Error] [omni.physx.plugin] PhysX error: PxRigidDynamic::setLinearVelocity: Body must be non-kinematic!, FILE /builds/omniverse/physics/physx/source/physx/src/NpRigidDynamic.cpp, LINE 251
2026-07-02T14:54:19Z [96,336ms] [Error] [omni.physx.plugin] PhysX error: PxRigidDynamic::setAngularVelocity: Body must be non-kinematic!, FILE /builds/omniverse/physics/physx/source/physx/src/NpRigidDynamic.cpp, LINE 284
2026-07-02T14:54:19Z [96,336ms] [Error] [omni.physx.plugin] PhysX error: PxRigidDynamic::setLinearVelocity: Body must be non-kinematic!, FILE /builds/omniverse/physics/physx/source/physx/src/NpRigidDynamic.cpp, LINE 251
2026-07-02T14:54:19Z [96,336ms] [Error] [omni.physx.plugin] PhysX error: PxRigidDynamic::setAngularVelocity: Body must be non-kinematic!, FILE /builds/omniverse/physics/physx/source/physx/src/NpRigidDynamic.cpp, LINE 284
2026-07-02T14:54:19Z [96,337ms] [Error] [omni.physx.plugin] PhysX error: PxRigidDynamic::setLinearVelocity: Body must be non-kinematic!, FILE /builds/omniverse/physics/physx/source/physx/src/NpRigidDynamic.cpp, LINE 251
2026-07-02T14:54:19Z [96,337ms] [Error] [omni.physx.plugin] PhysX error: PxRigidDynamic::setAngularVelocity: Body must be non-kinematic!, FILE /builds/omniverse/physics/physx/source/physx/src/NpRigidDynamic.cpp, LINE 284
2026-07-02T14:54:19Z [96,339ms] [Error] [omni.physx.plugin] PhysX error: PxRigidDynamic::setLinearVelocity: Body must be non-kinematic!, FILE /builds/omniverse/physics/physx/source/physx/src/NpRigidDynamic.cpp, LINE 251
2026-07-02T14:54:19Z [96,339ms] [Error] [omni.physx.plugin] PhysX error: PxRigidDynamic::setAngularVelocity: Body must be non-kinematic!, FILE /builds/omniverse/physics/physx/source/physx/src/NpRigidDynamic.cpp, LINE 284
2026-07-02T14:54:19Z [96,339ms] [Error] [omni.physx.plugin] PhysX error: PxRigidDynamic::setLinearVelocity: Body must be non-kinematic!, FILE /builds/omniverse/physics/physx/source/physx/src/NpRigidDynamic.cpp, LINE 251
2026-07-02T14:54:19Z [96,339ms] [Error] [omni.physx.plugin] PhysX error: PxRigidDynamic::setAngularVelocity: Body must be non-kinematic!, FILE /builds/omniverse/physics/physx/source/physx/src/NpRigidDynamic.cpp, LINE 284
2026-07-02T14:54:19Z [96,340ms] [Error] [omni.physx.plugin] PhysX error: PxRigidDynamic::setLinearVelocity: Body must be non-kinematic!, FILE /builds/omniverse/physics/physx/source/physx/src/NpRigidDynamic.cpp, LINE 251
2026-07-02T14:54:19Z [96,340ms] [Error] [omni.physx.plugin] PhysX error: PxRigidDynamic::setAngularVelocity: Body must be non-kinematic!, FILE /builds/omniverse/physics/physx/source/physx/src/NpRigidDynamic.cpp, LINE 284
2026-07-02T14:54:19Z [96,340ms] [Error] [omni.physx.plugin] PhysX error: PxRigidDynamic::setLinearVelocity: Body must be non-kinematic!, FILE /builds/omniverse/physics/physx/source/physx/src/NpRigidDynamic.cpp, LINE 251
2026-07-02T14:54:19Z [96,340ms] [Error] [omni.physx.plugin] PhysX error: PxRigidDynamic::setAngularVelocity: Body must be non-kinematic!, FILE /builds/omniverse/physics/physx/source/physx/src/NpRigidDynamic.cpp, LINE 284
2026-07-02T14:54:19Z [96,341ms] [Error] [omni.physx.plugin] PhysX error: PxRigidDynamic::setLinearVelocity: Body must be non-kinematic!, FILE /builds/omniverse/physics/physx/source/physx/src/NpRigidDynamic.cpp, LINE 251
2026-07-02T14:54:19Z [96,341ms] [Error] [omni.physx.plugin] PhysX error: PxRigidDynamic::setAngularVelocity: Body must be non-kinematic!, FILE /builds/omniverse/physics/physx/source/physx/src/NpRigidDynamic.cpp, LINE 284
2026-07-02T14:54:19Z [96,341ms] [Error] [omni.physx.plugin] PhysX error: PxRigidDynamic::setLinearVelocity: Body must be non-kinematic!, FILE /builds/omniverse/physics/physx/source/physx/src/NpRigidDynamic.cpp, LINE 251
2026-07-02T14:54:19Z [96,341ms] [Error] [omni.physx.plugin] PhysX error: PxRigidDynamic::setAngularVelocity: Body must be non-kinematic!, FILE /builds/omniverse/physics/physx/source/physx/src/NpRigidDynamic.cpp, LINE 284
2026-07-02T14:54:19Z [96,342ms] [Error] [omni.physx.plugin] PhysX error: PxRigidDynamic::setLinearVelocity: Body must be non-kinematic!, FILE /builds/omniverse/physics/physx/source/physx/src/NpRigidDynamic.cpp, LINE 251
2026-07-02T14:54:19Z [96,342ms] [Error] [omni.physx.plugin] PhysX error: PxRigidDynamic::setAngularVelocity: Body must be non-kinematic!, FILE /builds/omniverse/physics/physx/source/physx/src/NpRigidDynamic.cpp, LINE 284
2026-07-02T14:54:19Z [96,342ms] [Error] [omni.physx.plugin] PhysX error: PxRigidDynamic::setLinearVelocity: Body must be non-kinematic!, FILE /builds/omniverse/physics/physx/source/physx/src/NpRigidDynamic.cpp, LINE 251
2026-07-02T14:54:19Z [96,342ms] [Error] [omni.physx.plugin] PhysX error: PxRigidDynamic::setAngularVelocity: Body must be non-kinematic!, FILE /builds/omniverse/physics/physx/source/physx/src/NpRigidDynamic.cpp, LINE 284
2026-07-02T14:54:19Z [96,342ms] [Error] [omni.physx.plugin] PhysX error: PxRigidDynamic::setLinearVelocity: Body must be non-kinematic!, FILE /builds/omniverse/physics/physx/source/physx/src/NpRigidDynamic.cpp, LINE 251
2026-07-02T14:54:19Z [96,343ms] [Error] [omni.physx.plugin] PhysX error: PxRigidDynamic::setAngularVelocity: Body must be non-kinematic!, FILE /builds/omniverse/physics/physx/source/physx/src/NpRigidDynamic.cpp, LINE 284
2026-07-02T14:54:19Z [96,343ms] [Error] [omni.physx.plugin] PhysX error: PxRigidDynamic::setLinearVelocity: Body must be non-kinematic!, FILE /builds/omniverse/physics/physx/source/physx/src/NpRigidDynamic.cpp, LINE 251
2026-07-02T14:54:19Z [96,343ms] [Error] [omni.physx.plugin] PhysX error: PxRigidDynamic::setAngularVelocity: Body must be non-kinematic!, FILE /builds/omniverse/physics/physx/source/physx/src/NpRigidDynamic.cpp, LINE 284
2026-07-02T14:54:19Z [96,343ms] [Error] [omni.physx.plugin] PhysX error: PxRigidDynamic::setLinearVelocity: Body must be non-kinematic!, FILE /builds/omniverse/physics/physx/source/physx/src/NpRigidDynamic.cpp, LINE 251
2026-07-02T14:54:19Z [96,343ms] [Error] [omni.physx.plugin] PhysX error: PxRigidDynamic::setAngularVelocity: Body must be non-kinematic!, FILE /builds/omniverse/physics/physx/source/physx/src/NpRigidDynamic.cpp, LINE 284
2026-07-02T14:54:19Z [96,344ms] [Error] [omni.physx.plugin] PhysX error: PxRigidDynamic::setLinearVelocity: Body must be non-kinematic!, FILE /builds/omniverse/physics/physx/source/physx/src/NpRigidDynamic.cpp, LINE 251
2026-07-02T14:54:19Z [96,344ms] [Error] [omni.physx.plugin] PhysX error: PxRigidDynamic::setAngularVelocity: Body must be non-kinematic!, FILE /builds/omniverse/physics/physx/source/physx/src/NpRigidDynamic.cpp, LINE 284
2026-07-02T14:54:19Z [96,344ms] [Error] [omni.physx.plugin] PhysX error: PxRigidDynamic::setLinearVelocity: Body must be non-kinematic!, FILE /builds/omniverse/physics/physx/source/physx/src/NpRigidDynamic.cpp, LINE 251
2026-07-02T14:54:19Z [96,344ms] [Error] [omni.physx.plugin] PhysX error: PxRigidDynamic::setAngularVelocity: Body must be non-kinematic!, FILE /builds/omniverse/physics/physx/source/physx/src/NpRigidDynamic.cpp, LINE 284
2026-07-02T14:54:19Z [96,345ms] [Error] [omni.physx.plugin] PhysX error: PxRigidDynamic::setLinearVelocity: Body must be non-kinematic!, FILE /builds/omniverse/physics/physx/source/physx/src/NpRigidDynamic.cpp, LINE 251
2026-07-02T14:54:19Z [96,345ms] [Error] [omni.physx.plugin] PhysX error: PxRigidDynamic::setAngularVelocity: Body must be non-kinematic!, FILE /builds/omniverse/physics/physx/source/physx/src/NpRigidDynamic.cpp, LINE 284
2026-07-02T14:54:19Z [96,345ms] [Error] [omni.physx.plugin] PhysX error: PxRigidDynamic::setLinearVelocity: Body must be non-kinematic!, FILE /builds/omniverse/physics/physx/source/physx/src/NpRigidDynamic.cpp, LINE 251
2026-07-02T14:54:19Z [96,345ms] [Error] [omni.physx.plugin] PhysX error: PxRigidDynamic::setAngularVelocity: Body must be non-kinematic!, FILE /builds/omniverse/physics/physx/source/physx/src/NpRigidDynamic.cpp, LINE 284
2026-07-02T14:54:19Z [96,346ms] [Error] [omni.physx.plugin] PhysX error: PxRigidDynamic::setLinearVelocity: Body must be non-kinematic!, FILE /builds/omniverse/physics/physx/source/physx/src/NpRigidDynamic.cpp, LINE 251
2026-07-02T14:54:19Z [96,346ms] [Error] [omni.physx.plugin] PhysX error: PxRigidDynamic::setAngularVelocity: Body must be non-kinematic!, FILE /builds/omniverse/physics/physx/source/physx/src/NpRigidDynamic.cpp, LINE 284
2026-07-02T14:54:19Z [96,347ms] [Error] [omni.physx.plugin] PhysX error: PxRigidDynamic::setLinearVelocity: Body must be non-kinematic!, FILE /builds/omniverse/physics/physx/source/physx/src/NpRigidDynamic.cpp, LINE 251
2026-07-02T14:54:19Z [96,347ms] [Error] [omni.physx.plugin] PhysX error: PxRigidDynamic::setAngularVelocity: Body must be non-kinematic!, FILE /builds/omniverse/physics/physx/source/physx/src/NpRigidDynamic.cpp, LINE 284
2026-07-02T14:54:19Z [96,347ms] [Error] [omni.physx.plugin] PhysX error: PxRigidDynamic::setLinearVelocity: Body must be non-kinematic!, FILE /builds/omniverse/physics/physx/source/physx/src/NpRigidDynamic.cpp, LINE 251
2026-07-02T14:54:19Z [96,347ms] [Error] [omni.physx.plugin] PhysX error: PxRigidDynamic::setAngularVelocity: Body must be non-kinematic!, FILE /builds/omniverse/physics/physx/source/physx/src/NpRigidDynamic.cpp, LINE 284
2026-07-02T14:54:19Z [96,347ms] [Error] [omni.physx.plugin] PhysX error: PxRigidDynamic::setLinearVelocity: Body must be non-kinematic!, FILE /builds/omniverse/physics/physx/source/physx/src/NpRigidDynamic.cpp, LINE 251
2026-07-02T14:54:19Z [96,348ms] [Error] [omni.physx.plugin] PhysX error: PxRigidDynamic::setAngularVelocity: Body must be non-kinematic!, FILE /builds/omniverse/physics/physx/source/physx/src/NpRigidDynamic.cpp, LINE 284
2026-07-02T14:54:19Z [96,348ms] [Error] [omni.physx.plugin] PhysX error: PxRigidDynamic::setLinearVelocity: Body must be non-kinematic!, FILE /builds/omniverse/physics/physx/source/physx/src/NpRigidDynamic.cpp, LINE 251
2026-07-02T14:54:19Z [96,348ms] [Error] [omni.physx.plugin] PhysX error: PxRigidDynamic::setAngularVelocity: Body must be non-kinematic!, FILE /builds/omniverse/physics/physx/source/physx/src/NpRigidDynamic.cpp, LINE 284
2026-07-02T14:54:19Z [96,348ms] [Error] [omni.physx.plugin] PhysX error: PxRigidDynamic::setLinearVelocity: Body must be non-kinematic!, FILE /builds/omniverse/physics/physx/source/physx/src/NpRigidDynamic.cpp, LINE 251
2026-07-02T14:54:19Z [96,348ms] [Error] [omni.physx.plugin] PhysX error: PxRigidDynamic::setAngularVelocity: Body must be non-kinematic!, FILE /builds/omniverse/physics/physx/source/physx/src/NpRigidDynamic.cpp, LINE 284
[INFO] Pi0.5 pick-place episode 2 success=False completed=False steps=3800 instruction='pick up the onion and place it in the tray'
[INFO] Starting Pi0.5 pick-place episode 3: instruction='pick up the onion and place it in the tray', target='onion', placement='tray'
2026-07-02T14:55:00Z [136,981ms] [Error] [omni.physx.plugin] PhysX error: PxRigidDynamic::setLinearVelocity: Body must be non-kinematic!, FILE /builds/omniverse/physics/physx/source/physx/src/NpRigidDynamic.cpp, LINE 251
2026-07-02T14:55:00Z [136,981ms] [Error] [omni.physx.plugin] PhysX error: PxRigidDynamic::setAngularVelocity: Body must be non-kinematic!, FILE /builds/omniverse/physics/physx/source/physx/src/NpRigidDynamic.cpp, LINE 284
2026-07-02T14:55:00Z [136,981ms] [Error] [omni.physx.plugin] PhysX error: PxRigidDynamic::setLinearVelocity: Body must be non-kinematic!, FILE /builds/omniverse/physics/physx/source/physx/src/NpRigidDynamic.cpp, LINE 251
2026-07-02T14:55:00Z [136,981ms] [Error] [omni.physx.plugin] PhysX error: PxRigidDynamic::setAngularVelocity: Body must be non-kinematic!, FILE /builds/omniverse/physics/physx/source/physx/src/NpRigidDynamic.cpp, LINE 284
2026-07-02T14:55:00Z [136,982ms] [Error] [omni.physx.plugin] PhysX error: PxRigidDynamic::setLinearVelocity: Body must be non-kinematic!, FILE /builds/omniverse/physics/physx/source/physx/src/NpRigidDynamic.cpp, LINE 251
2026-07-02T14:55:00Z [136,982ms] [Error] [omni.physx.plugin] PhysX error: PxRigidDynamic::setAngularVelocity: Body must be non-kinematic!, FILE /builds/omniverse/physics/physx/source/physx/src/NpRigidDynamic.cpp, LINE 284
2026-07-02T14:55:00Z [136,982ms] [Error] [omni.physx.plugin] PhysX error: PxRigidDynamic::setLinearVelocity: Body must be non-kinematic!, FILE /builds/omniverse/physics/physx/source/physx/src/NpRigidDynamic.cpp, LINE 251
2026-07-02T14:55:00Z [136,983ms] [Error] [omni.physx.plugin] PhysX error: PxRigidDynamic::setAngularVelocity: Body must be non-kinematic!, FILE /builds/omniverse/physics/physx/source/physx/src/NpRigidDynamic.cpp, LINE 284
2026-07-02T14:55:00Z [136,983ms] [Error] [omni.physx.plugin] PhysX error: PxRigidDynamic::setLinearVelocity: Body must be non-kinematic!, FILE /builds/omniverse/physics/physx/source/physx/src/NpRigidDynamic.cpp, LINE 251
2026-07-02T14:55:00Z [136,983ms] [Error] [omni.physx.plugin] PhysX error: PxRigidDynamic::setAngularVelocity: Body must be non-kinematic!, FILE /builds/omniverse/physics/physx/source/physx/src/NpRigidDynamic.cpp, LINE 284
2026-07-02T14:55:00Z [136,984ms] [Error] [omni.physx.plugin] PhysX error: PxRigidDynamic::setLinearVelocity: Body must be non-kinematic!, FILE /builds/omniverse/physics/physx/source/physx/src/NpRigidDynamic.cpp, LINE 251
2026-07-02T14:55:00Z [136,984ms] [Error] [omni.physx.plugin] PhysX error: PxRigidDynamic::setAngularVelocity: Body must be non-kinematic!, FILE /builds/omniverse/physics/physx/source/physx/src/NpRigidDynamic.cpp, LINE 284
2026-07-02T14:55:00Z [136,984ms] [Error] [omni.physx.plugin] PhysX error: PxRigidDynamic::setLinearVelocity: Body must be non-kinematic!, FILE /builds/omniverse/physics/physx/source/physx/src/NpRigidDynamic.cpp, LINE 251
2026-07-02T14:55:00Z [136,984ms] [Error] [omni.physx.plugin] PhysX error: PxRigidDynamic::setAngularVelocity: Body must be non-kinematic!, FILE /builds/omniverse/physics/physx/source/physx/src/NpRigidDynamic.cpp, LINE 284
2026-07-02T14:55:00Z [136,985ms] [Error] [omni.physx.plugin] PhysX error: PxRigidDynamic::setLinearVelocity: Body must be non-kinematic!, FILE /builds/omniverse/physics/physx/source/physx/src/NpRigidDynamic.cpp, LINE 251
2026-07-02T14:55:00Z [136,985ms] [Error] [omni.physx.plugin] PhysX error: PxRigidDynamic::setAngularVelocity: Body must be non-kinematic!, FILE /builds/omniverse/physics/physx/source/physx/src/NpRigidDynamic.cpp, LINE 284
2026-07-02T14:55:00Z [136,985ms] [Error] [omni.physx.plugin] PhysX error: PxRigidDynamic::setLinearVelocity: Body must be non-kinematic!, FILE /builds/omniverse/physics/physx/source/physx/src/NpRigidDynamic.cpp, LINE 251
2026-07-02T14:55:00Z [136,985ms] [Error] [omni.physx.plugin] PhysX error: PxRigidDynamic::setAngularVelocity: Body must be non-kinematic!, FILE /builds/omniverse/physics/physx/source/physx/src/NpRigidDynamic.cpp, LINE 284
2026-07-02T14:55:00Z [136,986ms] [Error] [omni.physx.plugin] PhysX error: PxRigidDynamic::setLinearVelocity: Body must be non-kinematic!, FILE /builds/omniverse/physics/physx/source/physx/src/NpRigidDynamic.cpp, LINE 251
2026-07-02T14:55:00Z [136,986ms] [Error] [omni.physx.plugin] PhysX error: PxRigidDynamic::setAngularVelocity: Body must be non-kinematic!, FILE /builds/omniverse/physics/physx/source/physx/src/NpRigidDynamic.cpp, LINE 284
2026-07-02T14:55:00Z [136,986ms] [Error] [omni.physx.plugin] PhysX error: PxRigidDynamic::setLinearVelocity: Body must be non-kinematic!, FILE /builds/omniverse/physics/physx/source/physx/src/NpRigidDynamic.cpp, LINE 251
2026-07-02T14:55:00Z [136,987ms] [Error] [omni.physx.plugin] PhysX error: PxRigidDynamic::setAngularVelocity: Body must be non-kinematic!, FILE /builds/omniverse/physics/physx/source/physx/src/NpRigidDynamic.cpp, LINE 284
2026-07-02T14:55:00Z [136,987ms] [Error] [omni.physx.plugin] PhysX error: PxRigidDynamic::setLinearVelocity: Body must be non-kinematic!, FILE /builds/omniverse/physics/physx/source/physx/src/NpRigidDynamic.cpp, LINE 251
2026-07-02T14:55:00Z [136,987ms] [Error] [omni.physx.plugin] PhysX error: PxRigidDynamic::setAngularVelocity: Body must be non-kinematic!, FILE /builds/omniverse/physics/physx/source/physx/src/NpRigidDynamic.cpp, LINE 284
2026-07-02T14:55:00Z [136,988ms] [Error] [omni.physx.plugin] PhysX error: PxRigidDynamic::setLinearVelocity: Body must be non-kinematic!, FILE /builds/omniverse/physics/physx/source/physx/src/NpRigidDynamic.cpp, LINE 251
2026-07-02T14:55:00Z [136,988ms] [Error] [omni.physx.plugin] PhysX error: PxRigidDynamic::setAngularVelocity: Body must be non-kinematic!, FILE /builds/omniverse/physics/physx/source/physx/src/NpRigidDynamic.cpp, LINE 284
2026-07-02T14:55:00Z [136,988ms] [Error] [omni.physx.plugin] PhysX error: PxRigidDynamic::setLinearVelocity: Body must be non-kinematic!, FILE /builds/omniverse/physics/physx/source/physx/src/NpRigidDynamic.cpp, LINE 251
2026-07-02T14:55:00Z [136,988ms] [Error] [omni.physx.plugin] PhysX error: PxRigidDynamic::setAngularVelocity: Body must be non-kinematic!, FILE /builds/omniverse/physics/physx/source/physx/src/NpRigidDynamic.cpp, LINE 284
2026-07-02T14:55:00Z [136,991ms] [Error] [omni.physx.plugin] PhysX error: PxRigidDynamic::setLinearVelocity: Body must be non-kinematic!, FILE /builds/omniverse/physics/physx/source/physx/src/NpRigidDynamic.cpp, LINE 251
2026-07-02T14:55:00Z [136,991ms] [Error] [omni.physx.plugin] PhysX error: PxRigidDynamic::setAngularVelocity: Body must be non-kinematic!, FILE /builds/omniverse/physics/physx/source/physx/src/NpRigidDynamic.cpp, LINE 284
2026-07-02T14:55:00Z [136,991ms] [Error] [omni.physx.plugin] PhysX error: PxRigidDynamic::setLinearVelocity: Body must be non-kinematic!, FILE /builds/omniverse/physics/physx/source/physx/src/NpRigidDynamic.cpp, LINE 251
2026-07-02T14:55:00Z [136,991ms] [Error] [omni.physx.plugin] PhysX error: PxRigidDynamic::setAngularVelocity: Body must be non-kinematic!, FILE /builds/omniverse/physics/physx/source/physx/src/NpRigidDynamic.cpp, LINE 284
2026-07-02T14:55:00Z [136,992ms] [Error] [omni.physx.plugin] PhysX error: PxRigidDynamic::setLinearVelocity: Body must be non-kinematic!, FILE /builds/omniverse/physics/physx/source/physx/src/NpRigidDynamic.cpp, LINE 251
2026-07-02T14:55:00Z [136,992ms] [Error] [omni.physx.plugin] PhysX error: PxRigidDynamic::setAngularVelocity: Body must be non-kinematic!, FILE /builds/omniverse/physics/physx/source/physx/src/NpRigidDynamic.cpp, LINE 284
2026-07-02T14:55:00Z [136,992ms] [Error] [omni.physx.plugin] PhysX error: PxRigidDynamic::setLinearVelocity: Body must be non-kinematic!, FILE /builds/omniverse/physics/physx/source/physx/src/NpRigidDynamic.cpp, LINE 251
2026-07-02T14:55:00Z [136,992ms] [Error] [omni.physx.plugin] PhysX error: PxRigidDynamic::setAngularVelocity: Body must be non-kinematic!, FILE /builds/omniverse/physics/physx/source/physx/src/NpRigidDynamic.cpp, LINE 284
2026-07-02T14:55:00Z [136,993ms] [Error] [omni.physx.plugin] PhysX error: PxRigidDynamic::setLinearVelocity: Body must be non-kinematic!, FILE /builds/omniverse/physics/physx/source/physx/src/NpRigidDynamic.cpp, LINE 251
2026-07-02T14:55:00Z [136,993ms] [Error] [omni.physx.plugin] PhysX error: PxRigidDynamic::setAngularVelocity: Body must be non-kinematic!, FILE /builds/omniverse/physics/physx/source/physx/src/NpRigidDynamic.cpp, LINE 284
2026-07-02T14:55:00Z [136,994ms] [Error] [omni.physx.plugin] PhysX error: PxRigidDynamic::setLinearVelocity: Body must be non-kinematic!, FILE /builds/omniverse/physics/physx/source/physx/src/NpRigidDynamic.cpp, LINE 251
2026-07-02T14:55:00Z [136,994ms] [Error] [omni.physx.plugin] PhysX error: PxRigidDynamic::setAngularVelocity: Body must be non-kinematic!, FILE /builds/omniverse/physics/physx/source/physx/src/NpRigidDynamic.cpp, LINE 284
2026-07-02T14:55:00Z [136,994ms] [Error] [omni.physx.plugin] PhysX error: PxRigidDynamic::setLinearVelocity: Body must be non-kinematic!, FILE /builds/omniverse/physics/physx/source/physx/src/NpRigidDynamic.cpp, LINE 251
2026-07-02T14:55:00Z [136,994ms] [Error] [omni.physx.plugin] PhysX error: PxRigidDynamic::setAngularVelocity: Body must be non-kinematic!, FILE /builds/omniverse/physics/physx/source/physx/src/NpRigidDynamic.cpp, LINE 284
2026-07-02T14:55:00Z [136,995ms] [Error] [omni.physx.plugin] PhysX error: PxRigidDynamic::setLinearVelocity: Body must be non-kinematic!, FILE /builds/omniverse/physics/physx/source/physx/src/NpRigidDynamic.cpp, LINE 251
2026-07-02T14:55:00Z [136,995ms] [Error] [omni.physx.plugin] PhysX error: PxRigidDynamic::setAngularVelocity: Body must be non-kinematic!, FILE /builds/omniverse/physics/physx/source/physx/src/NpRigidDynamic.cpp, LINE 284
2026-07-02T14:55:00Z [136,995ms] [Error] [omni.physx.plugin] PhysX error: PxRigidDynamic::setLinearVelocity: Body must be non-kinematic!, FILE /builds/omniverse/physics/physx/source/physx/src/NpRigidDynamic.cpp, LINE 251
2026-07-02T14:55:00Z [136,995ms] [Error] [omni.physx.plugin] PhysX error: PxRigidDynamic::setAngularVelocity: Body must be non-kinematic!, FILE /builds/omniverse/physics/physx/source/physx/src/NpRigidDynamic.cpp, LINE 284
2026-07-02T14:55:00Z [136,996ms] [Error] [omni.physx.plugin] PhysX error: PxRigidDynamic::setLinearVelocity: Body must be non-kinematic!, FILE /builds/omniverse/physics/physx/source/physx/src/NpRigidDynamic.cpp, LINE 251
2026-07-02T14:55:00Z [136,996ms] [Error] [omni.physx.plugin] PhysX error: PxRigidDynamic::setAngularVelocity: Body must be non-kinematic!, FILE /builds/omniverse/physics/physx/source/physx/src/NpRigidDynamic.cpp, LINE 284
2026-07-02T14:55:00Z [136,996ms] [Error] [omni.physx.plugin] PhysX error: PxRigidDynamic::setLinearVelocity: Body must be non-kinematic!, FILE /builds/omniverse/physics/physx/source/physx/src/NpRigidDynamic.cpp, LINE 251
2026-07-02T14:55:00Z [136,997ms] [Error] [omni.physx.plugin] PhysX error: PxRigidDynamic::setAngularVelocity: Body must be non-kinematic!, FILE /builds/omniverse/physics/physx/source/physx/src/NpRigidDynamic.cpp, LINE 284
2026-07-02T14:55:00Z [136,997ms] [Error] [omni.physx.plugin] PhysX error: PxRigidDynamic::setLinearVelocity: Body must be non-kinematic!, FILE /builds/omniverse/physics/physx/source/physx/src/NpRigidDynamic.cpp, LINE 251
2026-07-02T14:55:00Z [136,997ms] [Error] [omni.physx.plugin] PhysX error: PxRigidDynamic::setAngularVelocity: Body must be non-kinematic!, FILE /builds/omniverse/physics/physx/source/physx/src/NpRigidDynamic.cpp, LINE 284
2026-07-02T14:55:00Z [136,998ms] [Error] [omni.physx.plugin] PhysX error: PxRigidDynamic::setLinearVelocity: Body must be non-kinematic!, FILE /builds/omniverse/physics/physx/source/physx/src/NpRigidDynamic.cpp, LINE 251
2026-07-02T14:55:00Z [136,998ms] [Error] [omni.physx.plugin] PhysX error: PxRigidDynamic::setAngularVelocity: Body must be non-kinematic!, FILE /builds/omniverse/physics/physx/source/physx/src/NpRigidDynamic.cpp, LINE 284
2026-07-02T14:55:00Z [136,999ms] [Error] [omni.physx.plugin] PhysX error: PxRigidDynamic::setLinearVelocity: Body must be non-kinematic!, FILE /builds/omniverse/physics/physx/source/physx/src/NpRigidDynamic.cpp, LINE 251
2026-07-02T14:55:00Z [136,999ms] [Error] [omni.physx.plugin] PhysX error: PxRigidDynamic::setAngularVelocity: Body must be non-kinematic!, FILE /builds/omniverse/physics/physx/source/physx/src/NpRigidDynamic.cpp, LINE 284
2026-07-02T14:55:00Z [137,000ms] [Error] [omni.physx.plugin] PhysX error: PxRigidDynamic::setLinearVelocity: Body must be non-kinematic!, FILE /builds/omniverse/physics/physx/source/physx/src/NpRigidDynamic.cpp, LINE 251
2026-07-02T14:55:00Z [137,000ms] [Error] [omni.physx.plugin] PhysX error: PxRigidDynamic::setAngularVelocity: Body must be non-kinematic!, FILE /builds/omniverse/physics/physx/source/physx/src/NpRigidDynamic.cpp, LINE 284
2026-07-02T14:55:00Z [137,000ms] [Error] [omni.physx.plugin] PhysX error: PxRigidDynamic::setLinearVelocity: Body must be non-kinematic!, FILE /builds/omniverse/physics/physx/source/physx/src/NpRigidDynamic.cpp, LINE 251
2026-07-02T14:55:00Z [137,000ms] [Error] [omni.physx.plugin] PhysX error: PxRigidDynamic::setAngularVelocity: Body must be non-kinematic!, FILE /builds/omniverse/physics/physx/source/physx/src/NpRigidDynamic.cpp, LINE 284
2026-07-02T14:55:00Z [137,001ms] [Error] [omni.physx.plugin] PhysX error: PxRigidDynamic::setLinearVelocity: Body must be non-kinematic!, FILE /builds/omniverse/physics/physx/source/physx/src/NpRigidDynamic.cpp, LINE 251
2026-07-02T14:55:00Z [137,001ms] [Error] [omni.physx.plugin] PhysX error: PxRigidDynamic::setAngularVelocity: Body must be non-kinematic!, FILE /builds/omniverse/physics/physx/source/physx/src/NpRigidDynamic.cpp, LINE 284
2026-07-02T14:55:00Z [137,001ms] [Error] [omni.physx.plugin] PhysX error: PxRigidDynamic::setLinearVelocity: Body must be non-kinematic!, FILE /builds/omniverse/physics/physx/source/physx/src/NpRigidDynamic.cpp, LINE 251
2026-07-02T14:55:00Z [137,001ms] [Error] [omni.physx.plugin] PhysX error: PxRigidDynamic::setAngularVelocity: Body must be non-kinematic!, FILE /builds/omniverse/physics/physx/source/physx/src/NpRigidDynamic.cpp, LINE 284
2026-07-02T14:55:00Z [137,002ms] [Error] [omni.physx.plugin] PhysX error: PxRigidDynamic::setLinearVelocity: Body must be non-kinematic!, FILE /builds/omniverse/physics/physx/source/physx/src/NpRigidDynamic.cpp, LINE 251
2026-07-02T14:55:00Z [137,002ms] [Error] [omni.physx.plugin] PhysX error: PxRigidDynamic::setAngularVelocity: Body must be non-kinematic!, FILE /builds/omniverse/physics/physx/source/physx/src/NpRigidDynamic.cpp, LINE 284
2026-07-02T14:55:00Z [137,003ms] [Error] [omni.physx.plugin] PhysX error: PxRigidDynamic::setLinearVelocity: Body must be non-kinematic!, FILE /builds/omniverse/physics/physx/source/physx/src/NpRigidDynamic.cpp, LINE 251
2026-07-02T14:55:00Z [137,003ms] [Error] [omni.physx.plugin] PhysX error: PxRigidDynamic::setAngularVelocity: Body must be non-kinematic!, FILE /builds/omniverse/physics/physx/source/physx/src/NpRigidDynamic.cpp, LINE 284
2026-07-02T14:55:00Z [137,015ms] [Error] [omni.physx.plugin] PhysX error: PxRigidDynamic::setLinearVelocity: Body must be non-kinematic!, FILE /builds/omniverse/physics/physx/source/physx/src/NpRigidDynamic.cpp, LINE 251
2026-07-02T14:55:00Z [137,015ms] [Error] [omni.physx.plugin] PhysX error: PxRigidDynamic::setAngularVelocity: Body must be non-kinematic!, FILE /builds/omniverse/physics/physx/source/physx/src/NpRigidDynamic.cpp, LINE 284
2026-07-02T14:55:00Z [137,015ms] [Error] [omni.physx.plugin] PhysX error: PxRigidDynamic::setLinearVelocity: Body must be non-kinematic!, FILE /builds/omniverse/physics/physx/source/physx/src/NpRigidDynamic.cpp, LINE 251
2026-07-02T14:55:00Z [137,015ms] [Error] [omni.physx.plugin] PhysX error: PxRigidDynamic::setAngularVelocity: Body must be non-kinematic!, FILE /builds/omniverse/physics/physx/source/physx/src/NpRigidDynamic.cpp, LINE 284
2026-07-02T14:55:00Z [137,016ms] [Error] [omni.physx.plugin] PhysX error: PxRigidDynamic::setLinearVelocity: Body must be non-kinematic!, FILE /builds/omniverse/physics/physx/source/physx/src/NpRigidDynamic.cpp, LINE 251
2026-07-02T14:55:00Z [137,016ms] [Error] [omni.physx.plugin] PhysX error: PxRigidDynamic::setAngularVelocity: Body must be non-kinematic!, FILE /builds/omniverse/physics/physx/source/physx/src/NpRigidDynamic.cpp, LINE 284
2026-07-02T14:55:00Z [137,016ms] [Error] [omni.physx.plugin] PhysX error: PxRigidDynamic::setLinearVelocity: Body must be non-kinematic!, FILE /builds/omniverse/physics/physx/source/physx/src/NpRigidDynamic.cpp, LINE 251
2026-07-02T14:55:00Z [137,016ms] [Error] [omni.physx.plugin] PhysX error: PxRigidDynamic::setAngularVelocity: Body must be non-kinematic!, FILE /builds/omniverse/physics/physx/source/physx/src/NpRigidDynamic.cpp, LINE 284
2026-07-02T14:55:00Z [137,017ms] [Error] [omni.physx.plugin] PhysX error: PxRigidDynamic::setLinearVelocity: Body must be non-kinematic!, FILE /builds/omniverse/physics/physx/source/physx/src/NpRigidDynamic.cpp, LINE 251
2026-07-02T14:55:00Z [137,017ms] [Error] [omni.physx.plugin] PhysX error: PxRigidDynamic::setAngularVelocity: Body must be non-kinematic!, FILE /builds/omniverse/physics/physx/source/physx/src/NpRigidDynamic.cpp, LINE 284
2026-07-02T14:55:00Z [137,017ms] [Error] [omni.physx.plugin] PhysX error: PxRigidDynamic::setLinearVelocity: Body must be non-kinematic!, FILE /builds/omniverse/physics/physx/source/physx/src/NpRigidDynamic.cpp, LINE 251
2026-07-02T14:55:00Z [137,017ms] [Error] [omni.physx.plugin] PhysX error: PxRigidDynamic::setAngularVelocity: Body must be non-kinematic!, FILE /builds/omniverse/physics/physx/source/physx/src/NpRigidDynamic.cpp, LINE 284
2026-07-02T14:55:00Z [137,018ms] [Error] [omni.physx.plugin] PhysX error: PxRigidDynamic::setLinearVelocity: Body must be non-kinematic!, FILE /builds/omniverse/physics/physx/source/physx/src/NpRigidDynamic.cpp, LINE 251
2026-07-02T14:55:00Z [137,018ms] [Error] [omni.physx.plugin] PhysX error: PxRigidDynamic::setAngularVelocity: Body must be non-kinematic!, FILE /builds/omniverse/physics/physx/source/physx/src/NpRigidDynamic.cpp, LINE 284
2026-07-02T14:55:00Z [137,018ms] [Error] [omni.physx.plugin] PhysX error: PxRigidDynamic::setLinearVelocity: Body must be non-kinematic!, FILE /builds/omniverse/physics/physx/source/physx/src/NpRigidDynamic.cpp, LINE 251
2026-07-02T14:55:00Z [137,018ms] [Error] [omni.physx.plugin] PhysX error: PxRigidDynamic::setAngularVelocity: Body must be non-kinematic!, FILE /builds/omniverse/physics/physx/source/physx/src/NpRigidDynamic.cpp, LINE 284
2026-07-02T14:55:00Z [137,019ms] [Error] [omni.physx.plugin] PhysX error: PxRigidDynamic::setLinearVelocity: Body must be non-kinematic!, FILE /builds/omniverse/physics/physx/source/physx/src/NpRigidDynamic.cpp, LINE 251
2026-07-02T14:55:00Z [137,019ms] [Error] [omni.physx.plugin] PhysX error: PxRigidDynamic::setAngularVelocity: Body must be non-kinematic!, FILE /builds/omniverse/physics/physx/source/physx/src/NpRigidDynamic.cpp, LINE 284
2026-07-02T14:55:00Z [137,019ms] [Error] [omni.physx.plugin] PhysX error: PxRigidDynamic::setLinearVelocity: Body must be non-kinematic!, FILE /builds/omniverse/physics/physx/source/physx/src/NpRigidDynamic.cpp, LINE 251
2026-07-02T14:55:00Z [137,019ms] [Error] [omni.physx.plugin] PhysX error: PxRigidDynamic::setAngularVelocity: Body must be non-kinematic!, FILE /builds/omniverse/physics/physx/source/physx/src/NpRigidDynamic.cpp, LINE 284
2026-07-02T14:55:00Z [137,020ms] [Error] [omni.physx.plugin] PhysX error: PxRigidDynamic::setLinearVelocity: Body must be non-kinematic!, FILE /builds/omniverse/physics/physx/source/physx/src/NpRigidDynamic.cpp, LINE 251
2026-07-02T14:55:00Z [137,020ms] [Error] [omni.physx.plugin] PhysX error: PxRigidDynamic::setAngularVelocity: Body must be non-kinematic!, FILE /builds/omniverse/physics/physx/source/physx/src/NpRigidDynamic.cpp, LINE 284
2026-07-02T14:55:00Z [137,020ms] [Error] [omni.physx.plugin] PhysX error: PxRigidDynamic::setLinearVelocity: Body must be non-kinematic!, FILE /builds/omniverse/physics/physx/source/physx/src/NpRigidDynamic.cpp, LINE 251
2026-07-02T14:55:00Z [137,020ms] [Error] [omni.physx.plugin] PhysX error: PxRigidDynamic::setAngularVelocity: Body must be non-kinematic!, FILE /builds/omniverse/physics/physx/source/physx/src/NpRigidDynamic.cpp, LINE 284
2026-07-02T14:55:00Z [137,021ms] [Error] [omni.physx.plugin] PhysX error: PxRigidDynamic::setLinearVelocity: Body must be non-kinematic!, FILE /builds/omniverse/physics/physx/source/physx/src/NpRigidDynamic.cpp, LINE 251
2026-07-02T14:55:00Z [137,021ms] [Error] [omni.physx.plugin] PhysX error: PxRigidDynamic::setAngularVelocity: Body must be non-kinematic!, FILE /builds/omniverse/physics/physx/source/physx/src/NpRigidDynamic.cpp, LINE 284
2026-07-02T14:55:00Z [137,021ms] [Error] [omni.physx.plugin] PhysX error: PxRigidDynamic::setLinearVelocity: Body must be non-kinematic!, FILE /builds/omniverse/physics/physx/source/physx/src/NpRigidDynamic.cpp, LINE 251
2026-07-02T14:55:00Z [137,021ms] [Error] [omni.physx.plugin] PhysX error: PxRigidDynamic::setAngularVelocity: Body must be non-kinematic!, FILE /builds/omniverse/physics/physx/source/physx/src/NpRigidDynamic.cpp, LINE 284
2026-07-02T14:55:00Z [137,022ms] [Error] [omni.physx.plugin] PhysX error: PxRigidDynamic::setLinearVelocity: Body must be non-kinematic!, FILE /builds/omniverse/physics/physx/source/physx/src/NpRigidDynamic.cpp, LINE 251
2026-07-02T14:55:00Z [137,022ms] [Error] [omni.physx.plugin] PhysX error: PxRigidDynamic::setAngularVelocity: Body must be non-kinematic!, FILE /builds/omniverse/physics/physx/source/physx/src/NpRigidDynamic.cpp, LINE 284
2026-07-02T14:55:00Z [137,022ms] [Error] [omni.physx.plugin] PhysX error: PxRigidDynamic::setLinearVelocity: Body must be non-kinematic!, FILE /builds/omniverse/physics/physx/source/physx/src/NpRigidDynamic.cpp, LINE 251
2026-07-02T14:55:00Z [137,022ms] [Error] [omni.physx.plugin] PhysX error: PxRigidDynamic::setAngularVelocity: Body must be non-kinematic!, FILE /builds/omniverse/physics/physx/source/physx/src/NpRigidDynamic.cpp, LINE 284
2026-07-02T14:55:00Z [137,022ms] [Error] [omni.physx.plugin] PhysX error: PxRigidDynamic::setLinearVelocity: Body must be non-kinematic!, FILE /builds/omniverse/physics/physx/source/physx/src/NpRigidDynamic.cpp, LINE 251
2026-07-02T14:55:00Z [137,022ms] [Error] [omni.physx.plugin] PhysX error: PxRigidDynamic::setAngularVelocity: Body must be non-kinematic!, FILE /builds/omniverse/physics/physx/source/physx/src/NpRigidDynamic.cpp, LINE 284
2026-07-02T14:55:00Z [137,025ms] [Error] [omni.physx.plugin] PhysX error: PxRigidDynamic::setLinearVelocity: Body must be non-kinematic!, FILE /builds/omniverse/physics/physx/source/physx/src/NpRigidDynamic.cpp, LINE 251
2026-07-02T14:55:00Z [137,025ms] [Error] [omni.physx.plugin] PhysX error: PxRigidDynamic::setAngularVelocity: Body must be non-kinematic!, FILE /builds/omniverse/physics/physx/source/physx/src/NpRigidDynamic.cpp, LINE 284
2026-07-02T14:55:00Z [137,025ms] [Error] [omni.physx.plugin] PhysX error: PxRigidDynamic::setLinearVelocity: Body must be non-kinematic!, FILE /builds/omniverse/physics/physx/source/physx/src/NpRigidDynamic.cpp, LINE 251
2026-07-02T14:55:00Z [137,025ms] [Error] [omni.physx.plugin] PhysX error: PxRigidDynamic::setAngularVelocity: Body must be non-kinematic!, FILE /builds/omniverse/physics/physx/source/physx/src/NpRigidDynamic.cpp, LINE 284
2026-07-02T14:55:00Z [137,026ms] [Error] [omni.physx.plugin] PhysX error: PxRigidDynamic::setLinearVelocity: Body must be non-kinematic!, FILE /builds/omniverse/physics/physx/source/physx/src/NpRigidDynamic.cpp, LINE 251
2026-07-02T14:55:00Z [137,026ms] [Error] [omni.physx.plugin] PhysX error: PxRigidDynamic::setAngularVelocity: Body must be non-kinematic!, FILE /builds/omniverse/physics/physx/source/physx/src/NpRigidDynamic.cpp, LINE 284
2026-07-02T14:55:00Z [137,026ms] [Error] [omni.physx.plugin] PhysX error: PxRigidDynamic::setLinearVelocity: Body must be non-kinematic!, FILE /builds/omniverse/physics/physx/source/physx/src/NpRigidDynamic.cpp, LINE 251
2026-07-02T14:55:00Z [137,026ms] [Error] [omni.physx.plugin] PhysX error: PxRigidDynamic::setAngularVelocity: Body must be non-kinematic!, FILE /builds/omniverse/physics/physx/source/physx/src/NpRigidDynamic.cpp, LINE 284
2026-07-02T14:55:00Z [137,026ms] [Error] [omni.physx.plugin] PhysX error: PxRigidDynamic::setLinearVelocity: Body must be non-kinematic!, FILE /builds/omniverse/physics/physx/source/physx/src/NpRigidDynamic.cpp, LINE 251
2026-07-02T14:55:00Z [137,027ms] [Error] [omni.physx.plugin] PhysX error: PxRigidDynamic::setAngularVelocity: Body must be non-kinematic!, FILE /builds/omniverse/physics/physx/source/physx/src/NpRigidDynamic.cpp, LINE 284
2026-07-02T14:55:00Z [137,027ms] [Error] [omni.physx.plugin] PhysX error: PxRigidDynamic::setLinearVelocity: Body must be non-kinematic!, FILE /builds/omniverse/physics/physx/source/physx/src/NpRigidDynamic.cpp, LINE 251
2026-07-02T14:55:00Z [137,027ms] [Error] [omni.physx.plugin] PhysX error: PxRigidDynamic::setAngularVelocity: Body must be non-kinematic!, FILE /builds/omniverse/physics/physx/source/physx/src/NpRigidDynamic.cpp, LINE 284
2026-07-02T14:55:00Z [137,027ms] [Error] [omni.physx.plugin] PhysX error: PxRigidDynamic::setLinearVelocity: Body must be non-kinematic!, FILE /builds/omniverse/physics/physx/source/physx/src/NpRigidDynamic.cpp, LINE 251
2026-07-02T14:55:00Z [137,027ms] [Error] [omni.physx.plugin] PhysX error: PxRigidDynamic::setAngularVelocity: Body must be non-kinematic!, FILE /builds/omniverse/physics/physx/source/physx/src/NpRigidDynamic.cpp, LINE 284
2026-07-02T14:55:00Z [137,028ms] [Error] [omni.physx.plugin] PhysX error: PxRigidDynamic::setLinearVelocity: Body must be non-kinematic!, FILE /builds/omniverse/physics/physx/source/physx/src/NpRigidDynamic.cpp, LINE 251
2026-07-02T14:55:00Z [137,028ms] [Error] [omni.physx.plugin] PhysX error: PxRigidDynamic::setAngularVelocity: Body must be non-kinematic!, FILE /builds/omniverse/physics/physx/source/physx/src/NpRigidDynamic.cpp, LINE 284
2026-07-02T14:55:00Z [137,028ms] [Error] [omni.physx.plugin] PhysX error: PxRigidDynamic::setLinearVelocity: Body must be non-kinematic!, FILE /builds/omniverse/physics/physx/source/physx/src/NpRigidDynamic.cpp, LINE 251
2026-07-02T14:55:00Z [137,028ms] [Error] [omni.physx.plugin] PhysX error: PxRigidDynamic::setAngularVelocity: Body must be non-kinematic!, FILE /builds/omniverse/physics/physx/source/physx/src/NpRigidDynamic.cpp, LINE 284
2026-07-02T14:55:00Z [137,029ms] [Error] [omni.physx.plugin] PhysX error: PxRigidDynamic::setLinearVelocity: Body must be non-kinematic!, FILE /builds/omniverse/physics/physx/source/physx/src/NpRigidDynamic.cpp, LINE 251
2026-07-02T14:55:00Z [137,029ms] [Error] [omni.physx.plugin] PhysX error: PxRigidDynamic::setAngularVelocity: Body must be non-kinematic!, FILE /builds/omniverse/physics/physx/source/physx/src/NpRigidDynamic.cpp, LINE 284
2026-07-02T14:55:00Z [137,030ms] [Error] [omni.physx.plugin] PhysX error: PxRigidDynamic::setLinearVelocity: Body must be non-kinematic!, FILE /builds/omniverse/physics/physx/source/physx/src/NpRigidDynamic.cpp, LINE 251
2026-07-02T14:55:00Z [137,030ms] [Error] [omni.physx.plugin] PhysX error: PxRigidDynamic::setAngularVelocity: Body must be non-kinematic!, FILE /builds/omniverse/physics/physx/source/physx/src/NpRigidDynamic.cpp, LINE 284
2026-07-02T14:55:00Z [137,030ms] [Error] [omni.physx.plugin] PhysX error: PxRigidDynamic::setLinearVelocity: Body must be non-kinematic!, FILE /builds/omniverse/physics/physx/source/physx/src/NpRigidDynamic.cpp, LINE 251
2026-07-02T14:55:00Z [137,030ms] [Error] [omni.physx.plugin] PhysX error: PxRigidDynamic::setAngularVelocity: Body must be non-kinematic!, FILE /builds/omniverse/physics/physx/source/physx/src/NpRigidDynamic.cpp, LINE 284
2026-07-02T14:55:00Z [137,031ms] [Error] [omni.physx.plugin] PhysX error: PxRigidDynamic::setLinearVelocity: Body must be non-kinematic!, FILE /builds/omniverse/physics/physx/source/physx/src/NpRigidDynamic.cpp, LINE 251
2026-07-02T14:55:00Z [137,031ms] [Error] [omni.physx.plugin] PhysX error: PxRigidDynamic::setAngularVelocity: Body must be non-kinematic!, FILE /builds/omniverse/physics/physx/source/physx/src/NpRigidDynamic.cpp, LINE 284
2026-07-02T14:55:00Z [137,031ms] [Error] [omni.physx.plugin] PhysX error: PxRigidDynamic::setLinearVelocity: Body must be non-kinematic!, FILE /builds/omniverse/physics/physx/source/physx/src/NpRigidDynamic.cpp, LINE 251
2026-07-02T14:55:00Z [137,032ms] [Error] [omni.physx.plugin] PhysX error: PxRigidDynamic::setAngularVelocity: Body must be non-kinematic!, FILE /builds/omniverse/physics/physx/source/physx/src/NpRigidDynamic.cpp, LINE 284
2026-07-02T14:55:00Z [137,032ms] [Error] [omni.physx.plugin] PhysX error: PxRigidDynamic::setLinearVelocity: Body must be non-kinematic!, FILE /builds/omniverse/physics/physx/source/physx/src/NpRigidDynamic.cpp, LINE 251
2026-07-02T14:55:00Z [137,032ms] [Error] [omni.physx.plugin] PhysX error: PxRigidDynamic::setAngularVelocity: Body must be non-kinematic!, FILE /builds/omniverse/physics/physx/source/physx/src/NpRigidDynamic.cpp, LINE 284
2026-07-02T14:55:00Z [137,032ms] [Error] [omni.physx.plugin] PhysX error: PxRigidDynamic::setLinearVelocity: Body must be non-kinematic!, FILE /builds/omniverse/physics/physx/source/physx/src/NpRigidDynamic.cpp, LINE 251
2026-07-02T14:55:00Z [137,033ms] [Error] [omni.physx.plugin] PhysX error: PxRigidDynamic::setAngularVelocity: Body must be non-kinematic!, FILE /builds/omniverse/physics/physx/source/physx/src/NpRigidDynamic.cpp, LINE 284
2026-07-02T14:55:00Z [137,033ms] [Error] [omni.physx.plugin] PhysX error: PxRigidDynamic::setLinearVelocity: Body must be non-kinematic!, FILE /builds/omniverse/physics/physx/source/physx/src/NpRigidDynamic.cpp, LINE 251
2026-07-02T14:55:00Z [137,033ms] [Error] [omni.physx.plugin] PhysX error: PxRigidDynamic::setAngularVelocity: Body must be non-kinematic!, FILE /builds/omniverse/physics/physx/source/physx/src/NpRigidDynamic.cpp, LINE 284
[INFO] Pi0.5 pick-place episode 3 success=False completed=False steps=3800 instruction='pick up the onion and place it in the tray'
[INFO] Starting Pi0.5 pick-place episode 4: instruction='pick up the kiwi and place it in the basket', target='kiwi', placement='basket'
2026-07-02T14:55:41Z [178,598ms] [Error] [omni.physx.plugin] PhysX error: PxRigidDynamic::setLinearVelocity: Body must be non-kinematic!, FILE /builds/omniverse/physics/physx/source/physx/src/NpRigidDynamic.cpp, LINE 251
2026-07-02T14:55:41Z [178,599ms] [Error] [omni.physx.plugin] PhysX error: PxRigidDynamic::setAngularVelocity: Body must be non-kinematic!, FILE /builds/omniverse/physics/physx/source/physx/src/NpRigidDynamic.cpp, LINE 284
2026-07-02T14:55:41Z [178,599ms] [Error] [omni.physx.plugin] PhysX error: PxRigidDynamic::setLinearVelocity: Body must be non-kinematic!, FILE /builds/omniverse/physics/physx/source/physx/src/NpRigidDynamic.cpp, LINE 251
2026-07-02T14:55:41Z [178,599ms] [Error] [omni.physx.plugin] PhysX error: PxRigidDynamic::setAngularVelocity: Body must be non-kinematic!, FILE /builds/omniverse/physics/physx/source/physx/src/NpRigidDynamic.cpp, LINE 284
2026-07-02T14:55:41Z [178,600ms] [Error] [omni.physx.plugin] PhysX error: PxRigidDynamic::setLinearVelocity: Body must be non-kinematic!, FILE /builds/omniverse/physics/physx/source/physx/src/NpRigidDynamic.cpp, LINE 251
2026-07-02T14:55:41Z [178,600ms] [Error] [omni.physx.plugin] PhysX error: PxRigidDynamic::setAngularVelocity: Body must be non-kinematic!, FILE /builds/omniverse/physics/physx/source/physx/src/NpRigidDynamic.cpp, LINE 284
2026-07-02T14:55:41Z [178,600ms] [Error] [omni.physx.plugin] PhysX error: PxRigidDynamic::setLinearVelocity: Body must be non-kinematic!, FILE /builds/omniverse/physics/physx/source/physx/src/NpRigidDynamic.cpp, LINE 251
2026-07-02T14:55:41Z [178,600ms] [Error] [omni.physx.plugin] PhysX error: PxRigidDynamic::setAngularVelocity: Body must be non-kinematic!, FILE /builds/omniverse/physics/physx/source/physx/src/NpRigidDynamic.cpp, LINE 284
2026-07-02T14:55:41Z [178,601ms] [Error] [omni.physx.plugin] PhysX error: PxRigidDynamic::setLinearVelocity: Body must be non-kinematic!, FILE /builds/omniverse/physics/physx/source/physx/src/NpRigidDynamic.cpp, LINE 251
2026-07-02T14:55:41Z [178,601ms] [Error] [omni.physx.plugin] PhysX error: PxRigidDynamic::setAngularVelocity: Body must be non-kinematic!, FILE /builds/omniverse/physics/physx/source/physx/src/NpRigidDynamic.cpp, LINE 284
2026-07-02T14:55:41Z [178,601ms] [Error] [omni.physx.plugin] PhysX error: PxRigidDynamic::setLinearVelocity: Body must be non-kinematic!, FILE /builds/omniverse/physics/physx/source/physx/src/NpRigidDynamic.cpp, LINE 251
2026-07-02T14:55:41Z [178,601ms] [Error] [omni.physx.plugin] PhysX error: PxRigidDynamic::setAngularVelocity: Body must be non-kinematic!, FILE /builds/omniverse/physics/physx/source/physx/src/NpRigidDynamic.cpp, LINE 284
2026-07-02T14:55:41Z [178,602ms] [Error] [omni.physx.plugin] PhysX error: PxRigidDynamic::setLinearVelocity: Body must be non-kinematic!, FILE /builds/omniverse/physics/physx/source/physx/src/NpRigidDynamic.cpp, LINE 251
2026-07-02T14:55:41Z [178,602ms] [Error] [omni.physx.plugin] PhysX error: PxRigidDynamic::setAngularVelocity: Body must be non-kinematic!, FILE /builds/omniverse/physics/physx/source/physx/src/NpRigidDynamic.cpp, LINE 284
2026-07-02T14:55:41Z [178,602ms] [Error] [omni.physx.plugin] PhysX error: PxRigidDynamic::setLinearVelocity: Body must be non-kinematic!, FILE /builds/omniverse/physics/physx/source/physx/src/NpRigidDynamic.cpp, LINE 251
2026-07-02T14:55:41Z [178,603ms] [Error] [omni.physx.plugin] PhysX error: PxRigidDynamic::setAngularVelocity: Body must be non-kinematic!, FILE /builds/omniverse/physics/physx/source/physx/src/NpRigidDynamic.cpp, LINE 284
2026-07-02T14:55:41Z [178,603ms] [Error] [omni.physx.plugin] PhysX error: PxRigidDynamic::setLinearVelocity: Body must be non-kinematic!, FILE /builds/omniverse/physics/physx/source/physx/src/NpRigidDynamic.cpp, LINE 251
2026-07-02T14:55:41Z [178,603ms] [Error] [omni.physx.plugin] PhysX error: PxRigidDynamic::setAngularVelocity: Body must be non-kinematic!, FILE /builds/omniverse/physics/physx/source/physx/src/NpRigidDynamic.cpp, LINE 284
2026-07-02T14:55:41Z [178,604ms] [Error] [omni.physx.plugin] PhysX error: PxRigidDynamic::setLinearVelocity: Body must be non-kinematic!, FILE /builds/omniverse/physics/physx/source/physx/src/NpRigidDynamic.cpp, LINE 251
2026-07-02T14:55:41Z [178,604ms] [Error] [omni.physx.plugin] PhysX error: PxRigidDynamic::setAngularVelocity: Body must be non-kinematic!, FILE /builds/omniverse/physics/physx/source/physx/src/NpRigidDynamic.cpp, LINE 284
2026-07-02T14:55:41Z [178,604ms] [Error] [omni.physx.plugin] PhysX error: PxRigidDynamic::setLinearVelocity: Body must be non-kinematic!, FILE /builds/omniverse/physics/physx/source/physx/src/NpRigidDynamic.cpp, LINE 251
2026-07-02T14:55:41Z [178,604ms] [Error] [omni.physx.plugin] PhysX error: PxRigidDynamic::setAngularVelocity: Body must be non-kinematic!, FILE /builds/omniverse/physics/physx/source/physx/src/NpRigidDynamic.cpp, LINE 284
2026-07-02T14:55:41Z [178,607ms] [Error] [omni.physx.plugin] PhysX error: PxRigidDynamic::setLinearVelocity: Body must be non-kinematic!, FILE /builds/omniverse/physics/physx/source/physx/src/NpRigidDynamic.cpp, LINE 251
2026-07-02T14:55:41Z [178,607ms] [Error] [omni.physx.plugin] PhysX error: PxRigidDynamic::setAngularVelocity: Body must be non-kinematic!, FILE /builds/omniverse/physics/physx/source/physx/src/NpRigidDynamic.cpp, LINE 284
2026-07-02T14:55:41Z [178,607ms] [Error] [omni.physx.plugin] PhysX error: PxRigidDynamic::setLinearVelocity: Body must be non-kinematic!, FILE /builds/omniverse/physics/physx/source/physx/src/NpRigidDynamic.cpp, LINE 251
2026-07-02T14:55:41Z [178,607ms] [Error] [omni.physx.plugin] PhysX error: PxRigidDynamic::setAngularVelocity: Body must be non-kinematic!, FILE /builds/omniverse/physics/physx/source/physx/src/NpRigidDynamic.cpp, LINE 284
2026-07-02T14:55:41Z [178,608ms] [Error] [omni.physx.plugin] PhysX error: PxRigidDynamic::setLinearVelocity: Body must be non-kinematic!, FILE /builds/omniverse/physics/physx/source/physx/src/NpRigidDynamic.cpp, LINE 251
2026-07-02T14:55:41Z [178,608ms] [Error] [omni.physx.plugin] PhysX error: PxRigidDynamic::setAngularVelocity: Body must be non-kinematic!, FILE /builds/omniverse/physics/physx/source/physx/src/NpRigidDynamic.cpp, LINE 284
2026-07-02T14:55:41Z [178,609ms] [Error] [omni.physx.plugin] PhysX error: PxRigidDynamic::setLinearVelocity: Body must be non-kinematic!, FILE /builds/omniverse/physics/physx/source/physx/src/NpRigidDynamic.cpp, LINE 251
2026-07-02T14:55:41Z [178,609ms] [Error] [omni.physx.plugin] PhysX error: PxRigidDynamic::setAngularVelocity: Body must be non-kinematic!, FILE /builds/omniverse/physics/physx/source/physx/src/NpRigidDynamic.cpp, LINE 284
2026-07-02T14:55:41Z [178,609ms] [Error] [omni.physx.plugin] PhysX error: PxRigidDynamic::setLinearVelocity: Body must be non-kinematic!, FILE /builds/omniverse/physics/physx/source/physx/src/NpRigidDynamic.cpp, LINE 251
2026-07-02T14:55:41Z [178,609ms] [Error] [omni.physx.plugin] PhysX error: PxRigidDynamic::setAngularVelocity: Body must be non-kinematic!, FILE /builds/omniverse/physics/physx/source/physx/src/NpRigidDynamic.cpp, LINE 284
2026-07-02T14:55:41Z [178,610ms] [Error] [omni.physx.plugin] PhysX error: PxRigidDynamic::setLinearVelocity: Body must be non-kinematic!, FILE /builds/omniverse/physics/physx/source/physx/src/NpRigidDynamic.cpp, LINE 251
2026-07-02T14:55:41Z [178,610ms] [Error] [omni.physx.plugin] PhysX error: PxRigidDynamic::setAngularVelocity: Body must be non-kinematic!, FILE /builds/omniverse/physics/physx/source/physx/src/NpRigidDynamic.cpp, LINE 284
2026-07-02T14:55:41Z [178,610ms] [Error] [omni.physx.plugin] PhysX error: PxRigidDynamic::setLinearVelocity: Body must be non-kinematic!, FILE /builds/omniverse/physics/physx/source/physx/src/NpRigidDynamic.cpp, LINE 251
2026-07-02T14:55:41Z [178,610ms] [Error] [omni.physx.plugin] PhysX error: PxRigidDynamic::setAngularVelocity: Body must be non-kinematic!, FILE /builds/omniverse/physics/physx/source/physx/src/NpRigidDynamic.cpp, LINE 284
2026-07-02T14:55:41Z [178,611ms] [Error] [omni.physx.plugin] PhysX error: PxRigidDynamic::setLinearVelocity: Body must be non-kinematic!, FILE /builds/omniverse/physics/physx/source/physx/src/NpRigidDynamic.cpp, LINE 251
2026-07-02T14:55:41Z [178,611ms] [Error] [omni.physx.plugin] PhysX error: PxRigidDynamic::setAngularVelocity: Body must be non-kinematic!, FILE /builds/omniverse/physics/physx/source/physx/src/NpRigidDynamic.cpp, LINE 284
2026-07-02T14:55:41Z [178,612ms] [Error] [omni.physx.plugin] PhysX error: PxRigidDynamic::setLinearVelocity: Body must be non-kinematic!, FILE /builds/omniverse/physics/physx/source/physx/src/NpRigidDynamic.cpp, LINE 251
2026-07-02T14:55:41Z [178,612ms] [Error] [omni.physx.plugin] PhysX error: PxRigidDynamic::setAngularVelocity: Body must be non-kinematic!, FILE /builds/omniverse/physics/physx/source/physx/src/NpRigidDynamic.cpp, LINE 284
2026-07-02T14:55:41Z [178,612ms] [Error] [omni.physx.plugin] PhysX error: PxRigidDynamic::setLinearVelocity: Body must be non-kinematic!, FILE /builds/omniverse/physics/physx/source/physx/src/NpRigidDynamic.cpp, LINE 251
2026-07-02T14:55:41Z [178,612ms] [Error] [omni.physx.plugin] PhysX error: PxRigidDynamic::setAngularVelocity: Body must be non-kinematic!, FILE /builds/omniverse/physics/physx/source/physx/src/NpRigidDynamic.cpp, LINE 284
2026-07-02T14:55:41Z [178,613ms] [Error] [omni.physx.plugin] PhysX error: PxRigidDynamic::setLinearVelocity: Body must be non-kinematic!, FILE /builds/omniverse/physics/physx/source/physx/src/NpRigidDynamic.cpp, LINE 251
2026-07-02T14:55:41Z [178,613ms] [Error] [omni.physx.plugin] PhysX error: PxRigidDynamic::setAngularVelocity: Body must be non-kinematic!, FILE /builds/omniverse/physics/physx/source/physx/src/NpRigidDynamic.cpp, LINE 284
2026-07-02T14:55:41Z [178,613ms] [Error] [omni.physx.plugin] PhysX error: PxRigidDynamic::setLinearVelocity: Body must be non-kinematic!, FILE /builds/omniverse/physics/physx/source/physx/src/NpRigidDynamic.cpp, LINE 251
2026-07-02T14:55:41Z [178,614ms] [Error] [omni.physx.plugin] PhysX error: PxRigidDynamic::setAngularVelocity: Body must be non-kinematic!, FILE /builds/omniverse/physics/physx/source/physx/src/NpRigidDynamic.cpp, LINE 284
2026-07-02T14:55:41Z [178,614ms] [Error] [omni.physx.plugin] PhysX error: PxRigidDynamic::setLinearVelocity: Body must be non-kinematic!, FILE /builds/omniverse/physics/physx/source/physx/src/NpRigidDynamic.cpp, LINE 251
2026-07-02T14:55:41Z [178,614ms] [Error] [omni.physx.plugin] PhysX error: PxRigidDynamic::setAngularVelocity: Body must be non-kinematic!, FILE /builds/omniverse/physics/physx/source/physx/src/NpRigidDynamic.cpp, LINE 284
2026-07-02T14:55:41Z [178,615ms] [Error] [omni.physx.plugin] PhysX error: PxRigidDynamic::setLinearVelocity: Body must be non-kinematic!, FILE /builds/omniverse/physics/physx/source/physx/src/NpRigidDynamic.cpp, LINE 251
2026-07-02T14:55:41Z [178,615ms] [Error] [omni.physx.plugin] PhysX error: PxRigidDynamic::setAngularVelocity: Body must be non-kinematic!, FILE /builds/omniverse/physics/physx/source/physx/src/NpRigidDynamic.cpp, LINE 284
2026-07-02T14:55:41Z [178,615ms] [Error] [omni.physx.plugin] PhysX error: PxRigidDynamic::setLinearVelocity: Body must be non-kinematic!, FILE /builds/omniverse/physics/physx/source/physx/src/NpRigidDynamic.cpp, LINE 251
2026-07-02T14:55:41Z [178,615ms] [Error] [omni.physx.plugin] PhysX error: PxRigidDynamic::setAngularVelocity: Body must be non-kinematic!, FILE /builds/omniverse/physics/physx/source/physx/src/NpRigidDynamic.cpp, LINE 284
2026-07-02T14:55:41Z [178,617ms] [Error] [omni.physx.plugin] PhysX error: PxRigidDynamic::setLinearVelocity: Body must be non-kinematic!, FILE /builds/omniverse/physics/physx/source/physx/src/NpRigidDynamic.cpp, LINE 251
2026-07-02T14:55:41Z [178,617ms] [Error] [omni.physx.plugin] PhysX error: PxRigidDynamic::setAngularVelocity: Body must be non-kinematic!, FILE /builds/omniverse/physics/physx/source/physx/src/NpRigidDynamic.cpp, LINE 284
2026-07-02T14:55:41Z [178,617ms] [Error] [omni.physx.plugin] PhysX error: PxRigidDynamic::setLinearVelocity: Body must be non-kinematic!, FILE /builds/omniverse/physics/physx/source/physx/src/NpRigidDynamic.cpp, LINE 251
2026-07-02T14:55:41Z [178,617ms] [Error] [omni.physx.plugin] PhysX error: PxRigidDynamic::setAngularVelocity: Body must be non-kinematic!, FILE /builds/omniverse/physics/physx/source/physx/src/NpRigidDynamic.cpp, LINE 284
2026-07-02T14:55:41Z [178,618ms] [Error] [omni.physx.plugin] PhysX error: PxRigidDynamic::setLinearVelocity: Body must be non-kinematic!, FILE /builds/omniverse/physics/physx/source/physx/src/NpRigidDynamic.cpp, LINE 251
2026-07-02T14:55:41Z [178,618ms] [Error] [omni.physx.plugin] PhysX error: PxRigidDynamic::setAngularVelocity: Body must be non-kinematic!, FILE /builds/omniverse/physics/physx/source/physx/src/NpRigidDynamic.cpp, LINE 284
2026-07-02T14:55:41Z [178,618ms] [Error] [omni.physx.plugin] PhysX error: PxRigidDynamic::setLinearVelocity: Body must be non-kinematic!, FILE /builds/omniverse/physics/physx/source/physx/src/NpRigidDynamic.cpp, LINE 251
2026-07-02T14:55:41Z [178,619ms] [Error] [omni.physx.plugin] PhysX error: PxRigidDynamic::setAngularVelocity: Body must be non-kinematic!, FILE /builds/omniverse/physics/physx/source/physx/src/NpRigidDynamic.cpp, LINE 284
2026-07-02T14:55:41Z [178,619ms] [Error] [omni.physx.plugin] PhysX error: PxRigidDynamic::setLinearVelocity: Body must be non-kinematic!, FILE /builds/omniverse/physics/physx/source/physx/src/NpRigidDynamic.cpp, LINE 251
2026-07-02T14:55:41Z [178,619ms] [Error] [omni.physx.plugin] PhysX error: PxRigidDynamic::setAngularVelocity: Body must be non-kinematic!, FILE /builds/omniverse/physics/physx/source/physx/src/NpRigidDynamic.cpp, LINE 284
2026-07-02T14:55:41Z [178,620ms] [Error] [omni.physx.plugin] PhysX error: PxRigidDynamic::setLinearVelocity: Body must be non-kinematic!, FILE /builds/omniverse/physics/physx/source/physx/src/NpRigidDynamic.cpp, LINE 251
2026-07-02T14:55:41Z [178,620ms] [Error] [omni.physx.plugin] PhysX error: PxRigidDynamic::setAngularVelocity: Body must be non-kinematic!, FILE /builds/omniverse/physics/physx/source/physx/src/NpRigidDynamic.cpp, LINE 284
2026-07-02T14:55:41Z [178,620ms] [Error] [omni.physx.plugin] PhysX error: PxRigidDynamic::setLinearVelocity: Body must be non-kinematic!, FILE /builds/omniverse/physics/physx/source/physx/src/NpRigidDynamic.cpp, LINE 251
2026-07-02T14:55:41Z [178,620ms] [Error] [omni.physx.plugin] PhysX error: PxRigidDynamic::setAngularVelocity: Body must be non-kinematic!, FILE /builds/omniverse/physics/physx/source/physx/src/NpRigidDynamic.cpp, LINE 284
2026-07-02T14:55:41Z [178,621ms] [Error] [omni.physx.plugin] PhysX error: PxRigidDynamic::setLinearVelocity: Body must be non-kinematic!, FILE /builds/omniverse/physics/physx/source/physx/src/NpRigidDynamic.cpp, LINE 251
2026-07-02T14:55:41Z [178,621ms] [Error] [omni.physx.plugin] PhysX error: PxRigidDynamic::setAngularVelocity: Body must be non-kinematic!, FILE /builds/omniverse/physics/physx/source/physx/src/NpRigidDynamic.cpp, LINE 284
2026-07-02T14:55:41Z [178,634ms] [Error] [omni.physx.plugin] PhysX error: PxRigidDynamic::setLinearVelocity: Body must be non-kinematic!, FILE /builds/omniverse/physics/physx/source/physx/src/NpRigidDynamic.cpp, LINE 251
2026-07-02T14:55:41Z [178,634ms] [Error] [omni.physx.plugin] PhysX error: PxRigidDynamic::setAngularVelocity: Body must be non-kinematic!, FILE /builds/omniverse/physics/physx/source/physx/src/NpRigidDynamic.cpp, LINE 284
2026-07-02T14:55:41Z [178,635ms] [Error] [omni.physx.plugin] PhysX error: PxRigidDynamic::setLinearVelocity: Body must be non-kinematic!, FILE /builds/omniverse/physics/physx/source/physx/src/NpRigidDynamic.cpp, LINE 251
2026-07-02T14:55:41Z [178,635ms] [Error] [omni.physx.plugin] PhysX error: PxRigidDynamic::setAngularVelocity: Body must be non-kinematic!, FILE /builds/omniverse/physics/physx/source/physx/src/NpRigidDynamic.cpp, LINE 284
2026-07-02T14:55:41Z [178,635ms] [Error] [omni.physx.plugin] PhysX error: PxRigidDynamic::setLinearVelocity: Body must be non-kinematic!, FILE /builds/omniverse/physics/physx/source/physx/src/NpRigidDynamic.cpp, LINE 251
2026-07-02T14:55:41Z [178,635ms] [Error] [omni.physx.plugin] PhysX error: PxRigidDynamic::setAngularVelocity: Body must be non-kinematic!, FILE /builds/omniverse/physics/physx/source/physx/src/NpRigidDynamic.cpp, LINE 284
2026-07-02T14:55:41Z [178,636ms] [Error] [omni.physx.plugin] PhysX error: PxRigidDynamic::setLinearVelocity: Body must be non-kinematic!, FILE /builds/omniverse/physics/physx/source/physx/src/NpRigidDynamic.cpp, LINE 251
2026-07-02T14:55:41Z [178,636ms] [Error] [omni.physx.plugin] PhysX error: PxRigidDynamic::setAngularVelocity: Body must be non-kinematic!, FILE /builds/omniverse/physics/physx/source/physx/src/NpRigidDynamic.cpp, LINE 284
2026-07-02T14:55:41Z [178,636ms] [Error] [omni.physx.plugin] PhysX error: PxRigidDynamic::setLinearVelocity: Body must be non-kinematic!, FILE /builds/omniverse/physics/physx/source/physx/src/NpRigidDynamic.cpp, LINE 251
2026-07-02T14:55:41Z [178,637ms] [Error] [omni.physx.plugin] PhysX error: PxRigidDynamic::setAngularVelocity: Body must be non-kinematic!, FILE /builds/omniverse/physics/physx/source/physx/src/NpRigidDynamic.cpp, LINE 284
2026-07-02T14:55:41Z [178,637ms] [Error] [omni.physx.plugin] PhysX error: PxRigidDynamic::setLinearVelocity: Body must be non-kinematic!, FILE /builds/omniverse/physics/physx/source/physx/src/NpRigidDynamic.cpp, LINE 251
2026-07-02T14:55:41Z [178,637ms] [Error] [omni.physx.plugin] PhysX error: PxRigidDynamic::setAngularVelocity: Body must be non-kinematic!, FILE /builds/omniverse/physics/physx/source/physx/src/NpRigidDynamic.cpp, LINE 284
2026-07-02T14:55:41Z [178,638ms] [Error] [omni.physx.plugin] PhysX error: PxRigidDynamic::setLinearVelocity: Body must be non-kinematic!, FILE /builds/omniverse/physics/physx/source/physx/src/NpRigidDynamic.cpp, LINE 251
2026-07-02T14:55:41Z [178,638ms] [Error] [omni.physx.plugin] PhysX error: PxRigidDynamic::setAngularVelocity: Body must be non-kinematic!, FILE /builds/omniverse/physics/physx/source/physx/src/NpRigidDynamic.cpp, LINE 284
2026-07-02T14:55:41Z [178,638ms] [Error] [omni.physx.plugin] PhysX error: PxRigidDynamic::setLinearVelocity: Body must be non-kinematic!, FILE /builds/omniverse/physics/physx/source/physx/src/NpRigidDynamic.cpp, LINE 251
2026-07-02T14:55:41Z [178,638ms] [Error] [omni.physx.plugin] PhysX error: PxRigidDynamic::setAngularVelocity: Body must be non-kinematic!, FILE /builds/omniverse/physics/physx/source/physx/src/NpRigidDynamic.cpp, LINE 284
2026-07-02T14:55:41Z [178,639ms] [Error] [omni.physx.plugin] PhysX error: PxRigidDynamic::setLinearVelocity: Body must be non-kinematic!, FILE /builds/omniverse/physics/physx/source/physx/src/NpRigidDynamic.cpp, LINE 251
2026-07-02T14:55:41Z [178,639ms] [Error] [omni.physx.plugin] PhysX error: PxRigidDynamic::setAngularVelocity: Body must be non-kinematic!, FILE /builds/omniverse/physics/physx/source/physx/src/NpRigidDynamic.cpp, LINE 284
2026-07-02T14:55:41Z [178,639ms] [Error] [omni.physx.plugin] PhysX error: PxRigidDynamic::setLinearVelocity: Body must be non-kinematic!, FILE /builds/omniverse/physics/physx/source/physx/src/NpRigidDynamic.cpp, LINE 251
2026-07-02T14:55:41Z [178,639ms] [Error] [omni.physx.plugin] PhysX error: PxRigidDynamic::setAngularVelocity: Body must be non-kinematic!, FILE /builds/omniverse/physics/physx/source/physx/src/NpRigidDynamic.cpp, LINE 284
2026-07-02T14:55:41Z [178,639ms] [Error] [omni.physx.plugin] PhysX error: PxRigidDynamic::setLinearVelocity: Body must be non-kinematic!, FILE /builds/omniverse/physics/physx/source/physx/src/NpRigidDynamic.cpp, LINE 251
2026-07-02T14:55:41Z [178,640ms] [Error] [omni.physx.plugin] PhysX error: PxRigidDynamic::setAngularVelocity: Body must be non-kinematic!, FILE /builds/omniverse/physics/physx/source/physx/src/NpRigidDynamic.cpp, LINE 284
2026-07-02T14:55:41Z [178,642ms] [Error] [omni.physx.plugin] PhysX error: PxRigidDynamic::setLinearVelocity: Body must be non-kinematic!, FILE /builds/omniverse/physics/physx/source/physx/src/NpRigidDynamic.cpp, LINE 251
2026-07-02T14:55:41Z [178,642ms] [Error] [omni.physx.plugin] PhysX error: PxRigidDynamic::setAngularVelocity: Body must be non-kinematic!, FILE /builds/omniverse/physics/physx/source/physx/src/NpRigidDynamic.cpp, LINE 284
2026-07-02T14:55:41Z [178,642ms] [Error] [omni.physx.plugin] PhysX error: PxRigidDynamic::setLinearVelocity: Body must be non-kinematic!, FILE /builds/omniverse/physics/physx/source/physx/src/NpRigidDynamic.cpp, LINE 251
2026-07-02T14:55:41Z [178,643ms] [Error] [omni.physx.plugin] PhysX error: PxRigidDynamic::setAngularVelocity: Body must be non-kinematic!, FILE /builds/omniverse/physics/physx/source/physx/src/NpRigidDynamic.cpp, LINE 284
2026-07-02T14:55:41Z [178,643ms] [Error] [omni.physx.plugin] PhysX error: PxRigidDynamic::setLinearVelocity: Body must be non-kinematic!, FILE /builds/omniverse/physics/physx/source/physx/src/NpRigidDynamic.cpp, LINE 251
2026-07-02T14:55:41Z [178,643ms] [Error] [omni.physx.plugin] PhysX error: PxRigidDynamic::setAngularVelocity: Body must be non-kinematic!, FILE /builds/omniverse/physics/physx/source/physx/src/NpRigidDynamic.cpp, LINE 284
2026-07-02T14:55:41Z [178,643ms] [Error] [omni.physx.plugin] PhysX error: PxRigidDynamic::setLinearVelocity: Body must be non-kinematic!, FILE /builds/omniverse/physics/physx/source/physx/src/NpRigidDynamic.cpp, LINE 251
2026-07-02T14:55:41Z [178,644ms] [Error] [omni.physx.plugin] PhysX error: PxRigidDynamic::setAngularVelocity: Body must be non-kinematic!, FILE /builds/omniverse/physics/physx/source/physx/src/NpRigidDynamic.cpp, LINE 284
2026-07-02T14:55:41Z [178,644ms] [Error] [omni.physx.plugin] PhysX error: PxRigidDynamic::setLinearVelocity: Body must be non-kinematic!, FILE /builds/omniverse/physics/physx/source/physx/src/NpRigidDynamic.cpp, LINE 251
2026-07-02T14:55:41Z [178,644ms] [Error] [omni.physx.plugin] PhysX error: PxRigidDynamic::setAngularVelocity: Body must be non-kinematic!, FILE /builds/omniverse/physics/physx/source/physx/src/NpRigidDynamic.cpp, LINE 284
2026-07-02T14:55:41Z [178,644ms] [Error] [omni.physx.plugin] PhysX error: PxRigidDynamic::setLinearVelocity: Body must be non-kinematic!, FILE /builds/omniverse/physics/physx/source/physx/src/NpRigidDynamic.cpp, LINE 251
2026-07-02T14:55:41Z [178,645ms] [Error] [omni.physx.plugin] PhysX error: PxRigidDynamic::setAngularVelocity: Body must be non-kinematic!, FILE /builds/omniverse/physics/physx/source/physx/src/NpRigidDynamic.cpp, LINE 284
2026-07-02T14:55:41Z [178,645ms] [Error] [omni.physx.plugin] PhysX error: PxRigidDynamic::setLinearVelocity: Body must be non-kinematic!, FILE /builds/omniverse/physics/physx/source/physx/src/NpRigidDynamic.cpp, LINE 251
2026-07-02T14:55:41Z [178,645ms] [Error] [omni.physx.plugin] PhysX error: PxRigidDynamic::setAngularVelocity: Body must be non-kinematic!, FILE /builds/omniverse/physics/physx/source/physx/src/NpRigidDynamic.cpp, LINE 284
2026-07-02T14:55:41Z [178,645ms] [Error] [omni.physx.plugin] PhysX error: PxRigidDynamic::setLinearVelocity: Body must be non-kinematic!, FILE /builds/omniverse/physics/physx/source/physx/src/NpRigidDynamic.cpp, LINE 251
2026-07-02T14:55:41Z [178,646ms] [Error] [omni.physx.plugin] PhysX error: PxRigidDynamic::setAngularVelocity: Body must be non-kinematic!, FILE /builds/omniverse/physics/physx/source/physx/src/NpRigidDynamic.cpp, LINE 284
2026-07-02T14:55:41Z [178,646ms] [Error] [omni.physx.plugin] PhysX error: PxRigidDynamic::setLinearVelocity: Body must be non-kinematic!, FILE /builds/omniverse/physics/physx/source/physx/src/NpRigidDynamic.cpp, LINE 251
2026-07-02T14:55:41Z [178,646ms] [Error] [omni.physx.plugin] PhysX error: PxRigidDynamic::setAngularVelocity: Body must be non-kinematic!, FILE /builds/omniverse/physics/physx/source/physx/src/NpRigidDynamic.cpp, LINE 284
2026-07-02T14:55:41Z [178,647ms] [Error] [omni.physx.plugin] PhysX error: PxRigidDynamic::setLinearVelocity: Body must be non-kinematic!, FILE /builds/omniverse/physics/physx/source/physx/src/NpRigidDynamic.cpp, LINE 251
2026-07-02T14:55:41Z [178,647ms] [Error] [omni.physx.plugin] PhysX error: PxRigidDynamic::setAngularVelocity: Body must be non-kinematic!, FILE /builds/omniverse/physics/physx/source/physx/src/NpRigidDynamic.cpp, LINE 284
2026-07-02T14:55:41Z [178,647ms] [Error] [omni.physx.plugin] PhysX error: PxRigidDynamic::setLinearVelocity: Body must be non-kinematic!, FILE /builds/omniverse/physics/physx/source/physx/src/NpRigidDynamic.cpp, LINE 251
2026-07-02T14:55:41Z [178,647ms] [Error] [omni.physx.plugin] PhysX error: PxRigidDynamic::setAngularVelocity: Body must be non-kinematic!, FILE /builds/omniverse/physics/physx/source/physx/src/NpRigidDynamic.cpp, LINE 284
2026-07-02T14:55:41Z [178,648ms] [Error] [omni.physx.plugin] PhysX error: PxRigidDynamic::setLinearVelocity: Body must be non-kinematic!, FILE /builds/omniverse/physics/physx/source/physx/src/NpRigidDynamic.cpp, LINE 251
2026-07-02T14:55:41Z [178,648ms] [Error] [omni.physx.plugin] PhysX error: PxRigidDynamic::setAngularVelocity: Body must be non-kinematic!, FILE /builds/omniverse/physics/physx/source/physx/src/NpRigidDynamic.cpp, LINE 284
2026-07-02T14:55:41Z [178,648ms] [Error] [omni.physx.plugin] PhysX error: PxRigidDynamic::setLinearVelocity: Body must be non-kinematic!, FILE /builds/omniverse/physics/physx/source/physx/src/NpRigidDynamic.cpp, LINE 251
2026-07-02T14:55:41Z [178,648ms] [Error] [omni.physx.plugin] PhysX error: PxRigidDynamic::setAngularVelocity: Body must be non-kinematic!, FILE /builds/omniverse/physics/physx/source/physx/src/NpRigidDynamic.cpp, LINE 284
2026-07-02T14:55:41Z [178,649ms] [Error] [omni.physx.plugin] PhysX error: PxRigidDynamic::setLinearVelocity: Body must be non-kinematic!, FILE /builds/omniverse/physics/physx/source/physx/src/NpRigidDynamic.cpp, LINE 251
2026-07-02T14:55:41Z [178,649ms] [Error] [omni.physx.plugin] PhysX error: PxRigidDynamic::setAngularVelocity: Body must be non-kinematic!, FILE /builds/omniverse/physics/physx/source/physx/src/NpRigidDynamic.cpp, LINE 284
2026-07-02T14:55:41Z [178,649ms] [Error] [omni.physx.plugin] PhysX error: PxRigidDynamic::setLinearVelocity: Body must be non-kinematic!, FILE /builds/omniverse/physics/physx/source/physx/src/NpRigidDynamic.cpp, LINE 251
2026-07-02T14:55:41Z [178,649ms] [Error] [omni.physx.plugin] PhysX error: PxRigidDynamic::setAngularVelocity: Body must be non-kinematic!, FILE /builds/omniverse/physics/physx/source/physx/src/NpRigidDynamic.cpp, LINE 284
2026-07-02T14:55:41Z [178,650ms] [Error] [omni.physx.plugin] PhysX error: PxRigidDynamic::setLinearVelocity: Body must be non-kinematic!, FILE /builds/omniverse/physics/physx/source/physx/src/NpRigidDynamic.cpp, LINE 251
2026-07-02T14:55:41Z [178,650ms] [Error] [omni.physx.plugin] PhysX error: PxRigidDynamic::setAngularVelocity: Body must be non-kinematic!, FILE /builds/omniverse/physics/physx/source/physx/src/NpRigidDynamic.cpp, LINE 284
2026-07-02T14:55:41Z [178,651ms] [Error] [omni.physx.plugin] PhysX error: PxRigidDynamic::setLinearVelocity: Body must be non-kinematic!, FILE /builds/omniverse/physics/physx/source/physx/src/NpRigidDynamic.cpp, LINE 251
2026-07-02T14:55:41Z [178,651ms] [Error] [omni.physx.plugin] PhysX error: PxRigidDynamic::setAngularVelocity: Body must be non-kinematic!, FILE /builds/omniverse/physics/physx/source/physx/src/NpRigidDynamic.cpp, LINE 284
2026-07-02T14:55:41Z [178,651ms] [Error] [omni.physx.plugin] PhysX error: PxRigidDynamic::setLinearVelocity: Body must be non-kinematic!, FILE /builds/omniverse/physics/physx/source/physx/src/NpRigidDynamic.cpp, LINE 251
2026-07-02T14:55:41Z [178,651ms] [Error] [omni.physx.plugin] PhysX error: PxRigidDynamic::setAngularVelocity: Body must be non-kinematic!, FILE /builds/omniverse/physics/physx/source/physx/src/NpRigidDynamic.cpp, LINE 284
2026-07-02T14:55:41Z [178,652ms] [Error] [omni.physx.plugin] PhysX error: PxRigidDynamic::setLinearVelocity: Body must be non-kinematic!, FILE /builds/omniverse/physics/physx/source/physx/src/NpRigidDynamic.cpp, LINE 251
2026-07-02T14:55:41Z [178,652ms] [Error] [omni.physx.plugin] PhysX error: PxRigidDynamic::setAngularVelocity: Body must be non-kinematic!, FILE /builds/omniverse/physics/physx/source/physx/src/NpRigidDynamic.cpp, LINE 284
2026-07-02T14:55:41Z [178,652ms] [Error] [omni.physx.plugin] PhysX error: PxRigidDynamic::setLinearVelocity: Body must be non-kinematic!, FILE /builds/omniverse/physics/physx/source/physx/src/NpRigidDynamic.cpp, LINE 251
2026-07-02T14:55:41Z [178,652ms] [Error] [omni.physx.plugin] PhysX error: PxRigidDynamic::setAngularVelocity: Body must be non-kinematic!, FILE /builds/omniverse/physics/physx/source/physx/src/NpRigidDynamic.cpp, LINE 284
2026-07-02T14:55:41Z [178,653ms] [Error] [omni.physx.plugin] PhysX error: PxRigidDynamic::setLinearVelocity: Body must be non-kinematic!, FILE /builds/omniverse/physics/physx/source/physx/src/NpRigidDynamic.cpp, LINE 251
2026-07-02T14:55:41Z [178,653ms] [Error] [omni.physx.plugin] PhysX error: PxRigidDynamic::setAngularVelocity: Body must be non-kinematic!, FILE /builds/omniverse/physics/physx/source/physx/src/NpRigidDynamic.cpp, LINE 284
2026-07-02T14:55:41Z [178,653ms] [Error] [omni.physx.plugin] PhysX error: PxRigidDynamic::setLinearVelocity: Body must be non-kinematic!, FILE /builds/omniverse/physics/physx/source/physx/src/NpRigidDynamic.cpp, LINE 251
2026-07-02T14:55:41Z [178,653ms] [Error] [omni.physx.plugin] PhysX error: PxRigidDynamic::setAngularVelocity: Body must be non-kinematic!, FILE /builds/omniverse/physics/physx/source/physx/src/NpRigidDynamic.cpp, LINE 284
2026-07-02T14:55:41Z [178,654ms] [Error] [omni.physx.plugin] PhysX error: PxRigidDynamic::setLinearVelocity: Body must be non-kinematic!, FILE /builds/omniverse/physics/physx/source/physx/src/NpRigidDynamic.cpp, LINE 251
2026-07-02T14:55:41Z [178,654ms] [Error] [omni.physx.plugin] PhysX error: PxRigidDynamic::setAngularVelocity: Body must be non-kinematic!, FILE /builds/omniverse/physics/physx/source/physx/src/NpRigidDynamic.cpp, LINE 284
[INFO] Pi0.5 pick-place episode 4 success=False completed=False steps=3800 instruction='pick up the kiwi and place it in the basket'
[INFO] Using Python: "/home/rootalkhatib/miniconda3/envs/env_isaaclab_6_0/bin/python"
[PICK_PLACE_DONE] 2026-07-02T16:56:23+02:00
Multiple -pix_fmt options specified for stream 0, only the last option '-pix_fmt yuv420p' will be used.
[INFO] wrote 1/10: reaching 000000 (300 frames)
[INFO] wrote 2/10: reaching 000001 (300 frames)
[INFO] wrote 3/10: reaching 000002 (300 frames)
[INFO] wrote 4/10: reaching 000003 (300 frames)
Traceback (most recent call last):
  File "/home/rootalkhatib/isaaclab_repo/franka_wrist_camera_isaaclab/scripts/create_pi05_combined_agent_video.py", line 157, in <module>
    main()
  File "/home/rootalkhatib/isaaclab_repo/franka_wrist_camera_isaaclab/scripts/create_pi05_combined_agent_video.py", line 153, in main
    build_video(specs, args.output, args.speed, args.font, args.crf, args.preset, args.force)
  File "/home/rootalkhatib/isaaclab_repo/franka_wrist_camera_isaaclab/scripts/create_pi05_combined_agent_video.py", line 110, in build_video
    reader = imageio.get_reader(input_video, "ffmpeg")
             ^^^^^^^^^^^^^^^^^^^^^^^^^^^^^^^^^^^^^^^^^
  File "/home/rootalkhatib/miniconda3/envs/env_isaaclab_6_0/lib/python3.12/site-packages/imageio/v2.py", line 293, in get_reader
    return image_file.legacy_get_reader(**kwargs)
           ^^^^^^^^^^^^^^^^^^^^^^^^^^^^^^^^^^^^^^
  File "/home/rootalkhatib/miniconda3/envs/env_isaaclab_6_0/lib/python3.12/site-packages/imageio/core/legacy_plugin_wrapper.py", line 116, in legacy_get_reader
    return self._format.get_reader(self._request)
           ^^^^^^^^^^^^^^^^^^^^^^^^^^^^^^^^^^^^^^
  File "/home/rootalkhatib/miniconda3/envs/env_isaaclab_6_0/lib/python3.12/site-packages/imageio/core/format.py", line 221, in get_reader
    return self.Reader(self, request)
           ^^^^^^^^^^^^^^^^^^^^^^^^^^
  File "/home/rootalkhatib/miniconda3/envs/env_isaaclab_6_0/lib/python3.12/site-packages/imageio/core/format.py", line 312, in __init__
    self._open(**self.request.kwargs.copy())
  File "/home/rootalkhatib/miniconda3/envs/env_isaaclab_6_0/lib/python3.12/site-packages/imageio/plugins/ffmpeg.py", line 349, in _open
    self._initialize()
  File "/home/rootalkhatib/miniconda3/envs/env_isaaclab_6_0/lib/python3.12/site-packages/imageio/plugins/ffmpeg.py", line 500, in _initialize
    self._meta.update(self._read_gen.__next__())
                      ^^^^^^^^^^^^^^^^^^^^^^^^^
  File "/home/rootalkhatib/miniconda3/envs/env_isaaclab_6_0/lib/python3.12/site-packages/imageio_ffmpeg/_io.py", line 297, in read_frames
    raise IOError(fmt.format(err2))
OSError: Could not load meta information
=== stderr ===

ffmpeg version 7.0.2-static https://johnvansickle.com/ffmpeg/  Copyright (c) 2000-2024 the FFmpeg developers
  built with gcc 8 (Debian 8.3.0-6)
  configuration: --enable-gpl --enable-version3 --enable-static --disable-debug --disable-ffplay --disable-indev=sndio --disable-outdev=sndio --cc=gcc --enable-fontconfig --enable-frei0r --enable-gnutls --enable-gmp --enable-libgme --enable-gray --enable-libaom --enable-libfribidi --enable-libass --enable-libvmaf --enable-libfreetype --enable-libmp3lame --enable-libopencore-amrnb --enable-libopencore-amrwb --enable-libopenjpeg --enable-librubberband --enable-libsoxr --enable-libspeex --enable-libsrt --enable-libvorbis --enable-libopus --enable-libtheora --enable-libvidstab --enable-libvo-amrwbenc --enable-libvpx --enable-libwebp --enable-libx264 --enable-libx265 --enable-libxml2 --enable-libdav1d --enable-libxvid --enable-libzvbi --enable-libzimg
  libavutil      59.  8.100 / 59.  8.100
  libavcodec     61.  3.100 / 61.  3.100
  libavformat    61.  1.100 / 61.  1.100
  libavdevice    61.  1.100 / 61.  1.100
  libavfilter    10.  1.100 / 10.  1.100
  libswscale      8.  1.100 /  8.  1.100
  libswresample   5.  1.100 /  5.  1.100
  libpostproc    58.  1.100 / 58.  1.100
[mov,mp4,m4a,3gp,3g2,mj2 @ 0x44b54d40] moov atom not found
[in#0 @ 0x44b54a40] Error opening input: Invalid data found when processing input
Error opening input file /home/rootalkhatib/isaaclab_repo/franka_wrist_camera_isaaclab/data/raw/pi05_libero_reaching_5ep_collection_limit/000004/agent_camera.mp4.
Error opening input files: Invalid data found when processing input
