{
  "1": {
    "Recall": 100.0,
    "FPR": 100.0,
    "LeadTime": 399.9882459312839,
    "StartConf": 40.17127990722656,
    "EndConf": 29.710256576538086,
    "Total": 0.0
  },
  "2": {
    "Recall": 100.0,
    "FPR": 100.0,
    "LeadTime": 394.9231464737794,
    "StartConf": 58.36869430541992,
    "EndConf": 63.97969055175781,
    "Total": 0.0
  }
}