{
  "1": {
    "Recall": 100.0,
    "FPR": 100.0,
    "LeadTime": 399.9882459312839,
    "StartConf": 40.17128372192383,
    "EndConf": 29.710256576538086,
    "Total": 0.0
  },
  "2": {
    "Recall": 100.0,
    "FPR": 100.0,
    "LeadTime": 394.9231464737794,
    "StartConf": 58.36869430541992,
    "EndConf": 63.97969055175781,
    "Total": 0.0
  },
  "3": {
    "Recall": 100.0,
    "FPR": 100.0,
    "LeadTime": 396.9647377938517,
    "StartConf": 52.230979919433594,
    "EndConf": 45.39593505859375,
    "Total": 0.0
  },
  "4": {
    "Recall": 100.0,
    "FPR": 100.0,
    "LeadTime": 397.3001808318264,
    "StartConf": 49.938568115234375,
    "EndConf": 39.61604309082031,
    "Total": 0.0
  },
  "5": {
    "Recall": 100.0,
    "FPR": 100.0,
    "LeadTime": 399.9855334538879,
    "StartConf": 47.82432174682617,
    "EndConf": 36.31803512573242,
    "Total": 0.0
  },
  "6": {
    "Recall": 100.0,
    "FPR": 100.0,
    "LeadTime": 398.1898734177215,
    "StartConf": 53.998291015625,
    "EndConf": 47.304744720458984,
    "Total": 0.0
  },
  "7": {
    "Recall": 100.0,
    "FPR": 100.0,
    "LeadTime": 399.02983725135624,
    "StartConf": 49.207786560058594,
    "EndConf": 43.03364181518555,
    "Total": 0.0
  },
  "8": {
    "Recall": 100.0,
    "FPR": 100.0,
    "LeadTime": 397.3887884267631,
    "StartConf": 53.17302322387695,
    "EndConf": 48.651790618896484,
    "Total": 0.0
  },
  "9": {
    "Recall": 100.0,
    "FPR": 100.0,
    "LeadTime": 398.30741410488247,
    "StartConf": 53.72477722167969,
    "EndConf": 43.67179489135742,
    "Total": 0.0
  },
  "10": {
    "Recall": 100.0,
    "FPR": 100.0,
    "LeadTime": 398.49005424954794,
    "StartConf": 52.64812088012695,
    "EndConf": 45.27539825439453,
    "Total": 0.0
  },
  "11": {
    "Recall": 100.0,
    "FPR": 100.0,
    "LeadTime": 400.0,
    "StartConf": 0.001363821211270988,
    "EndConf": 0.00154012197162956,
    "Total": 0.0
  },
  "12": {
    "Recall": 100.0,
    "FPR": 100.0,
    "LeadTime": 398.8390596745027,
    "StartConf": 51.33953857421875,
    "EndConf": 45.15548324584961,
    "Total": 0.0
  },
  "13": {
    "Recall": 100.0,
    "FPR": 100.0,
    "LeadTime": 400.0,
    "StartConf": 0.4599481225013733,
    "EndConf": 2.5596277713775635,
    "Total": 0.0
  },
  "14": {
    "Recall": 100.0,
    "FPR": 100.0,
    "LeadTime": 398.7992766726944,
    "StartConf": 49.1413459777832,
    "EndConf": 43.42592239379883,
    "Total": 0.0
  },
  "15": {
    "Recall": 100.0,
    "FPR": 100.0,
    "LeadTime": 396.3490054249548,
    "StartConf": 57.330047607421875,
    "EndConf": 48.67454528808594,
    "Total": 0.0
  },
  "16": {
    "Recall": 100.0,
    "FPR": 100.0,
    "LeadTime": 397.88426763110306,
    "StartConf": 55.00227737426758,
    "EndConf": 45.50764083862305,
    "Total": 0.0
  },
  "17": {
    "Recall": 100.0,
    "FPR": 100.0,
    "LeadTime": 398.4566003616637,
    "StartConf": 53.91114807128906,
    "EndConf": 44.17131042480469,
    "Total": 0.0
  },
  "18": {
    "Recall": 100.0,
    "FPR": 100.0,
    "LeadTime": 399.01627486437616,
    "StartConf": 50.327537536621094,
    "EndConf": 46.108116149902344,
    "Total": 0.0
  },
  "19": {
    "Recall": 100.0,
    "FPR": 100.0,
    "LeadTime": 398.7106690777577,
    "StartConf": 51.2636604309082,
    "EndConf": 42.61412811279297,
    "Total": 0.0
  },
  "20": {
    "Recall": 100.0,
    "FPR": 100.0,
    "LeadTime": 398.4611211573237,
    "StartConf": 51.26567077636719,
    "EndConf": 45.00395584106445,
    "Total": 0.0
  },
  "21": {
    "Recall": 100.0,
    "FPR": 100.0,
    "LeadTime": 398.4258589511754,
    "StartConf": 52.22578811645508,
    "EndConf": 44.716793060302734,
    "Total": 0.0
  },
  "22": {
    "Recall": 100.0,
    "FPR": 100.0,
    "LeadTime": 398.1754068716094,
    "StartConf": 53.1715202331543,
    "EndConf": 44.314212799072266,
    "Total": 0.0
  },
  "24": {
    "Recall": 100.0,
    "FPR": 100.0,
    "LeadTime": 398.7730560578662,
    "StartConf": 50.5986213684082,
    "EndConf": 45.273990631103516,
    "Total": 0.0
  },
  "25": {
    "Recall": 100.0,
    "FPR": 100.0,
    "LeadTime": 399.2097649186257,
    "StartConf": 47.10648727416992,
    "EndConf": 41.91968536376953,
    "Total": 0.0
  },
  "26": {
    "Recall": 100.0,
    "FPR": 100.0,
    "LeadTime": 399.00994575045206,
    "StartConf": 50.36909484863281,
    "EndConf": 43.3667106628418,
    "Total": 0.0
  },
  "27": {
    "Recall": 100.0,
    "FPR": 100.0,
    "LeadTime": 399.0,
    "StartConf": 50.43717575073242,
    "EndConf": 43.388389587402344,
    "Total": 0.0
  },
  "28": {
    "Recall": 100.0,
    "FPR": 100.0,
    "LeadTime": 398.92676311030743,
    "StartConf": 48.24813461303711,
    "EndConf": 42.738006591796875,
    "Total": 0.0
  },
  "29": {
    "Recall": 100.0,
    "FPR": 100.0,
    "LeadTime": 398.3942133815552,
    "StartConf": 52.4838752746582,
    "EndConf": 45.544551849365234,
    "Total": 0.0
  },
  "30": {
    "Recall": 100.0,
    "FPR": 100.0,
    "LeadTime": 399.0867992766727,
    "StartConf": 48.59828186035156,
    "EndConf": 44.10071563720703,
    "Total": 0.0
  },
  "31": {
    "Recall": 100.0,
    "FPR": 100.0,
    "LeadTime": 397.8254972875226,
    "StartConf": 54.367427825927734,
    "EndConf": 47.48286819458008,
    "Total": 0.0
  },
  "32": {
    "Recall": 100.0,
    "FPR": 100.0,
    "LeadTime": 397.5614828209765,
    "StartConf": 55.28190612792969,
    "EndConf": 47.42598342895508,
    "Total": 0.0
  },
  "33": {
    "Recall": 100.0,
    "FPR": 100.0,
    "LeadTime": 398.7088607594937,
    "StartConf": 52.16819763183594,
    "EndConf": 43.937591552734375,
    "Total": 0.0
  },
  "34": {
    "Recall": 100.0,
    "FPR": 100.0,
    "LeadTime": 398.0660036166365,
    "StartConf": 54.13258743286133,
    "EndConf": 45.612953186035156,
    "Total": 0.0
  },
  "35": {
    "Recall": 100.0,
    "FPR": 100.0,
    "LeadTime": 398.60849909584084,
    "StartConf": 53.066043853759766,
    "EndConf": 47.23770523071289,
    "Total": 0.0
  },
  "36": {
    "Recall": 100.0,
    "FPR": 100.0,
    "LeadTime": 399.254068716094,
    "StartConf": 47.175472259521484,
    "EndConf": 40.905059814453125,
    "Total": 0.0
  },
  "37": {
    "Recall": 100.0,
    "FPR": 100.0,
    "LeadTime": 398.90777576853526,
    "StartConf": 51.62047576904297,
    "EndConf": 43.38733673095703,
    "Total": 0.0
  },
  "38": {
    "Recall": 100.0,
    "FPR": 100.0,
    "LeadTime": 398.80470162748645,
    "StartConf": 51.9068489074707,
    "EndConf": 44.764591217041016,
    "Total": 0.0
  },
  "39": {
    "Recall": 100.0,
    "FPR": 100.0,
    "LeadTime": 398.15280289330923,
    "StartConf": 52.52877426147461,
    "EndConf": 47.15224075317383,
    "Total": 0.0
  },
  "40": {
    "Recall": 100.0,
    "FPR": 100.0,
    "LeadTime": 398.5886075949367,
    "StartConf": 51.30295181274414,
    "EndConf": 44.7417106628418,
    "Total": 0.0
  },
  "41": {
    "Recall": 100.0,
    "FPR": 100.0,
    "LeadTime": 398.4005424954792,
    "StartConf": 53.37790298461914,
    "EndConf": 45.00408935546875,
    "Total": 0.0
  },
  "42": {
    "Recall": 100.0,
    "FPR": 100.0,
    "LeadTime": 398.746835443038,
    "StartConf": 52.423770904541016,
    "EndConf": 45.80400848388672,
    "Total": 0.0
  },
  "43": {
    "Recall": 100.0,
    "FPR": 100.0,
    "LeadTime": 398.8607594936709,
    "StartConf": 51.099491119384766,
    "EndConf": 43.31709289550781,
    "Total": 0.0
  },
  "44": {
    "Recall": 100.0,
    "FPR": 100.0,
    "LeadTime": 398.96745027124774,
    "StartConf": 49.58735656738281,
    "EndConf": 46.501163482666016,
    "Total": 0.0
  },
  "45": {
    "Recall": 15.913200723327305,
    "FPR": 0.18083182640144665,
    "LeadTime": 85.28977272727273,
    "StartConf": 99.56692504882812,
    "EndConf": 98.205810546875,
    "Total": 15.732368896925859
  },
  "46": {
    "Recall": 100.0,
    "FPR": 100.0,
    "LeadTime": 399.36980108499097,
    "StartConf": 48.614601135253906,
    "EndConf": 41.030250549316406,
    "Total": 0.0
  },
  "47": {
    "Recall": 100.0,
    "FPR": 100.0,