episode_key,split,machine,campaign,instance,episode_id,suite,task_id,group,outcome,rows,first_timestep,last_timestep,source_path
bob|fiper_sweep_eternal|instance_A|libero_goal_object_t0_r0,success_train,bob,fiper_sweep_eternal,instance_A,libero_goal_object_t0_r0,libero_goal_object,0,object,success,122,0,121,/media/rootalkhatib/My Passport/reda_ws/asynchvla_ws/stage9_libero_pro_risk_data/campaigns/fiper_sweep_eternal/instance_A/fiper_receding_samples.jsonl
bob|fiper_sweep_eternal|instance_A|libero_goal_object_t0_r1,failure_eval_all,bob,fiper_sweep_eternal,instance_A,libero_goal_object_t0_r1,libero_goal_object,0,object,failure_or_timeout,300,0,299,/media/rootalkhatib/My Passport/reda_ws/asynchvla_ws/stage9_libero_pro_risk_data/campaigns/fiper_sweep_eternal/instance_A/fiper_receding_samples.jsonl
bob|fiper_sweep_eternal|instance_A|libero_goal_object_t0_r10,success_train,bob,fiper_sweep_eternal,instance_A,libero_goal_object_t0_r10,libero_goal_object,0,object,success,172,0,171,/media/rootalkhatib/My Passport/reda_ws/asynchvla_ws/stage9_libero_pro_risk_data/campaigns/fiper_sweep_eternal/instance_A/fiper_receding_samples.jsonl
bob|fiper_sweep_eternal|instance_A|libero_goal_object_t0_r11,success_train,bob,fiper_sweep_eternal,instance_A,libero_goal_object_t0_r11,libero_goal_object,0,object,success,105,0,104,/media/rootalkhatib/My Passport/reda_ws/asynchvla_ws/stage9_libero_pro_risk_data/campaigns/fiper_sweep_eternal/instance_A/fiper_receding_samples.jsonl
bob|fiper_sweep_eternal|instance_A|libero_goal_object_t0_r12,failure_eval_all,bob,fiper_sweep_eternal,instance_A,libero_goal_object_t0_r12,libero_goal_object,0,object,failure_or_timeout,300,0,299,/media/rootalkhatib/My Passport/reda_ws/asynchvla_ws/stage9_libero_pro_risk_data/campaigns/fiper_sweep_eternal/instance_A/fiper_receding_samples.jsonl
bob|fiper_sweep_eternal|instance_A|libero_goal_object_t0_r13,failure_eval_all,bob,fiper_sweep_eternal,instance_A,libero_goal_object_t0_r13,libero_goal_object,0,object,failure_or_timeout,300,0,299,/media/rootalkhatib/My Passport/reda_ws/asynchvla_ws/stage9_libero_pro_risk_data/campaigns/fiper_sweep_eternal/instance_A/fiper_receding_samples.jsonl
bob|fiper_sweep_eternal|instance_A|libero_goal_object_t0_r14,success_test_id,bob,fiper_sweep_eternal,instance_A,libero_goal_object_t0_r14,libero_goal_object,0,object,success,207,0,206,/media/rootalkhatib/My Passport/reda_ws/asynchvla_ws/stage9_libero_pro_risk_data/campaigns/fiper_sweep_eternal/instance_A/fiper_receding_samples.jsonl
bob|fiper_sweep_eternal|instance_A|libero_goal_object_t0_r15,success_train,bob,fiper_sweep_eternal,instance_A,libero_goal_object_t0_r15,libero_goal_object,0,object,success,114,0,113,/media/rootalkhatib/My Passport/reda_ws/asynchvla_ws/stage9_libero_pro_risk_data/campaigns/fiper_sweep_eternal/instance_A/fiper_receding_samples.jsonl
bob|fiper_sweep_eternal|instance_A|libero_goal_object_t0_r16,success_calib,bob,fiper_sweep_eternal,instance_A,libero_goal_object_t0_r16,libero_goal_object,0,object,success,125,0,124,/media/rootalkhatib/My Passport/reda_ws/asynchvla_ws/stage9_libero_pro_risk_data/campaigns/fiper_sweep_eternal/instance_A/fiper_receding_samples.jsonl
bob|fiper_sweep_eternal|instance_A|libero_goal_object_t0_r17,success_train,bob,fiper_sweep_eternal,instance_A,libero_goal_object_t0_r17,libero_goal_object,0,object,success,197,0,196,/media/rootalkhatib/My Passport/reda_ws/asynchvla_ws/stage9_libero_pro_risk_data/campaigns/fiper_sweep_eternal/instance_A/fiper_receding_samples.jsonl
bob|fiper_sweep_eternal|instance_A|libero_goal_object_t0_r18,failure_eval_all,bob,fiper_sweep_eternal,instance_A,libero_goal_object_t0_r18,libero_goal_object,0,object,failure_or_timeout,300,0,299,/media/rootalkhatib/My Passport/reda_ws/asynchvla_ws/stage9_libero_pro_risk_data/campaigns/fiper_sweep_eternal/instance_A/fiper_receding_samples.jsonl
bob|fiper_sweep_eternal|instance_A|libero_goal_object_t0_r19,failure_eval_all,bob,fiper_sweep_eternal,instance_A,libero_goal_object_t0_r19,libero_goal_object,0,object,failure_or_timeout,300,0,299,/media/rootalkhatib/My Passport/reda_ws/asynchvla_ws/stage9_libero_pro_risk_data/campaigns/fiper_sweep_eternal/instance_A/fiper_receding_samples.jsonl
bob|fiper_sweep_eternal|instance_A|libero_goal_object_t0_r2,failure_eval_all,bob,fiper_sweep_eternal,instance_A,libero_goal_object_t0_r2,libero_goal_object,0,object,failure_or_timeout,300,0,299,/media/rootalkhatib/My Passport/reda_ws/asynchvla_ws/stage9_libero_pro_risk_data/campaigns/fiper_sweep_eternal/instance_A/fiper_receding_samples.jsonl
bob|fiper_sweep_eternal|instance_A|libero_goal_object_t0_r20,success_calib,bob,fiper_sweep_eternal,instance_A,libero_goal_object_t0_r20,libero_goal_object,0,object,success,191,0,190,/media/rootalkhatib/My Passport/reda_ws/asynchvla_ws/stage9_libero_pro_risk_data/campaigns/fiper_sweep_eternal/instance_A/fiper_receding_samples.jsonl
bob|fiper_sweep_eternal|instance_A|libero_goal_object_t0_r21,failure_eval_all,bob,fiper_sweep_eternal,instance_A,libero_goal_object_t0_r21,libero_goal_object,0,object,failure_or_timeout,300,0,299,/media/rootalkhatib/My Passport/reda_ws/asynchvla_ws/stage9_libero_pro_risk_data/campaigns/fiper_sweep_eternal/instance_A/fiper_receding_samples.jsonl
bob|fiper_sweep_eternal|instance_A|libero_goal_object_t0_r22,success_train,bob,fiper_sweep_eternal,instance_A,libero_goal_object_t0_r22,libero_goal_object,0,object,success,103,0,102,/media/rootalkhatib/My Passport/reda_ws/asynchvla_ws/stage9_libero_pro_risk_data/campaigns/fiper_sweep_eternal/instance_A/fiper_receding_samples.jsonl
bob|fiper_sweep_eternal|instance_A|libero_goal_object_t0_r23,success_train,bob,fiper_sweep_eternal,instance_A,libero_goal_object_t0_r23,libero_goal_object,0,object,success,129,0,128,/media/rootalkhatib/My Passport/reda_ws/asynchvla_ws/stage9_libero_pro_risk_data/campaigns/fiper_sweep_eternal/instance_A/fiper_receding_samples.jsonl
bob|fiper_sweep_eternal|instance_A|libero_goal_object_t0_r24,success_train,bob,fiper_sweep_eternal,instance_A,libero_goal_object_t0_r24,libero_goal_object,0,object,success,123,0,122,/media/rootalkhatib/My Passport/reda_ws/asynchvla_ws/stage9_libero_pro_risk_data/campaigns/fiper_sweep_eternal/instance_A/fiper_receding_samples.jsonl
bob|fiper_sweep_eternal|instance_A|libero_goal_object_t0_r25,success_train,bob,fiper_sweep_eternal,instance_A,libero_goal_object_t0_r25,libero_goal_object,0,object,success,113,0,112,/media/rootalkhatib/My Passport/reda_ws/asynchvla_ws/stage9_libero_pro_risk_data/campaigns/fiper_sweep_eternal/instance_A/fiper_receding_samples.jsonl
bob|fiper_sweep_eternal|instance_A|libero_goal_object_t0_r26,success_train,bob,fiper_sweep_eternal,instance_A,libero_goal_object_t0_r26,libero_goal_object,0,object,success,117,0,116,/media/rootalkhatib/My Passport/reda_ws/asynchvla_ws/stage9_libero_pro_risk_data/campaigns/fiper_sweep_eternal/instance_A/fiper_receding_samples.jsonl
bob|fiper_sweep_eternal|instance_A|libero_goal_object_t0_r27,failure_eval_all,bob,fiper_sweep_eternal,instance_A,libero_goal_object_t0_r27,libero_goal_object,0,object,failure_or_timeout,300,0,299,/media/rootalkhatib/My Passport/reda_ws/asynchvla_ws/stage9_libero_pro_risk_data/campaigns/fiper_sweep_eternal/instance_A/fiper_receding_samples.jsonl
bob|fiper_sweep_eternal|instance_A|libero_goal_object_t0_r28,success_train,bob,fiper_sweep_eternal,instance_A,libero_goal_object_t0_r28,libero_goal_object,0,object,success,283,0,282,/media/rootalkhatib/My Passport/reda_ws/asynchvla_ws/stage9_libero_pro_risk_data/campaigns/fiper_sweep_eternal/instance_A/fiper_receding_samples.jsonl
bob|fiper_sweep_eternal|instance_A|libero_goal_object_t0_r29,failure_eval_all,bob,fiper_sweep_eternal,instance_A,libero_goal_object_t0_r29,libero_goal_object,0,object,failure_or_timeout,300,0,299,/media/rootalkhatib/My Passport/reda_ws/asynchvla_ws/stage9_libero_pro_risk_data/campaigns/fiper_sweep_eternal/instance_A/fiper_receding_samples.jsonl
bob|fiper_sweep_eternal|instance_A|libero_goal_object_t0_r3,success_train,bob,fiper_sweep_eternal,instance_A,libero_goal_object_t0_r3,libero_goal_object,0,object,success,123,0,122,/media/rootalkhatib/My Passport/reda_ws/asynchvla_ws/stage9_libero_pro_risk_data/campaigns/fiper_sweep_eternal/instance_A/fiper_receding_samples.jsonl
bob|fiper_sweep_eternal|instance_A|libero_goal_object_t0_r30,success_test_id,bob,fiper_sweep_eternal,instance_A,libero_goal_object_t0_r30,libero_goal_object,0,object,success,118,0,117,/media/rootalkhatib/My Passport/reda_ws/asynchvla_ws/stage9_libero_pro_risk_data/campaigns/fiper_sweep_eternal/instance_A/fiper_receding_samples.jsonl
bob|fiper_sweep_eternal|instance_A|libero_goal_object_t0_r31,success_test_id,bob,fiper_sweep_eternal,instance_A,libero_goal_object_t0_r31,libero_goal_object,0,object,success,144,0,143,/media/rootalkhatib/My Passport/reda_ws/asynchvla_ws/stage9_libero_pro_risk_data/campaigns/fiper_sweep_eternal/instance_A/fiper_receding_samples.jsonl
bob|fiper_sweep_eternal|instance_A|libero_goal_object_t0_r32,failure_eval_all,bob,fiper_sweep_eternal,instance_A,libero_goal_object_t0_r32,libero_goal_object,0,object,failure_or_timeout,300,0,299,/media/rootalkhatib/My Passport/reda_ws/asynchvla_ws/stage9_libero_pro_risk_data/campaigns/fiper_sweep_eternal/instance_A/fiper_receding_samples.jsonl
bob|fiper_sweep_eternal|instance_A|libero_goal_object_t0_r33,success_train,bob,fiper_sweep_eternal,instance_A,libero_goal_object_t0_r33,libero_goal_object,0,object,success,133,0,132,/media/rootalkhatib/My Passport/reda_ws/asynchvla_ws/stage9_libero_pro_risk_data/campaigns/fiper_sweep_eternal/instance_A/fiper_receding_samples.jsonl
bob|fiper_sweep_eternal|instance_A|libero_goal_object_t0_r34,failure_eval_all,bob,fiper_sweep_eternal,instance_A,libero_goal_object_t0_r34,libero_goal_object,0,object,failure_or_timeout,300,0,299,/media/rootalkhatib/My Passport/reda_ws/asynchvla_ws/stage9_libero_pro_risk_data/campaigns/fiper_sweep_eternal/instance_A/fiper_receding_samples.jsonl
bob|fiper_sweep_eternal|instance_A|libero_goal_object_t0_r35,failure_eval_all,bob,fiper_sweep_eternal,instance_A,libero_goal_object_t0_r35,libero_goal_object,0,object,failure_or_timeout,300,0,299,/media/rootalkhatib/My Passport/reda_ws/asynchvla_ws/stage9_libero_pro_risk_data/campaigns/fiper_sweep_eternal/instance_A/fiper_receding_samples.jsonl
bob|fiper_sweep_eternal|instance_A|libero_goal_object_t0_r36,failure_eval_all,bob,fiper_sweep_eternal,instance_A,libero_goal_object_t0_r36,libero_goal_object,0,object,failure_or_timeout,300,0,299,/media/rootalkhatib/My Passport/reda_ws/asynchvla_ws/stage9_libero_pro_risk_data/campaigns/fiper_sweep_eternal/instance_A/fiper_receding_samples.jsonl
bob|fiper_sweep_eternal|instance_A|libero_goal_object_t0_r4,success_train,bob,fiper_sweep_eternal,instance_A,libero_goal_object_t0_r4,libero_goal_object,0,object,success,116,0,115,/media/rootalkhatib/My Passport/reda_ws/asynchvla_ws/stage9_libero_pro_risk_data/campaigns/fiper_sweep_eternal/instance_A/fiper_receding_samples.jsonl
bob|fiper_sweep_eternal|instance_A|libero_goal_object_t0_r5,success_train,bob,fiper_sweep_eternal,instance_A,libero_goal_object_t0_r5,libero_goal_object,0,object,success,125,0,124,/media/rootalkhatib/My Passport/reda_ws/asynchvla_ws/stage9_libero_pro_risk_data/campaigns/fiper_sweep_eternal/instance_A/fiper_receding_samples.jsonl
bob|fiper_sweep_eternal|instance_A|libero_goal_object_t0_r6,success_calib,bob,fiper_sweep_eternal,instance_A,libero_goal_object_t0_r6,libero_goal_object,0,object,success,128,0,127,/media/rootalkhatib/My Passport/reda_ws/asynchvla_ws/stage9_libero_pro_risk_data/campaigns/fiper_sweep_eternal/instance_A/fiper_receding_samples.jsonl
bob|fiper_sweep_eternal|instance_A|libero_goal_object_t0_r7,success_calib,bob,fiper_sweep_eternal,instance_A,libero_goal_object_t0_r7,libero_goal_object,0,object,success,120,0,119,/media/rootalkhatib/My Passport/reda_ws/asynchvla_ws/stage9_libero_pro_risk_data/campaigns/fiper_sweep_eternal/instance_A/fiper_receding_samples.jsonl
bob|fiper_sweep_eternal|instance_A|libero_goal_object_t0_r8,success_train,bob,fiper_sweep_eternal,instance_A,libero_goal_object_t0_r8,libero_goal_object,0,object,success,120,0,119,/media/rootalkhatib/My Passport/reda_ws/asynchvla_ws/stage9_libero_pro_risk_data/campaigns/fiper_sweep_eternal/instance_A/fiper_receding_samples.jsonl
bob|fiper_sweep_eternal|instance_A|libero_goal_object_t0_r9,success_train,bob,fiper_sweep_eternal,instance_A,libero_goal_object_t0_r9,libero_goal_object,0,object,success,210,0,209,/media/rootalkhatib/My Passport/reda_ws/asynchvla_ws/stage9_libero_pro_risk_data/campaigns/fiper_sweep_eternal/instance_A/fiper_receding_samples.jsonl
bob|fiper_sweep_eternal|instance_A|libero_goal_object_t1_r0,success_train,bob,fiper_sweep_eternal,instance_A,libero_goal_object_t1_r0,libero_goal_object,1,object,success,82,0,81,/media/rootalkhatib/My Passport/reda_ws/asynchvla_ws/stage9_libero_pro_risk_data/campaigns/fiper_sweep_eternal/instance_A/fiper_receding_samples.jsonl
bob|fiper_sweep_eternal|instance_A|libero_goal_object_t1_r1,success_train,bob,fiper_sweep_eternal,instance_A,libero_goal_object_t1_r1,libero_goal_object,1,object,success,99,0,98,/media/rootalkhatib/My Passport/reda_ws/asynchvla_ws/stage9_libero_pro_risk_data/campaigns/fiper_sweep_eternal/instance_A/fiper_receding_samples.jsonl
bob|fiper_sweep_eternal|instance_A|libero_goal_object_t1_r10,success_test_id,bob,fiper_sweep_eternal,instance_A,libero_goal_object_t1_r10,libero_goal_object,1,object,success,86,0,85,/media/rootalkhatib/My Passport/reda_ws/asynchvla_ws/stage9_libero_pro_risk_data/campaigns/fiper_sweep_eternal/instance_A/fiper_receding_samples.jsonl
bob|fiper_sweep_eternal|instance_A|libero_goal_object_t1_r11,success_train,bob,fiper_sweep_eternal,instance_A,libero_goal_object_t1_r11,libero_goal_object,1,object,success,86,0,85,/media/rootalkhatib/My Passport/reda_ws/asynchvla_ws/stage9_libero_pro_risk_data/campaigns/fiper_sweep_eternal/instance_A/fiper_receding_samples.jsonl
bob|fiper_sweep_eternal|instance_A|libero_goal_object_t1_r12,success_calib,bob,fiper_sweep_eternal,instance_A,libero_goal_object_t1_r12,libero_goal_object,1,object,success,82,0,81,/media/rootalkhatib/My Passport/reda_ws/asynchvla_ws/stage9_libero_pro_risk_data/campaigns/fiper_sweep_eternal/instance_A/fiper_receding_samples.jsonl
bob|fiper_sweep_eternal|instance_A|libero_goal_object_t1_r13,success_calib,bob,fiper_sweep_eternal,instance_A,libero_goal_object_t1_r13,libero_goal_object,1,object,success,87,0,86,/media/rootalkhatib/My Passport/reda_ws/asynchvla_ws/stage9_libero_pro_risk_data/campaigns/fiper_sweep_eternal/instance_A/fiper_receding_samples.jsonl
bob|fiper_sweep_eternal|instance_A|libero_goal_object_t1_r14,success_train,bob,fiper_sweep_eternal,instance_A,libero_goal_object_t1_r14,libero_goal_object,1,object,success,82,0,81,/media/rootalkhatib/My Passport/reda_ws/asynchvla_ws/stage9_libero_pro_risk_data/campaigns/fiper_sweep_eternal/instance_A/fiper_receding_samples.jsonl
bob|fiper_sweep_eternal|instance_A|libero_goal_object_t1_r15,success_train,bob,fiper_sweep_eternal,instance_A,libero_goal_object_t1_r15,libero_goal_object,1,object,success,87,0,86,/media/rootalkhatib/My Passport/reda_ws/asynchvla_ws/stage9_libero_pro_risk_data/campaigns/fiper_sweep_eternal/instance_A/fiper_receding_samples.jsonl
bob|fiper_sweep_eternal|instance_A|libero_goal_object_t1_r16,success_train,bob,fiper_sweep_eternal,instance_A,libero_goal_object_t1_r16,libero_goal_object,1,object,success,85,0,84,/media/rootalkhatib/My Passport/reda_ws/asynchvla_ws/stage9_libero_pro_risk_data/campaigns/fiper_sweep_eternal/instance_A/fiper_receding_samples.jsonl
bob|fiper_sweep_eternal|instance_A|libero_goal_object_t1_r17,success_train,bob,fiper_sweep_eternal,instance_A,libero_goal_object_t1_r17,libero_goal_object,1,object,success,81,0,80,/media/rootalkhatib/My Passport/reda_ws/asynchvla_ws/stage9_libero_pro_risk_data/campaigns/fiper_sweep_eternal/instance_A/fiper_receding_samples.jsonl
bob|fiper_sweep_eternal|instance_A|libero_goal_object_t1_r18,success_train,bob,fiper_sweep_eternal,instance_A,libero_goal_object_t1_r18,libero_goal_object,1,object,success,89,0,88,/media/rootalkhatib/My Passport/reda_ws/asynchvla_ws/stage9_libero_pro_risk_data/campaigns/fiper_sweep_eternal/instance_A/fiper_receding_samples.jsonl
bob|fiper_sweep_eternal|instance_A|libero_goal_object_t1_r19,success_train,bob,fiper_sweep_eternal,instance_A,libero_goal_object_t1_r19,libero_goal_object,1,object,success,83,0,82,/media/rootalkhatib/My Passport/reda_ws/asynchvla_ws/stage9_libero_pro_risk_data/campaigns/fiper_sweep_eternal/instance_A/fiper_receding_samples.jsonl
bob|fiper_sweep_eternal|instance_A|libero_goal_object_t1_r2,success_train,bob,fiper_sweep_eternal,instance_A,libero_goal_object_t1_r2,libero_goal_object,1,object,success,72,0,71,/media/rootalkhatib/My Passport/reda_ws/asynchvla_ws/stage9_libero_pro_risk_data/campaigns/fiper_sweep_eternal/instance_A/fiper_receding_samples.jsonl
bob|fiper_sweep_eternal|instance_A|libero_goal_object_t1_r20,success_test_id,bob,fiper_sweep_eternal,instance_A,libero_goal_object_t1_r20,libero_goal_object,1,object,success,86,0,85,/media/rootalkhatib/My Passport/reda_ws/asynchvla_ws/stage9_libero_pro_risk_data/campaigns/fiper_sweep_eternal/instance_A/fiper_receding_samples.jsonl
bob|fiper_sweep_eternal|instance_A|libero_goal_object_t1_r21,success_train,bob,fiper_sweep_eternal,instance_A,libero_goal_object_t1_r21,libero_goal_object,1,object,success,88,0,87,/media/rootalkhatib/My Passport/reda_ws/asynchvla_ws/stage9_libero_pro_risk_data/campaigns/fiper_sweep_eternal/instance_A/fiper_receding_samples.jsonl
bob|fiper_sweep_eternal|instance_A|libero_goal_object_t1_r22,success_train,bob,fiper_sweep_eternal,instance_A,libero_goal_object_t1_r22,libero_goal_object,1,object,success,85,0,84,/media/rootalkhatib/My Passport/reda_ws/asynchvla_ws/stage9_libero_pro_risk_data/campaigns/fiper_sweep_eternal/instance_A/fiper_receding_samples.jsonl
bob|fiper_sweep_eternal|instance_A|libero_goal_object_t1_r23,success_train,bob,fiper_sweep_eternal,instance_A,libero_goal_object_t1_r23,libero_goal_object,1,object,success,83,0,82,/media/rootalkhatib/My Passport/reda_ws/asynchvla_ws/stage9_libero_pro_risk_data/campaigns/fiper_sweep_eternal/instance_A/fiper_receding_samples.jsonl
bob|fiper_sweep_eternal|instance_A|libero_goal_object_t1_r24,failure_eval_all,bob,fiper_sweep_eternal,instance_A,libero_goal_object_t1_r24,libero_goal_object,1,object,failure_or_timeout,300,0,299,/media/rootalkhatib/My Passport/reda_ws/asynchvla_ws/stage9_libero_pro_risk_data/campaigns/fiper_sweep_eternal/instance_A/fiper_receding_samples.jsonl
bob|fiper_sweep_eternal|instance_A|libero_goal_object_t1_r25,failure_eval_all,bob,fiper_sweep_eternal,instance_A,libero_goal_object_t1_r25,libero_goal_object,1,object,failure_or_timeout,300,0,299,/media/rootalkhatib/My Passport/reda_ws/asynchvla_ws/stage9_libero_pro_risk_data/campaigns/fiper_sweep_eternal/instance_A/fiper_receding_samples.jsonl
bob|fiper_sweep_eternal|instance_A|libero_goal_object_t1_r26,success_test_id,bob,fiper_sweep_eternal,instance_A,libero_goal_object_t1_r26,libero_goal_object,1,object,success,84,0,83,/media/rootalkhatib/My Passport/reda_ws/asynchvla_ws/stage9_libero_pro_risk_data/campaigns/fiper_sweep_eternal/instance_A/fiper_receding_samples.jsonl
bob|fiper_sweep_eternal|instance_A|libero_goal_object_t1_r27,success_train,bob,fiper_sweep_eternal,instance_A,libero_goal_object_t1_r27,libero_goal_object,1,object,success,87,0,86,/media/rootalkhatib/My Passport/reda_ws/asynchvla_ws/stage9_libero_pro_risk_data/campaigns/fiper_sweep_eternal/instance_A/fiper_receding_samples.jsonl
bob|fiper_sweep_eternal|instance_A|libero_goal_object_t1_r28,success_calib,bob,fiper_sweep_eternal,instance_A,libero_goal_object_t1_r28,libero_goal_object,1,object,success,89,0,88,/media/rootalkhatib/My Passport/reda_ws/asynchvla_ws/stage9_libero_pro_risk_data/campaigns/fiper_sweep_eternal/instance_A/fiper_receding_samples.jsonl
bob|fiper_sweep_eternal|instance_A|libero_goal_object_t1_r29,success_train,bob,fiper_sweep_eternal,instance_A,libero_goal_object_t1_r29,libero_goal_object,1,object,success,85,0,84,/media/rootalkhatib/My Passport/reda_ws/asynchvla_ws/stage9_libero_pro_risk_data/campaigns/fiper_sweep_eternal/instance_A/fiper_receding_samples.jsonl
bob|fiper_sweep_eternal|instance_A|libero_goal_object_t1_r3,success_train,bob,fiper_sweep_eternal,instance_A,libero_goal_object_t1_r3,libero_goal_object,1,object,success,84,0,83,/media/rootalkhatib/My Passport/reda_ws/asynchvla_ws/stage9_libero_pro_risk_data/campaigns/fiper_sweep_eternal/instance_A/fiper_receding_samples.jsonl
bob|fiper_sweep_eternal|instance_A|libero_goal_object_t1_r30,success_test_id,bob,fiper_sweep_eternal,instance_A,libero_goal_object_t1_r30,libero_goal_object,1,object,success,83,0,82,/media/rootalkhatib/My Passport/reda_ws/asynchvla_ws/stage9_libero_pro_risk_data/campaigns/fiper_sweep_eternal/instance_A/fiper_receding_samples.jsonl
bob|fiper_sweep_eternal|instance_A|libero_goal_object_t1_r31,success_test_id,bob,fiper_sweep_eternal,instance_A,libero_goal_object_t1_r31,libero_goal_object,1,object,success,82,0,81,/media/rootalkhatib/My Passport/reda_ws/asynchvla_ws/stage9_libero_pro_risk_data/campaigns/fiper_sweep_eternal/instance_A/fiper_receding_samples.jsonl
bob|fiper_sweep_eternal|instance_A|libero_goal_object_t1_r32,failure_eval_all,bob,fiper_sweep_eternal,instance_A,libero_goal_object_t1_r32,libero_goal_object,1,object,failure_or_timeout,300,0,299,/media/rootalkhatib/My Passport/reda_ws/asynchvla_ws/stage9_libero_pro_risk_data/campaigns/fiper_sweep_eternal/instance_A/fiper_receding_samples.jsonl
bob|fiper_sweep_eternal|instance_A|libero_goal_object_t1_r33,success_train,bob,fiper_sweep_eternal,instance_A,libero_goal_object_t1_r33,libero_goal_object,1,object,success,90,0,89,/media/rootalkhatib/My Passport/reda_ws/asynchvla_ws/stage9_libero_pro_risk_data/campaigns/fiper_sweep_eternal/instance_A/fiper_receding_samples.jsonl
bob|fiper_sweep_eternal|instance_A|libero_goal_object_t1_r34,success_train,bob,fiper_sweep_eternal,instance_A,libero_goal_object_t1_r34,libero_goal_object,1,object,success,82,0,81,/media/rootalkhatib/My Passport/reda_ws/asynchvla_ws/stage9_libero_pro_risk_data/campaigns/fiper_sweep_eternal/instance_A/fiper_receding_samples.jsonl
bob|fiper_sweep_eternal|instance_A|libero_goal_object_t1_r35,success_calib,bob,fiper_sweep_eternal,instance_A,libero_goal_object_t1_r35,libero_goal_object,1,object,success,75,0,74,/media/rootalkhatib/My Passport/reda_ws/asynchvla_ws/stage9_libero_pro_risk_data/campaigns/fiper_sweep_eternal/instance_A/fiper_receding_samples.jsonl
bob|fiper_sweep_eternal|instance_A|libero_goal_object_t1_r36,failure_eval_all,bob,fiper_sweep_eternal,instance_A,libero_goal_object_t1_r36,libero_goal_object,1,object,failure_or_timeout,300,0,299,/media/rootalkhatib/My Passport/reda_ws/asynchvla_ws/stage9_libero_pro_risk_data/campaigns/fiper_sweep_eternal/instance_A/fiper_receding_samples.jsonl
bob|fiper_sweep_eternal|instance_A|libero_goal_object_t1_r4,success_train,bob,fiper_sweep_eternal,instance_A,libero_goal_object_t1_r4,libero_goal_object,1,object,success,83,0,82,/media/rootalkhatib/My Passport/reda_ws/asynchvla_ws/stage9_libero_pro_risk_data/campaigns/fiper_sweep_eternal/instance_A/fiper_receding_samples.jsonl
bob|fiper_sweep_eternal|instance_A|libero_goal_object_t1_r5,success_train,bob,fiper_sweep_eternal,instance_A,libero_goal_object_t1_r5,libero_goal_object,1,object,success,91,0,90,/media/rootalkhatib/My Passport/reda_ws/asynchvla_ws/stage9_libero_pro_risk_data/campaigns/fiper_sweep_eternal/instance_A/fiper_receding_samples.jsonl
bob|fiper_sweep_eternal|instance_A|libero_goal_object_t1_r6,success_train,bob,fiper_sweep_eternal,instance_A,libero_goal_object_t1_r6,libero_goal_object,1,object,success,84,0,83,/media/rootalkhatib/My Passport/reda_ws/asynchvla_ws/stage9_libero_pro_risk_data/campaigns/fiper_sweep_eternal/instance_A/fiper_receding_samples.jsonl
bob|fiper_sweep_eternal|instance_A|libero_goal_object_t1_r7,success_train,bob,fiper_sweep_eternal,instance_A,libero_goal_object_t1_r7,libero_goal_object,1,object,success,80,0,79,/media/rootalkhatib/My Passport/reda_ws/asynchvla_ws/stage9_libero_pro_risk_data/campaigns/fiper_sweep_eternal/instance_A/fiper_receding_samples.jsonl
bob|fiper_sweep_eternal|instance_A|libero_goal_object_t1_r8,success_calib,bob,fiper_sweep_eternal,instance_A,libero_goal_object_t1_r8,libero_goal_object,1,object,success,79,0,78,/media/rootalkhatib/My Passport/reda_ws/asynchvla_ws/stage9_libero_pro_risk_data/campaigns/fiper_sweep_eternal/instance_A/fiper_receding_samples.jsonl
bob|fiper_sweep_eternal|instance_A|libero_goal_object_t1_r9,success_train,bob,fiper_sweep_eternal,instance_A,libero_goal_object_t1_r9,libero_goal_object,1,object,success,91,0,90,/media/rootalkhatib/My Passport/reda_ws/asynchvla_ws/stage9_libero_pro_risk_data/campaigns/fiper_sweep_eternal/instance_A/fiper_receding_samples.jsonl
bob|fiper_sweep_eternal|instance_A|libero_goal_object_t2_r0,failure_eval_all,bob,fiper_sweep_eternal,instance_A,libero_goal_object_t2_r0,libero_goal_object,2,object,failure_or_timeout,300,0,299,/media/rootalkhatib/My Passport/reda_ws/asynchvla_ws/stage9_libero_pro_risk_data/campaigns/fiper_sweep_eternal/instance_A/fiper_receding_samples.jsonl
bob|fiper_sweep_eternal|instance_A|libero_goal_object_t2_r1,success_train,bob,fiper_sweep_eternal,instance_A,libero_goal_object_t2_r1,libero_goal_object,2,object,success,91,0,90,/media/rootalkhatib/My Passport/reda_ws/asynchvla_ws/stage9_libero_pro_risk_data/campaigns/fiper_sweep_eternal/instance_A/fiper_receding_samples.jsonl
bob|fiper_sweep_eternal|instance_A|libero_goal_object_t2_r10,success_train,bob,fiper_sweep_eternal,instance_A,libero_goal_object_t2_r10,libero_goal_object,2,object,success,78,0,77,/media/rootalkhatib/My Passport/reda_ws/asynchvla_ws/stage9_libero_pro_risk_data/campaigns/fiper_sweep_eternal/instance_A/fiper_receding_samples.jsonl
bob|fiper_sweep_eternal|instance_A|libero_goal_object_t2_r11,success_train,bob,fiper_sweep_eternal,instance_A,libero_goal_object_t2_r11,libero_goal_object,2,object,success,81,0,80,/media/rootalkhatib/My Passport/reda_ws/asynchvla_ws/stage9_libero_pro_risk_data/campaigns/fiper_sweep_eternal/instance_A/fiper_receding_samples.jsonl
bob|fiper_sweep_eternal|instance_A|libero_goal_object_t2_r12,failure_eval_all,bob,fiper_sweep_eternal,instance_A,libero_goal_object_t2_r12,libero_goal_object,2,object,failure_or_timeout,300,0,299,/media/rootalkhatib/My Passport/reda_ws/asynchvla_ws/stage9_libero_pro_risk_data/campaigns/fiper_sweep_eternal/instance_A/fiper_receding_samples.jsonl
bob|fiper_sweep_eternal|instance_A|libero_goal_object_t2_r13,success_calib,bob,fiper_sweep_eternal,instance_A,libero_goal_object_t2_r13,libero_goal_object,2,object,success,95,0,94,/media/rootalkhatib/My Passport/reda_ws/asynchvla_ws/stage9_libero_pro_risk_data/campaigns/fiper_sweep_eternal/instance_A/fiper_receding_samples.jsonl
bob|fiper_sweep_eternal|instance_A|libero_goal_object_t2_r14,success_test_id,bob,fiper_sweep_eternal,instance_A,libero_goal_object_t2_r14,libero_goal_object,2,object,success,81,0,80,/media/rootalkhatib/My Passport/reda_ws/asynchvla_ws/stage9_libero_pro_risk_data/campaigns/fiper_sweep_eternal/instance_A/fiper_receding_samples.jsonl
bob|fiper_sweep_eternal|instance_A|libero_goal_object_t2_r15,success_train,bob,fiper_sweep_eternal,instance_A,libero_goal_object_t2_r15,libero_goal_object,2,object,success,86,0,85,/media/rootalkhatib/My Passport/reda_ws/asynchvla_ws/stage9_libero_pro_risk_data/campaigns/fiper_sweep_eternal/instance_A/fiper_receding_samples.jsonl
bob|fiper_sweep_eternal|instance_A|libero_goal_object_t2_r16,success_train,bob,fiper_sweep_eternal,instance_A,libero_goal_object_t2_r16,libero_goal_object,2,object,success,91,0,90,/media/rootalkhatib/My Passport/reda_ws/asynchvla_ws/stage9_libero_pro_risk_data/campaigns/fiper_sweep_eternal/instance_A/fiper_receding_samples.jsonl
bob|fiper_sweep_eternal|instance_A|libero_goal_object_t2_r17,failure_eval_all,bob,fiper_sweep_eternal,instance_A,libero_goal_object_t2_r17,libero_goal_object,2,object,failure_or_timeout,300,0,299,/media/rootalkhatib/My Passport/reda_ws/asynchvla_ws/stage9_libero_pro_risk_data/campaigns/fiper_sweep_eternal/instance_A/fiper_receding_samples.jsonl
bob|fiper_sweep_eternal|instance_A|libero_goal_object_t2_r18,success_test_id,bob,fiper_sweep_eternal,instance_A,libero_goal_object_t2_r18,libero_goal_object,2,object,success,104,0,103,/media/rootalkhatib/My Passport/reda_ws/asynchvla_ws/stage9_libero_pro_risk_data/campaigns/fiper_sweep_eternal/instance_A/fiper_receding_samples.jsonl
bob|fiper_sweep_eternal|instance_A|libero_goal_object_t2_r19,success_train,bob,fiper_sweep_eternal,instance_A,libero_goal_object_t2_r19,libero_goal_object,2,object,success,84,0,83,/media/rootalkhatib/My Passport/reda_ws/asynchvla_ws/stage9_libero_pro_risk_data/campaigns/fiper_sweep_eternal/instance_A/fiper_receding_samples.jsonl
bob|fiper_sweep_eternal|instance_A|libero_goal_object_t2_r2,success_train,bob,fiper_sweep_eternal,instance_A,libero_goal_object_t2_r2,libero_goal_object,2,object,success,89,0,88,/media/rootalkhatib/My Passport/reda_ws/asynchvla_ws/stage9_libero_pro_risk_data/campaigns/fiper_sweep_eternal/instance_A/fiper_receding_samples.jsonl
bob|fiper_sweep_eternal|instance_A|libero_goal_object_t2_r20,success_test_id,bob,fiper_sweep_eternal,instance_A,libero_goal_object_t2_r20,libero_goal_object,2,object,success,90,0,89,/media/rootalkhatib/My Passport/reda_ws/asynchvla_ws/stage9_libero_pro_risk_data/campaigns/fiper_sweep_eternal/instance_A/fiper_receding_samples.jsonl
bob|fiper_sweep_eternal|instance_A|libero_goal_object_t2_r21,success_calib,bob,fiper_sweep_eternal,instance_A,libero_goal_object_t2_r21,libero_goal_object,2,object,success,103,0,102,/media/rootalkhatib/My Passport/reda_ws/asynchvla_ws/stage9_libero_pro_risk_data/campaigns/fiper_sweep_eternal/instance_A/fiper_receding_samples.jsonl
bob|fiper_sweep_eternal|instance_A|libero_goal_object_t2_r22,success_calib,bob,fiper_sweep_eternal,instance_A,libero_goal_object_t2_r22,libero_goal_object,2,object,success,96,0,95,/media/rootalkhatib/My Passport/reda_ws/asynchvla_ws/stage9_libero_pro_risk_data/campaigns/fiper_sweep_eternal/instance_A/fiper_receding_samples.jsonl
bob|fiper_sweep_eternal|instance_A|libero_goal_object_t2_r23,success_calib,bob,fiper_sweep_eternal,instance_A,libero_goal_object_t2_r23,libero_goal_object,2,object,success,88,0,87,/media/rootalkhatib/My Passport/reda_ws/asynchvla_ws/stage9_libero_pro_risk_data/campaigns/fiper_sweep_eternal/instance_A/fiper_receding_samples.jsonl
bob|fiper_sweep_eternal|instance_A|libero_goal_object_t2_r24,success_train,bob,fiper_sweep_eternal,instance_A,libero_goal_object_t2_r24,libero_goal_object,2,object,success,83,0,82,/media/rootalkhatib/My Passport/reda_ws/asynchvla_ws/stage9_libero_pro_risk_data/campaigns/fiper_sweep_eternal/instance_A/fiper_receding_samples.jsonl
bob|fiper_sweep_eternal|instance_A|libero_goal_object_t2_r25,success_train,bob,fiper_sweep_eternal,instance_A,libero_goal_object_t2_r25,libero_goal_object,2,object,success,90,0,89,/media/rootalkhatib/My Passport/reda_ws/asynchvla_ws/stage9_libero_pro_risk_data/campaigns/fiper_sweep_eternal/instance_A/fiper_receding_samples.jsonl
bob|fiper_sweep_eternal|instance_A|libero_goal_object_t2_r26,success_train,bob,fiper_sweep_eternal,instance_A,libero_goal_object_t2_r26,libero_goal_object,2,object,success,90,0,89,/media/rootalkhatib/My Passport/reda_ws/asynchvla_ws/stage9_libero_pro_risk_data/campaigns/fiper_sweep_eternal/instance_A/fiper_receding_samples.jsonl
bob|fiper_sweep_eternal|instance_A|libero_goal_object_t2_r27,success_train,bob,fiper_sweep_eternal,instance_A,libero_goal_object_t2_r27,libero_goal_object,2,object,success,94,0,93,/media/rootalkhatib/My Passport/reda_ws/asynchvla_ws/stage9_libero_pro_risk_data/campaigns/fiper_sweep_eternal/instance_A/fiper_receding_samples.jsonl
bob|fiper_sweep_eternal|instance_A|libero_goal_object_t2_r28,success_test_id,bob,fiper_sweep_eternal,instance_A,libero_goal_object_t2_r28,libero_goal_object,2,object,success,123,0,122,/media/rootalkhatib/My Passport/reda_ws/asynchvla_ws/stage9_libero_pro_risk_data/campaigns/fiper_sweep_eternal/instance_A/fiper_receding_samples.jsonl
bob|fiper_sweep_eternal|instance_A|libero_goal_object_t2_r29,success_train,bob,fiper_sweep_eternal,instance_A,libero_goal_object_t2_r29,libero_goal_object,2,object,success,81,0,80,/media/rootalkhatib/My Passport/reda_ws/asynchvla_ws/stage9_libero_pro_risk_data/campaigns/fiper_sweep_eternal/instance_A/fiper_receding_samples.jsonl
bob|fiper_sweep_eternal|instance_A|libero_goal_object_t2_r3,failure_eval_all,bob,fiper_sweep_eternal,instance_A,libero_goal_object_t2_r3,libero_goal_object,2,object,failure_or_timeout,300,0,299,/media/rootalkhatib/My Passport/reda_ws/asynchvla_ws/stage9_libero_pro_risk_data/campaigns/fiper_sweep_eternal/instance_A/fiper_receding_samples.jsonl
bob|fiper_sweep_eternal|instance_A|libero_goal_object_t2_r30,success_train,bob,fiper_sweep_eternal,instance_A,libero_goal_object_t2_r30,libero_goal_object,2,object,success,82,0,81,/media/rootalkhatib/My Passport/reda_ws/asynchvla_ws/stage9_libero_pro_risk_data/campaigns/fiper_sweep_eternal/instance_A/fiper_receding_samples.jsonl
bob|fiper_sweep_eternal|instance_A|libero_goal_object_t2_r31,failure_eval_all,bob,fiper_sweep_eternal,instance_A,libero_goal_object_t2_r31,libero_goal_object,2,object,failure_or_timeout,300,0,299,/media/rootalkhatib/My Passport/reda_ws/asynchvla_ws/stage9_libero_pro_risk_data/campaigns/fiper_sweep_eternal/instance_A/fiper_receding_samples.jsonl
bob|fiper_sweep_eternal|instance_A|libero_goal_object_t2_r32,success_train,bob,fiper_sweep_eternal,instance_A,libero_goal_object_t2_r32,libero_goal_object,2,object,success,287,0,286,/media/rootalkhatib/My Passport/reda_ws/asynchvla_ws/stage9_libero_pro_risk_data/campaigns/fiper_sweep_eternal/instance_A/fiper_receding_samples.jsonl
bob|fiper_sweep_eternal|instance_A|libero_goal_object_t2_r33,success_train,bob,fiper_sweep_eternal,instance_A,libero_goal_object_t2_r33,libero_goal_object,2,object,success,87,0,86,/media/rootalkhatib/My Passport/reda_ws/asynchvla_ws/stage9_libero_pro_risk_data/campaigns/fiper_sweep_eternal/instance_A/fiper_receding_samples.jsonl
bob|fiper_sweep_eternal|instance_A|libero_goal_object_t2_r34,success_train,bob,fiper_sweep_eternal,instance_A,libero_goal_object_t2_r34,libero_goal_object,2,object,success,96,0,95,/media/rootalkhatib/My Passport/reda_ws/asynchvla_ws/stage9_libero_pro_risk_data/campaigns/fiper_sweep_eternal/instance_A/fiper_receding_samples.jsonl
bob|fiper_sweep_eternal|instance_A|libero_goal_object_t2_r35,success_test_id,bob,fiper_sweep_eternal,instance_A,libero_goal_object_t2_r35,libero_goal_object,2,object,success,81,0,80,/media/rootalkhatib/My Passport/reda_ws/asynchvla_ws/stage9_libero_pro_risk_data/campaigns/fiper_sweep_eternal/instance_A/fiper_receding_samples.jsonl
bob|fiper_sweep_eternal|instance_A|libero_goal_object_t2_r36,success_train,bob,fiper_sweep_eternal,instance_A,libero_goal_object_t2_r36,libero_goal_object,2,object,success,110,0,109,/media/rootalkhatib/My Passport/reda_ws/asynchvla_ws/stage9_libero_pro_risk_data/campaigns/fiper_sweep_eternal/instance_A/fiper_receding_samples.jsonl
bob|fiper_sweep_eternal|instance_A|libero_goal_object_t2_r4,success_train,bob,fiper_sweep_eternal,instance_A,libero_goal_object_t2_r4,libero_goal_object,2,object,success,94,0,93,/media/rootalkhatib/My Passport/reda_ws/asynchvla_ws/stage9_libero_pro_risk_data/campaigns/fiper_sweep_eternal/instance_A/fiper_receding_samples.jsonl
bob|fiper_sweep_eternal|instance_A|libero_goal_object_t2_r5,success_train,bob,fiper_sweep_eternal,instance_A,libero_goal_object_t2_r5,libero_goal_object,2,object,success,83,0,82,/media/rootalkhatib/My Passport/reda_ws/asynchvla_ws/stage9_libero_pro_risk_data/campaigns/fiper_sweep_eternal/instance_A/fiper_receding_samples.jsonl
bob|fiper_sweep_eternal|instance_A|libero_goal_object_t2_r6,success_train,bob,fiper_sweep_eternal,instance_A,libero_goal_object_t2_r6,libero_goal_object,2,object,success,85,0,84,/media/rootalkhatib/My Passport/reda_ws/asynchvla_ws/stage9_libero_pro_risk_data/campaigns/fiper_sweep_eternal/instance_A/fiper_receding_samples.jsonl
bob|fiper_sweep_eternal|instance_A|libero_goal_object_t2_r7,failure_eval_all,bob,fiper_sweep_eternal,instance_A,libero_goal_object_t2_r7,libero_goal_object,2,object,failure_or_timeout,300,0,299,/media/rootalkhatib/My Passport/reda_ws/asynchvla_ws/stage9_libero_pro_risk_data/campaigns/fiper_sweep_eternal/instance_A/fiper_receding_samples.jsonl
bob|fiper_sweep_eternal|instance_A|libero_goal_object_t2_r8,failure_eval_all,bob,fiper_sweep_eternal,instance_A,libero_goal_object_t2_r8,libero_goal_object,2,object,failure_or_timeout,300,0,299,/media/rootalkhatib/My Passport/reda_ws/asynchvla_ws/stage9_libero_pro_risk_data/campaigns/fiper_sweep_eternal/instance_A/fiper_receding_samples.jsonl
bob|fiper_sweep_eternal|instance_A|libero_goal_object_t2_r9,success_train,bob,fiper_sweep_eternal,instance_A,libero_goal_object_t2_r9,libero_goal_object,2,object,success,89,0,88,/media/rootalkhatib/My Passport/reda_ws/asynchvla_ws/stage9_libero_pro_risk_data/campaigns/fiper_sweep_eternal/instance_A/fiper_receding_samples.jsonl
bob|fiper_sweep_eternal|instance_A|libero_goal_object_t3_r0,success_train,bob,fiper_sweep_eternal,instance_A,libero_goal_object_t3_r0,libero_goal_object,3,object,success,188,0,187,/media/rootalkhatib/My Passport/reda_ws/asynchvla_ws/stage9_libero_pro_risk_data/campaigns/fiper_sweep_eternal/instance_A/fiper_receding_samples.jsonl
bob|fiper_sweep_eternal|instance_A|libero_goal_object_t3_r1,success_train,bob,fiper_sweep_eternal,instance_A,libero_goal_object_t3_r1,libero_goal_object,3,object,success,164,0,163,/media/rootalkhatib/My Passport/reda_ws/asynchvla_ws/stage9_libero_pro_risk_data/campaigns/fiper_sweep_eternal/instance_A/fiper_receding_samples.jsonl
bob|fiper_sweep_eternal|instance_A|libero_goal_object_t3_r10,success_test_id,bob,fiper_sweep_eternal,instance_A,libero_goal_object_t3_r10,libero_goal_object,3,object,success,180,0,179,/media/rootalkhatib/My Passport/reda_ws/asynchvla_ws/stage9_libero_pro_risk_data/campaigns/fiper_sweep_eternal/instance_A/fiper_receding_samples.jsonl
bob|fiper_sweep_eternal|instance_A|libero_goal_object_t3_r11,success_train,bob,fiper_sweep_eternal,instance_A,libero_goal_object_t3_r11,libero_goal_object,3,object,success,191,0,190,/media/rootalkhatib/My Passport/reda_ws/asynchvla_ws/stage9_libero_pro_risk_data/campaigns/fiper_sweep_eternal/instance_A/fiper_receding_samples.jsonl
bob|fiper_sweep_eternal|instance_A|libero_goal_object_t3_r12,success_train,bob,fiper_sweep_eternal,instance_A,libero_goal_object_t3_r12,libero_goal_object,3,object,success,182,0,181,/media/rootalkhatib/My Passport/reda_ws/asynchvla_ws/stage9_libero_pro_risk_data/campaigns/fiper_sweep_eternal/instance_A/fiper_receding_samples.jsonl
bob|fiper_sweep_eternal|instance_A|libero_goal_object_t3_r13,success_calib,bob,fiper_sweep_eternal,instance_A,libero_goal_object_t3_r13,libero_goal_object,3,object,success,183,0,182,/media/rootalkhatib/My Passport/reda_ws/asynchvla_ws/stage9_libero_pro_risk_data/campaigns/fiper_sweep_eternal/instance_A/fiper_receding_samples.jsonl
bob|fiper_sweep_eternal|instance_A|libero_goal_object_t3_r14,success_train,bob,fiper_sweep_eternal,instance_A,libero_goal_object_t3_r14,libero_goal_object,3,object,success,249,0,248,/media/rootalkhatib/My Passport/reda_ws/asynchvla_ws/stage9_libero_pro_risk_data/campaigns/fiper_sweep_eternal/instance_A/fiper_receding_samples.jsonl
bob|fiper_sweep_eternal|instance_A|libero_goal_object_t3_r15,success_train,bob,fiper_sweep_eternal,instance_A,libero_goal_object_t3_r15,libero_goal_object,3,object,success,178,0,177,/media/rootalkhatib/My Passport/reda_ws/asynchvla_ws/stage9_libero_pro_risk_data/campaigns/fiper_sweep_eternal/instance_A/fiper_receding_samples.jsonl
bob|fiper_sweep_eternal|instance_A|libero_goal_object_t3_r16,success_test_id,bob,fiper_sweep_eternal,instance_A,libero_goal_object_t3_r16,libero_goal_object,3,object,success,183,0,182,/media/rootalkhatib/My Passport/reda_ws/asynchvla_ws/stage9_libero_pro_risk_data/campaigns/fiper_sweep_eternal/instance_A/fiper_receding_samples.jsonl
bob|fiper_sweep_eternal|instance_A|libero_goal_object_t3_r17,success_train,bob,fiper_sweep_eternal,instance_A,libero_goal_object_t3_r17,libero_goal_object,3,object,success,241,0,240,/media/rootalkhatib/My Passport/reda_ws/asynchvla_ws/stage9_libero_pro_risk_data/campaigns/fiper_sweep_eternal/instance_A/fiper_receding_samples.jsonl
bob|fiper_sweep_eternal|instance_A|libero_goal_object_t3_r18,success_train,bob,fiper_sweep_eternal,instance_A,libero_goal_object_t3_r18,libero_goal_object,3,object,success,186,0,185,/media/rootalkhatib/My Passport/reda_ws/asynchvla_ws/stage9_libero_pro_risk_data/campaigns/fiper_sweep_eternal/instance_A/fiper_receding_samples.jsonl
bob|fiper_sweep_eternal|instance_A|libero_goal_object_t3_r19,success_train,bob,fiper_sweep_eternal,instance_A,libero_goal_object_t3_r19,libero_goal_object,3,object,success,183,0,182,/media/rootalkhatib/My Passport/reda_ws/asynchvla_ws/stage9_libero_pro_risk_data/campaigns/fiper_sweep_eternal/instance_A/fiper_receding_samples.jsonl
bob|fiper_sweep_eternal|instance_A|libero_goal_object_t3_r2,success_train,bob,fiper_sweep_eternal,instance_A,libero_goal_object_t3_r2,libero_goal_object,3,object,success,178,0,177,/media/rootalkhatib/My Passport/reda_ws/asynchvla_ws/stage9_libero_pro_risk_data/campaigns/fiper_sweep_eternal/instance_A/fiper_receding_samples.jsonl
bob|fiper_sweep_eternal|instance_A|libero_goal_object_t3_r20,failure_eval_all,bob,fiper_sweep_eternal,instance_A,libero_goal_object_t3_r20,libero_goal_object,3,object,failure_or_timeout,300,0,299,/media/rootalkhatib/My Passport/reda_ws/asynchvla_ws/stage9_libero_pro_risk_data/campaigns/fiper_sweep_eternal/instance_A/fiper_receding_samples.jsonl
bob|fiper_sweep_eternal|instance_A|libero_goal_object_t3_r21,success_train,bob,fiper_sweep_eternal,instance_A,libero_goal_object_t3_r21,libero_goal_object,3,object,success,175,0,174,/media/rootalkhatib/My Passport/reda_ws/asynchvla_ws/stage9_libero_pro_risk_data/campaigns/fiper_sweep_eternal/instance_A/fiper_receding_samples.jsonl
bob|fiper_sweep_eternal|instance_A|libero_goal_object_t3_r22,success_calib,bob,fiper_sweep_eternal,instance_A,libero_goal_object_t3_r22,libero_goal_object,3,object,success,209,0,208,/media/rootalkhatib/My Passport/reda_ws/asynchvla_ws/stage9_libero_pro_risk_data/campaigns/fiper_sweep_eternal/instance_A/fiper_receding_samples.jsonl
bob|fiper_sweep_eternal|instance_A|libero_goal_object_t3_r23,success_train,bob,fiper_sweep_eternal,instance_A,libero_goal_object_t3_r23,libero_goal_object,3,object,success,176,0,175,/media/rootalkhatib/My Passport/reda_ws/asynchvla_ws/stage9_libero_pro_risk_data/campaigns/fiper_sweep_eternal/instance_A/fiper_receding_samples.jsonl
bob|fiper_sweep_eternal|instance_A|libero_goal_object_t3_r24,success_train,bob,fiper_sweep_eternal,instance_A,libero_goal_object_t3_r24,libero_goal_object,3,object,success,173,0,172,/media/rootalkhatib/My Passport/reda_ws/asynchvla_ws/stage9_libero_pro_risk_data/campaigns/fiper_sweep_eternal/instance_A/fiper_receding_samples.jsonl
bob|fiper_sweep_eternal|instance_A|libero_goal_object_t3_r25,failure_eval_all,bob,fiper_sweep_eternal,instance_A,libero_goal_object_t3_r25,libero_goal_object,3,object,failure_or_timeout,300,0,299,/media/rootalkhatib/My Passport/reda_ws/asynchvla_ws/stage9_libero_pro_risk_data/campaigns/fiper_sweep_eternal/instance_A/fiper_receding_samples.jsonl
bob|fiper_sweep_eternal|instance_A|libero_goal_object_t3_r26,success_test_id,bob,fiper_sweep_eternal,instance_A,libero_goal_object_t3_r26,libero_goal_object,3,object,success,185,0,184,/media/rootalkhatib/My Passport/reda_ws/asynchvla_ws/stage9_libero_pro_risk_data/campaigns/fiper_sweep_eternal/instance_A/fiper_receding_samples.jsonl
bob|fiper_sweep_eternal|instance_A|libero_goal_object_t3_r27,success_train,bob,fiper_sweep_eternal,instance_A,libero_goal_object_t3_r27,libero_goal_object,3,object,success,177,0,176,/media/rootalkhatib/My Passport/reda_ws/asynchvla_ws/stage9_libero_pro_risk_data/campaigns/fiper_sweep_eternal/instance_A/fiper_receding_samples.jsonl
bob|fiper_sweep_eternal|instance_A|libero_goal_object_t3_r28,success_test_id,bob,fiper_sweep_eternal,instance_A,libero_goal_object_t3_r28,libero_goal_object,3,object,success,174,0,173,/media/rootalkhatib/My Passport/reda_ws/asynchvla_ws/stage9_libero_pro_risk_data/campaigns/fiper_sweep_eternal/instance_A/fiper_receding_samples.jsonl
bob|fiper_sweep_eternal|instance_A|libero_goal_object_t3_r29,success_train,bob,fiper_sweep_eternal,instance_A,libero_goal_object_t3_r29,libero_goal_object,3,object,success,186,0,185,/media/rootalkhatib/My Passport/reda_ws/asynchvla_ws/stage9_libero_pro_risk_data/campaigns/fiper_sweep_eternal/instance_A/fiper_receding_samples.jsonl
bob|fiper_sweep_eternal|instance_A|libero_goal_object_t3_r3,success_train,bob,fiper_sweep_eternal,instance_A,libero_goal_object_t3_r3,libero_goal_object,3,object,success,180,0,179,/media/rootalkhatib/My Passport/reda_ws/asynchvla_ws/stage9_libero_pro_risk_data/campaigns/fiper_sweep_eternal/instance_A/fiper_receding_samples.jsonl
bob|fiper_sweep_eternal|instance_A|libero_goal_object_t3_r30,failure_eval_all,bob,fiper_sweep_eternal,instance_A,libero_goal_object_t3_r30,libero_goal_object,3,object,failure_or_timeout,300,0,299,/media/rootalkhatib/My Passport/reda_ws/asynchvla_ws/stage9_libero_pro_risk_data/campaigns/fiper_sweep_eternal/instance_A/fiper_receding_samples.jsonl
bob|fiper_sweep_eternal|instance_A|libero_goal_object_t3_r31,success_train,bob,fiper_sweep_eternal,instance_A,libero_goal_object_t3_r31,libero_goal_object,3,object,success,173,0,172,/media/rootalkhatib/My Passport/reda_ws/asynchvla_ws/stage9_libero_pro_risk_data/campaigns/fiper_sweep_eternal/instance_A/fiper_receding_samples.jsonl
bob|fiper_sweep_eternal|instance_A|libero_goal_object_t3_r32,success_calib,bob,fiper_sweep_eternal,instance_A,libero_goal_object_t3_r32,libero_goal_object,3,object,success,187,0,186,/media/rootalkhatib/My Passport/reda_ws/asynchvla_ws/stage9_libero_pro_risk_data/campaigns/fiper_sweep_eternal/instance_A/fiper_receding_samples.jsonl
bob|fiper_sweep_eternal|instance_A|libero_goal_object_t3_r33,success_train,bob,fiper_sweep_eternal,instance_A,libero_goal_object_t3_r33,libero_goal_object,3,object,success,185,0,184,/media/rootalkhatib/My Passport/reda_ws/asynchvla_ws/stage9_libero_pro_risk_data/campaigns/fiper_sweep_eternal/instance_A/fiper_receding_samples.jsonl
bob|fiper_sweep_eternal|instance_A|libero_goal_object_t3_r34,success_calib,bob,fiper_sweep_eternal,instance_A,libero_goal_object_t3_r34,libero_goal_object,3,object,success,173,0,172,/media/rootalkhatib/My Passport/reda_ws/asynchvla_ws/stage9_libero_pro_risk_data/campaigns/fiper_sweep_eternal/instance_A/fiper_receding_samples.jsonl
bob|fiper_sweep_eternal|instance_A|libero_goal_object_t3_r35,failure_eval_all,bob,fiper_sweep_eternal,instance_A,libero_goal_object_t3_r35,libero_goal_object,3,object,failure_or_timeout,300,0,299,/media/rootalkhatib/My Passport/reda_ws/asynchvla_ws/stage9_libero_pro_risk_data/campaigns/fiper_sweep_eternal/instance_A/fiper_receding_samples.jsonl
bob|fiper_sweep_eternal|instance_A|libero_goal_object_t3_r36,success_train,bob,fiper_sweep_eternal,instance_A,libero_goal_object_t3_r36,libero_goal_object,3,object,success,192,0,191,/media/rootalkhatib/My Passport/reda_ws/asynchvla_ws/stage9_libero_pro_risk_data/campaigns/fiper_sweep_eternal/instance_A/fiper_receding_samples.jsonl
bob|fiper_sweep_eternal|instance_A|libero_goal_object_t3_r4,success_train,bob,fiper_sweep_eternal,instance_A,libero_goal_object_t3_r4,libero_goal_object,3,object,success,177,0,176,/media/rootalkhatib/My Passport/reda_ws/asynchvla_ws/stage9_libero_pro_risk_data/campaigns/fiper_sweep_eternal/instance_A/fiper_receding_samples.jsonl
bob|fiper_sweep_eternal|instance_A|libero_goal_object_t3_r5,success_calib,bob,fiper_sweep_eternal,instance_A,libero_goal_object_t3_r5,libero_goal_object,3,object,success,179,0,178,/media/rootalkhatib/My Passport/reda_ws/asynchvla_ws/stage9_libero_pro_risk_data/campaigns/fiper_sweep_eternal/instance_A/fiper_receding_samples.jsonl
bob|fiper_sweep_eternal|instance_A|libero_goal_object_t3_r6,success_train,bob,fiper_sweep_eternal,instance_A,libero_goal_object_t3_r6,libero_goal_object,3,object,success,174,0,173,/media/rootalkhatib/My Passport/reda_ws/asynchvla_ws/stage9_libero_pro_risk_data/campaigns/fiper_sweep_eternal/instance_A/fiper_receding_samples.jsonl
bob|fiper_sweep_eternal|instance_A|libero_goal_object_t3_r7,failure_eval_all,bob,fiper_sweep_eternal,instance_A,libero_goal_object_t3_r7,libero_goal_object,3,object,failure_or_timeout,300,0,299,/media/rootalkhatib/My Passport/reda_ws/asynchvla_ws/stage9_libero_pro_risk_data/campaigns/fiper_sweep_eternal/instance_A/fiper_receding_samples.jsonl
bob|fiper_sweep_eternal|instance_A|libero_goal_object_t3_r8,failure_eval_all,bob,fiper_sweep_eternal,instance_A,libero_goal_object_t3_r8,libero_goal_object,3,object,failure_or_timeout,300,0,299,/media/rootalkhatib/My Passport/reda_ws/asynchvla_ws/stage9_libero_pro_risk_data/campaigns/fiper_sweep_eternal/instance_A/fiper_receding_samples.jsonl
bob|fiper_sweep_eternal|instance_A|libero_goal_object_t3_r9,success_train,bob,fiper_sweep_eternal,instance_A,libero_goal_object_t3_r9,libero_goal_object,3,object,success,177,0,176,/media/rootalkhatib/My Passport/reda_ws/asynchvla_ws/stage9_libero_pro_risk_data/campaigns/fiper_sweep_eternal/instance_A/fiper_receding_samples.jsonl
bob|fiper_sweep_eternal|instance_A|libero_goal_object_t4_r0,success_calib,bob,fiper_sweep_eternal,instance_A,libero_goal_object_t4_r0,libero_goal_object,4,object,success,89,0,88,/media/rootalkhatib/My Passport/reda_ws/asynchvla_ws/stage9_libero_pro_risk_data/campaigns/fiper_sweep_eternal/instance_A/fiper_receding_samples.jsonl
bob|fiper_sweep_eternal|instance_A|libero_goal_object_t4_r1,success_train,bob,fiper_sweep_eternal,instance_A,libero_goal_object_t4_r1,libero_goal_object,4,object,success,84,0,83,/media/rootalkhatib/My Passport/reda_ws/asynchvla_ws/stage9_libero_pro_risk_data/campaigns/fiper_sweep_eternal/instance_A/fiper_receding_samples.jsonl
bob|fiper_sweep_eternal|instance_A|libero_goal_object_t4_r10,success_train,bob,fiper_sweep_eternal,instance_A,libero_goal_object_t4_r10,libero_goal_object,4,object,success,85,0,84,/media/rootalkhatib/My Passport/reda_ws/asynchvla_ws/stage9_libero_pro_risk_data/campaigns/fiper_sweep_eternal/instance_A/fiper_receding_samples.jsonl
bob|fiper_sweep_eternal|instance_A|libero_goal_object_t4_r11,success_train,bob,fiper_sweep_eternal,instance_A,libero_goal_object_t4_r11,libero_goal_object,4,object,success,85,0,84,/media/rootalkhatib/My Passport/reda_ws/asynchvla_ws/stage9_libero_pro_risk_data/campaigns/fiper_sweep_eternal/instance_A/fiper_receding_samples.jsonl
bob|fiper_sweep_eternal|instance_A|libero_goal_object_t4_r12,success_train,bob,fiper_sweep_eternal,instance_A,libero_goal_object_t4_r12,libero_goal_object,4,object,success,78,0,77,/media/rootalkhatib/My Passport/reda_ws/asynchvla_ws/stage9_libero_pro_risk_data/campaigns/fiper_sweep_eternal/instance_A/fiper_receding_samples.jsonl
bob|fiper_sweep_eternal|instance_A|libero_goal_object_t4_r13,success_calib,bob,fiper_sweep_eternal,instance_A,libero_goal_object_t4_r13,libero_goal_object,4,object,success,83,0,82,/media/rootalkhatib/My Passport/reda_ws/asynchvla_ws/stage9_libero_pro_risk_data/campaigns/fiper_sweep_eternal/instance_A/fiper_receding_samples.jsonl
bob|fiper_sweep_eternal|instance_A|libero_goal_object_t4_r14,success_train,bob,fiper_sweep_eternal,instance_A,libero_goal_object_t4_r14,libero_goal_object,4,object,success,82,0,81,/media/rootalkhatib/My Passport/reda_ws/asynchvla_ws/stage9_libero_pro_risk_data/campaigns/fiper_sweep_eternal/instance_A/fiper_receding_samples.jsonl
bob|fiper_sweep_eternal|instance_A|libero_goal_object_t4_r15,success_calib,bob,fiper_sweep_eternal,instance_A,libero_goal_object_t4_r15,libero_goal_object,4,object,success,83,0,82,/media/rootalkhatib/My Passport/reda_ws/asynchvla_ws/stage9_libero_pro_risk_data/campaigns/fiper_sweep_eternal/instance_A/fiper_receding_samples.jsonl
bob|fiper_sweep_eternal|instance_A|libero_goal_object_t4_r16,success_train,bob,fiper_sweep_eternal,instance_A,libero_goal_object_t4_r16,libero_goal_object,4,object,success,84,0,83,/media/rootalkhatib/My Passport/reda_ws/asynchvla_ws/stage9_libero_pro_risk_data/campaigns/fiper_sweep_eternal/instance_A/fiper_receding_samples.jsonl
bob|fiper_sweep_eternal|instance_A|libero_goal_object_t4_r17,success_train,bob,fiper_sweep_eternal,instance_A,libero_goal_object_t4_r17,libero_goal_object,4,object,success,85,0,84,/media/rootalkhatib/My Passport/reda_ws/asynchvla_ws/stage9_libero_pro_risk_data/campaigns/fiper_sweep_eternal/instance_A/fiper_receding_samples.jsonl
bob|fiper_sweep_eternal|instance_A|libero_goal_object_t4_r18,success_train,bob,fiper_sweep_eternal,instance_A,libero_goal_object_t4_r18,libero_goal_object,4,object,success,89,0,88,/media/rootalkhatib/My Passport/reda_ws/asynchvla_ws/stage9_libero_pro_risk_data/campaigns/fiper_sweep_eternal/instance_A/fiper_receding_samples.jsonl
bob|fiper_sweep_eternal|instance_A|libero_goal_object_t4_r19,success_train,bob,fiper_sweep_eternal,instance_A,libero_goal_object_t4_r19,libero_goal_object,4,object,success,81,0,80,/media/rootalkhatib/My Passport/reda_ws/asynchvla_ws/stage9_libero_pro_risk_data/campaigns/fiper_sweep_eternal/instance_A/fiper_receding_samples.jsonl
bob|fiper_sweep_eternal|instance_A|libero_goal_object_t4_r2,success_train,bob,fiper_sweep_eternal,instance_A,libero_goal_object_t4_r2,libero_goal_object,4,object,success,86,0,85,/media/rootalkhatib/My Passport/reda_ws/asynchvla_ws/stage9_libero_pro_risk_data/campaigns/fiper_sweep_eternal/instance_A/fiper_receding_samples.jsonl
bob|fiper_sweep_eternal|instance_A|libero_goal_object_t4_r20,success_train,bob,fiper_sweep_eternal,instance_A,libero_goal_object_t4_r20,libero_goal_object,4,object,success,85,0,84,/media/rootalkhatib/My Passport/reda_ws/asynchvla_ws/stage9_libero_pro_risk_data/campaigns/fiper_sweep_eternal/instance_A/fiper_receding_samples.jsonl
bob|fiper_sweep_eternal|instance_A|libero_goal_object_t4_r21,success_calib,bob,fiper_sweep_eternal,instance_A,libero_goal_object_t4_r21,libero_goal_object,4,object,success,86,0,85,/media/rootalkhatib/My Passport/reda_ws/asynchvla_ws/stage9_libero_pro_risk_data/campaigns/fiper_sweep_eternal/instance_A/fiper_receding_samples.jsonl
bob|fiper_sweep_eternal|instance_A|libero_goal_object_t4_r22,success_test_id,bob,fiper_sweep_eternal,instance_A,libero_goal_object_t4_r22,libero_goal_object,4,object,success,86,0,85,/media/rootalkhatib/My Passport/reda_ws/asynchvla_ws/stage9_libero_pro_risk_data/campaigns/fiper_sweep_eternal/instance_A/fiper_receding_samples.jsonl
bob|fiper_sweep_eternal|instance_A|libero_goal_object_t4_r23,success_test_id,bob,fiper_sweep_eternal,instance_A,libero_goal_object_t4_r23,libero_goal_object,4,object,success,82,0,81,/media/rootalkhatib/My Passport/reda_ws/asynchvla_ws/stage9_libero_pro_risk_data/campaigns/fiper_sweep_eternal/instance_A/fiper_receding_samples.jsonl
bob|fiper_sweep_eternal|instance_A|libero_goal_object_t4_r24,success_train,bob,fiper_sweep_eternal,instance_A,libero_goal_object_t4_r24,libero_goal_object,4,object,success,81,0,80,/media/rootalkhatib/My Passport/reda_ws/asynchvla_ws/stage9_libero_pro_risk_data/campaigns/fiper_sweep_eternal/instance_A/fiper_receding_samples.jsonl
bob|fiper_sweep_eternal|instance_A|libero_goal_object_t4_r25,success_train,bob,fiper_sweep_eternal,instance_A,libero_goal_object_t4_r25,libero_goal_object,4,object,success,90,0,89,/media/rootalkhatib/My Passport/reda_ws/asynchvla_ws/stage9_libero_pro_risk_data/campaigns/fiper_sweep_eternal/instance_A/fiper_receding_samples.jsonl
bob|fiper_sweep_eternal|instance_A|libero_goal_object_t4_r26,success_calib,bob,fiper_sweep_eternal,instance_A,libero_goal_object_t4_r26,libero_goal_object,4,object,success,87,0,86,/media/rootalkhatib/My Passport/reda_ws/asynchvla_ws/stage9_libero_pro_risk_data/campaigns/fiper_sweep_eternal/instance_A/fiper_receding_samples.jsonl
bob|fiper_sweep_eternal|instance_A|libero_goal_object_t4_r27,success_test_id,bob,fiper_sweep_eternal,instance_A,libero_goal_object_t4_r27,libero_goal_object,4,object,success,84,0,83,/media/rootalkhatib/My Passport/reda_ws/asynchvla_ws/stage9_libero_pro_risk_data/campaigns/fiper_sweep_eternal/instance_A/fiper_receding_samples.jsonl
bob|fiper_sweep_eternal|instance_A|libero_goal_object_t4_r28,success_train,bob,fiper_sweep_eternal,instance_A,libero_goal_object_t4_r28,libero_goal_object,4,object,success,92,0,91,/media/rootalkhatib/My Passport/reda_ws/asynchvla_ws/stage9_libero_pro_risk_data/campaigns/fiper_sweep_eternal/instance_A/fiper_receding_samples.jsonl
bob|fiper_sweep_eternal|instance_A|libero_goal_object_t4_r29,success_train,bob,fiper_sweep_eternal,instance_A,libero_goal_object_t4_r29,libero_goal_object,4,object,success,91,0,90,/media/rootalkhatib/My Passport/reda_ws/asynchvla_ws/stage9_libero_pro_risk_data/campaigns/fiper_sweep_eternal/instance_A/fiper_receding_samples.jsonl
bob|fiper_sweep_eternal|instance_A|libero_goal_object_t4_r3,success_train,bob,fiper_sweep_eternal,instance_A,libero_goal_object_t4_r3,libero_goal_object,4,object,success,84,0,83,/media/rootalkhatib/My Passport/reda_ws/asynchvla_ws/stage9_libero_pro_risk_data/campaigns/fiper_sweep_eternal/instance_A/fiper_receding_samples.jsonl
bob|fiper_sweep_eternal|instance_A|libero_goal_object_t4_r30,success_train,bob,fiper_sweep_eternal,instance_A,libero_goal_object_t4_r30,libero_goal_object,4,object,success,85,0,84,/media/rootalkhatib/My Passport/reda_ws/asynchvla_ws/stage9_libero_pro_risk_data/campaigns/fiper_sweep_eternal/instance_A/fiper_receding_samples.jsonl
bob|fiper_sweep_eternal|instance_A|libero_goal_object_t4_r31,success_train,bob,fiper_sweep_eternal,instance_A,libero_goal_object_t4_r31,libero_goal_object,4,object,success,83,0,82,/media/rootalkhatib/My Passport/reda_ws/asynchvla_ws/stage9_libero_pro_risk_data/campaigns/fiper_sweep_eternal/instance_A/fiper_receding_samples.jsonl
bob|fiper_sweep_eternal|instance_A|libero_goal_object_t4_r32,success_train,bob,fiper_sweep_eternal,instance_A,libero_goal_object_t4_r32,libero_goal_object,4,object,success,86,0,85,/media/rootalkhatib/My Passport/reda_ws/asynchvla_ws/stage9_libero_pro_risk_data/campaigns/fiper_sweep_eternal/instance_A/fiper_receding_samples.jsonl
bob|fiper_sweep_eternal|instance_A|libero_goal_object_t4_r33,success_train,bob,fiper_sweep_eternal,instance_A,libero_goal_object_t4_r33,libero_goal_object,4,object,success,84,0,83,/media/rootalkhatib/My Passport/reda_ws/asynchvla_ws/stage9_libero_pro_risk_data/campaigns/fiper_sweep_eternal/instance_A/fiper_receding_samples.jsonl
bob|fiper_sweep_eternal|instance_A|libero_goal_object_t4_r34,success_test_id,bob,fiper_sweep_eternal,instance_A,libero_goal_object_t4_r34,libero_goal_object,4,object,success,80,0,79,/media/rootalkhatib/My Passport/reda_ws/asynchvla_ws/stage9_libero_pro_risk_data/campaigns/fiper_sweep_eternal/instance_A/fiper_receding_samples.jsonl
bob|fiper_sweep_eternal|instance_A|libero_goal_object_t4_r35,success_calib,bob,fiper_sweep_eternal,instance_A,libero_goal_object_t4_r35,libero_goal_object,4,object,success,149,0,148,/media/rootalkhatib/My Passport/reda_ws/asynchvla_ws/stage9_libero_pro_risk_data/campaigns/fiper_sweep_eternal/instance_A/fiper_receding_samples.jsonl
bob|fiper_sweep_eternal|instance_A|libero_goal_object_t4_r36,success_train,bob,fiper_sweep_eternal,instance_A,libero_goal_object_t4_r36,libero_goal_object,4,object,success,88,0,87,/media/rootalkhatib/My Passport/reda_ws/asynchvla_ws/stage9_libero_pro_risk_data/campaigns/fiper_sweep_eternal/instance_A/fiper_receding_samples.jsonl
bob|fiper_sweep_eternal|instance_A|libero_goal_object_t4_r4,success_test_id,bob,fiper_sweep_eternal,instance_A,libero_goal_object_t4_r4,libero_goal_object,4,object,success,81,0,80,/media/rootalkhatib/My Passport/reda_ws/asynchvla_ws/stage9_libero_pro_risk_data/campaigns/fiper_sweep_eternal/instance_A/fiper_receding_samples.jsonl
bob|fiper_sweep_eternal|instance_A|libero_goal_object_t4_r5,success_train,bob,fiper_sweep_eternal,instance_A,libero_goal_object_t4_r5,libero_goal_object,4,object,success,80,0,79,/media/rootalkhatib/My Passport/reda_ws/asynchvla_ws/stage9_libero_pro_risk_data/campaigns/fiper_sweep_eternal/instance_A/fiper_receding_samples.jsonl
bob|fiper_sweep_eternal|instance_A|libero_goal_object_t4_r6,success_train,bob,fiper_sweep_eternal,instance_A,libero_goal_object_t4_r6,libero_goal_object,4,object,success,83,0,82,/media/rootalkhatib/My Passport/reda_ws/asynchvla_ws/stage9_libero_pro_risk_data/campaigns/fiper_sweep_eternal/instance_A/fiper_receding_samples.jsonl
bob|fiper_sweep_eternal|instance_A|libero_goal_object_t4_r7,success_train,bob,fiper_sweep_eternal,instance_A,libero_goal_object_t4_r7,libero_goal_object,4,object,success,84,0,83,/media/rootalkhatib/My Passport/reda_ws/asynchvla_ws/stage9_libero_pro_risk_data/campaigns/fiper_sweep_eternal/instance_A/fiper_receding_samples.jsonl
bob|fiper_sweep_eternal|instance_A|libero_goal_object_t4_r8,success_train,bob,fiper_sweep_eternal,instance_A,libero_goal_object_t4_r8,libero_goal_object,4,object,success,82,0,81,/media/rootalkhatib/My Passport/reda_ws/asynchvla_ws/stage9_libero_pro_risk_data/campaigns/fiper_sweep_eternal/instance_A/fiper_receding_samples.jsonl
bob|fiper_sweep_eternal|instance_A|libero_goal_object_t4_r9,success_train,bob,fiper_sweep_eternal,instance_A,libero_goal_object_t4_r9,libero_goal_object,4,object,success,85,0,84,/media/rootalkhatib/My Passport/reda_ws/asynchvla_ws/stage9_libero_pro_risk_data/campaigns/fiper_sweep_eternal/instance_A/fiper_receding_samples.jsonl
bob|fiper_sweep_eternal|instance_A|libero_goal_object_t5_r0,success_train,bob,fiper_sweep_eternal,instance_A,libero_goal_object_t5_r0,libero_goal_object,5,object,success,139,0,138,/media/rootalkhatib/My Passport/reda_ws/asynchvla_ws/stage9_libero_pro_risk_data/campaigns/fiper_sweep_eternal/instance_A/fiper_receding_samples.jsonl
bob|fiper_sweep_eternal|instance_A|libero_goal_object_t5_r1,success_test_id,bob,fiper_sweep_eternal,instance_A,libero_goal_object_t5_r1,libero_goal_object,5,object,success,150,0,149,/media/rootalkhatib/My Passport/reda_ws/asynchvla_ws/stage9_libero_pro_risk_data/campaigns/fiper_sweep_eternal/instance_A/fiper_receding_samples.jsonl
bob|fiper_sweep_eternal|instance_A|libero_goal_object_t5_r10,success_calib,bob,fiper_sweep_eternal,instance_A,libero_goal_object_t5_r10,libero_goal_object,5,object,success,132,0,131,/media/rootalkhatib/My Passport/reda_ws/asynchvla_ws/stage9_libero_pro_risk_data/campaigns/fiper_sweep_eternal/instance_A/fiper_receding_samples.jsonl
bob|fiper_sweep_eternal|instance_A|libero_goal_object_t5_r11,success_test_id,bob,fiper_sweep_eternal,instance_A,libero_goal_object_t5_r11,libero_goal_object,5,object,success,110,0,109,/media/rootalkhatib/My Passport/reda_ws/asynchvla_ws/stage9_libero_pro_risk_data/campaigns/fiper_sweep_eternal/instance_A/fiper_receding_samples.jsonl
bob|fiper_sweep_eternal|instance_A|libero_goal_object_t5_r12,success_train,bob,fiper_sweep_eternal,instance_A,libero_goal_object_t5_r12,libero_goal_object,5,object,success,109,0,108,/media/rootalkhatib/My Passport/reda_ws/asynchvla_ws/stage9_libero_pro_risk_data/campaigns/fiper_sweep_eternal/instance_A/fiper_receding_samples.jsonl
bob|fiper_sweep_eternal|instance_A|libero_goal_object_t5_r13,success_train,bob,fiper_sweep_eternal,instance_A,libero_goal_object_t5_r13,libero_goal_object,5,object,success,143,0,142,/media/rootalkhatib/My Passport/reda_ws/asynchvla_ws/stage9_libero_pro_risk_data/campaigns/fiper_sweep_eternal/instance_A/fiper_receding_samples.jsonl
bob|fiper_sweep_eternal|instance_A|libero_goal_object_t5_r14,success_train,bob,fiper_sweep_eternal,instance_A,libero_goal_object_t5_r14,libero_goal_object,5,object,success,117,0,116,/media/rootalkhatib/My Passport/reda_ws/asynchvla_ws/stage9_libero_pro_risk_data/campaigns/fiper_sweep_eternal/instance_A/fiper_receding_samples.jsonl
bob|fiper_sweep_eternal|instance_A|libero_goal_object_t5_r15,success_train,bob,fiper_sweep_eternal,instance_A,libero_goal_object_t5_r15,libero_goal_object,5,object,success,142,0,141,/media/rootalkhatib/My Passport/reda_ws/asynchvla_ws/stage9_libero_pro_risk_data/campaigns/fiper_sweep_eternal/instance_A/fiper_receding_samples.jsonl
bob|fiper_sweep_eternal|instance_A|libero_goal_object_t5_r16,success_train,bob,fiper_sweep_eternal,instance_A,libero_goal_object_t5_r16,libero_goal_object,5,object,success,125,0,124,/media/rootalkhatib/My Passport/reda_ws/asynchvla_ws/stage9_libero_pro_risk_data/campaigns/fiper_sweep_eternal/instance_A/fiper_receding_samples.jsonl
bob|fiper_sweep_eternal|instance_A|libero_goal_object_t5_r17,success_train,bob,fiper_sweep_eternal,instance_A,libero_goal_object_t5_r17,libero_goal_object,5,object,success,127,0,126,/media/rootalkhatib/My Passport/reda_ws/asynchvla_ws/stage9_libero_pro_risk_data/campaigns/fiper_sweep_eternal/instance_A/fiper_receding_samples.jsonl
bob|fiper_sweep_eternal|instance_A|libero_goal_object_t5_r18,success_train,bob,fiper_sweep_eternal,instance_A,libero_goal_object_t5_r18,libero_goal_object,5,object,success,133,0,132,/media/rootalkhatib/My Passport/reda_ws/asynchvla_ws/stage9_libero_pro_risk_data/campaigns/fiper_sweep_eternal/instance_A/fiper_receding_samples.jsonl
bob|fiper_sweep_eternal|instance_A|libero_goal_object_t5_r19,success_train,bob,fiper_sweep_eternal,instance_A,libero_goal_object_t5_r19,libero_goal_object,5,object,success,118,0,117,/media/rootalkhatib/My Passport/reda_ws/asynchvla_ws/stage9_libero_pro_risk_data/campaigns/fiper_sweep_eternal/instance_A/fiper_receding_samples.jsonl
bob|fiper_sweep_eternal|instance_A|libero_goal_object_t5_r2,success_train,bob,fiper_sweep_eternal,instance_A,libero_goal_object_t5_r2,libero_goal_object,5,object,success,135,0,134,/media/rootalkhatib/My Passport/reda_ws/asynchvla_ws/stage9_libero_pro_risk_data/campaigns/fiper_sweep_eternal/instance_A/fiper_receding_samples.jsonl
bob|fiper_sweep_eternal|instance_A|libero_goal_object_t5_r20,success_test_id,bob,fiper_sweep_eternal,instance_A,libero_goal_object_t5_r20,libero_goal_object,5,object,success,115,0,114,/media/rootalkhatib/My Passport/reda_ws/asynchvla_ws/stage9_libero_pro_risk_data/campaigns/fiper_sweep_eternal/instance_A/fiper_receding_samples.jsonl
bob|fiper_sweep_eternal|instance_A|libero_goal_object_t5_r21,success_test_id,bob,fiper_sweep_eternal,instance_A,libero_goal_object_t5_r21,libero_goal_object,5,object,success,124,0,123,/media/rootalkhatib/My Passport/reda_ws/asynchvla_ws/stage9_libero_pro_risk_data/campaigns/fiper_sweep_eternal/instance_A/fiper_receding_samples.jsonl
bob|fiper_sweep_eternal|instance_A|libero_goal_object_t5_r22,success_train,bob,fiper_sweep_eternal,instance_A,libero_goal_object_t5_r22,libero_goal_object,5,object,success,192,0,191,/media/rootalkhatib/My Passport/reda_ws/asynchvla_ws/stage9_libero_pro_risk_data/campaigns/fiper_sweep_eternal/instance_A/fiper_receding_samples.jsonl
bob|fiper_sweep_eternal|instance_A|libero_goal_object_t5_r23,success_train,bob,fiper_sweep_eternal,instance_A,libero_goal_object_t5_r23,libero_goal_object,5,object,success,129,0,128,/media/rootalkhatib/My Passport/reda_ws/asynchvla_ws/stage9_libero_pro_risk_data/campaigns/fiper_sweep_eternal/instance_A/fiper_receding_samples.jsonl
bob|fiper_sweep_eternal|instance_A|libero_goal_object_t5_r24,success_train,bob,fiper_sweep_eternal,instance_A,libero_goal_object_t5_r24,libero_goal_object,5,object,success,135,0,134,/media/rootalkhatib/My Passport/reda_ws/asynchvla_ws/stage9_libero_pro_risk_data/campaigns/fiper_sweep_eternal/instance_A/fiper_receding_samples.jsonl
bob|fiper_sweep_eternal|instance_A|libero_goal_object_t5_r25,success_calib,bob,fiper_sweep_eternal,instance_A,libero_goal_object_t5_r25,libero_goal_object,5,object,success,131,0,130,/media/rootalkhatib/My Passport/reda_ws/asynchvla_ws/stage9_libero_pro_risk_data/campaigns/fiper_sweep_eternal/instance_A/fiper_receding_samples.jsonl
bob|fiper_sweep_eternal|instance_A|libero_goal_object_t5_r26,success_train,bob,fiper_sweep_eternal,instance_A,libero_goal_object_t5_r26,libero_goal_object,5,object,success,136,0,135,/media/rootalkhatib/My Passport/reda_ws/asynchvla_ws/stage9_libero_pro_risk_data/campaigns/fiper_sweep_eternal/instance_A/fiper_receding_samples.jsonl
bob|fiper_sweep_eternal|instance_A|libero_goal_object_t5_r27,success_train,bob,fiper_sweep_eternal,instance_A,libero_goal_object_t5_r27,libero_goal_object,5,object,success,115,0,114,/media/rootalkhatib/My Passport/reda_ws/asynchvla_ws/stage9_libero_pro_risk_data/campaigns/fiper_sweep_eternal/instance_A/fiper_receding_samples.jsonl
bob|fiper_sweep_eternal|instance_A|libero_goal_object_t5_r28,success_train,bob,fiper_sweep_eternal,instance_A,libero_goal_object_t5_r28,libero_goal_object,5,object,success,136,0,135,/media/rootalkhatib/My Passport/reda_ws/asynchvla_ws/stage9_libero_pro_risk_data/campaigns/fiper_sweep_eternal/instance_A/fiper_receding_samples.jsonl
bob|fiper_sweep_eternal|instance_A|libero_goal_object_t5_r29,success_train,bob,fiper_sweep_eternal,instance_A,libero_goal_object_t5_r29,libero_goal_object,5,object,success,142,0,141,/media/rootalkhatib/My Passport/reda_ws/asynchvla_ws/stage9_libero_pro_risk_data/campaigns/fiper_sweep_eternal/instance_A/fiper_receding_samples.jsonl
bob|fiper_sweep_eternal|instance_A|libero_goal_object_t5_r3,success_train,bob,fiper_sweep_eternal,instance_A,libero_goal_object_t5_r3,libero_goal_object,5,object,success,142,0,141,/media/rootalkhatib/My Passport/reda_ws/asynchvla_ws/stage9_libero_pro_risk_data/campaigns/fiper_sweep_eternal/instance_A/fiper_receding_samples.jsonl
bob|fiper_sweep_eternal|instance_A|libero_goal_object_t5_r30,success_train,bob,fiper_sweep_eternal,instance_A,libero_goal_object_t5_r30,libero_goal_object,5,object,success,147,0,146,/media/rootalkhatib/My Passport/reda_ws/asynchvla_ws/stage9_libero_pro_risk_data/campaigns/fiper_sweep_eternal/instance_A/fiper_receding_samples.jsonl
bob|fiper_sweep_eternal|instance_A|libero_goal_object_t5_r31,success_test_id,bob,fiper_sweep_eternal,instance_A,libero_goal_object_t5_r31,libero_goal_object,5,object,success,122,0,121,/media/rootalkhatib/My Passport/reda_ws/asynchvla_ws/stage9_libero_pro_risk_data/campaigns/fiper_sweep_eternal/instance_A/fiper_receding_samples.jsonl
bob|fiper_sweep_eternal|instance_A|libero_goal_object_t5_r32,success_calib,bob,fiper_sweep_eternal,instance_A,libero_goal_object_t5_r32,libero_goal_object,5,object,success,147,0,146,/media/rootalkhatib/My Passport/reda_ws/asynchvla_ws/stage9_libero_pro_risk_data/campaigns/fiper_sweep_eternal/instance_A/fiper_receding_samples.jsonl
bob|fiper_sweep_eternal|instance_A|libero_goal_object_t5_r33,success_train,bob,fiper_sweep_eternal,instance_A,libero_goal_object_t5_r33,libero_goal_object,5,object,success,139,0,138,/media/rootalkhatib/My Passport/reda_ws/asynchvla_ws/stage9_libero_pro_risk_data/campaigns/fiper_sweep_eternal/instance_A/fiper_receding_samples.jsonl
bob|fiper_sweep_eternal|instance_A|libero_goal_object_t5_r34,success_calib,bob,fiper_sweep_eternal,instance_A,libero_goal_object_t5_r34,libero_goal_object,5,object,success,149,0,148,/media/rootalkhatib/My Passport/reda_ws/asynchvla_ws/stage9_libero_pro_risk_data/campaigns/fiper_sweep_eternal/instance_A/fiper_receding_samples.jsonl
bob|fiper_sweep_eternal|instance_A|libero_goal_object_t5_r35,success_train,bob,fiper_sweep_eternal,instance_A,libero_goal_object_t5_r35,libero_goal_object,5,object,success,149,0,148,/media/rootalkhatib/My Passport/reda_ws/asynchvla_ws/stage9_libero_pro_risk_data/campaigns/fiper_sweep_eternal/instance_A/fiper_receding_samples.jsonl
bob|fiper_sweep_eternal|instance_A|libero_goal_object_t5_r36,success_train,bob,fiper_sweep_eternal,instance_A,libero_goal_object_t5_r36,libero_goal_object,5,object,success,128,0,127,/media/rootalkhatib/My Passport/reda_ws/asynchvla_ws/stage9_libero_pro_risk_data/campaigns/fiper_sweep_eternal/instance_A/fiper_receding_samples.jsonl
bob|fiper_sweep_eternal|instance_A|libero_goal_object_t5_r4,success_train,bob,fiper_sweep_eternal,instance_A,libero_goal_object_t5_r4,libero_goal_object,5,object,success,122,0,121,/media/rootalkhatib/My Passport/reda_ws/asynchvla_ws/stage9_libero_pro_risk_data/campaigns/fiper_sweep_eternal/instance_A/fiper_receding_samples.jsonl
bob|fiper_sweep_eternal|instance_A|libero_goal_object_t5_r5,success_train,bob,fiper_sweep_eternal,instance_A,libero_goal_object_t5_r5,libero_goal_object,5,object,success,131,0,130,/media/rootalkhatib/My Passport/reda_ws/asynchvla_ws/stage9_libero_pro_risk_data/campaigns/fiper_sweep_eternal/instance_A/fiper_receding_samples.jsonl
bob|fiper_sweep_eternal|instance_A|libero_goal_object_t5_r6,success_calib,bob,fiper_sweep_eternal,instance_A,libero_goal_object_t5_r6,libero_goal_object,5,object,success,135,0,134,/media/rootalkhatib/My Passport/reda_ws/asynchvla_ws/stage9_libero_pro_risk_data/campaigns/fiper_sweep_eternal/instance_A/fiper_receding_samples.jsonl
bob|fiper_sweep_eternal|instance_A|libero_goal_object_t5_r7,success_train,bob,fiper_sweep_eternal,instance_A,libero_goal_object_t5_r7,libero_goal_object,5,object,success,124,0,123,/media/rootalkhatib/My Passport/reda_ws/asynchvla_ws/stage9_libero_pro_risk_data/campaigns/fiper_sweep_eternal/instance_A/fiper_receding_samples.jsonl
bob|fiper_sweep_eternal|instance_A|libero_goal_object_t5_r8,success_calib,bob,fiper_sweep_eternal,instance_A,libero_goal_object_t5_r8,libero_goal_object,5,object,success,179,0,178,/media/rootalkhatib/My Passport/reda_ws/asynchvla_ws/stage9_libero_pro_risk_data/campaigns/fiper_sweep_eternal/instance_A/fiper_receding_samples.jsonl
bob|fiper_sweep_eternal|instance_A|libero_goal_object_t5_r9,success_train,bob,fiper_sweep_eternal,instance_A,libero_goal_object_t5_r9,libero_goal_object,5,object,success,157,0,156,/media/rootalkhatib/My Passport/reda_ws/asynchvla_ws/stage9_libero_pro_risk_data/campaigns/fiper_sweep_eternal/instance_A/fiper_receding_samples.jsonl
bob|fiper_sweep_eternal|instance_A|libero_goal_object_t6_r0,success_train,bob,fiper_sweep_eternal,instance_A,libero_goal_object_t6_r0,libero_goal_object,6,object,success,85,0,84,/media/rootalkhatib/My Passport/reda_ws/asynchvla_ws/stage9_libero_pro_risk_data/campaigns/fiper_sweep_eternal/instance_A/fiper_receding_samples.jsonl
bob|fiper_sweep_eternal|instance_A|libero_goal_object_t6_r1,success_train,bob,fiper_sweep_eternal,instance_A,libero_goal_object_t6_r1,libero_goal_object,6,object,success,93,0,92,/media/rootalkhatib/My Passport/reda_ws/asynchvla_ws/stage9_libero_pro_risk_data/campaigns/fiper_sweep_eternal/instance_A/fiper_receding_samples.jsonl
bob|fiper_sweep_eternal|instance_A|libero_goal_object_t6_r10,success_calib,bob,fiper_sweep_eternal,instance_A,libero_goal_object_t6_r10,libero_goal_object,6,object,success,90,0,89,/media/rootalkhatib/My Passport/reda_ws/asynchvla_ws/stage9_libero_pro_risk_data/campaigns/fiper_sweep_eternal/instance_A/fiper_receding_samples.jsonl
bob|fiper_sweep_eternal|instance_A|libero_goal_object_t6_r11,success_calib,bob,fiper_sweep_eternal,instance_A,libero_goal_object_t6_r11,libero_goal_object,6,object,success,93,0,92,/media/rootalkhatib/My Passport/reda_ws/asynchvla_ws/stage9_libero_pro_risk_data/campaigns/fiper_sweep_eternal/instance_A/fiper_receding_samples.jsonl
bob|fiper_sweep_eternal|instance_A|libero_goal_object_t6_r12,success_train,bob,fiper_sweep_eternal,instance_A,libero_goal_object_t6_r12,libero_goal_object,6,object,success,96,0,95,/media/rootalkhatib/My Passport/reda_ws/asynchvla_ws/stage9_libero_pro_risk_data/campaigns/fiper_sweep_eternal/instance_A/fiper_receding_samples.jsonl
bob|fiper_sweep_eternal|instance_A|libero_goal_object_t6_r13,success_train,bob,fiper_sweep_eternal,instance_A,libero_goal_object_t6_r13,libero_goal_object,6,object,success,84,0,83,/media/rootalkhatib/My Passport/reda_ws/asynchvla_ws/stage9_libero_pro_risk_data/campaigns/fiper_sweep_eternal/instance_A/fiper_receding_samples.jsonl
bob|fiper_sweep_eternal|instance_A|libero_goal_object_t6_r14,success_calib,bob,fiper_sweep_eternal,instance_A,libero_goal_object_t6_r14,libero_goal_object,6,object,success,95,0,94,/media/rootalkhatib/My Passport/reda_ws/asynchvla_ws/stage9_libero_pro_risk_data/campaigns/fiper_sweep_eternal/instance_A/fiper_receding_samples.jsonl
bob|fiper_sweep_eternal|instance_A|libero_goal_object_t6_r15,success_train,bob,fiper_sweep_eternal,instance_A,libero_goal_object_t6_r15,libero_goal_object,6,object,success,88,0,87,/media/rootalkhatib/My Passport/reda_ws/asynchvla_ws/stage9_libero_pro_risk_data/campaigns/fiper_sweep_eternal/instance_A/fiper_receding_samples.jsonl
bob|fiper_sweep_eternal|instance_A|libero_goal_object_t6_r16,success_train,bob,fiper_sweep_eternal,instance_A,libero_goal_object_t6_r16,libero_goal_object,6,object,success,89,0,88,/media/rootalkhatib/My Passport/reda_ws/asynchvla_ws/stage9_libero_pro_risk_data/campaigns/fiper_sweep_eternal/instance_A/fiper_receding_samples.jsonl
bob|fiper_sweep_eternal|instance_A|libero_goal_object_t6_r17,failure_eval_all,bob,fiper_sweep_eternal,instance_A,libero_goal_object_t6_r17,libero_goal_object,6,object,failure_or_timeout,300,0,299,/media/rootalkhatib/My Passport/reda_ws/asynchvla_ws/stage9_libero_pro_risk_data/campaigns/fiper_sweep_eternal/instance_A/fiper_receding_samples.jsonl
bob|fiper_sweep_eternal|instance_A|libero_goal_object_t6_r18,success_calib,bob,fiper_sweep_eternal,instance_A,libero_goal_object_t6_r18,libero_goal_object,6,object,success,84,0,83,/media/rootalkhatib/My Passport/reda_ws/asynchvla_ws/stage9_libero_pro_risk_data/campaigns/fiper_sweep_eternal/instance_A/fiper_receding_samples.jsonl
bob|fiper_sweep_eternal|instance_A|libero_goal_object_t6_r19,success_train,bob,fiper_sweep_eternal,instance_A,libero_goal_object_t6_r19,libero_goal_object,6,object,success,114,0,113,/media/rootalkhatib/My Passport/reda_ws/asynchvla_ws/stage9_libero_pro_risk_data/campaigns/fiper_sweep_eternal/instance_A/fiper_receding_samples.jsonl
bob|fiper_sweep_eternal|instance_A|libero_goal_object_t6_r2,success_train,bob,fiper_sweep_eternal,instance_A,libero_goal_object_t6_r2,libero_goal_object,6,object,success,98,0,97,/media/rootalkhatib/My Passport/reda_ws/asynchvla_ws/stage9_libero_pro_risk_data/campaigns/fiper_sweep_eternal/instance_A/fiper_receding_samples.jsonl
bob|fiper_sweep_eternal|instance_A|libero_goal_object_t6_r20,success_test_id,bob,fiper_sweep_eternal,instance_A,libero_goal_object_t6_r20,libero_goal_object,6,object,success,85,0,84,/media/rootalkhatib/My Passport/reda_ws/asynchvla_ws/stage9_libero_pro_risk_data/campaigns/fiper_sweep_eternal/instance_A/fiper_receding_samples.jsonl
bob|fiper_sweep_eternal|instance_A|libero_goal_object_t6_r21,success_train,bob,fiper_sweep_eternal,instance_A,libero_goal_object_t6_r21,libero_goal_object,6,object,success,96,0,95,/media/rootalkhatib/My Passport/reda_ws/asynchvla_ws/stage9_libero_pro_risk_data/campaigns/fiper_sweep_eternal/instance_A/fiper_receding_samples.jsonl
bob|fiper_sweep_eternal|instance_A|libero_goal_object_t6_r22,success_train,bob,fiper_sweep_eternal,instance_A,libero_goal_object_t6_r22,libero_goal_object,6,object,success,99,0,98,/media/rootalkhatib/My Passport/reda_ws/asynchvla_ws/stage9_libero_pro_risk_data/campaigns/fiper_sweep_eternal/instance_A/fiper_receding_samples.jsonl
bob|fiper_sweep_eternal|instance_A|libero_goal_object_t6_r23,success_test_id,bob,fiper_sweep_eternal,instance_A,libero_goal_object_t6_r23,libero_goal_object,6,object,success,95,0,94,/media/rootalkhatib/My Passport/reda_ws/asynchvla_ws/stage9_libero_pro_risk_data/campaigns/fiper_sweep_eternal/instance_A/fiper_receding_samples.jsonl
bob|fiper_sweep_eternal|instance_A|libero_goal_object_t6_r24,success_test_id,bob,fiper_sweep_eternal,instance_A,libero_goal_object_t6_r24,libero_goal_object,6,object,success,93,0,92,/media/rootalkhatib/My Passport/reda_ws/asynchvla_ws/stage9_libero_pro_risk_data/campaigns/fiper_sweep_eternal/instance_A/fiper_receding_samples.jsonl
bob|fiper_sweep_eternal|instance_A|libero_goal_object_t6_r25,success_train,bob,fiper_sweep_eternal,instance_A,libero_goal_object_t6_r25,libero_goal_object,6,object,success,92,0,91,/media/rootalkhatib/My Passport/reda_ws/asynchvla_ws/stage9_libero_pro_risk_data/campaigns/fiper_sweep_eternal/instance_A/fiper_receding_samples.jsonl
bob|fiper_sweep_eternal|instance_A|libero_goal_object_t6_r26,success_train,bob,fiper_sweep_eternal,instance_A,libero_goal_object_t6_r26,libero_goal_object,6,object,success,101,0,100,/media/rootalkhatib/My Passport/reda_ws/asynchvla_ws/stage9_libero_pro_risk_data/campaigns/fiper_sweep_eternal/instance_A/fiper_receding_samples.jsonl
bob|fiper_sweep_eternal|instance_A|libero_goal_object_t6_r27,success_train,bob,fiper_sweep_eternal,instance_A,libero_goal_object_t6_r27,libero_goal_object,6,object,success,95,0,94,/media/rootalkhatib/My Passport/reda_ws/asynchvla_ws/stage9_libero_pro_risk_data/campaigns/fiper_sweep_eternal/instance_A/fiper_receding_samples.jsonl
bob|fiper_sweep_eternal|instance_A|libero_goal_object_t6_r28,success_test_id,bob,fiper_sweep_eternal,instance_A,libero_goal_object_t6_r28,libero_goal_object,6,object,success,88,0,87,/media/rootalkhatib/My Passport/reda_ws/asynchvla_ws/stage9_libero_pro_risk_data/campaigns/fiper_sweep_eternal/instance_A/fiper_receding_samples.jsonl
bob|fiper_sweep_eternal|instance_A|libero_goal_object_t6_r29,success_train,bob,fiper_sweep_eternal,instance_A,libero_goal_object_t6_r29,libero_goal_object,6,object,success,91,0,90,/media/rootalkhatib/My Passport/reda_ws/asynchvla_ws/stage9_libero_pro_risk_data/campaigns/fiper_sweep_eternal/instance_A/fiper_receding_samples.jsonl
bob|fiper_sweep_eternal|instance_A|libero_goal_object_t6_r3,success_train,bob,fiper_sweep_eternal,instance_A,libero_goal_object_t6_r3,libero_goal_object,6,object,success,87,0,86,/media/rootalkhatib/My Passport/reda_ws/asynchvla_ws/stage9_libero_pro_risk_data/campaigns/fiper_sweep_eternal/instance_A/fiper_receding_samples.jsonl
bob|fiper_sweep_eternal|instance_A|libero_goal_object_t6_r30,success_train,bob,fiper_sweep_eternal,instance_A,libero_goal_object_t6_r30,libero_goal_object,6,object,success,95,0,94,/media/rootalkhatib/My Passport/reda_ws/asynchvla_ws/stage9_libero_pro_risk_data/campaigns/fiper_sweep_eternal/instance_A/fiper_receding_samples.jsonl
bob|fiper_sweep_eternal|instance_A|libero_goal_object_t6_r31,success_test_id,bob,fiper_sweep_eternal,instance_A,libero_goal_object_t6_r31,libero_goal_object,6,object,success,91,0,90,/media/rootalkhatib/My Passport/reda_ws/asynchvla_ws/stage9_libero_pro_risk_data/campaigns/fiper_sweep_eternal/instance_A/fiper_receding_samples.jsonl
bob|fiper_sweep_eternal|instance_A|libero_goal_object_t6_r32,success_train,bob,fiper_sweep_eternal,instance_A,libero_goal_object_t6_r32,libero_goal_object,6,object,success,87,0,86,/media/rootalkhatib/My Passport/reda_ws/asynchvla_ws/stage9_libero_pro_risk_data/campaigns/fiper_sweep_eternal/instance_A/fiper_receding_samples.jsonl
bob|fiper_sweep_eternal|instance_A|libero_goal_object_t6_r33,success_calib,bob,fiper_sweep_eternal,instance_A,libero_goal_object_t6_r33,libero_goal_object,6,object,success,89,0,88,/media/rootalkhatib/My Passport/reda_ws/asynchvla_ws/stage9_libero_pro_risk_data/campaigns/fiper_sweep_eternal/instance_A/fiper_receding_samples.jsonl
bob|fiper_sweep_eternal|instance_A|libero_goal_object_t6_r34,success_train,bob,fiper_sweep_eternal,instance_A,libero_goal_object_t6_r34,libero_goal_object,6,object,success,87,0,86,/media/rootalkhatib/My Passport/reda_ws/asynchvla_ws/stage9_libero_pro_risk_data/campaigns/fiper_sweep_eternal/instance_A/fiper_receding_samples.jsonl
bob|fiper_sweep_eternal|instance_A|libero_goal_object_t6_r35,success_test_id,bob,fiper_sweep_eternal,instance_A,libero_goal_object_t6_r35,libero_goal_object,6,object,success,95,0,94,/media/rootalkhatib/My Passport/reda_ws/asynchvla_ws/stage9_libero_pro_risk_data/campaigns/fiper_sweep_eternal/instance_A/fiper_receding_samples.jsonl
bob|fiper_sweep_eternal|instance_A|libero_goal_object_t6_r36,success_train,bob,fiper_sweep_eternal,instance_A,libero_goal_object_t6_r36,libero_goal_object,6,object,success,99,0,98,/media/rootalkhatib/My Passport/reda_ws/asynchvla_ws/stage9_libero_pro_risk_data/campaigns/fiper_sweep_eternal/instance_A/fiper_receding_samples.jsonl
bob|fiper_sweep_eternal|instance_A|libero_goal_object_t6_r4,success_train,bob,fiper_sweep_eternal,instance_A,libero_goal_object_t6_r4,libero_goal_object,6,object,success,102,0,101,/media/rootalkhatib/My Passport/reda_ws/asynchvla_ws/stage9_libero_pro_risk_data/campaigns/fiper_sweep_eternal/instance_A/fiper_receding_samples.jsonl
bob|fiper_sweep_eternal|instance_A|libero_goal_object_t6_r5,success_train,bob,fiper_sweep_eternal,instance_A,libero_goal_object_t6_r5,libero_goal_object,6,object,success,90,0,89,/media/rootalkhatib/My Passport/reda_ws/asynchvla_ws/stage9_libero_pro_risk_data/campaigns/fiper_sweep_eternal/instance_A/fiper_receding_samples.jsonl
bob|fiper_sweep_eternal|instance_A|libero_goal_object_t6_r6,success_train,bob,fiper_sweep_eternal,instance_A,libero_goal_object_t6_r6,libero_goal_object,6,object,success,86,0,85,/media/rootalkhatib/My Passport/reda_ws/asynchvla_ws/stage9_libero_pro_risk_data/campaigns/fiper_sweep_eternal/instance_A/fiper_receding_samples.jsonl
bob|fiper_sweep_eternal|instance_A|libero_goal_object_t6_r7,success_train,bob,fiper_sweep_eternal,instance_A,libero_goal_object_t6_r7,libero_goal_object,6,object,success,93,0,92,/media/rootalkhatib/My Passport/reda_ws/asynchvla_ws/stage9_libero_pro_risk_data/campaigns/fiper_sweep_eternal/instance_A/fiper_receding_samples.jsonl
bob|fiper_sweep_eternal|instance_A|libero_goal_object_t6_r8,success_train,bob,fiper_sweep_eternal,instance_A,libero_goal_object_t6_r8,libero_goal_object,6,object,success,89,0,88,/media/rootalkhatib/My Passport/reda_ws/asynchvla_ws/stage9_libero_pro_risk_data/campaigns/fiper_sweep_eternal/instance_A/fiper_receding_samples.jsonl
bob|fiper_sweep_eternal|instance_A|libero_goal_object_t6_r9,success_train,bob,fiper_sweep_eternal,instance_A,libero_goal_object_t6_r9,libero_goal_object,6,object,success,95,0,94,/media/rootalkhatib/My Passport/reda_ws/asynchvla_ws/stage9_libero_pro_risk_data/campaigns/fiper_sweep_eternal/instance_A/fiper_receding_samples.jsonl
bob|fiper_sweep_eternal|instance_A|libero_goal_object_t7_r0,success_test_id,bob,fiper_sweep_eternal,instance_A,libero_goal_object_t7_r0,libero_goal_object,7,object,success,77,0,76,/media/rootalkhatib/My Passport/reda_ws/asynchvla_ws/stage9_libero_pro_risk_data/campaigns/fiper_sweep_eternal/instance_A/fiper_receding_samples.jsonl
bob|fiper_sweep_eternal|instance_A|libero_goal_object_t7_r1,success_calib,bob,fiper_sweep_eternal,instance_A,libero_goal_object_t7_r1,libero_goal_object,7,object,success,76,0,75,/media/rootalkhatib/My Passport/reda_ws/asynchvla_ws/stage9_libero_pro_risk_data/campaigns/fiper_sweep_eternal/instance_A/fiper_receding_samples.jsonl
bob|fiper_sweep_eternal|instance_A|libero_goal_object_t7_r10,success_train,bob,fiper_sweep_eternal,instance_A,libero_goal_object_t7_r10,libero_goal_object,7,object,success,76,0,75,/media/rootalkhatib/My Passport/reda_ws/asynchvla_ws/stage9_libero_pro_risk_data/campaigns/fiper_sweep_eternal/instance_A/fiper_receding_samples.jsonl
bob|fiper_sweep_eternal|instance_A|libero_goal_object_t7_r11,success_train,bob,fiper_sweep_eternal,instance_A,libero_goal_object_t7_r11,libero_goal_object,7,object,success,81,0,80,/media/rootalkhatib/My Passport/reda_ws/asynchvla_ws/stage9_libero_pro_risk_data/campaigns/fiper_sweep_eternal/instance_A/fiper_receding_samples.jsonl
bob|fiper_sweep_eternal|instance_A|libero_goal_object_t7_r12,success_train,bob,fiper_sweep_eternal,instance_A,libero_goal_object_t7_r12,libero_goal_object,7,object,success,68,0,67,/media/rootalkhatib/My Passport/reda_ws/asynchvla_ws/stage9_libero_pro_risk_data/campaigns/fiper_sweep_eternal/instance_A/fiper_receding_samples.jsonl
bob|fiper_sweep_eternal|instance_A|libero_goal_object_t7_r13,success_train,bob,fiper_sweep_eternal,instance_A,libero_goal_object_t7_r13,libero_goal_object,7,object,success,78,0,77,/media/rootalkhatib/My Passport/reda_ws/asynchvla_ws/stage9_libero_pro_risk_data/campaigns/fiper_sweep_eternal/instance_A/fiper_receding_samples.jsonl
bob|fiper_sweep_eternal|instance_A|libero_goal_object_t7_r14,success_train,bob,fiper_sweep_eternal,instance_A,libero_goal_object_t7_r14,libero_goal_object,7,object,success,72,0,71,/media/rootalkhatib/My Passport/reda_ws/asynchvla_ws/stage9_libero_pro_risk_data/campaigns/fiper_sweep_eternal/instance_A/fiper_receding_samples.jsonl
bob|fiper_sweep_eternal|instance_A|libero_goal_object_t7_r15,success_train,bob,fiper_sweep_eternal,instance_A,libero_goal_object_t7_r15,libero_goal_object,7,object,success,74,0,73,/media/rootalkhatib/My Passport/reda_ws/asynchvla_ws/stage9_libero_pro_risk_data/campaigns/fiper_sweep_eternal/instance_A/fiper_receding_samples.jsonl
bob|fiper_sweep_eternal|instance_A|libero_goal_object_t7_r16,success_train,bob,fiper_sweep_eternal,instance_A,libero_goal_object_t7_r16,libero_goal_object,7,object,success,76,0,75,/media/rootalkhatib/My Passport/reda_ws/asynchvla_ws/stage9_libero_pro_risk_data/campaigns/fiper_sweep_eternal/instance_A/fiper_receding_samples.jsonl
bob|fiper_sweep_eternal|instance_A|libero_goal_object_t7_r17,success_test_id,bob,fiper_sweep_eternal,instance_A,libero_goal_object_t7_r17,libero_goal_object,7,object,success,71,0,70,/media/rootalkhatib/My Passport/reda_ws/asynchvla_ws/stage9_libero_pro_risk_data/campaigns/fiper_sweep_eternal/instance_A/fiper_receding_samples.jsonl
bob|fiper_sweep_eternal|instance_A|libero_goal_object_t7_r18,success_train,bob,fiper_sweep_eternal,instance_A,libero_goal_object_t7_r18,libero_goal_object,7,object,success,69,0,68,/media/rootalkhatib/My Passport/reda_ws/asynchvla_ws/stage9_libero_pro_risk_data/campaigns/fiper_sweep_eternal/instance_A/fiper_receding_samples.jsonl
bob|fiper_sweep_eternal|instance_A|libero_goal_object_t7_r19,success_test_id,bob,fiper_sweep_eternal,instance_A,libero_goal_object_t7_r19,libero_goal_object,7,object,success,69,0,68,/media/rootalkhatib/My Passport/reda_ws/asynchvla_ws/stage9_libero_pro_risk_data/campaigns/fiper_sweep_eternal/instance_A/fiper_receding_samples.jsonl
bob|fiper_sweep_eternal|instance_A|libero_goal_object_t7_r2,success_calib,bob,fiper_sweep_eternal,instance_A,libero_goal_object_t7_r2,libero_goal_object,7,object,success,75,0,74,/media/rootalkhatib/My Passport/reda_ws/asynchvla_ws/stage9_libero_pro_risk_data/campaigns/fiper_sweep_eternal/instance_A/fiper_receding_samples.jsonl
bob|fiper_sweep_eternal|instance_A|libero_goal_object_t7_r20,success_train,bob,fiper_sweep_eternal,instance_A,libero_goal_object_t7_r20,libero_goal_object,7,object,success,73,0,72,/media/rootalkhatib/My Passport/reda_ws/asynchvla_ws/stage9_libero_pro_risk_data/campaigns/fiper_sweep_eternal/instance_A/fiper_receding_samples.jsonl
bob|fiper_sweep_eternal|instance_A|libero_goal_object_t7_r21,success_train,bob,fiper_sweep_eternal,instance_A,libero_goal_object_t7_r21,libero_goal_object,7,object,success,68,0,67,/media/rootalkhatib/My Passport/reda_ws/asynchvla_ws/stage9_libero_pro_risk_data/campaigns/fiper_sweep_eternal/instance_A/fiper_receding_samples.jsonl
bob|fiper_sweep_eternal|instance_A|libero_goal_object_t7_r22,success_calib,bob,fiper_sweep_eternal,instance_A,libero_goal_object_t7_r22,libero_goal_object,7,object,success,66,0,65,/media/rootalkhatib/My Passport/reda_ws/asynchvla_ws/stage9_libero_pro_risk_data/campaigns/fiper_sweep_eternal/instance_A/fiper_receding_samples.jsonl
bob|fiper_sweep_eternal|instance_A|libero_goal_object_t7_r23,success_train,bob,fiper_sweep_eternal,instance_A,libero_goal_object_t7_r23,libero_goal_object,7,object,success,72,0,71,/media/rootalkhatib/My Passport/reda_ws/asynchvla_ws/stage9_libero_pro_risk_data/campaigns/fiper_sweep_eternal/instance_A/fiper_receding_samples.jsonl
bob|fiper_sweep_eternal|instance_A|libero_goal_object_t7_r24,success_train,bob,fiper_sweep_eternal,instance_A,libero_goal_object_t7_r24,libero_goal_object,7,object,success,75,0,74,/media/rootalkhatib/My Passport/reda_ws/asynchvla_ws/stage9_libero_pro_risk_data/campaigns/fiper_sweep_eternal/instance_A/fiper_receding_samples.jsonl
bob|fiper_sweep_eternal|instance_A|libero_goal_object_t7_r25,success_train,bob,fiper_sweep_eternal,instance_A,libero_goal_object_t7_r25,libero_goal_object,7,object,success,79,0,78,/media/rootalkhatib/My Passport/reda_ws/asynchvla_ws/stage9_libero_pro_risk_data/campaigns/fiper_sweep_eternal/instance_A/fiper_receding_samples.jsonl
bob|fiper_sweep_eternal|instance_A|libero_goal_object_t7_r26,success_train,bob,fiper_sweep_eternal,instance_A,libero_goal_object_t7_r26,libero_goal_object,7,object,success,73,0,72,/media/rootalkhatib/My Passport/reda_ws/asynchvla_ws/stage9_libero_pro_risk_data/campaigns/fiper_sweep_eternal/instance_A/fiper_receding_samples.jsonl
bob|fiper_sweep_eternal|instance_A|libero_goal_object_t7_r27,success_train,bob,fiper_sweep_eternal,instance_A,libero_goal_object_t7_r27,libero_goal_object,7,object,success,68,0,67,/media/rootalkhatib/My Passport/reda_ws/asynchvla_ws/stage9_libero_pro_risk_data/campaigns/fiper_sweep_eternal/instance_A/fiper_receding_samples.jsonl
bob|fiper_sweep_eternal|instance_A|libero_goal_object_t7_r28,success_train,bob,fiper_sweep_eternal,instance_A,libero_goal_object_t7_r28,libero_goal_object,7,object,success,70,0,69,/media/rootalkhatib/My Passport/reda_ws/asynchvla_ws/stage9_libero_pro_risk_data/campaigns/fiper_sweep_eternal/instance_A/fiper_receding_samples.jsonl
bob|fiper_sweep_eternal|instance_A|libero_goal_object_t7_r29,success_train,bob,fiper_sweep_eternal,instance_A,libero_goal_object_t7_r29,libero_goal_object,7,object,success,69,0,68,/media/rootalkhatib/My Passport/reda_ws/asynchvla_ws/stage9_libero_pro_risk_data/campaigns/fiper_sweep_eternal/instance_A/fiper_receding_samples.jsonl
bob|fiper_sweep_eternal|instance_A|libero_goal_object_t7_r3,success_train,bob,fiper_sweep_eternal,instance_A,libero_goal_object_t7_r3,libero_goal_object,7,object,success,72,0,71,/media/rootalkhatib/My Passport/reda_ws/asynchvla_ws/stage9_libero_pro_risk_data/campaigns/fiper_sweep_eternal/instance_A/fiper_receding_samples.jsonl
bob|fiper_sweep_eternal|instance_A|libero_goal_object_t7_r30,success_train,bob,fiper_sweep_eternal,instance_A,libero_goal_object_t7_r30,libero_goal_object,7,object,success,70,0,69,/media/rootalkhatib/My Passport/reda_ws/asynchvla_ws/stage9_libero_pro_risk_data/campaigns/fiper_sweep_eternal/instance_A/fiper_receding_samples.jsonl
bob|fiper_sweep_eternal|instance_A|libero_goal_object_t7_r31,success_train,bob,fiper_sweep_eternal,instance_A,libero_goal_object_t7_r31,libero_goal_object,7,object,success,70,0,69,/media/rootalkhatib/My Passport/reda_ws/asynchvla_ws/stage9_libero_pro_risk_data/campaigns/fiper_sweep_eternal/instance_A/fiper_receding_samples.jsonl
bob|fiper_sweep_eternal|instance_A|libero_goal_object_t7_r32,success_calib,bob,fiper_sweep_eternal,instance_A,libero_goal_object_t7_r32,libero_goal_object,7,object,success,73,0,72,/media/rootalkhatib/My Passport/reda_ws/asynchvla_ws/stage9_libero_pro_risk_data/campaigns/fiper_sweep_eternal/instance_A/fiper_receding_samples.jsonl
bob|fiper_sweep_eternal|instance_A|libero_goal_object_t7_r33,success_train,bob,fiper_sweep_eternal,instance_A,libero_goal_object_t7_r33,libero_goal_object,7,object,success,71,0,70,/media/rootalkhatib/My Passport/reda_ws/asynchvla_ws/stage9_libero_pro_risk_data/campaigns/fiper_sweep_eternal/instance_A/fiper_receding_samples.jsonl
bob|fiper_sweep_eternal|instance_A|libero_goal_object_t7_r34,success_test_id,bob,fiper_sweep_eternal,instance_A,libero_goal_object_t7_r34,libero_goal_object,7,object,success,66,0,65,/media/rootalkhatib/My Passport/reda_ws/asynchvla_ws/stage9_libero_pro_risk_data/campaigns/fiper_sweep_eternal/instance_A/fiper_receding_samples.jsonl
bob|fiper_sweep_eternal|instance_A|libero_goal_object_t7_r35,success_train,bob,fiper_sweep_eternal,instance_A,libero_goal_object_t7_r35,libero_goal_object,7,object,success,74,0,73,/media/rootalkhatib/My Passport/reda_ws/asynchvla_ws/stage9_libero_pro_risk_data/campaigns/fiper_sweep_eternal/instance_A/fiper_receding_samples.jsonl
bob|fiper_sweep_eternal|instance_A|libero_goal_object_t7_r36,success_train,bob,fiper_sweep_eternal,instance_A,libero_goal_object_t7_r36,libero_goal_object,7,object,success,74,0,73,/media/rootalkhatib/My Passport/reda_ws/asynchvla_ws/stage9_libero_pro_risk_data/campaigns/fiper_sweep_eternal/instance_A/fiper_receding_samples.jsonl
bob|fiper_sweep_eternal|instance_A|libero_goal_object_t7_r4,success_calib,bob,fiper_sweep_eternal,instance_A,libero_goal_object_t7_r4,libero_goal_object,7,object,success,73,0,72,/media/rootalkhatib/My Passport/reda_ws/asynchvla_ws/stage9_libero_pro_risk_data/campaigns/fiper_sweep_eternal/instance_A/fiper_receding_samples.jsonl
bob|fiper_sweep_eternal|instance_A|libero_goal_object_t7_r5,success_train,bob,fiper_sweep_eternal,instance_A,libero_goal_object_t7_r5,libero_goal_object,7,object,success,84,0,83,/media/rootalkhatib/My Passport/reda_ws/asynchvla_ws/stage9_libero_pro_risk_data/campaigns/fiper_sweep_eternal/instance_A/fiper_receding_samples.jsonl
bob|fiper_sweep_eternal|instance_A|libero_goal_object_t7_r6,success_train,bob,fiper_sweep_eternal,instance_A,libero_goal_object_t7_r6,libero_goal_object,7,object,success,73,0,72,/media/rootalkhatib/My Passport/reda_ws/asynchvla_ws/stage9_libero_pro_risk_data/campaigns/fiper_sweep_eternal/instance_A/fiper_receding_samples.jsonl
bob|fiper_sweep_eternal|instance_A|libero_goal_object_t7_r7,success_train,bob,fiper_sweep_eternal,instance_A,libero_goal_object_t7_r7,libero_goal_object,7,object,success,72,0,71,/media/rootalkhatib/My Passport/reda_ws/asynchvla_ws/stage9_libero_pro_risk_data/campaigns/fiper_sweep_eternal/instance_A/fiper_receding_samples.jsonl
bob|fiper_sweep_eternal|instance_A|libero_goal_object_t7_r8,success_test_id,bob,fiper_sweep_eternal,instance_A,libero_goal_object_t7_r8,libero_goal_object,7,object,success,78,0,77,/media/rootalkhatib/My Passport/reda_ws/asynchvla_ws/stage9_libero_pro_risk_data/campaigns/fiper_sweep_eternal/instance_A/fiper_receding_samples.jsonl
bob|fiper_sweep_eternal|instance_A|libero_goal_object_t7_r9,success_calib,bob,fiper_sweep_eternal,instance_A,libero_goal_object_t7_r9,libero_goal_object,7,object,success,70,0,69,/media/rootalkhatib/My Passport/reda_ws/asynchvla_ws/stage9_libero_pro_risk_data/campaigns/fiper_sweep_eternal/instance_A/fiper_receding_samples.jsonl
bob|fiper_sweep_eternal|instance_A|libero_goal_object_t8_r0,success_train,bob,fiper_sweep_eternal,instance_A,libero_goal_object_t8_r0,libero_goal_object,8,object,success,82,0,81,/media/rootalkhatib/My Passport/reda_ws/asynchvla_ws/stage9_libero_pro_risk_data/campaigns/fiper_sweep_eternal/instance_A/fiper_receding_samples.jsonl
bob|fiper_sweep_eternal|instance_A|libero_goal_object_t8_r1,success_train,bob,fiper_sweep_eternal,instance_A,libero_goal_object_t8_r1,libero_goal_object,8,object,success,132,0,131,/media/rootalkhatib/My Passport/reda_ws/asynchvla_ws/stage9_libero_pro_risk_data/campaigns/fiper_sweep_eternal/instance_A/fiper_receding_samples.jsonl
bob|fiper_sweep_eternal|instance_A|libero_goal_object_t8_r10,failure_eval_all,bob,fiper_sweep_eternal,instance_A,libero_goal_object_t8_r10,libero_goal_object,8,object,failure_or_timeout,300,0,299,/media/rootalkhatib/My Passport/reda_ws/asynchvla_ws/stage9_libero_pro_risk_data/campaigns/fiper_sweep_eternal/instance_A/fiper_receding_samples.jsonl
bob|fiper_sweep_eternal|instance_A|libero_goal_object_t8_r11,success_train,bob,fiper_sweep_eternal,instance_A,libero_goal_object_t8_r11,libero_goal_object,8,object,success,80,0,79,/media/rootalkhatib/My Passport/reda_ws/asynchvla_ws/stage9_libero_pro_risk_data/campaigns/fiper_sweep_eternal/instance_A/fiper_receding_samples.jsonl
bob|fiper_sweep_eternal|instance_A|libero_goal_object_t8_r12,success_train,bob,fiper_sweep_eternal,instance_A,libero_goal_object_t8_r12,libero_goal_object,8,object,success,81,0,80,/media/rootalkhatib/My Passport/reda_ws/asynchvla_ws/stage9_libero_pro_risk_data/campaigns/fiper_sweep_eternal/instance_A/fiper_receding_samples.jsonl
bob|fiper_sweep_eternal|instance_A|libero_goal_object_t8_r13,success_train,bob,fiper_sweep_eternal,instance_A,libero_goal_object_t8_r13,libero_goal_object,8,object,success,85,0,84,/media/rootalkhatib/My Passport/reda_ws/asynchvla_ws/stage9_libero_pro_risk_data/campaigns/fiper_sweep_eternal/instance_A/fiper_receding_samples.jsonl
bob|fiper_sweep_eternal|instance_A|libero_goal_object_t8_r14,success_train,bob,fiper_sweep_eternal,instance_A,libero_goal_object_t8_r14,libero_goal_object,8,object,success,79,0,78,/media/rootalkhatib/My Passport/reda_ws/asynchvla_ws/stage9_libero_pro_risk_data/campaigns/fiper_sweep_eternal/instance_A/fiper_receding_samples.jsonl
bob|fiper_sweep_eternal|instance_A|libero_goal_object_t8_r15,success_calib,bob,fiper_sweep_eternal,instance_A,libero_goal_object_t8_r15,libero_goal_object,8,object,success,78,0,77,/media/rootalkhatib/My Passport/reda_ws/asynchvla_ws/stage9_libero_pro_risk_data/campaigns/fiper_sweep_eternal/instance_A/fiper_receding_samples.jsonl
bob|fiper_sweep_eternal|instance_A|libero_goal_object_t8_r16,success_train,bob,fiper_sweep_eternal,instance_A,libero_goal_object_t8_r16,libero_goal_object,8,object,success,81,0,80,/media/rootalkhatib/My Passport/reda_ws/asynchvla_ws/stage9_libero_pro_risk_data/campaigns/fiper_sweep_eternal/instance_A/fiper_receding_samples.jsonl
bob|fiper_sweep_eternal|instance_A|libero_goal_object_t8_r17,success_test_id,bob,fiper_sweep_eternal,instance_A,libero_goal_object_t8_r17,libero_goal_object,8,object,success,82,0,81,/media/rootalkhatib/My Passport/reda_ws/asynchvla_ws/stage9_libero_pro_risk_data/campaigns/fiper_sweep_eternal/instance_A/fiper_receding_samples.jsonl
bob|fiper_sweep_eternal|instance_A|libero_goal_object_t8_r18,success_train,bob,fiper_sweep_eternal,instance_A,libero_goal_object_t8_r18,libero_goal_object,8,object,success,78,0,77,/media/rootalkhatib/My Passport/reda_ws/asynchvla_ws/stage9_libero_pro_risk_data/campaigns/fiper_sweep_eternal/instance_A/fiper_receding_samples.jsonl
bob|fiper_sweep_eternal|instance_A|libero_goal_object_t8_r19,success_test_id,bob,fiper_sweep_eternal,instance_A,libero_goal_object_t8_r19,libero_goal_object,8,object,success,77,0,76,/media/rootalkhatib/My Passport/reda_ws/asynchvla_ws/stage9_libero_pro_risk_data/campaigns/fiper_sweep_eternal/instance_A/fiper_receding_samples.jsonl
bob|fiper_sweep_eternal|instance_A|libero_goal_object_t8_r2,success_train,bob,fiper_sweep_eternal,instance_A,libero_goal_object_t8_r2,libero_goal_object,8,object,success,80,0,79,/media/rootalkhatib/My Passport/reda_ws/asynchvla_ws/stage9_libero_pro_risk_data/campaigns/fiper_sweep_eternal/instance_A/fiper_receding_samples.jsonl
bob|fiper_sweep_eternal|instance_A|libero_goal_object_t8_r20,failure_eval_all,bob,fiper_sweep_eternal,instance_A,libero_goal_object_t8_r20,libero_goal_object,8,object,failure_or_timeout,300,0,299,/media/rootalkhatib/My Passport/reda_ws/asynchvla_ws/stage9_libero_pro_risk_data/campaigns/fiper_sweep_eternal/instance_A/fiper_receding_samples.jsonl
bob|fiper_sweep_eternal|instance_A|libero_goal_object_t8_r21,success_train,bob,fiper_sweep_eternal,instance_A,libero_goal_object_t8_r21,libero_goal_object,8,object,success,76,0,75,/media/rootalkhatib/My Passport/reda_ws/asynchvla_ws/stage9_libero_pro_risk_data/campaigns/fiper_sweep_eternal/instance_A/fiper_receding_samples.jsonl
bob|fiper_sweep_eternal|instance_A|libero_goal_object_t8_r22,success_calib,bob,fiper_sweep_eternal,instance_A,libero_goal_object_t8_r22,libero_goal_object,8,object,success,75,0,74,/media/rootalkhatib/My Passport/reda_ws/asynchvla_ws/stage9_libero_pro_risk_data/campaigns/fiper_sweep_eternal/instance_A/fiper_receding_samples.jsonl
bob|fiper_sweep_eternal|instance_A|libero_goal_object_t8_r23,success_train,bob,fiper_sweep_eternal,instance_A,libero_goal_object_t8_r23,libero_goal_object,8,object,success,78,0,77,/media/rootalkhatib/My Passport/reda_ws/asynchvla_ws/stage9_libero_pro_risk_data/campaigns/fiper_sweep_eternal/instance_A/fiper_receding_samples.jsonl
bob|fiper_sweep_eternal|instance_A|libero_goal_object_t8_r24,success_train,bob,fiper_sweep_eternal,instance_A,libero_goal_object_t8_r24,libero_goal_object,8,object,success,74,0,73,/media/rootalkhatib/My Passport/reda_ws/asynchvla_ws/stage9_libero_pro_risk_data/campaigns/fiper_sweep_eternal/instance_A/fiper_receding_samples.jsonl
bob|fiper_sweep_eternal|instance_A|libero_goal_object_t8_r25,success_train,bob,fiper_sweep_eternal,instance_A,libero_goal_object_t8_r25,libero_goal_object,8,object,success,74,0,73,/media/rootalkhatib/My Passport/reda_ws/asynchvla_ws/stage9_libero_pro_risk_data/campaigns/fiper_sweep_eternal/instance_A/fiper_receding_samples.jsonl
bob|fiper_sweep_eternal|instance_A|libero_goal_object_t8_r26,success_train,bob,fiper_sweep_eternal,instance_A,libero_goal_object_t8_r26,libero_goal_object,8,object,success,77,0,76,/media/rootalkhatib/My Passport/reda_ws/asynchvla_ws/stage9_libero_pro_risk_data/campaigns/fiper_sweep_eternal/instance_A/fiper_receding_samples.jsonl
bob|fiper_sweep_eternal|instance_A|libero_goal_object_t8_r27,success_test_id,bob,fiper_sweep_eternal,instance_A,libero_goal_object_t8_r27,libero_goal_object,8,object,success,83,0,82,/media/rootalkhatib/My Passport/reda_ws/asynchvla_ws/stage9_libero_pro_risk_data/campaigns/fiper_sweep_eternal/instance_A/fiper_receding_samples.jsonl
bob|fiper_sweep_eternal|instance_A|libero_goal_object_t8_r28,success_calib,bob,fiper_sweep_eternal,instance_A,libero_goal_object_t8_r28,libero_goal_object,8,object,success,78,0,77,/media/rootalkhatib/My Passport/reda_ws/asynchvla_ws/stage9_libero_pro_risk_data/campaigns/fiper_sweep_eternal/instance_A/fiper_receding_samples.jsonl
bob|fiper_sweep_eternal|instance_A|libero_goal_object_t8_r29,success_calib,bob,fiper_sweep_eternal,instance_A,libero_goal_object_t8_r29,libero_goal_object,8,object,success,77,0,76,/media/rootalkhatib/My Passport/reda_ws/asynchvla_ws/stage9_libero_pro_risk_data/campaigns/fiper_sweep_eternal/instance_A/fiper_receding_samples.jsonl
bob|fiper_sweep_eternal|instance_A|libero_goal_object_t8_r3,success_train,bob,fiper_sweep_eternal,instance_A,libero_goal_object_t8_r3,libero_goal_object,8,object,success,83,0,82,/media/rootalkhatib/My Passport/reda_ws/asynchvla_ws/stage9_libero_pro_risk_data/campaigns/fiper_sweep_eternal/instance_A/fiper_receding_samples.jsonl
bob|fiper_sweep_eternal|instance_A|libero_goal_object_t8_r30,success_calib,bob,fiper_sweep_eternal,instance_A,libero_goal_object_t8_r30,libero_goal_object,8,object,success,85,0,84,/media/rootalkhatib/My Passport/reda_ws/asynchvla_ws/stage9_libero_pro_risk_data/campaigns/fiper_sweep_eternal/instance_A/fiper_receding_samples.jsonl
bob|fiper_sweep_eternal|instance_A|libero_goal_object_t8_r31,success_train,bob,fiper_sweep_eternal,instance_A,libero_goal_object_t8_r31,libero_goal_object,8,object,success,79,0,78,/media/rootalkhatib/My Passport/reda_ws/asynchvla_ws/stage9_libero_pro_risk_data/campaigns/fiper_sweep_eternal/instance_A/fiper_receding_samples.jsonl
bob|fiper_sweep_eternal|instance_A|libero_goal_object_t8_r32,success_train,bob,fiper_sweep_eternal,instance_A,libero_goal_object_t8_r32,libero_goal_object,8,object,success,77,0,76,/media/rootalkhatib/My Passport/reda_ws/asynchvla_ws/stage9_libero_pro_risk_data/campaigns/fiper_sweep_eternal/instance_A/fiper_receding_samples.jsonl
bob|fiper_sweep_eternal|instance_A|libero_goal_object_t8_r33,success_train,bob,fiper_sweep_eternal,instance_A,libero_goal_object_t8_r33,libero_goal_object,8,object,success,78,0,77,/media/rootalkhatib/My Passport/reda_ws/asynchvla_ws/stage9_libero_pro_risk_data/campaigns/fiper_sweep_eternal/instance_A/fiper_receding_samples.jsonl
bob|fiper_sweep_eternal|instance_A|libero_goal_object_t8_r34,success_train,bob,fiper_sweep_eternal,instance_A,libero_goal_object_t8_r34,libero_goal_object,8,object,success,79,0,78,/media/rootalkhatib/My Passport/reda_ws/asynchvla_ws/stage9_libero_pro_risk_data/campaigns/fiper_sweep_eternal/instance_A/fiper_receding_samples.jsonl
bob|fiper_sweep_eternal|instance_A|libero_goal_object_t8_r35,success_train,bob,fiper_sweep_eternal,instance_A,libero_goal_object_t8_r35,libero_goal_object,8,object,success,70,0,69,/media/rootalkhatib/My Passport/reda_ws/asynchvla_ws/stage9_libero_pro_risk_data/campaigns/fiper_sweep_eternal/instance_A/fiper_receding_samples.jsonl
bob|fiper_sweep_eternal|instance_A|libero_goal_object_t8_r36,success_train,bob,fiper_sweep_eternal,instance_A,libero_goal_object_t8_r36,libero_goal_object,8,object,success,83,0,82,/media/rootalkhatib/My Passport/reda_ws/asynchvla_ws/stage9_libero_pro_risk_data/campaigns/fiper_sweep_eternal/instance_A/fiper_receding_samples.jsonl
bob|fiper_sweep_eternal|instance_A|libero_goal_object_t8_r4,failure_eval_all,bob,fiper_sweep_eternal,instance_A,libero_goal_object_t8_r4,libero_goal_object,8,object,failure_or_timeout,300,0,299,/media/rootalkhatib/My Passport/reda_ws/asynchvla_ws/stage9_libero_pro_risk_data/campaigns/fiper_sweep_eternal/instance_A/fiper_receding_samples.jsonl
bob|fiper_sweep_eternal|instance_A|libero_goal_object_t8_r5,success_train,bob,fiper_sweep_eternal,instance_A,libero_goal_object_t8_r5,libero_goal_object,8,object,success,87,0,86,/media/rootalkhatib/My Passport/reda_ws/asynchvla_ws/stage9_libero_pro_risk_data/campaigns/fiper_sweep_eternal/instance_A/fiper_receding_samples.jsonl
bob|fiper_sweep_eternal|instance_A|libero_goal_object_t8_r6,success_test_id,bob,fiper_sweep_eternal,instance_A,libero_goal_object_t8_r6,libero_goal_object,8,object,success,69,0,68,/media/rootalkhatib/My Passport/reda_ws/asynchvla_ws/stage9_libero_pro_risk_data/campaigns/fiper_sweep_eternal/instance_A/fiper_receding_samples.jsonl
bob|fiper_sweep_eternal|instance_A|libero_goal_object_t8_r7,success_train,bob,fiper_sweep_eternal,instance_A,libero_goal_object_t8_r7,libero_goal_object,8,object,success,73,0,72,/media/rootalkhatib/My Passport/reda_ws/asynchvla_ws/stage9_libero_pro_risk_data/campaigns/fiper_sweep_eternal/instance_A/fiper_receding_samples.jsonl
bob|fiper_sweep_eternal|instance_A|libero_goal_object_t8_r8,success_test_id,bob,fiper_sweep_eternal,instance_A,libero_goal_object_t8_r8,libero_goal_object,8,object,success,77,0,76,/media/rootalkhatib/My Passport/reda_ws/asynchvla_ws/stage9_libero_pro_risk_data/campaigns/fiper_sweep_eternal/instance_A/fiper_receding_samples.jsonl
bob|fiper_sweep_eternal|instance_A|libero_goal_object_t8_r9,success_train,bob,fiper_sweep_eternal,instance_A,libero_goal_object_t8_r9,libero_goal_object,8,object,success,74,0,73,/media/rootalkhatib/My Passport/reda_ws/asynchvla_ws/stage9_libero_pro_risk_data/campaigns/fiper_sweep_eternal/instance_A/fiper_receding_samples.jsonl
bob|fiper_sweep_eternal|instance_A|libero_goal_object_t9_r0,success_train,bob,fiper_sweep_eternal,instance_A,libero_goal_object_t9_r0,libero_goal_object,9,object,success,141,0,140,/media/rootalkhatib/My Passport/reda_ws/asynchvla_ws/stage9_libero_pro_risk_data/campaigns/fiper_sweep_eternal/instance_A/fiper_receding_samples.jsonl
bob|fiper_sweep_eternal|instance_A|libero_goal_object_t9_r1,success_calib,bob,fiper_sweep_eternal,instance_A,libero_goal_object_t9_r1,libero_goal_object,9,object,success,153,0,152,/media/rootalkhatib/My Passport/reda_ws/asynchvla_ws/stage9_libero_pro_risk_data/campaigns/fiper_sweep_eternal/instance_A/fiper_receding_samples.jsonl
bob|fiper_sweep_eternal|instance_A|libero_goal_object_t9_r10,failure_eval_all,bob,fiper_sweep_eternal,instance_A,libero_goal_object_t9_r10,libero_goal_object,9,object,failure_or_timeout,300,0,299,/media/rootalkhatib/My Passport/reda_ws/asynchvla_ws/stage9_libero_pro_risk_data/campaigns/fiper_sweep_eternal/instance_A/fiper_receding_samples.jsonl
bob|fiper_sweep_eternal|instance_A|libero_goal_object_t9_r11,success_calib,bob,fiper_sweep_eternal,instance_A,libero_goal_object_t9_r11,libero_goal_object,9,object,success,144,0,143,/media/rootalkhatib/My Passport/reda_ws/asynchvla_ws/stage9_libero_pro_risk_data/campaigns/fiper_sweep_eternal/instance_A/fiper_receding_samples.jsonl
bob|fiper_sweep_eternal|instance_A|libero_goal_object_t9_r12,success_train,bob,fiper_sweep_eternal,instance_A,libero_goal_object_t9_r12,libero_goal_object,9,object,success,137,0,136,/media/rootalkhatib/My Passport/reda_ws/asynchvla_ws/stage9_libero_pro_risk_data/campaigns/fiper_sweep_eternal/instance_A/fiper_receding_samples.jsonl
bob|fiper_sweep_eternal|instance_A|libero_goal_object_t9_r13,success_train,bob,fiper_sweep_eternal,instance_A,libero_goal_object_t9_r13,libero_goal_object,9,object,success,135,0,134,/media/rootalkhatib/My Passport/reda_ws/asynchvla_ws/stage9_libero_pro_risk_data/campaigns/fiper_sweep_eternal/instance_A/fiper_receding_samples.jsonl
bob|fiper_sweep_eternal|instance_A|libero_goal_object_t9_r14,success_train,bob,fiper_sweep_eternal,instance_A,libero_goal_object_t9_r14,libero_goal_object,9,object,success,143,0,142,/media/rootalkhatib/My Passport/reda_ws/asynchvla_ws/stage9_libero_pro_risk_data/campaigns/fiper_sweep_eternal/instance_A/fiper_receding_samples.jsonl
bob|fiper_sweep_eternal|instance_A|libero_goal_object_t9_r15,failure_eval_all,bob,fiper_sweep_eternal,instance_A,libero_goal_object_t9_r15,libero_goal_object,9,object,failure_or_timeout,300,0,299,/media/rootalkhatib/My Passport/reda_ws/asynchvla_ws/stage9_libero_pro_risk_data/campaigns/fiper_sweep_eternal/instance_A/fiper_receding_samples.jsonl
bob|fiper_sweep_eternal|instance_A|libero_goal_object_t9_r16,failure_eval_all,bob,fiper_sweep_eternal,instance_A,libero_goal_object_t9_r16,libero_goal_object,9,object,failure_or_timeout,300,0,299,/media/rootalkhatib/My Passport/reda_ws/asynchvla_ws/stage9_libero_pro_risk_data/campaigns/fiper_sweep_eternal/instance_A/fiper_receding_samples.jsonl
bob|fiper_sweep_eternal|instance_A|libero_goal_object_t9_r17,success_train,bob,fiper_sweep_eternal,instance_A,libero_goal_object_t9_r17,libero_goal_object,9,object,success,144,0,143,/media/rootalkhatib/My Passport/reda_ws/asynchvla_ws/stage9_libero_pro_risk_data/campaigns/fiper_sweep_eternal/instance_A/fiper_receding_samples.jsonl
bob|fiper_sweep_eternal|instance_A|libero_goal_object_t9_r18,success_test_id,bob,fiper_sweep_eternal,instance_A,libero_goal_object_t9_r18,libero_goal_object,9,object,success,133,0,132,/media/rootalkhatib/My Passport/reda_ws/asynchvla_ws/stage9_libero_pro_risk_data/campaigns/fiper_sweep_eternal/instance_A/fiper_receding_samples.jsonl
bob|fiper_sweep_eternal|instance_A|libero_goal_object_t9_r19,success_test_id,bob,fiper_sweep_eternal,instance_A,libero_goal_object_t9_r19,libero_goal_object,9,object,success,157,0,156,/media/rootalkhatib/My Passport/reda_ws/asynchvla_ws/stage9_libero_pro_risk_data/campaigns/fiper_sweep_eternal/instance_A/fiper_receding_samples.jsonl
bob|fiper_sweep_eternal|instance_A|libero_goal_object_t9_r2,success_train,bob,fiper_sweep_eternal,instance_A,libero_goal_object_t9_r2,libero_goal_object,9,object,success,191,0,190,/media/rootalkhatib/My Passport/reda_ws/asynchvla_ws/stage9_libero_pro_risk_data/campaigns/fiper_sweep_eternal/instance_A/fiper_receding_samples.jsonl
bob|fiper_sweep_eternal|instance_A|libero_goal_object_t9_r20,success_train,bob,fiper_sweep_eternal,instance_A,libero_goal_object_t9_r20,libero_goal_object,9,object,success,131,0,130,/media/rootalkhatib/My Passport/reda_ws/asynchvla_ws/stage9_libero_pro_risk_data/campaigns/fiper_sweep_eternal/instance_A/fiper_receding_samples.jsonl
bob|fiper_sweep_eternal|instance_A|libero_goal_object_t9_r21,success_train,bob,fiper_sweep_eternal,instance_A,libero_goal_object_t9_r21,libero_goal_object,9,object,success,151,0,150,/media/rootalkhatib/My Passport/reda_ws/asynchvla_ws/stage9_libero_pro_risk_data/campaigns/fiper_sweep_eternal/instance_A/fiper_receding_samples.jsonl
bob|fiper_sweep_eternal|instance_A|libero_goal_object_t9_r22,success_train,bob,fiper_sweep_eternal,instance_A,libero_goal_object_t9_r22,libero_goal_object,9,object,success,124,0,123,/media/rootalkhatib/My Passport/reda_ws/asynchvla_ws/stage9_libero_pro_risk_data/campaigns/fiper_sweep_eternal/instance_A/fiper_receding_samples.jsonl
bob|fiper_sweep_eternal|instance_A|libero_goal_object_t9_r23,success_test_id,bob,fiper_sweep_eternal,instance_A,libero_goal_object_t9_r23,libero_goal_object,9,object,success,134,0,133,/media/rootalkhatib/My Passport/reda_ws/asynchvla_ws/stage9_libero_pro_risk_data/campaigns/fiper_sweep_eternal/instance_A/fiper_receding_samples.jsonl
bob|fiper_sweep_eternal|instance_A|libero_goal_object_t9_r24,success_train,bob,fiper_sweep_eternal,instance_A,libero_goal_object_t9_r24,libero_goal_object,9,object,success,154,0,153,/media/rootalkhatib/My Passport/reda_ws/asynchvla_ws/stage9_libero_pro_risk_data/campaigns/fiper_sweep_eternal/instance_A/fiper_receding_samples.jsonl
bob|fiper_sweep_eternal|instance_A|libero_goal_object_t9_r25,success_train,bob,fiper_sweep_eternal,instance_A,libero_goal_object_t9_r25,libero_goal_object,9,object,success,181,0,180,/media/rootalkhatib/My Passport/reda_ws/asynchvla_ws/stage9_libero_pro_risk_data/campaigns/fiper_sweep_eternal/instance_A/fiper_receding_samples.jsonl
bob|fiper_sweep_eternal|instance_A|libero_goal_object_t9_r26,success_test_id,bob,fiper_sweep_eternal,instance_A,libero_goal_object_t9_r26,libero_goal_object,9,object,success,139,0,138,/media/rootalkhatib/My Passport/reda_ws/asynchvla_ws/stage9_libero_pro_risk_data/campaigns/fiper_sweep_eternal/instance_A/fiper_receding_samples.jsonl
bob|fiper_sweep_eternal|instance_A|libero_goal_object_t9_r27,success_train,bob,fiper_sweep_eternal,instance_A,libero_goal_object_t9_r27,libero_goal_object,9,object,success,135,0,134,/media/rootalkhatib/My Passport/reda_ws/asynchvla_ws/stage9_libero_pro_risk_data/campaigns/fiper_sweep_eternal/instance_A/fiper_receding_samples.jsonl
bob|fiper_sweep_eternal|instance_A|libero_goal_object_t9_r28,success_train,bob,fiper_sweep_eternal,instance_A,libero_goal_object_t9_r28,libero_goal_object,9,object,success,144,0,143,/media/rootalkhatib/My Passport/reda_ws/asynchvla_ws/stage9_libero_pro_risk_data/campaigns/fiper_sweep_eternal/instance_A/fiper_receding_samples.jsonl
bob|fiper_sweep_eternal|instance_A|libero_goal_object_t9_r29,success_train,bob,fiper_sweep_eternal,instance_A,libero_goal_object_t9_r29,libero_goal_object,9,object,success,131,0,130,/media/rootalkhatib/My Passport/reda_ws/asynchvla_ws/stage9_libero_pro_risk_data/campaigns/fiper_sweep_eternal/instance_A/fiper_receding_samples.jsonl
bob|fiper_sweep_eternal|instance_A|libero_goal_object_t9_r3,success_train,bob,fiper_sweep_eternal,instance_A,libero_goal_object_t9_r3,libero_goal_object,9,object,success,149,0,148,/media/rootalkhatib/My Passport/reda_ws/asynchvla_ws/stage9_libero_pro_risk_data/campaigns/fiper_sweep_eternal/instance_A/fiper_receding_samples.jsonl
bob|fiper_sweep_eternal|instance_A|libero_goal_object_t9_r30,success_test_id,bob,fiper_sweep_eternal,instance_A,libero_goal_object_t9_r30,libero_goal_object,9,object,success,128,0,127,/media/rootalkhatib/My Passport/reda_ws/asynchvla_ws/stage9_libero_pro_risk_data/campaigns/fiper_sweep_eternal/instance_A/fiper_receding_samples.jsonl
bob|fiper_sweep_eternal|instance_A|libero_goal_object_t9_r31,success_train,bob,fiper_sweep_eternal,instance_A,libero_goal_object_t9_r31,libero_goal_object,9,object,success,121,0,120,/media/rootalkhatib/My Passport/reda_ws/asynchvla_ws/stage9_libero_pro_risk_data/campaigns/fiper_sweep_eternal/instance_A/fiper_receding_samples.jsonl
bob|fiper_sweep_eternal|instance_A|libero_goal_object_t9_r32,success_train,bob,fiper_sweep_eternal,instance_A,libero_goal_object_t9_r32,libero_goal_object,9,object,success,153,0,152,/media/rootalkhatib/My Passport/reda_ws/asynchvla_ws/stage9_libero_pro_risk_data/campaigns/fiper_sweep_eternal/instance_A/fiper_receding_samples.jsonl
bob|fiper_sweep_eternal|instance_A|libero_goal_object_t9_r33,failure_eval_all,bob,fiper_sweep_eternal,instance_A,libero_goal_object_t9_r33,libero_goal_object,9,object,failure_or_timeout,300,0,299,/media/rootalkhatib/My Passport/reda_ws/asynchvla_ws/stage9_libero_pro_risk_data/campaigns/fiper_sweep_eternal/instance_A/fiper_receding_samples.jsonl
bob|fiper_sweep_eternal|instance_A|libero_goal_object_t9_r34,success_calib,bob,fiper_sweep_eternal,instance_A,libero_goal_object_t9_r34,libero_goal_object,9,object,success,116,0,115,/media/rootalkhatib/My Passport/reda_ws/asynchvla_ws/stage9_libero_pro_risk_data/campaigns/fiper_sweep_eternal/instance_A/fiper_receding_samples.jsonl
bob|fiper_sweep_eternal|instance_A|libero_goal_object_t9_r35,success_train,bob,fiper_sweep_eternal,instance_A,libero_goal_object_t9_r35,libero_goal_object,9,object,success,131,0,130,/media/rootalkhatib/My Passport/reda_ws/asynchvla_ws/stage9_libero_pro_risk_data/campaigns/fiper_sweep_eternal/instance_A/fiper_receding_samples.jsonl
bob|fiper_sweep_eternal|instance_A|libero_goal_object_t9_r36,success_calib,bob,fiper_sweep_eternal,instance_A,libero_goal_object_t9_r36,libero_goal_object,9,object,success,151,0,150,/media/rootalkhatib/My Passport/reda_ws/asynchvla_ws/stage9_libero_pro_risk_data/campaigns/fiper_sweep_eternal/instance_A/fiper_receding_samples.jsonl
bob|fiper_sweep_eternal|instance_A|libero_goal_object_t9_r4,success_train,bob,fiper_sweep_eternal,instance_A,libero_goal_object_t9_r4,libero_goal_object,9,object,success,138,0,137,/media/rootalkhatib/My Passport/reda_ws/asynchvla_ws/stage9_libero_pro_risk_data/campaigns/fiper_sweep_eternal/instance_A/fiper_receding_samples.jsonl
bob|fiper_sweep_eternal|instance_A|libero_goal_object_t9_r5,success_train,bob,fiper_sweep_eternal,instance_A,libero_goal_object_t9_r5,libero_goal_object,9,object,success,130,0,129,/media/rootalkhatib/My Passport/reda_ws/asynchvla_ws/stage9_libero_pro_risk_data/campaigns/fiper_sweep_eternal/instance_A/fiper_receding_samples.jsonl
bob|fiper_sweep_eternal|instance_A|libero_goal_object_t9_r6,failure_eval_all,bob,fiper_sweep_eternal,instance_A,libero_goal_object_t9_r6,libero_goal_object,9,object,failure_or_timeout,300,0,299,/media/rootalkhatib/My Passport/reda_ws/asynchvla_ws/stage9_libero_pro_risk_data/campaigns/fiper_sweep_eternal/instance_A/fiper_receding_samples.jsonl
bob|fiper_sweep_eternal|instance_A|libero_goal_object_t9_r7,success_train,bob,fiper_sweep_eternal,instance_A,libero_goal_object_t9_r7,libero_goal_object,9,object,success,133,0,132,/media/rootalkhatib/My Passport/reda_ws/asynchvla_ws/stage9_libero_pro_risk_data/campaigns/fiper_sweep_eternal/instance_A/fiper_receding_samples.jsonl
bob|fiper_sweep_eternal|instance_A|libero_goal_object_t9_r8,success_calib,bob,fiper_sweep_eternal,instance_A,libero_goal_object_t9_r8,libero_goal_object,9,object,success,143,0,142,/media/rootalkhatib/My Passport/reda_ws/asynchvla_ws/stage9_libero_pro_risk_data/campaigns/fiper_sweep_eternal/instance_A/fiper_receding_samples.jsonl
bob|fiper_sweep_eternal|instance_A|libero_goal_object_t9_r9,success_train,bob,fiper_sweep_eternal,instance_A,libero_goal_object_t9_r9,libero_goal_object,9,object,success,130,0,129,/media/rootalkhatib/My Passport/reda_ws/asynchvla_ws/stage9_libero_pro_risk_data/campaigns/fiper_sweep_eternal/instance_A/fiper_receding_samples.jsonl
bob|fiper_sweep_eternal|instance_A|libero_object_object_t0_r0,success_train,bob,fiper_sweep_eternal,instance_A,libero_object_object_t0_r0,libero_object_object,0,object,success,161,0,160,/media/rootalkhatib/My Passport/reda_ws/asynchvla_ws/stage9_libero_pro_risk_data/campaigns/fiper_sweep_eternal/instance_A/fiper_receding_samples.jsonl
bob|fiper_sweep_eternal|instance_A|libero_object_object_t0_r1,success_train,bob,fiper_sweep_eternal,instance_A,libero_object_object_t0_r1,libero_object_object,0,object,success,235,0,234,/media/rootalkhatib/My Passport/reda_ws/asynchvla_ws/stage9_libero_pro_risk_data/campaigns/fiper_sweep_eternal/instance_A/fiper_receding_samples.jsonl
bob|fiper_sweep_eternal|instance_A|libero_object_object_t0_r10,success_calib,bob,fiper_sweep_eternal,instance_A,libero_object_object_t0_r10,libero_object_object,0,object,success,168,0,167,/media/rootalkhatib/My Passport/reda_ws/asynchvla_ws/stage9_libero_pro_risk_data/campaigns/fiper_sweep_eternal/instance_A/fiper_receding_samples.jsonl
bob|fiper_sweep_eternal|instance_A|libero_object_object_t0_r11,success_train,bob,fiper_sweep_eternal,instance_A,libero_object_object_t0_r11,libero_object_object,0,object,success,127,0,126,/media/rootalkhatib/My Passport/reda_ws/asynchvla_ws/stage9_libero_pro_risk_data/campaigns/fiper_sweep_eternal/instance_A/fiper_receding_samples.jsonl
bob|fiper_sweep_eternal|instance_A|libero_object_object_t0_r12,success_calib,bob,fiper_sweep_eternal,instance_A,libero_object_object_t0_r12,libero_object_object,0,object,success,218,0,217,/media/rootalkhatib/My Passport/reda_ws/asynchvla_ws/stage9_libero_pro_risk_data/campaigns/fiper_sweep_eternal/instance_A/fiper_receding_samples.jsonl
bob|fiper_sweep_eternal|instance_A|libero_object_object_t0_r13,success_train,bob,fiper_sweep_eternal,instance_A,libero_object_object_t0_r13,libero_object_object,0,object,success,171,0,170,/media/rootalkhatib/My Passport/reda_ws/asynchvla_ws/stage9_libero_pro_risk_data/campaigns/fiper_sweep_eternal/instance_A/fiper_receding_samples.jsonl
bob|fiper_sweep_eternal|instance_A|libero_object_object_t0_r14,success_train,bob,fiper_sweep_eternal,instance_A,libero_object_object_t0_r14,libero_object_object,0,object,success,171,0,170,/media/rootalkhatib/My Passport/reda_ws/asynchvla_ws/stage9_libero_pro_risk_data/campaigns/fiper_sweep_eternal/instance_A/fiper_receding_samples.jsonl
bob|fiper_sweep_eternal|instance_A|libero_object_object_t0_r15,failure_eval_all,bob,fiper_sweep_eternal,instance_A,libero_object_object_t0_r15,libero_object_object,0,object,failure_or_timeout,300,0,299,/media/rootalkhatib/My Passport/reda_ws/asynchvla_ws/stage9_libero_pro_risk_data/campaigns/fiper_sweep_eternal/instance_A/fiper_receding_samples.jsonl
bob|fiper_sweep_eternal|instance_A|libero_object_object_t0_r16,success_test_id,bob,fiper_sweep_eternal,instance_A,libero_object_object_t0_r16,libero_object_object,0,object,success,189,0,188,/media/rootalkhatib/My Passport/reda_ws/asynchvla_ws/stage9_libero_pro_risk_data/campaigns/fiper_sweep_eternal/instance_A/fiper_receding_samples.jsonl
bob|fiper_sweep_eternal|instance_A|libero_object_object_t0_r17,success_train,bob,fiper_sweep_eternal,instance_A,libero_object_object_t0_r17,libero_object_object,0,object,success,154,0,153,/media/rootalkhatib/My Passport/reda_ws/asynchvla_ws/stage9_libero_pro_risk_data/campaigns/fiper_sweep_eternal/instance_A/fiper_receding_samples.jsonl
bob|fiper_sweep_eternal|instance_A|libero_object_object_t0_r18,success_train,bob,fiper_sweep_eternal,instance_A,libero_object_object_t0_r18,libero_object_object,0,object,success,246,0,245,/media/rootalkhatib/My Passport/reda_ws/asynchvla_ws/stage9_libero_pro_risk_data/campaigns/fiper_sweep_eternal/instance_A/fiper_receding_samples.jsonl
bob|fiper_sweep_eternal|instance_A|libero_object_object_t0_r19,success_test_id,bob,fiper_sweep_eternal,instance_A,libero_object_object_t0_r19,libero_object_object,0,object,success,189,0,188,/media/rootalkhatib/My Passport/reda_ws/asynchvla_ws/stage9_libero_pro_risk_data/campaigns/fiper_sweep_eternal/instance_A/fiper_receding_samples.jsonl
bob|fiper_sweep_eternal|instance_A|libero_object_object_t0_r2,success_train,bob,fiper_sweep_eternal,instance_A,libero_object_object_t0_r2,libero_object_object,0,object,success,219,0,218,/media/rootalkhatib/My Passport/reda_ws/asynchvla_ws/stage9_libero_pro_risk_data/campaigns/fiper_sweep_eternal/instance_A/fiper_receding_samples.jsonl
bob|fiper_sweep_eternal|instance_A|libero_object_object_t0_r20,success_train,bob,fiper_sweep_eternal,instance_A,libero_object_object_t0_r20,libero_object_object,0,object,success,221,0,220,/media/rootalkhatib/My Passport/reda_ws/asynchvla_ws/stage9_libero_pro_risk_data/campaigns/fiper_sweep_eternal/instance_A/fiper_receding_samples.jsonl
bob|fiper_sweep_eternal|instance_A|libero_object_object_t0_r21,success_test_id,bob,fiper_sweep_eternal,instance_A,libero_object_object_t0_r21,libero_object_object,0,object,success,174,0,173,/media/rootalkhatib/My Passport/reda_ws/asynchvla_ws/stage9_libero_pro_risk_data/campaigns/fiper_sweep_eternal/instance_A/fiper_receding_samples.jsonl
bob|fiper_sweep_eternal|instance_A|libero_object_object_t0_r22,success_train,bob,fiper_sweep_eternal,instance_A,libero_object_object_t0_r22,libero_object_object,0,object,success,188,0,187,/media/rootalkhatib/My Passport/reda_ws/asynchvla_ws/stage9_libero_pro_risk_data/campaigns/fiper_sweep_eternal/instance_A/fiper_receding_samples.jsonl
bob|fiper_sweep_eternal|instance_A|libero_object_object_t0_r23,success_train,bob,fiper_sweep_eternal,instance_A,libero_object_object_t0_r23,libero_object_object,0,object,success,159,0,158,/media/rootalkhatib/My Passport/reda_ws/asynchvla_ws/stage9_libero_pro_risk_data/campaigns/fiper_sweep_eternal/instance_A/fiper_receding_samples.jsonl
bob|fiper_sweep_eternal|instance_A|libero_object_object_t0_r24,success_test_id,bob,fiper_sweep_eternal,instance_A,libero_object_object_t0_r24,libero_object_object,0,object,success,235,0,234,/media/rootalkhatib/My Passport/reda_ws/asynchvla_ws/stage9_libero_pro_risk_data/campaigns/fiper_sweep_eternal/instance_A/fiper_receding_samples.jsonl
bob|fiper_sweep_eternal|instance_A|libero_object_object_t0_r25,success_train,bob,fiper_sweep_eternal,instance_A,libero_object_object_t0_r25,libero_object_object,0,object,success,144,0,143,/media/rootalkhatib/My Passport/reda_ws/asynchvla_ws/stage9_libero_pro_risk_data/campaigns/fiper_sweep_eternal/instance_A/fiper_receding_samples.jsonl
bob|fiper_sweep_eternal|instance_A|libero_object_object_t0_r26,failure_eval_all,bob,fiper_sweep_eternal,instance_A,libero_object_object_t0_r26,libero_object_object,0,object,failure_or_timeout,300,0,299,/media/rootalkhatib/My Passport/reda_ws/asynchvla_ws/stage9_libero_pro_risk_data/campaigns/fiper_sweep_eternal/instance_A/fiper_receding_samples.jsonl
bob|fiper_sweep_eternal|instance_A|libero_object_object_t0_r27,failure_eval_all,bob,fiper_sweep_eternal,instance_A,libero_object_object_t0_r27,libero_object_object,0,object,failure_or_timeout,300,0,299,/media/rootalkhatib/My Passport/reda_ws/asynchvla_ws/stage9_libero_pro_risk_data/campaigns/fiper_sweep_eternal/instance_A/fiper_receding_samples.jsonl
bob|fiper_sweep_eternal|instance_A|libero_object_object_t0_r28,failure_eval_all,bob,fiper_sweep_eternal,instance_A,libero_object_object_t0_r28,libero_object_object,0,object,failure_or_timeout,300,0,299,/media/rootalkhatib/My Passport/reda_ws/asynchvla_ws/stage9_libero_pro_risk_data/campaigns/fiper_sweep_eternal/instance_A/fiper_receding_samples.jsonl
bob|fiper_sweep_eternal|instance_A|libero_object_object_t0_r29,failure_eval_all,bob,fiper_sweep_eternal,instance_A,libero_object_object_t0_r29,libero_object_object,0,object,failure_or_timeout,300,0,299,/media/rootalkhatib/My Passport/reda_ws/asynchvla_ws/stage9_libero_pro_risk_data/campaigns/fiper_sweep_eternal/instance_A/fiper_receding_samples.jsonl
bob|fiper_sweep_eternal|instance_A|libero_object_object_t0_r3,failure_eval_all,bob,fiper_sweep_eternal,instance_A,libero_object_object_t0_r3,libero_object_object,0,object,failure_or_timeout,300,0,299,/media/rootalkhatib/My Passport/reda_ws/asynchvla_ws/stage9_libero_pro_risk_data/campaigns/fiper_sweep_eternal/instance_A/fiper_receding_samples.jsonl
bob|fiper_sweep_eternal|instance_A|libero_object_object_t0_r30,success_train,bob,fiper_sweep_eternal,instance_A,libero_object_object_t0_r30,libero_object_object,0,object,success,137,0,136,/media/rootalkhatib/My Passport/reda_ws/asynchvla_ws/stage9_libero_pro_risk_data/campaigns/fiper_sweep_eternal/instance_A/fiper_receding_samples.jsonl
bob|fiper_sweep_eternal|instance_A|libero_object_object_t0_r31,success_train,bob,fiper_sweep_eternal,instance_A,libero_object_object_t0_r31,libero_object_object,0,object,success,207,0,206,/media/rootalkhatib/My Passport/reda_ws/asynchvla_ws/stage9_libero_pro_risk_data/campaigns/fiper_sweep_eternal/instance_A/fiper_receding_samples.jsonl
bob|fiper_sweep_eternal|instance_A|libero_object_object_t0_r32,success_train,bob,fiper_sweep_eternal,instance_A,libero_object_object_t0_r32,libero_object_object,0,object,success,138,0,137,/media/rootalkhatib/My Passport/reda_ws/asynchvla_ws/stage9_libero_pro_risk_data/campaigns/fiper_sweep_eternal/instance_A/fiper_receding_samples.jsonl
bob|fiper_sweep_eternal|instance_A|libero_object_object_t0_r33,success_train,bob,fiper_sweep_eternal,instance_A,libero_object_object_t0_r33,libero_object_object,0,object,success,141,0,140,/media/rootalkhatib/My Passport/reda_ws/asynchvla_ws/stage9_libero_pro_risk_data/campaigns/fiper_sweep_eternal/instance_A/fiper_receding_samples.jsonl
bob|fiper_sweep_eternal|instance_A|libero_object_object_t0_r34,success_test_id,bob,fiper_sweep_eternal,instance_A,libero_object_object_t0_r34,libero_object_object,0,object,success,255,0,254,/media/rootalkhatib/My Passport/reda_ws/asynchvla_ws/stage9_libero_pro_risk_data/campaigns/fiper_sweep_eternal/instance_A/fiper_receding_samples.jsonl
bob|fiper_sweep_eternal|instance_A|libero_object_object_t0_r35,success_calib,bob,fiper_sweep_eternal,instance_A,libero_object_object_t0_r35,libero_object_object,0,object,success,183,0,182,/media/rootalkhatib/My Passport/reda_ws/asynchvla_ws/stage9_libero_pro_risk_data/campaigns/fiper_sweep_eternal/instance_A/fiper_receding_samples.jsonl
bob|fiper_sweep_eternal|instance_A|libero_object_object_t0_r36,success_train,bob,fiper_sweep_eternal,instance_A,libero_object_object_t0_r36,libero_object_object,0,object,success,174,0,173,/media/rootalkhatib/My Passport/reda_ws/asynchvla_ws/stage9_libero_pro_risk_data/campaigns/fiper_sweep_eternal/instance_A/fiper_receding_samples.jsonl
bob|fiper_sweep_eternal|instance_A|libero_object_object_t0_r4,success_train,bob,fiper_sweep_eternal,instance_A,libero_object_object_t0_r4,libero_object_object,0,object,success,155,0,154,/media/rootalkhatib/My Passport/reda_ws/asynchvla_ws/stage9_libero_pro_risk_data/campaigns/fiper_sweep_eternal/instance_A/fiper_receding_samples.jsonl
bob|fiper_sweep_eternal|instance_A|libero_object_object_t0_r5,success_train,bob,fiper_sweep_eternal,instance_A,libero_object_object_t0_r5,libero_object_object,0,object,success,276,0,275,/media/rootalkhatib/My Passport/reda_ws/asynchvla_ws/stage9_libero_pro_risk_data/campaigns/fiper_sweep_eternal/instance_A/fiper_receding_samples.jsonl
bob|fiper_sweep_eternal|instance_A|libero_object_object_t0_r6,failure_eval_all,bob,fiper_sweep_eternal,instance_A,libero_object_object_t0_r6,libero_object_object,0,object,failure_or_timeout,300,0,299,/media/rootalkhatib/My Passport/reda_ws/asynchvla_ws/stage9_libero_pro_risk_data/campaigns/fiper_sweep_eternal/instance_A/fiper_receding_samples.jsonl
bob|fiper_sweep_eternal|instance_A|libero_object_object_t0_r7,success_train,bob,fiper_sweep_eternal,instance_A,libero_object_object_t0_r7,libero_object_object,0,object,success,155,0,154,/media/rootalkhatib/My Passport/reda_ws/asynchvla_ws/stage9_libero_pro_risk_data/campaigns/fiper_sweep_eternal/instance_A/fiper_receding_samples.jsonl
bob|fiper_sweep_eternal|instance_A|libero_object_object_t0_r8,success_calib,bob,fiper_sweep_eternal,instance_A,libero_object_object_t0_r8,libero_object_object,0,object,success,188,0,187,/media/rootalkhatib/My Passport/reda_ws/asynchvla_ws/stage9_libero_pro_risk_data/campaigns/fiper_sweep_eternal/instance_A/fiper_receding_samples.jsonl
bob|fiper_sweep_eternal|instance_A|libero_object_object_t0_r9,success_train,bob,fiper_sweep_eternal,instance_A,libero_object_object_t0_r9,libero_object_object,0,object,success,158,0,157,/media/rootalkhatib/My Passport/reda_ws/asynchvla_ws/stage9_libero_pro_risk_data/campaigns/fiper_sweep_eternal/instance_A/fiper_receding_samples.jsonl
bob|fiper_sweep_eternal|instance_A|libero_object_object_t1_r0,success_train,bob,fiper_sweep_eternal,instance_A,libero_object_object_t1_r0,libero_object_object,1,object,success,136,0,135,/media/rootalkhatib/My Passport/reda_ws/asynchvla_ws/stage9_libero_pro_risk_data/campaigns/fiper_sweep_eternal/instance_A/fiper_receding_samples.jsonl
bob|fiper_sweep_eternal|instance_A|libero_object_object_t1_r1,success_train,bob,fiper_sweep_eternal,instance_A,libero_object_object_t1_r1,libero_object_object,1,object,success,140,0,139,/media/rootalkhatib/My Passport/reda_ws/asynchvla_ws/stage9_libero_pro_risk_data/campaigns/fiper_sweep_eternal/instance_A/fiper_receding_samples.jsonl
bob|fiper_sweep_eternal|instance_A|libero_object_object_t1_r10,success_test_id,bob,fiper_sweep_eternal,instance_A,libero_object_object_t1_r10,libero_object_object,1,object,success,163,0,162,/media/rootalkhatib/My Passport/reda_ws/asynchvla_ws/stage9_libero_pro_risk_data/campaigns/fiper_sweep_eternal/instance_A/fiper_receding_samples.jsonl
bob|fiper_sweep_eternal|instance_A|libero_object_object_t1_r11,success_train,bob,fiper_sweep_eternal,instance_A,libero_object_object_t1_r11,libero_object_object,1,object,success,138,0,137,/media/rootalkhatib/My Passport/reda_ws/asynchvla_ws/stage9_libero_pro_risk_data/campaigns/fiper_sweep_eternal/instance_A/fiper_receding_samples.jsonl
bob|fiper_sweep_eternal|instance_A|libero_object_object_t1_r12,failure_eval_all,bob,fiper_sweep_eternal,instance_A,libero_object_object_t1_r12,libero_object_object,1,object,failure_or_timeout,300,0,299,/media/rootalkhatib/My Passport/reda_ws/asynchvla_ws/stage9_libero_pro_risk_data/campaigns/fiper_sweep_eternal/instance_A/fiper_receding_samples.jsonl
bob|fiper_sweep_eternal|instance_A|libero_object_object_t1_r13,success_test_id,bob,fiper_sweep_eternal,instance_A,libero_object_object_t1_r13,libero_object_object,1,object,success,138,0,137,/media/rootalkhatib/My Passport/reda_ws/asynchvla_ws/stage9_libero_pro_risk_data/campaigns/fiper_sweep_eternal/instance_A/fiper_receding_samples.jsonl
bob|fiper_sweep_eternal|instance_A|libero_object_object_t1_r14,success_train,bob,fiper_sweep_eternal,instance_A,libero_object_object_t1_r14,libero_object_object,1,object,success,210,0,209,/media/rootalkhatib/My Passport/reda_ws/asynchvla_ws/stage9_libero_pro_risk_data/campaigns/fiper_sweep_eternal/instance_A/fiper_receding_samples.jsonl
bob|fiper_sweep_eternal|instance_A|libero_object_object_t1_r15,success_test_id,bob,fiper_sweep_eternal,instance_A,libero_object_object_t1_r15,libero_object_object,1,object,success,193,0,192,/media/rootalkhatib/My Passport/reda_ws/asynchvla_ws/stage9_libero_pro_risk_data/campaigns/fiper_sweep_eternal/instance_A/fiper_receding_samples.jsonl
bob|fiper_sweep_eternal|instance_A|libero_object_object_t1_r16,failure_eval_all,bob,fiper_sweep_eternal,instance_A,libero_object_object_t1_r16,libero_object_object,1,object,failure_or_timeout,300,0,299,/media/rootalkhatib/My Passport/reda_ws/asynchvla_ws/stage9_libero_pro_risk_data/campaigns/fiper_sweep_eternal/instance_A/fiper_receding_samples.jsonl
bob|fiper_sweep_eternal|instance_A|libero_object_object_t1_r17,success_train,bob,fiper_sweep_eternal,instance_A,libero_object_object_t1_r17,libero_object_object,1,object,success,122,0,121,/media/rootalkhatib/My Passport/reda_ws/asynchvla_ws/stage9_libero_pro_risk_data/campaigns/fiper_sweep_eternal/instance_A/fiper_receding_samples.jsonl
bob|fiper_sweep_eternal|instance_A|libero_object_object_t1_r18,success_train,bob,fiper_sweep_eternal,instance_A,libero_object_object_t1_r18,libero_object_object,1,object,success,152,0,151,/media/rootalkhatib/My Passport/reda_ws/asynchvla_ws/stage9_libero_pro_risk_data/campaigns/fiper_sweep_eternal/instance_A/fiper_receding_samples.jsonl
bob|fiper_sweep_eternal|instance_A|libero_object_object_t1_r19,failure_eval_all,bob,fiper_sweep_eternal,instance_A,libero_object_object_t1_r19,libero_object_object,1,object,failure_or_timeout,300,0,299,/media/rootalkhatib/My Passport/reda_ws/asynchvla_ws/stage9_libero_pro_risk_data/campaigns/fiper_sweep_eternal/instance_A/fiper_receding_samples.jsonl
bob|fiper_sweep_eternal|instance_A|libero_object_object_t1_r2,success_test_id,bob,fiper_sweep_eternal,instance_A,libero_object_object_t1_r2,libero_object_object,1,object,success,186,0,185,/media/rootalkhatib/My Passport/reda_ws/asynchvla_ws/stage9_libero_pro_risk_data/campaigns/fiper_sweep_eternal/instance_A/fiper_receding_samples.jsonl
bob|fiper_sweep_eternal|instance_A|libero_object_object_t1_r20,success_calib,bob,fiper_sweep_eternal,instance_A,libero_object_object_t1_r20,libero_object_object,1,object,success,289,0,288,/media/rootalkhatib/My Passport/reda_ws/asynchvla_ws/stage9_libero_pro_risk_data/campaigns/fiper_sweep_eternal/instance_A/fiper_receding_samples.jsonl
bob|fiper_sweep_eternal|instance_A|libero_object_object_t1_r21,success_train,bob,fiper_sweep_eternal,instance_A,libero_object_object_t1_r21,libero_object_object,1,object,success,134,0,133,/media/rootalkhatib/My Passport/reda_ws/asynchvla_ws/stage9_libero_pro_risk_data/campaigns/fiper_sweep_eternal/instance_A/fiper_receding_samples.jsonl
bob|fiper_sweep_eternal|instance_A|libero_object_object_t1_r22,success_train,bob,fiper_sweep_eternal,instance_A,libero_object_object_t1_r22,libero_object_object,1,object,success,216,0,215,/media/rootalkhatib/My Passport/reda_ws/asynchvla_ws/stage9_libero_pro_risk_data/campaigns/fiper_sweep_eternal/instance_A/fiper_receding_samples.jsonl
bob|fiper_sweep_eternal|instance_A|libero_object_object_t1_r23,success_calib,bob,fiper_sweep_eternal,instance_A,libero_object_object_t1_r23,libero_object_object,1,object,success,290,0,289,/media/rootalkhatib/My Passport/reda_ws/asynchvla_ws/stage9_libero_pro_risk_data/campaigns/fiper_sweep_eternal/instance_A/fiper_receding_samples.jsonl
bob|fiper_sweep_eternal|instance_A|libero_object_object_t1_r24,success_train,bob,fiper_sweep_eternal,instance_A,libero_object_object_t1_r24,libero_object_object,1,object,success,154,0,153,/media/rootalkhatib/My Passport/reda_ws/asynchvla_ws/stage9_libero_pro_risk_data/campaigns/fiper_sweep_eternal/instance_A/fiper_receding_samples.jsonl
bob|fiper_sweep_eternal|instance_A|libero_object_object_t1_r25,failure_eval_all,bob,fiper_sweep_eternal,instance_A,libero_object_object_t1_r25,libero_object_object,1,object,failure_or_timeout,300,0,299,/media/rootalkhatib/My Passport/reda_ws/asynchvla_ws/stage9_libero_pro_risk_data/campaigns/fiper_sweep_eternal/instance_A/fiper_receding_samples.jsonl
bob|fiper_sweep_eternal|instance_A|libero_object_object_t1_r26,success_train,bob,fiper_sweep_eternal,instance_A,libero_object_object_t1_r26,libero_object_object,1,object,success,175,0,174,/media/rootalkhatib/My Passport/reda_ws/asynchvla_ws/stage9_libero_pro_risk_data/campaigns/fiper_sweep_eternal/instance_A/fiper_receding_samples.jsonl
bob|fiper_sweep_eternal|instance_A|libero_object_object_t1_r27,success_train,bob,fiper_sweep_eternal,instance_A,libero_object_object_t1_r27,libero_object_object,1,object,success,243,0,242,/media/rootalkhatib/My Passport/reda_ws/asynchvla_ws/stage9_libero_pro_risk_data/campaigns/fiper_sweep_eternal/instance_A/fiper_receding_samples.jsonl
bob|fiper_sweep_eternal|instance_A|libero_object_object_t1_r28,success_train,bob,fiper_sweep_eternal,instance_A,libero_object_object_t1_r28,libero_object_object,1,object,success,275,0,274,/media/rootalkhatib/My Passport/reda_ws/asynchvla_ws/stage9_libero_pro_risk_data/campaigns/fiper_sweep_eternal/instance_A/fiper_receding_samples.jsonl
bob|fiper_sweep_eternal|instance_A|libero_object_object_t1_r29,success_train,bob,fiper_sweep_eternal,instance_A,libero_object_object_t1_r29,libero_object_object,1,object,success,175,0,174,/media/rootalkhatib/My Passport/reda_ws/asynchvla_ws/stage9_libero_pro_risk_data/campaigns/fiper_sweep_eternal/instance_A/fiper_receding_samples.jsonl
bob|fiper_sweep_eternal|instance_A|libero_object_object_t1_r3,success_train,bob,fiper_sweep_eternal,instance_A,libero_object_object_t1_r3,libero_object_object,1,object,success,147,0,146,/media/rootalkhatib/My Passport/reda_ws/asynchvla_ws/stage9_libero_pro_risk_data/campaigns/fiper_sweep_eternal/instance_A/fiper_receding_samples.jsonl
bob|fiper_sweep_eternal|instance_A|libero_object_object_t1_r30,success_train,bob,fiper_sweep_eternal,instance_A,libero_object_object_t1_r30,libero_object_object,1,object,success,253,0,252,/media/rootalkhatib/My Passport/reda_ws/asynchvla_ws/stage9_libero_pro_risk_data/campaigns/fiper_sweep_eternal/instance_A/fiper_receding_samples.jsonl
bob|fiper_sweep_eternal|instance_A|libero_object_object_t1_r31,success_calib,bob,fiper_sweep_eternal,instance_A,libero_object_object_t1_r31,libero_object_object,1,object,success,221,0,220,/media/rootalkhatib/My Passport/reda_ws/asynchvla_ws/stage9_libero_pro_risk_data/campaigns/fiper_sweep_eternal/instance_A/fiper_receding_samples.jsonl
bob|fiper_sweep_eternal|instance_A|libero_object_object_t1_r32,success_train,bob,fiper_sweep_eternal,instance_A,libero_object_object_t1_r32,libero_object_object,1,object,success,277,0,276,/media/rootalkhatib/My Passport/reda_ws/asynchvla_ws/stage9_libero_pro_risk_data/campaigns/fiper_sweep_eternal/instance_A/fiper_receding_samples.jsonl
bob|fiper_sweep_eternal|instance_A|libero_object_object_t1_r33,success_train,bob,fiper_sweep_eternal,instance_A,libero_object_object_t1_r33,libero_object_object,1,object,success,155,0,154,/media/rootalkhatib/My Passport/reda_ws/asynchvla_ws/stage9_libero_pro_risk_data/campaigns/fiper_sweep_eternal/instance_A/fiper_receding_samples.jsonl
bob|fiper_sweep_eternal|instance_A|libero_object_object_t1_r34,success_train,bob,fiper_sweep_eternal,instance_A,libero_object_object_t1_r34,libero_object_object,1,object,success,228,0,227,/media/rootalkhatib/My Passport/reda_ws/asynchvla_ws/stage9_libero_pro_risk_data/campaigns/fiper_sweep_eternal/instance_A/fiper_receding_samples.jsonl
bob|fiper_sweep_eternal|instance_A|libero_object_object_t1_r35,failure_eval_all,bob,fiper_sweep_eternal,instance_A,libero_object_object_t1_r35,libero_object_object,1,object,failure_or_timeout,300,0,299,/media/rootalkhatib/My Passport/reda_ws/asynchvla_ws/stage9_libero_pro_risk_data/campaigns/fiper_sweep_eternal/instance_A/fiper_receding_samples.jsonl
bob|fiper_sweep_eternal|instance_A|libero_object_object_t1_r36,failure_eval_all,bob,fiper_sweep_eternal,instance_A,libero_object_object_t1_r36,libero_object_object,1,object,failure_or_timeout,300,0,299,/media/rootalkhatib/My Passport/reda_ws/asynchvla_ws/stage9_libero_pro_risk_data/campaigns/fiper_sweep_eternal/instance_A/fiper_receding_samples.jsonl
bob|fiper_sweep_eternal|instance_A|libero_object_object_t1_r4,success_train,bob,fiper_sweep_eternal,instance_A,libero_object_object_t1_r4,libero_object_object,1,object,success,255,0,254,/media/rootalkhatib/My Passport/reda_ws/asynchvla_ws/stage9_libero_pro_risk_data/campaigns/fiper_sweep_eternal/instance_A/fiper_receding_samples.jsonl
bob|fiper_sweep_eternal|instance_A|libero_object_object_t1_r5,success_calib,bob,fiper_sweep_eternal,instance_A,libero_object_object_t1_r5,libero_object_object,1,object,success,137,0,136,/media/rootalkhatib/My Passport/reda_ws/asynchvla_ws/stage9_libero_pro_risk_data/campaigns/fiper_sweep_eternal/instance_A/fiper_receding_samples.jsonl
bob|fiper_sweep_eternal|instance_A|libero_object_object_t1_r6,failure_eval_all,bob,fiper_sweep_eternal,instance_A,libero_object_object_t1_r6,libero_object_object,1,object,failure_or_timeout,300,0,299,/media/rootalkhatib/My Passport/reda_ws/asynchvla_ws/stage9_libero_pro_risk_data/campaigns/fiper_sweep_eternal/instance_A/fiper_receding_samples.jsonl
bob|fiper_sweep_eternal|instance_A|libero_object_object_t1_r7,success_train,bob,fiper_sweep_eternal,instance_A,libero_object_object_t1_r7,libero_object_object,1,object,success,140,0,139,/media/rootalkhatib/My Passport/reda_ws/asynchvla_ws/stage9_libero_pro_risk_data/campaigns/fiper_sweep_eternal/instance_A/fiper_receding_samples.jsonl
bob|fiper_sweep_eternal|instance_A|libero_object_object_t1_r8,failure_eval_all,bob,fiper_sweep_eternal,instance_A,libero_object_object_t1_r8,libero_object_object,1,object,failure_or_timeout,300,0,299,/media/rootalkhatib/My Passport/reda_ws/asynchvla_ws/stage9_libero_pro_risk_data/campaigns/fiper_sweep_eternal/instance_A/fiper_receding_samples.jsonl
bob|fiper_sweep_eternal|instance_A|libero_object_object_t1_r9,failure_eval_all,bob,fiper_sweep_eternal,instance_A,libero_object_object_t1_r9,libero_object_object,1,object,failure_or_timeout,300,0,299,/media/rootalkhatib/My Passport/reda_ws/asynchvla_ws/stage9_libero_pro_risk_data/campaigns/fiper_sweep_eternal/instance_A/fiper_receding_samples.jsonl
bob|fiper_sweep_eternal|instance_A|libero_object_object_t2_r0,success_train,bob,fiper_sweep_eternal,instance_A,libero_object_object_t2_r0,libero_object_object,2,object,success,179,0,178,/media/rootalkhatib/My Passport/reda_ws/asynchvla_ws/stage9_libero_pro_risk_data/campaigns/fiper_sweep_eternal/instance_A/fiper_receding_samples.jsonl
bob|fiper_sweep_eternal|instance_A|libero_object_object_t2_r1,success_calib,bob,fiper_sweep_eternal,instance_A,libero_object_object_t2_r1,libero_object_object,2,object,success,180,0,179,/media/rootalkhatib/My Passport/reda_ws/asynchvla_ws/stage9_libero_pro_risk_data/campaigns/fiper_sweep_eternal/instance_A/fiper_receding_samples.jsonl
bob|fiper_sweep_eternal|instance_A|libero_object_object_t2_r10,success_train,bob,fiper_sweep_eternal,instance_A,libero_object_object_t2_r10,libero_object_object,2,object,success,161,0,160,/media/rootalkhatib/My Passport/reda_ws/asynchvla_ws/stage9_libero_pro_risk_data/campaigns/fiper_sweep_eternal/instance_A/fiper_receding_samples.jsonl
bob|fiper_sweep_eternal|instance_A|libero_object_object_t2_r11,failure_eval_all,bob,fiper_sweep_eternal,instance_A,libero_object_object_t2_r11,libero_object_object,2,object,failure_or_timeout,300,0,299,/media/rootalkhatib/My Passport/reda_ws/asynchvla_ws/stage9_libero_pro_risk_data/campaigns/fiper_sweep_eternal/instance_A/fiper_receding_samples.jsonl
bob|fiper_sweep_eternal|instance_A|libero_object_object_t2_r12,failure_eval_all,bob,fiper_sweep_eternal,instance_A,libero_object_object_t2_r12,libero_object_object,2,object,failure_or_timeout,300,0,299,/media/rootalkhatib/My Passport/reda_ws/asynchvla_ws/stage9_libero_pro_risk_data/campaigns/fiper_sweep_eternal/instance_A/fiper_receding_samples.jsonl
bob|fiper_sweep_eternal|instance_A|libero_object_object_t2_r13,success_train,bob,fiper_sweep_eternal,instance_A,libero_object_object_t2_r13,libero_object_object,2,object,success,106,0,105,/media/rootalkhatib/My Passport/reda_ws/asynchvla_ws/stage9_libero_pro_risk_data/campaigns/fiper_sweep_eternal/instance_A/fiper_receding_samples.jsonl
bob|fiper_sweep_eternal|instance_A|libero_object_object_t2_r14,failure_eval_all,bob,fiper_sweep_eternal,instance_A,libero_object_object_t2_r14,libero_object_object,2,object,failure_or_timeout,300,0,299,/media/rootalkhatib/My Passport/reda_ws/asynchvla_ws/stage9_libero_pro_risk_data/campaigns/fiper_sweep_eternal/instance_A/fiper_receding_samples.jsonl
bob|fiper_sweep_eternal|instance_A|libero_object_object_t2_r15,success_train,bob,fiper_sweep_eternal,instance_A,libero_object_object_t2_r15,libero_object_object,2,object,success,172,0,171,/media/rootalkhatib/My Passport/reda_ws/asynchvla_ws/stage9_libero_pro_risk_data/campaigns/fiper_sweep_eternal/instance_A/fiper_receding_samples.jsonl
bob|fiper_sweep_eternal|instance_A|libero_object_object_t2_r16,success_calib,bob,fiper_sweep_eternal,instance_A,libero_object_object_t2_r16,libero_object_object,2,object,success,155,0,154,/media/rootalkhatib/My Passport/reda_ws/asynchvla_ws/stage9_libero_pro_risk_data/campaigns/fiper_sweep_eternal/instance_A/fiper_receding_samples.jsonl
bob|fiper_sweep_eternal|instance_A|libero_object_object_t2_r17,success_train,bob,fiper_sweep_eternal,instance_A,libero_object_object_t2_r17,libero_object_object,2,object,success,153,0,152,/media/rootalkhatib/My Passport/reda_ws/asynchvla_ws/stage9_libero_pro_risk_data/campaigns/fiper_sweep_eternal/instance_A/fiper_receding_samples.jsonl
bob|fiper_sweep_eternal|instance_A|libero_object_object_t2_r18,success_train,bob,fiper_sweep_eternal,instance_A,libero_object_object_t2_r18,libero_object_object,2,object,success,174,0,173,/media/rootalkhatib/My Passport/reda_ws/asynchvla_ws/stage9_libero_pro_risk_data/campaigns/fiper_sweep_eternal/instance_A/fiper_receding_samples.jsonl
bob|fiper_sweep_eternal|instance_A|libero_object_object_t2_r19,success_train,bob,fiper_sweep_eternal,instance_A,libero_object_object_t2_r19,libero_object_object,2,object,success,158,0,157,/media/rootalkhatib/My Passport/reda_ws/asynchvla_ws/stage9_libero_pro_risk_data/campaigns/fiper_sweep_eternal/instance_A/fiper_receding_samples.jsonl
bob|fiper_sweep_eternal|instance_A|libero_object_object_t2_r2,success_calib,bob,fiper_sweep_eternal,instance_A,libero_object_object_t2_r2,libero_object_object,2,object,success,157,0,156,/media/rootalkhatib/My Passport/reda_ws/asynchvla_ws/stage9_libero_pro_risk_data/campaigns/fiper_sweep_eternal/instance_A/fiper_receding_samples.jsonl
bob|fiper_sweep_eternal|instance_A|libero_object_object_t2_r20,success_train,bob,fiper_sweep_eternal,instance_A,libero_object_object_t2_r20,libero_object_object,2,object,success,157,0,156,/media/rootalkhatib/My Passport/reda_ws/asynchvla_ws/stage9_libero_pro_risk_data/campaigns/fiper_sweep_eternal/instance_A/fiper_receding_samples.jsonl
bob|fiper_sweep_eternal|instance_A|libero_object_object_t2_r21,failure_eval_all,bob,fiper_sweep_eternal,instance_A,libero_object_object_t2_r21,libero_object_object,2,object,failure_or_timeout,300,0,299,/media/rootalkhatib/My Passport/reda_ws/asynchvla_ws/stage9_libero_pro_risk_data/campaigns/fiper_sweep_eternal/instance_A/fiper_receding_samples.jsonl
bob|fiper_sweep_eternal|instance_A|libero_object_object_t2_r22,success_train,bob,fiper_sweep_eternal,instance_A,libero_object_object_t2_r22,libero_object_object,2,object,success,161,0,160,/media/rootalkhatib/My Passport/reda_ws/asynchvla_ws/stage9_libero_pro_risk_data/campaigns/fiper_sweep_eternal/instance_A/fiper_receding_samples.jsonl
bob|fiper_sweep_eternal|instance_A|libero_object_object_t2_r23,success_train,bob,fiper_sweep_eternal,instance_A,libero_object_object_t2_r23,libero_object_object,2,object,success,180,0,179,/media/rootalkhatib/My Passport/reda_ws/asynchvla_ws/stage9_libero_pro_risk_data/campaigns/fiper_sweep_eternal/instance_A/fiper_receding_samples.jsonl
bob|fiper_sweep_eternal|instance_A|libero_object_object_t2_r24,success_calib,bob,fiper_sweep_eternal,instance_A,libero_object_object_t2_r24,libero_object_object,2,object,success,166,0,165,/media/rootalkhatib/My Passport/reda_ws/asynchvla_ws/stage9_libero_pro_risk_data/campaigns/fiper_sweep_eternal/instance_A/fiper_receding_samples.jsonl
bob|fiper_sweep_eternal|instance_A|libero_object_object_t2_r25,success_train,bob,fiper_sweep_eternal,instance_A,libero_object_object_t2_r25,libero_object_object,2,object,success,168,0,167,/media/rootalkhatib/My Passport/reda_ws/asynchvla_ws/stage9_libero_pro_risk_data/campaigns/fiper_sweep_eternal/instance_A/fiper_receding_samples.jsonl
bob|fiper_sweep_eternal|instance_A|libero_object_object_t2_r26,success_train,bob,fiper_sweep_eternal,instance_A,libero_object_object_t2_r26,libero_object_object,2,object,success,170,0,169,/media/rootalkhatib/My Passport/reda_ws/asynchvla_ws/stage9_libero_pro_risk_data/campaigns/fiper_sweep_eternal/instance_A/fiper_receding_samples.jsonl
bob|fiper_sweep_eternal|instance_A|libero_object_object_t2_r27,success_train,bob,fiper_sweep_eternal,instance_A,libero_object_object_t2_r27,libero_object_object,2,object,success,165,0,164,/media/rootalkhatib/My Passport/reda_ws/asynchvla_ws/stage9_libero_pro_risk_data/campaigns/fiper_sweep_eternal/instance_A/fiper_receding_samples.jsonl
bob|fiper_sweep_eternal|instance_A|libero_object_object_t2_r28,success_train,bob,fiper_sweep_eternal,instance_A,libero_object_object_t2_r28,libero_object_object,2,object,success,116,0,115,/media/rootalkhatib/My Passport/reda_ws/asynchvla_ws/stage9_libero_pro_risk_data/campaigns/fiper_sweep_eternal/instance_A/fiper_receding_samples.jsonl
bob|fiper_sweep_eternal|instance_A|libero_object_object_t2_r29,success_train,bob,fiper_sweep_eternal,instance_A,libero_object_object_t2_r29,libero_object_object,2,object,success,173,0,172,/media/rootalkhatib/My Passport/reda_ws/asynchvla_ws/stage9_libero_pro_risk_data/campaigns/fiper_sweep_eternal/instance_A/fiper_receding_samples.jsonl
bob|fiper_sweep_eternal|instance_A|libero_object_object_t2_r3,success_train,bob,fiper_sweep_eternal,instance_A,libero_object_object_t2_r3,libero_object_object,2,object,success,161,0,160,/media/rootalkhatib/My Passport/reda_ws/asynchvla_ws/stage9_libero_pro_risk_data/campaigns/fiper_sweep_eternal/instance_A/fiper_receding_samples.jsonl
bob|fiper_sweep_eternal|instance_A|libero_object_object_t2_r30,success_train,bob,fiper_sweep_eternal,instance_A,libero_object_object_t2_r30,libero_object_object,2,object,success,161,0,160,/media/rootalkhatib/My Passport/reda_ws/asynchvla_ws/stage9_libero_pro_risk_data/campaigns/fiper_sweep_eternal/instance_A/fiper_receding_samples.jsonl
bob|fiper_sweep_eternal|instance_A|libero_object_object_t2_r31,success_test_id,bob,fiper_sweep_eternal,instance_A,libero_object_object_t2_r31,libero_object_object,2,object,success,117,0,116,/media/rootalkhatib/My Passport/reda_ws/asynchvla_ws/stage9_libero_pro_risk_data/campaigns/fiper_sweep_eternal/instance_A/fiper_receding_samples.jsonl
bob|fiper_sweep_eternal|instance_A|libero_object_object_t2_r32,success_test_id,bob,fiper_sweep_eternal,instance_A,libero_object_object_t2_r32,libero_object_object,2,object,success,116,0,115,/media/rootalkhatib/My Passport/reda_ws/asynchvla_ws/stage9_libero_pro_risk_data/campaigns/fiper_sweep_eternal/instance_A/fiper_receding_samples.jsonl
bob|fiper_sweep_eternal|instance_A|libero_object_object_t2_r33,success_train,bob,fiper_sweep_eternal,instance_A,libero_object_object_t2_r33,libero_object_object,2,object,success,171,0,170,/media/rootalkhatib/My Passport/reda_ws/asynchvla_ws/stage9_libero_pro_risk_data/campaigns/fiper_sweep_eternal/instance_A/fiper_receding_samples.jsonl
bob|fiper_sweep_eternal|instance_A|libero_object_object_t2_r34,success_calib,bob,fiper_sweep_eternal,instance_A,libero_object_object_t2_r34,libero_object_object,2,object,success,174,0,173,/media/rootalkhatib/My Passport/reda_ws/asynchvla_ws/stage9_libero_pro_risk_data/campaigns/fiper_sweep_eternal/instance_A/fiper_receding_samples.jsonl
bob|fiper_sweep_eternal|instance_A|libero_object_object_t2_r35,success_test_id,bob,fiper_sweep_eternal,instance_A,libero_object_object_t2_r35,libero_object_object,2,object,success,108,0,107,/media/rootalkhatib/My Passport/reda_ws/asynchvla_ws/stage9_libero_pro_risk_data/campaigns/fiper_sweep_eternal/instance_A/fiper_receding_samples.jsonl
bob|fiper_sweep_eternal|instance_A|libero_object_object_t2_r36,success_test_id,bob,fiper_sweep_eternal,instance_A,libero_object_object_t2_r36,libero_object_object,2,object,success,107,0,106,/media/rootalkhatib/My Passport/reda_ws/asynchvla_ws/stage9_libero_pro_risk_data/campaigns/fiper_sweep_eternal/instance_A/fiper_receding_samples.jsonl
bob|fiper_sweep_eternal|instance_A|libero_object_object_t2_r4,success_train,bob,fiper_sweep_eternal,instance_A,libero_object_object_t2_r4,libero_object_object,2,object,success,165,0,164,/media/rootalkhatib/My Passport/reda_ws/asynchvla_ws/stage9_libero_pro_risk_data/campaigns/fiper_sweep_eternal/instance_A/fiper_receding_samples.jsonl
bob|fiper_sweep_eternal|instance_A|libero_object_object_t2_r5,success_train,bob,fiper_sweep_eternal,instance_A,libero_object_object_t2_r5,libero_object_object,2,object,success,159,0,158,/media/rootalkhatib/My Passport/reda_ws/asynchvla_ws/stage9_libero_pro_risk_data/campaigns/fiper_sweep_eternal/instance_A/fiper_receding_samples.jsonl
bob|fiper_sweep_eternal|instance_A|libero_object_object_t2_r6,success_train,bob,fiper_sweep_eternal,instance_A,libero_object_object_t2_r6,libero_object_object,2,object,success,167,0,166,/media/rootalkhatib/My Passport/reda_ws/asynchvla_ws/stage9_libero_pro_risk_data/campaigns/fiper_sweep_eternal/instance_A/fiper_receding_samples.jsonl
bob|fiper_sweep_eternal|instance_A|libero_object_object_t2_r7,success_train,bob,fiper_sweep_eternal,instance_A,libero_object_object_t2_r7,libero_object_object,2,object,success,167,0,166,/media/rootalkhatib/My Passport/reda_ws/asynchvla_ws/stage9_libero_pro_risk_data/campaigns/fiper_sweep_eternal/instance_A/fiper_receding_samples.jsonl
bob|fiper_sweep_eternal|instance_A|libero_object_object_t2_r8,success_test_id,bob,fiper_sweep_eternal,instance_A,libero_object_object_t2_r8,libero_object_object,2,object,success,166,0,165,/media/rootalkhatib/My Passport/reda_ws/asynchvla_ws/stage9_libero_pro_risk_data/campaigns/fiper_sweep_eternal/instance_A/fiper_receding_samples.jsonl
bob|fiper_sweep_eternal|instance_A|libero_object_object_t2_r9,success_train,bob,fiper_sweep_eternal,instance_A,libero_object_object_t2_r9,libero_object_object,2,object,success,148,0,147,/media/rootalkhatib/My Passport/reda_ws/asynchvla_ws/stage9_libero_pro_risk_data/campaigns/fiper_sweep_eternal/instance_A/fiper_receding_samples.jsonl
bob|fiper_sweep_eternal|instance_A|libero_object_object_t3_r0,success_train,bob,fiper_sweep_eternal,instance_A,libero_object_object_t3_r0,libero_object_object,3,object,success,143,0,142,/media/rootalkhatib/My Passport/reda_ws/asynchvla_ws/stage9_libero_pro_risk_data/campaigns/fiper_sweep_eternal/instance_A/fiper_receding_samples.jsonl
bob|fiper_sweep_eternal|instance_A|libero_object_object_t3_r1,success_train,bob,fiper_sweep_eternal,instance_A,libero_object_object_t3_r1,libero_object_object,3,object,success,149,0,148,/media/rootalkhatib/My Passport/reda_ws/asynchvla_ws/stage9_libero_pro_risk_data/campaigns/fiper_sweep_eternal/instance_A/fiper_receding_samples.jsonl
bob|fiper_sweep_eternal|instance_A|libero_object_object_t3_r10,success_train,bob,fiper_sweep_eternal,instance_A,libero_object_object_t3_r10,libero_object_object,3,object,success,135,0,134,/media/rootalkhatib/My Passport/reda_ws/asynchvla_ws/stage9_libero_pro_risk_data/campaigns/fiper_sweep_eternal/instance_A/fiper_receding_samples.jsonl
bob|fiper_sweep_eternal|instance_A|libero_object_object_t3_r11,success_train,bob,fiper_sweep_eternal,instance_A,libero_object_object_t3_r11,libero_object_object,3,object,success,175,0,174,/media/rootalkhatib/My Passport/reda_ws/asynchvla_ws/stage9_libero_pro_risk_data/campaigns/fiper_sweep_eternal/instance_A/fiper_receding_samples.jsonl
bob|fiper_sweep_eternal|instance_A|libero_object_object_t3_r12,success_test_id,bob,fiper_sweep_eternal,instance_A,libero_object_object_t3_r12,libero_object_object,3,object,success,157,0,156,/media/rootalkhatib/My Passport/reda_ws/asynchvla_ws/stage9_libero_pro_risk_data/campaigns/fiper_sweep_eternal/instance_A/fiper_receding_samples.jsonl
bob|fiper_sweep_eternal|instance_A|libero_object_object_t3_r13,success_train,bob,fiper_sweep_eternal,instance_A,libero_object_object_t3_r13,libero_object_object,3,object,success,141,0,140,/media/rootalkhatib/My Passport/reda_ws/asynchvla_ws/stage9_libero_pro_risk_data/campaigns/fiper_sweep_eternal/instance_A/fiper_receding_samples.jsonl
bob|fiper_sweep_eternal|instance_A|libero_object_object_t3_r14,success_train,bob,fiper_sweep_eternal,instance_A,libero_object_object_t3_r14,libero_object_object,3,object,success,132,0,131,/media/rootalkhatib/My Passport/reda_ws/asynchvla_ws/stage9_libero_pro_risk_data/campaigns/fiper_sweep_eternal/instance_A/fiper_receding_samples.jsonl
bob|fiper_sweep_eternal|instance_A|libero_object_object_t3_r15,success_train,bob,fiper_sweep_eternal,instance_A,libero_object_object_t3_r15,libero_object_object,3,object,success,160,0,159,/media/rootalkhatib/My Passport/reda_ws/asynchvla_ws/stage9_libero_pro_risk_data/campaigns/fiper_sweep_eternal/instance_A/fiper_receding_samples.jsonl
bob|fiper_sweep_eternal|instance_A|libero_object_object_t3_r16,success_train,bob,fiper_sweep_eternal,instance_A,libero_object_object_t3_r16,libero_object_object,3,object,success,133,0,132,/media/rootalkhatib/My Passport/reda_ws/asynchvla_ws/stage9_libero_pro_risk_data/campaigns/fiper_sweep_eternal/instance_A/fiper_receding_samples.jsonl
bob|fiper_sweep_eternal|instance_A|libero_object_object_t3_r17,success_train,bob,fiper_sweep_eternal,instance_A,libero_object_object_t3_r17,libero_object_object,3,object,success,212,0,211,/media/rootalkhatib/My Passport/reda_ws/asynchvla_ws/stage9_libero_pro_risk_data/campaigns/fiper_sweep_eternal/instance_A/fiper_receding_samples.jsonl
bob|fiper_sweep_eternal|instance_A|libero_object_object_t3_r18,success_train,bob,fiper_sweep_eternal,instance_A,libero_object_object_t3_r18,libero_object_object,3,object,success,137,0,136,/media/rootalkhatib/My Passport/reda_ws/asynchvla_ws/stage9_libero_pro_risk_data/campaigns/fiper_sweep_eternal/instance_A/fiper_receding_samples.jsonl
bob|fiper_sweep_eternal|instance_A|libero_object_object_t3_r19,success_train,bob,fiper_sweep_eternal,instance_A,libero_object_object_t3_r19,libero_object_object,3,object,success,210,0,209,/media/rootalkhatib/My Passport/reda_ws/asynchvla_ws/stage9_libero_pro_risk_data/campaigns/fiper_sweep_eternal/instance_A/fiper_receding_samples.jsonl
bob|fiper_sweep_eternal|instance_A|libero_object_object_t3_r2,success_test_id,bob,fiper_sweep_eternal,instance_A,libero_object_object_t3_r2,libero_object_object,3,object,success,126,0,125,/media/rootalkhatib/My Passport/reda_ws/asynchvla_ws/stage9_libero_pro_risk_data/campaigns/fiper_sweep_eternal/instance_A/fiper_receding_samples.jsonl
bob|fiper_sweep_eternal|instance_A|libero_object_object_t3_r20,success_test_id,bob,fiper_sweep_eternal,instance_A,libero_object_object_t3_r20,libero_object_object,3,object,success,172,0,171,/media/rootalkhatib/My Passport/reda_ws/asynchvla_ws/stage9_libero_pro_risk_data/campaigns/fiper_sweep_eternal/instance_A/fiper_receding_samples.jsonl
bob|fiper_sweep_eternal|instance_A|libero_object_object_t3_r21,success_train,bob,fiper_sweep_eternal,instance_A,libero_object_object_t3_r21,libero_object_object,3,object,success,128,0,127,/media/rootalkhatib/My Passport/reda_ws/asynchvla_ws/stage9_libero_pro_risk_data/campaigns/fiper_sweep_eternal/instance_A/fiper_receding_samples.jsonl
bob|fiper_sweep_eternal|instance_A|libero_object_object_t3_r22,failure_eval_all,bob,fiper_sweep_eternal,instance_A,libero_object_object_t3_r22,libero_object_object,3,object,failure_or_timeout,300,0,299,/media/rootalkhatib/My Passport/reda_ws/asynchvla_ws/stage9_libero_pro_risk_data/campaigns/fiper_sweep_eternal/instance_A/fiper_receding_samples.jsonl
bob|fiper_sweep_eternal|instance_A|libero_object_object_t3_r23,success_calib,bob,fiper_sweep_eternal,instance_A,libero_object_object_t3_r23,libero_object_object,3,object,success,139,0,138,/media/rootalkhatib/My Passport/reda_ws/asynchvla_ws/stage9_libero_pro_risk_data/campaigns/fiper_sweep_eternal/instance_A/fiper_receding_samples.jsonl
bob|fiper_sweep_eternal|instance_A|libero_object_object_t3_r24,success_train,bob,fiper_sweep_eternal,instance_A,libero_object_object_t3_r24,libero_object_object,3,object,success,174,0,173,/media/rootalkhatib/My Passport/reda_ws/asynchvla_ws/stage9_libero_pro_risk_data/campaigns/fiper_sweep_eternal/instance_A/fiper_receding_samples.jsonl
bob|fiper_sweep_eternal|instance_A|libero_object_object_t3_r25,success_test_id,bob,fiper_sweep_eternal,instance_A,libero_object_object_t3_r25,libero_object_object,3,object,success,140,0,139,/media/rootalkhatib/My Passport/reda_ws/asynchvla_ws/stage9_libero_pro_risk_data/campaigns/fiper_sweep_eternal/instance_A/fiper_receding_samples.jsonl
bob|fiper_sweep_eternal|instance_A|libero_object_object_t3_r26,success_train,bob,fiper_sweep_eternal,instance_A,libero_object_object_t3_r26,libero_object_object,3,object,success,159,0,158,/media/rootalkhatib/My Passport/reda_ws/asynchvla_ws/stage9_libero_pro_risk_data/campaigns/fiper_sweep_eternal/instance_A/fiper_receding_samples.jsonl
bob|fiper_sweep_eternal|instance_A|libero_object_object_t3_r27,success_train,bob,fiper_sweep_eternal,instance_A,libero_object_object_t3_r27,libero_object_object,3,object,success,135,0,134,/media/rootalkhatib/My Passport/reda_ws/asynchvla_ws/stage9_libero_pro_risk_data/campaigns/fiper_sweep_eternal/instance_A/fiper_receding_samples.jsonl
bob|fiper_sweep_eternal|instance_A|libero_object_object_t3_r28,success_train,bob,fiper_sweep_eternal,instance_A,libero_object_object_t3_r28,libero_object_object,3,object,success,181,0,180,/media/rootalkhatib/My Passport/reda_ws/asynchvla_ws/stage9_libero_pro_risk_data/campaigns/fiper_sweep_eternal/instance_A/fiper_receding_samples.jsonl
bob|fiper_sweep_eternal|instance_A|libero_object_object_t3_r29,success_calib,bob,fiper_sweep_eternal,instance_A,libero_object_object_t3_r29,libero_object_object,3,object,success,146,0,145,/media/rootalkhatib/My Passport/reda_ws/asynchvla_ws/stage9_libero_pro_risk_data/campaigns/fiper_sweep_eternal/instance_A/fiper_receding_samples.jsonl
bob|fiper_sweep_eternal|instance_A|libero_object_object_t3_r3,failure_eval_all,bob,fiper_sweep_eternal,instance_A,libero_object_object_t3_r3,libero_object_object,3,object,failure_or_timeout,300,0,299,/media/rootalkhatib/My Passport/reda_ws/asynchvla_ws/stage9_libero_pro_risk_data/campaigns/fiper_sweep_eternal/instance_A/fiper_receding_samples.jsonl
bob|fiper_sweep_eternal|instance_A|libero_object_object_t3_r30,success_test_id,bob,fiper_sweep_eternal,instance_A,libero_object_object_t3_r30,libero_object_object,3,object,success,160,0,159,/media/rootalkhatib/My Passport/reda_ws/asynchvla_ws/stage9_libero_pro_risk_data/campaigns/fiper_sweep_eternal/instance_A/fiper_receding_samples.jsonl
bob|fiper_sweep_eternal|instance_A|libero_object_object_t3_r31,success_train,bob,fiper_sweep_eternal,instance_A,libero_object_object_t3_r31,libero_object_object,3,object,success,150,0,149,/media/rootalkhatib/My Passport/reda_ws/asynchvla_ws/stage9_libero_pro_risk_data/campaigns/fiper_sweep_eternal/instance_A/fiper_receding_samples.jsonl
bob|fiper_sweep_eternal|instance_A|libero_object_object_t3_r32,success_train,bob,fiper_sweep_eternal,instance_A,libero_object_object_t3_r32,libero_object_object,3,object,success,135,0,134,/media/rootalkhatib/My Passport/reda_ws/asynchvla_ws/stage9_libero_pro_risk_data/campaigns/fiper_sweep_eternal/instance_A/fiper_receding_samples.jsonl
bob|fiper_sweep_eternal|instance_A|libero_object_object_t3_r33,success_train,bob,fiper_sweep_eternal,instance_A,libero_object_object_t3_r33,libero_object_object,3,object,success,137,0,136,/media/rootalkhatib/My Passport/reda_ws/asynchvla_ws/stage9_libero_pro_risk_data/campaigns/fiper_sweep_eternal/instance_A/fiper_receding_samples.jsonl
bob|fiper_sweep_eternal|instance_A|libero_object_object_t3_r34,success_train,bob,fiper_sweep_eternal,instance_A,libero_object_object_t3_r34,libero_object_object,3,object,success,212,0,211,/media/rootalkhatib/My Passport/reda_ws/asynchvla_ws/stage9_libero_pro_risk_data/campaigns/fiper_sweep_eternal/instance_A/fiper_receding_samples.jsonl
bob|fiper_sweep_eternal|instance_A|libero_object_object_t3_r35,failure_eval_all,bob,fiper_sweep_eternal,instance_A,libero_object_object_t3_r35,libero_object_object,3,object,failure_or_timeout,300,0,299,/media/rootalkhatib/My Passport/reda_ws/asynchvla_ws/stage9_libero_pro_risk_data/campaigns/fiper_sweep_eternal/instance_A/fiper_receding_samples.jsonl
bob|fiper_sweep_eternal|instance_A|libero_object_object_t3_r36,success_train,bob,fiper_sweep_eternal,instance_A,libero_object_object_t3_r36,libero_object_object,3,object,success,139,0,138,/media/rootalkhatib/My Passport/reda_ws/asynchvla_ws/stage9_libero_pro_risk_data/campaigns/fiper_sweep_eternal/instance_A/fiper_receding_samples.jsonl
bob|fiper_sweep_eternal|instance_A|libero_object_object_t3_r4,success_calib,bob,fiper_sweep_eternal,instance_A,libero_object_object_t3_r4,libero_object_object,3,object,success,211,0,210,/media/rootalkhatib/My Passport/reda_ws/asynchvla_ws/stage9_libero_pro_risk_data/campaigns/fiper_sweep_eternal/instance_A/fiper_receding_samples.jsonl
bob|fiper_sweep_eternal|instance_A|libero_object_object_t3_r5,success_train,bob,fiper_sweep_eternal,instance_A,libero_object_object_t3_r5,libero_object_object,3,object,success,148,0,147,/media/rootalkhatib/My Passport/reda_ws/asynchvla_ws/stage9_libero_pro_risk_data/campaigns/fiper_sweep_eternal/instance_A/fiper_receding_samples.jsonl
bob|fiper_sweep_eternal|instance_A|libero_object_object_t3_r6,success_train,bob,fiper_sweep_eternal,instance_A,libero_object_object_t3_r6,libero_object_object,3,object,success,140,0,139,/media/rootalkhatib/My Passport/reda_ws/asynchvla_ws/stage9_libero_pro_risk_data/campaigns/fiper_sweep_eternal/instance_A/fiper_receding_samples.jsonl
bob|fiper_sweep_eternal|instance_A|libero_object_object_t3_r7,success_calib,bob,fiper_sweep_eternal,instance_A,libero_object_object_t3_r7,libero_object_object,3,object,success,134,0,133,/media/rootalkhatib/My Passport/reda_ws/asynchvla_ws/stage9_libero_pro_risk_data/campaigns/fiper_sweep_eternal/instance_A/fiper_receding_samples.jsonl
bob|fiper_sweep_eternal|instance_A|libero_object_object_t3_r8,success_calib,bob,fiper_sweep_eternal,instance_A,libero_object_object_t3_r8,libero_object_object,3,object,success,127,0,126,/media/rootalkhatib/My Passport/reda_ws/asynchvla_ws/stage9_libero_pro_risk_data/campaigns/fiper_sweep_eternal/instance_A/fiper_receding_samples.jsonl
bob|fiper_sweep_eternal|instance_A|libero_object_object_t3_r9,success_train,bob,fiper_sweep_eternal,instance_A,libero_object_object_t3_r9,libero_object_object,3,object,success,235,0,234,/media/rootalkhatib/My Passport/reda_ws/asynchvla_ws/stage9_libero_pro_risk_data/campaigns/fiper_sweep_eternal/instance_A/fiper_receding_samples.jsonl
bob|fiper_sweep_eternal|instance_A|libero_object_object_t4_r0,success_calib,bob,fiper_sweep_eternal,instance_A,libero_object_object_t4_r0,libero_object_object,4,object,success,141,0,140,/media/rootalkhatib/My Passport/reda_ws/asynchvla_ws/stage9_libero_pro_risk_data/campaigns/fiper_sweep_eternal/instance_A/fiper_receding_samples.jsonl
bob|fiper_sweep_eternal|instance_A|libero_object_object_t4_r1,success_train,bob,fiper_sweep_eternal,instance_A,libero_object_object_t4_r1,libero_object_object,4,object,success,138,0,137,/media/rootalkhatib/My Passport/reda_ws/asynchvla_ws/stage9_libero_pro_risk_data/campaigns/fiper_sweep_eternal/instance_A/fiper_receding_samples.jsonl
bob|fiper_sweep_eternal|instance_A|libero_object_object_t4_r10,success_train,bob,fiper_sweep_eternal,instance_A,libero_object_object_t4_r10,libero_object_object,4,object,success,146,0,145,/media/rootalkhatib/My Passport/reda_ws/asynchvla_ws/stage9_libero_pro_risk_data/campaigns/fiper_sweep_eternal/instance_A/fiper_receding_samples.jsonl
bob|fiper_sweep_eternal|instance_A|libero_object_object_t4_r11,success_train,bob,fiper_sweep_eternal,instance_A,libero_object_object_t4_r11,libero_object_object,4,object,success,135,0,134,/media/rootalkhatib/My Passport/reda_ws/asynchvla_ws/stage9_libero_pro_risk_data/campaigns/fiper_sweep_eternal/instance_A/fiper_receding_samples.jsonl
bob|fiper_sweep_eternal|instance_A|libero_object_object_t4_r12,success_test_id,bob,fiper_sweep_eternal,instance_A,libero_object_object_t4_r12,libero_object_object,4,object,success,134,0,133,/media/rootalkhatib/My Passport/reda_ws/asynchvla_ws/stage9_libero_pro_risk_data/campaigns/fiper_sweep_eternal/instance_A/fiper_receding_samples.jsonl
bob|fiper_sweep_eternal|instance_A|libero_object_object_t4_r13,success_train,bob,fiper_sweep_eternal,instance_A,libero_object_object_t4_r13,libero_object_object,4,object,success,140,0,139,/media/rootalkhatib/My Passport/reda_ws/asynchvla_ws/stage9_libero_pro_risk_data/campaigns/fiper_sweep_eternal/instance_A/fiper_receding_samples.jsonl
bob|fiper_sweep_eternal|instance_A|libero_object_object_t4_r14,success_test_id,bob,fiper_sweep_eternal,instance_A,libero_object_object_t4_r14,libero_object_object,4,object,success,139,0,138,/media/rootalkhatib/My Passport/reda_ws/asynchvla_ws/stage9_libero_pro_risk_data/campaigns/fiper_sweep_eternal/instance_A/fiper_receding_samples.jsonl
bob|fiper_sweep_eternal|instance_A|libero_object_object_t4_r15,success_train,bob,fiper_sweep_eternal,instance_A,libero_object_object_t4_r15,libero_object_object,4,object,success,154,0,153,/media/rootalkhatib/My Passport/reda_ws/asynchvla_ws/stage9_libero_pro_risk_data/campaigns/fiper_sweep_eternal/instance_A/fiper_receding_samples.jsonl
bob|fiper_sweep_eternal|instance_A|libero_object_object_t4_r16,success_train,bob,fiper_sweep_eternal,instance_A,libero_object_object_t4_r16,libero_object_object,4,object,success,136,0,135,/media/rootalkhatib/My Passport/reda_ws/asynchvla_ws/stage9_libero_pro_risk_data/campaigns/fiper_sweep_eternal/instance_A/fiper_receding_samples.jsonl
bob|fiper_sweep_eternal|instance_A|libero_object_object_t4_r17,success_train,bob,fiper_sweep_eternal,instance_A,libero_object_object_t4_r17,libero_object_object,4,object,success,147,0,146,/media/rootalkhatib/My Passport/reda_ws/asynchvla_ws/stage9_libero_pro_risk_data/campaigns/fiper_sweep_eternal/instance_A/fiper_receding_samples.jsonl
bob|fiper_sweep_eternal|instance_A|libero_object_object_t4_r18,success_train,bob,fiper_sweep_eternal,instance_A,libero_object_object_t4_r18,libero_object_object,4,object,success,144,0,143,/media/rootalkhatib/My Passport/reda_ws/asynchvla_ws/stage9_libero_pro_risk_data/campaigns/fiper_sweep_eternal/instance_A/fiper_receding_samples.jsonl
bob|fiper_sweep_eternal|instance_A|libero_object_object_t4_r19,success_test_id,bob,fiper_sweep_eternal,instance_A,libero_object_object_t4_r19,libero_object_object,4,object,success,166,0,165,/media/rootalkhatib/My Passport/reda_ws/asynchvla_ws/stage9_libero_pro_risk_data/campaigns/fiper_sweep_eternal/instance_A/fiper_receding_samples.jsonl
bob|fiper_sweep_eternal|instance_A|libero_object_object_t4_r2,success_train,bob,fiper_sweep_eternal,instance_A,libero_object_object_t4_r2,libero_object_object,4,object,success,152,0,151,/media/rootalkhatib/My Passport/reda_ws/asynchvla_ws/stage9_libero_pro_risk_data/campaigns/fiper_sweep_eternal/instance_A/fiper_receding_samples.jsonl
bob|fiper_sweep_eternal|instance_A|libero_object_object_t4_r20,success_train,bob,fiper_sweep_eternal,instance_A,libero_object_object_t4_r20,libero_object_object,4,object,success,140,0,139,/media/rootalkhatib/My Passport/reda_ws/asynchvla_ws/stage9_libero_pro_risk_data/campaigns/fiper_sweep_eternal/instance_A/fiper_receding_samples.jsonl
bob|fiper_sweep_eternal|instance_A|libero_object_object_t4_r21,success_train,bob,fiper_sweep_eternal,instance_A,libero_object_object_t4_r21,libero_object_object,4,object,success,147,0,146,/media/rootalkhatib/My Passport/reda_ws/asynchvla_ws/stage9_libero_pro_risk_data/campaigns/fiper_sweep_eternal/instance_A/fiper_receding_samples.jsonl
bob|fiper_sweep_eternal|instance_A|libero_object_object_t4_r22,success_test_id,bob,fiper_sweep_eternal,instance_A,libero_object_object_t4_r22,libero_object_object,4,object,success,141,0,140,/media/rootalkhatib/My Passport/reda_ws/asynchvla_ws/stage9_libero_pro_risk_data/campaigns/fiper_sweep_eternal/instance_A/fiper_receding_samples.jsonl
bob|fiper_sweep_eternal|instance_A|libero_object_object_t4_r23,success_train,bob,fiper_sweep_eternal,instance_A,libero_object_object_t4_r23,libero_object_object,4,object,success,141,0,140,/media/rootalkhatib/My Passport/reda_ws/asynchvla_ws/stage9_libero_pro_risk_data/campaigns/fiper_sweep_eternal/instance_A/fiper_receding_samples.jsonl
bob|fiper_sweep_eternal|instance_A|libero_object_object_t4_r24,success_train,bob,fiper_sweep_eternal,instance_A,libero_object_object_t4_r24,libero_object_object,4,object,success,160,0,159,/media/rootalkhatib/My Passport/reda_ws/asynchvla_ws/stage9_libero_pro_risk_data/campaigns/fiper_sweep_eternal/instance_A/fiper_receding_samples.jsonl
bob|fiper_sweep_eternal|instance_A|libero_object_object_t4_r25,success_calib,bob,fiper_sweep_eternal,instance_A,libero_object_object_t4_r25,libero_object_object,4,object,success,143,0,142,/media/rootalkhatib/My Passport/reda_ws/asynchvla_ws/stage9_libero_pro_risk_data/campaigns/fiper_sweep_eternal/instance_A/fiper_receding_samples.jsonl
bob|fiper_sweep_eternal|instance_A|libero_object_object_t4_r26,success_test_id,bob,fiper_sweep_eternal,instance_A,libero_object_object_t4_r26,libero_object_object,4,object,success,144,0,143,/media/rootalkhatib/My Passport/reda_ws/asynchvla_ws/stage9_libero_pro_risk_data/campaigns/fiper_sweep_eternal/instance_A/fiper_receding_samples.jsonl
bob|fiper_sweep_eternal|instance_A|libero_object_object_t4_r27,success_calib,bob,fiper_sweep_eternal,instance_A,libero_object_object_t4_r27,libero_object_object,4,object,success,154,0,153,/media/rootalkhatib/My Passport/reda_ws/asynchvla_ws/stage9_libero_pro_risk_data/campaigns/fiper_sweep_eternal/instance_A/fiper_receding_samples.jsonl
bob|fiper_sweep_eternal|instance_A|libero_object_object_t4_r28,success_calib,bob,fiper_sweep_eternal,instance_A,libero_object_object_t4_r28,libero_object_object,4,object,success,152,0,151,/media/rootalkhatib/My Passport/reda_ws/asynchvla_ws/stage9_libero_pro_risk_data/campaigns/fiper_sweep_eternal/instance_A/fiper_receding_samples.jsonl
bob|fiper_sweep_eternal|instance_A|libero_object_object_t4_r29,success_test_id,bob,fiper_sweep_eternal,instance_A,libero_object_object_t4_r29,libero_object_object,4,object,success,152,0,151,/media/rootalkhatib/My Passport/reda_ws/asynchvla_ws/stage9_libero_pro_risk_data/campaigns/fiper_sweep_eternal/instance_A/fiper_receding_samples.jsonl
bob|fiper_sweep_eternal|instance_A|libero_object_object_t4_r3,success_train,bob,fiper_sweep_eternal,instance_A,libero_object_object_t4_r3,libero_object_object,4,object,success,142,0,141,/media/rootalkhatib/My Passport/reda_ws/asynchvla_ws/stage9_libero_pro_risk_data/campaigns/fiper_sweep_eternal/instance_A/fiper_receding_samples.jsonl
bob|fiper_sweep_eternal|instance_A|libero_object_object_t4_r30,failure_eval_all,bob,fiper_sweep_eternal,instance_A,libero_object_object_t4_r30,libero_object_object,4,object,failure_or_timeout,300,0,299,/media/rootalkhatib/My Passport/reda_ws/asynchvla_ws/stage9_libero_pro_risk_data/campaigns/fiper_sweep_eternal/instance_A/fiper_receding_samples.jsonl
bob|fiper_sweep_eternal|instance_A|libero_object_object_t4_r31,success_train,bob,fiper_sweep_eternal,instance_A,libero_object_object_t4_r31,libero_object_object,4,object,success,142,0,141,/media/rootalkhatib/My Passport/reda_ws/asynchvla_ws/stage9_libero_pro_risk_data/campaigns/fiper_sweep_eternal/instance_A/fiper_receding_samples.jsonl
bob|fiper_sweep_eternal|instance_A|libero_object_object_t4_r32,success_train,bob,fiper_sweep_eternal,instance_A,libero_object_object_t4_r32,libero_object_object,4,object,success,160,0,159,/media/rootalkhatib/My Passport/reda_ws/asynchvla_ws/stage9_libero_pro_risk_data/campaigns/fiper_sweep_eternal/instance_A/fiper_receding_samples.jsonl
bob|fiper_sweep_eternal|instance_A|libero_object_object_t4_r33,success_train,bob,fiper_sweep_eternal,instance_A,libero_object_object_t4_r33,libero_object_object,4,object,success,146,0,145,/media/rootalkhatib/My Passport/reda_ws/asynchvla_ws/stage9_libero_pro_risk_data/campaigns/fiper_sweep_eternal/instance_A/fiper_receding_samples.jsonl
bob|fiper_sweep_eternal|instance_A|libero_object_object_t4_r34,success_train,bob,fiper_sweep_eternal,instance_A,libero_object_object_t4_r34,libero_object_object,4,object,success,190,0,189,/media/rootalkhatib/My Passport/reda_ws/asynchvla_ws/stage9_libero_pro_risk_data/campaigns/fiper_sweep_eternal/instance_A/fiper_receding_samples.jsonl
bob|fiper_sweep_eternal|instance_A|libero_object_object_t4_r35,success_train,bob,fiper_sweep_eternal,instance_A,libero_object_object_t4_r35,libero_object_object,4,object,success,137,0,136,/media/rootalkhatib/My Passport/reda_ws/asynchvla_ws/stage9_libero_pro_risk_data/campaigns/fiper_sweep_eternal/instance_A/fiper_receding_samples.jsonl
bob|fiper_sweep_eternal|instance_A|libero_object_object_t4_r36,success_train,bob,fiper_sweep_eternal,instance_A,libero_object_object_t4_r36,libero_object_object,4,object,success,161,0,160,/media/rootalkhatib/My Passport/reda_ws/asynchvla_ws/stage9_libero_pro_risk_data/campaigns/fiper_sweep_eternal/instance_A/fiper_receding_samples.jsonl
bob|fiper_sweep_eternal|instance_A|libero_object_object_t4_r4,success_train,bob,fiper_sweep_eternal,instance_A,libero_object_object_t4_r4,libero_object_object,4,object,success,157,0,156,/media/rootalkhatib/My Passport/reda_ws/asynchvla_ws/stage9_libero_pro_risk_data/campaigns/fiper_sweep_eternal/instance_A/fiper_receding_samples.jsonl
bob|fiper_sweep_eternal|instance_A|libero_object_object_t4_r5,success_train,bob,fiper_sweep_eternal,instance_A,libero_object_object_t4_r5,libero_object_object,4,object,success,144,0,143,/media/rootalkhatib/My Passport/reda_ws/asynchvla_ws/stage9_libero_pro_risk_data/campaigns/fiper_sweep_eternal/instance_A/fiper_receding_samples.jsonl
bob|fiper_sweep_eternal|instance_A|libero_object_object_t4_r6,success_train,bob,fiper_sweep_eternal,instance_A,libero_object_object_t4_r6,libero_object_object,4,object,success,146,0,145,/media/rootalkhatib/My Passport/reda_ws/asynchvla_ws/stage9_libero_pro_risk_data/campaigns/fiper_sweep_eternal/instance_A/fiper_receding_samples.jsonl
bob|fiper_sweep_eternal|instance_A|libero_object_object_t4_r7,success_calib,bob,fiper_sweep_eternal,instance_A,libero_object_object_t4_r7,libero_object_object,4,object,success,158,0,157,/media/rootalkhatib/My Passport/reda_ws/asynchvla_ws/stage9_libero_pro_risk_data/campaigns/fiper_sweep_eternal/instance_A/fiper_receding_samples.jsonl
bob|fiper_sweep_eternal|instance_A|libero_object_object_t4_r8,success_train,bob,fiper_sweep_eternal,instance_A,libero_object_object_t4_r8,libero_object_object,4,object,success,198,0,197,/media/rootalkhatib/My Passport/reda_ws/asynchvla_ws/stage9_libero_pro_risk_data/campaigns/fiper_sweep_eternal/instance_A/fiper_receding_samples.jsonl
bob|fiper_sweep_eternal|instance_A|libero_object_object_t4_r9,success_train,bob,fiper_sweep_eternal,instance_A,libero_object_object_t4_r9,libero_object_object,4,object,success,160,0,159,/media/rootalkhatib/My Passport/reda_ws/asynchvla_ws/stage9_libero_pro_risk_data/campaigns/fiper_sweep_eternal/instance_A/fiper_receding_samples.jsonl
bob|fiper_sweep_eternal|instance_A|libero_object_object_t5_r0,success_train,bob,fiper_sweep_eternal,instance_A,libero_object_object_t5_r0,libero_object_object,5,object,success,132,0,131,/media/rootalkhatib/My Passport/reda_ws/asynchvla_ws/stage9_libero_pro_risk_data/campaigns/fiper_sweep_eternal/instance_A/fiper_receding_samples.jsonl
bob|fiper_sweep_eternal|instance_A|libero_object_object_t5_r1,success_calib,bob,fiper_sweep_eternal,instance_A,libero_object_object_t5_r1,libero_object_object,5,object,success,137,0,136,/media/rootalkhatib/My Passport/reda_ws/asynchvla_ws/stage9_libero_pro_risk_data/campaigns/fiper_sweep_eternal/instance_A/fiper_receding_samples.jsonl
bob|fiper_sweep_eternal|instance_A|libero_object_object_t5_r10,success_train,bob,fiper_sweep_eternal,instance_A,libero_object_object_t5_r10,libero_object_object,5,object,success,131,0,130,/media/rootalkhatib/My Passport/reda_ws/asynchvla_ws/stage9_libero_pro_risk_data/campaigns/fiper_sweep_eternal/instance_A/fiper_receding_samples.jsonl
bob|fiper_sweep_eternal|instance_A|libero_object_object_t5_r11,success_train,bob,fiper_sweep_eternal,instance_A,libero_object_object_t5_r11,libero_object_object,5,object,success,127,0,126,/media/rootalkhatib/My Passport/reda_ws/asynchvla_ws/stage9_libero_pro_risk_data/campaigns/fiper_sweep_eternal/instance_A/fiper_receding_samples.jsonl
bob|fiper_sweep_eternal|instance_A|libero_object_object_t5_r12,success_train,bob,fiper_sweep_eternal,instance_A,libero_object_object_t5_r12,libero_object_object,5,object,success,143,0,142,/media/rootalkhatib/My Passport/reda_ws/asynchvla_ws/stage9_libero_pro_risk_data/campaigns/fiper_sweep_eternal/instance_A/fiper_receding_samples.jsonl
bob|fiper_sweep_eternal|instance_A|libero_object_object_t5_r13,success_train,bob,fiper_sweep_eternal,instance_A,libero_object_object_t5_r13,libero_object_object,5,object,success,141,0,140,/media/rootalkhatib/My Passport/reda_ws/asynchvla_ws/stage9_libero_pro_risk_data/campaigns/fiper_sweep_eternal/instance_A/fiper_receding_samples.jsonl
bob|fiper_sweep_eternal|instance_A|libero_object_object_t5_r14,success_train,bob,fiper_sweep_eternal,instance_A,libero_object_object_t5_r14,libero_object_object,5,object,success,143,0,142,/media/rootalkhatib/My Passport/reda_ws/asynchvla_ws/stage9_libero_pro_risk_data/campaigns/fiper_sweep_eternal/instance_A/fiper_receding_samples.jsonl
bob|fiper_sweep_eternal|instance_A|libero_object_object_t5_r15,success_train,bob,fiper_sweep_eternal,instance_A,libero_object_object_t5_r15,libero_object_object,5,object,success,128,0,127,/media/rootalkhatib/My Passport/reda_ws/asynchvla_ws/stage9_libero_pro_risk_data/campaigns/fiper_sweep_eternal/instance_A/fiper_receding_samples.jsonl
bob|fiper_sweep_eternal|instance_A|libero_object_object_t5_r16,success_train,bob,fiper_sweep_eternal,instance_A,libero_object_object_t5_r16,libero_object_object,5,object,success,139,0,138,/media/rootalkhatib/My Passport/reda_ws/asynchvla_ws/stage9_libero_pro_risk_data/campaigns/fiper_sweep_eternal/instance_A/fiper_receding_samples.jsonl
bob|fiper_sweep_eternal|instance_A|libero_object_object_t5_r17,success_train,bob,fiper_sweep_eternal,instance_A,libero_object_object_t5_r17,libero_object_object,5,object,success,121,0,120,/media/rootalkhatib/My Passport/reda_ws/asynchvla_ws/stage9_libero_pro_risk_data/campaigns/fiper_sweep_eternal/instance_A/fiper_receding_samples.jsonl
bob|fiper_sweep_eternal|instance_A|libero_object_object_t5_r18,success_calib,bob,fiper_sweep_eternal,instance_A,libero_object_object_t5_r18,libero_object_object,5,object,success,135,0,134,/media/rootalkhatib/My Passport/reda_ws/asynchvla_ws/stage9_libero_pro_risk_data/campaigns/fiper_sweep_eternal/instance_A/fiper_receding_samples.jsonl
bob|fiper_sweep_eternal|instance_A|libero_object_object_t5_r19,success_train,bob,fiper_sweep_eternal,instance_A,libero_object_object_t5_r19,libero_object_object,5,object,success,134,0,133,/media/rootalkhatib/My Passport/reda_ws/asynchvla_ws/stage9_libero_pro_risk_data/campaigns/fiper_sweep_eternal/instance_A/fiper_receding_samples.jsonl
bob|fiper_sweep_eternal|instance_A|libero_object_object_t5_r2,success_train,bob,fiper_sweep_eternal,instance_A,libero_object_object_t5_r2,libero_object_object,5,object,success,130,0,129,/media/rootalkhatib/My Passport/reda_ws/asynchvla_ws/stage9_libero_pro_risk_data/campaigns/fiper_sweep_eternal/instance_A/fiper_receding_samples.jsonl
bob|fiper_sweep_eternal|instance_A|libero_object_object_t5_r20,success_test_id,bob,fiper_sweep_eternal,instance_A,libero_object_object_t5_r20,libero_object_object,5,object,success,126,0,125,/media/rootalkhatib/My Passport/reda_ws/asynchvla_ws/stage9_libero_pro_risk_data/campaigns/fiper_sweep_eternal/instance_A/fiper_receding_samples.jsonl
bob|fiper_sweep_eternal|instance_A|libero_object_object_t5_r21,success_train,bob,fiper_sweep_eternal,instance_A,libero_object_object_t5_r21,libero_object_object,5,object,success,123,0,122,/media/rootalkhatib/My Passport/reda_ws/asynchvla_ws/stage9_libero_pro_risk_data/campaigns/fiper_sweep_eternal/instance_A/fiper_receding_samples.jsonl
bob|fiper_sweep_eternal|instance_A|libero_object_object_t5_r22,success_test_id,bob,fiper_sweep_eternal,instance_A,libero_object_object_t5_r22,libero_object_object,5,object,success,128,0,127,/media/rootalkhatib/My Passport/reda_ws/asynchvla_ws/stage9_libero_pro_risk_data/campaigns/fiper_sweep_eternal/instance_A/fiper_receding_samples.jsonl
bob|fiper_sweep_eternal|instance_A|libero_object_object_t5_r23,success_train,bob,fiper_sweep_eternal,instance_A,libero_object_object_t5_r23,libero_object_object,5,object,success,132,0,131,/media/rootalkhatib/My Passport/reda_ws/asynchvla_ws/stage9_libero_pro_risk_data/campaigns/fiper_sweep_eternal/instance_A/fiper_receding_samples.jsonl
bob|fiper_sweep_eternal|instance_A|libero_object_object_t5_r24,success_calib,bob,fiper_sweep_eternal,instance_A,libero_object_object_t5_r24,libero_object_object,5,object,success,122,0,121,/media/rootalkhatib/My Passport/reda_ws/asynchvla_ws/stage9_libero_pro_risk_data/campaigns/fiper_sweep_eternal/instance_A/fiper_receding_samples.jsonl
bob|fiper_sweep_eternal|instance_A|libero_object_object_t5_r25,success_train,bob,fiper_sweep_eternal,instance_A,libero_object_object_t5_r25,libero_object_object,5,object,success,143,0,142,/media/rootalkhatib/My Passport/reda_ws/asynchvla_ws/stage9_libero_pro_risk_data/campaigns/fiper_sweep_eternal/instance_A/fiper_receding_samples.jsonl
bob|fiper_sweep_eternal|instance_A|libero_object_object_t5_r26,success_train,bob,fiper_sweep_eternal,instance_A,libero_object_object_t5_r26,libero_object_object,5,object,success,134,0,133,/media/rootalkhatib/My Passport/reda_ws/asynchvla_ws/stage9_libero_pro_risk_data/campaigns/fiper_sweep_eternal/instance_A/fiper_receding_samples.jsonl
bob|fiper_sweep_eternal|instance_A|libero_object_object_t5_r27,success_test_id,bob,fiper_sweep_eternal,instance_A,libero_object_object_t5_r27,libero_object_object,5,object,success,133,0,132,/media/rootalkhatib/My Passport/reda_ws/asynchvla_ws/stage9_libero_pro_risk_data/campaigns/fiper_sweep_eternal/instance_A/fiper_receding_samples.jsonl
bob|fiper_sweep_eternal|instance_A|libero_object_object_t5_r28,success_calib,bob,fiper_sweep_eternal,instance_A,libero_object_object_t5_r28,libero_object_object,5,object,success,130,0,129,/media/rootalkhatib/My Passport/reda_ws/asynchvla_ws/stage9_libero_pro_risk_data/campaigns/fiper_sweep_eternal/instance_A/fiper_receding_samples.jsonl
bob|fiper_sweep_eternal|instance_A|libero_object_object_t5_r29,success_train,bob,fiper_sweep_eternal,instance_A,libero_object_object_t5_r29,libero_object_object,5,object,success,121,0,120,/media/rootalkhatib/My Passport/reda_ws/asynchvla_ws/stage9_libero_pro_risk_data/campaigns/fiper_sweep_eternal/instance_A/fiper_receding_samples.jsonl
bob|fiper_sweep_eternal|instance_A|libero_object_object_t5_r3,success_train,bob,fiper_sweep_eternal,instance_A,libero_object_object_t5_r3,libero_object_object,5,object,success,133,0,132,/media/rootalkhatib/My Passport/reda_ws/asynchvla_ws/stage9_libero_pro_risk_data/campaigns/fiper_sweep_eternal/instance_A/fiper_receding_samples.jsonl
bob|fiper_sweep_eternal|instance_A|libero_object_object_t5_r30,success_train,bob,fiper_sweep_eternal,instance_A,libero_object_object_t5_r30,libero_object_object,5,object,success,125,0,124,/media/rootalkhatib/My Passport/reda_ws/asynchvla_ws/stage9_libero_pro_risk_data/campaigns/fiper_sweep_eternal/instance_A/fiper_receding_samples.jsonl
bob|fiper_sweep_eternal|instance_A|libero_object_object_t5_r31,success_train,bob,fiper_sweep_eternal,instance_A,libero_object_object_t5_r31,libero_object_object,5,object,success,126,0,125,/media/rootalkhatib/My Passport/reda_ws/asynchvla_ws/stage9_libero_pro_risk_data/campaigns/fiper_sweep_eternal/instance_A/fiper_receding_samples.jsonl
bob|fiper_sweep_eternal|instance_A|libero_object_object_t5_r32,success_test_id,bob,fiper_sweep_eternal,instance_A,libero_object_object_t5_r32,libero_object_object,5,object,success,121,0,120,/media/rootalkhatib/My Passport/reda_ws/asynchvla_ws/stage9_libero_pro_risk_data/campaigns/fiper_sweep_eternal/instance_A/fiper_receding_samples.jsonl
bob|fiper_sweep_eternal|instance_A|libero_object_object_t5_r33,success_train,bob,fiper_sweep_eternal,instance_A,libero_object_object_t5_r33,libero_object_object,5,object,success,130,0,129,/media/rootalkhatib/My Passport/reda_ws/asynchvla_ws/stage9_libero_pro_risk_data/campaigns/fiper_sweep_eternal/instance_A/fiper_receding_samples.jsonl
bob|fiper_sweep_eternal|instance_A|libero_object_object_t5_r34,success_train,bob,fiper_sweep_eternal,instance_A,libero_object_object_t5_r34,libero_object_object,5,object,success,134,0,133,/media/rootalkhatib/My Passport/reda_ws/asynchvla_ws/stage9_libero_pro_risk_data/campaigns/fiper_sweep_eternal/instance_A/fiper_receding_samples.jsonl
bob|fiper_sweep_eternal|instance_A|libero_object_object_t5_r35,success_train,bob,fiper_sweep_eternal,instance_A,libero_object_object_t5_r35,libero_object_object,5,object,success,140,0,139,/media/rootalkhatib/My Passport/reda_ws/asynchvla_ws/stage9_libero_pro_risk_data/campaigns/fiper_sweep_eternal/instance_A/fiper_receding_samples.jsonl
bob|fiper_sweep_eternal|instance_A|libero_object_object_t5_r36,success_train,bob,fiper_sweep_eternal,instance_A,libero_object_object_t5_r36,libero_object_object,5,object,success,137,0,136,/media/rootalkhatib/My Passport/reda_ws/asynchvla_ws/stage9_libero_pro_risk_data/campaigns/fiper_sweep_eternal/instance_A/fiper_receding_samples.jsonl
bob|fiper_sweep_eternal|instance_A|libero_object_object_t5_r4,success_train,bob,fiper_sweep_eternal,instance_A,libero_object_object_t5_r4,libero_object_object,5,object,success,117,0,116,/media/rootalkhatib/My Passport/reda_ws/asynchvla_ws/stage9_libero_pro_risk_data/campaigns/fiper_sweep_eternal/instance_A/fiper_receding_samples.jsonl
bob|fiper_sweep_eternal|instance_A|libero_object_object_t5_r5,success_train,bob,fiper_sweep_eternal,instance_A,libero_object_object_t5_r5,libero_object_object,5,object,success,237,0,236,/media/rootalkhatib/My Passport/reda_ws/asynchvla_ws/stage9_libero_pro_risk_data/campaigns/fiper_sweep_eternal/instance_A/fiper_receding_samples.jsonl
bob|fiper_sweep_eternal|instance_A|libero_object_object_t5_r6,success_calib,bob,fiper_sweep_eternal,instance_A,libero_object_object_t5_r6,libero_object_object,5,object,success,121,0,120,/media/rootalkhatib/My Passport/reda_ws/asynchvla_ws/stage9_libero_pro_risk_data/campaigns/fiper_sweep_eternal/instance_A/fiper_receding_samples.jsonl
bob|fiper_sweep_eternal|instance_A|libero_object_object_t5_r7,success_test_id,bob,fiper_sweep_eternal,instance_A,libero_object_object_t5_r7,libero_object_object,5,object,success,136,0,135,/media/rootalkhatib/My Passport/reda_ws/asynchvla_ws/stage9_libero_pro_risk_data/campaigns/fiper_sweep_eternal/instance_A/fiper_receding_samples.jsonl
bob|fiper_sweep_eternal|instance_A|libero_object_object_t5_r8,success_calib,bob,fiper_sweep_eternal,instance_A,libero_object_object_t5_r8,libero_object_object,5,object,success,123,0,122,/media/rootalkhatib/My Passport/reda_ws/asynchvla_ws/stage9_libero_pro_risk_data/campaigns/fiper_sweep_eternal/instance_A/fiper_receding_samples.jsonl
bob|fiper_sweep_eternal|instance_A|libero_object_object_t5_r9,success_train,bob,fiper_sweep_eternal,instance_A,libero_object_object_t5_r9,libero_object_object,5,object,success,120,0,119,/media/rootalkhatib/My Passport/reda_ws/asynchvla_ws/stage9_libero_pro_risk_data/campaigns/fiper_sweep_eternal/instance_A/fiper_receding_samples.jsonl
bob|fiper_sweep_eternal|instance_A|libero_object_object_t6_r0,success_test_id,bob,fiper_sweep_eternal,instance_A,libero_object_object_t6_r0,libero_object_object,6,object,success,187,0,186,/media/rootalkhatib/My Passport/reda_ws/asynchvla_ws/stage9_libero_pro_risk_data/campaigns/fiper_sweep_eternal/instance_A/fiper_receding_samples.jsonl
bob|fiper_sweep_eternal|instance_A|libero_object_object_t6_r1,success_train,bob,fiper_sweep_eternal,instance_A,libero_object_object_t6_r1,libero_object_object,6,object,success,183,0,182,/media/rootalkhatib/My Passport/reda_ws/asynchvla_ws/stage9_libero_pro_risk_data/campaigns/fiper_sweep_eternal/instance_A/fiper_receding_samples.jsonl
bob|fiper_sweep_eternal|instance_A|libero_object_object_t6_r10,success_train,bob,fiper_sweep_eternal,instance_A,libero_object_object_t6_r10,libero_object_object,6,object,success,196,0,195,/media/rootalkhatib/My Passport/reda_ws/asynchvla_ws/stage9_libero_pro_risk_data/campaigns/fiper_sweep_eternal/instance_A/fiper_receding_samples.jsonl
bob|fiper_sweep_eternal|instance_A|libero_object_object_t6_r11,success_test_id,bob,fiper_sweep_eternal,instance_A,libero_object_object_t6_r11,libero_object_object,6,object,success,160,0,159,/media/rootalkhatib/My Passport/reda_ws/asynchvla_ws/stage9_libero_pro_risk_data/campaigns/fiper_sweep_eternal/instance_A/fiper_receding_samples.jsonl
bob|fiper_sweep_eternal|instance_A|libero_object_object_t6_r12,success_train,bob,fiper_sweep_eternal,instance_A,libero_object_object_t6_r12,libero_object_object,6,object,success,236,0,235,/media/rootalkhatib/My Passport/reda_ws/asynchvla_ws/stage9_libero_pro_risk_data/campaigns/fiper_sweep_eternal/instance_A/fiper_receding_samples.jsonl
bob|fiper_sweep_eternal|instance_A|libero_object_object_t6_r13,failure_eval_all,bob,fiper_sweep_eternal,instance_A,libero_object_object_t6_r13,libero_object_object,6,object,failure_or_timeout,300,0,299,/media/rootalkhatib/My Passport/reda_ws/asynchvla_ws/stage9_libero_pro_risk_data/campaigns/fiper_sweep_eternal/instance_A/fiper_receding_samples.jsonl
bob|fiper_sweep_eternal|instance_A|libero_object_object_t6_r14,success_calib,bob,fiper_sweep_eternal,instance_A,libero_object_object_t6_r14,libero_object_object,6,object,success,189,0,188,/media/rootalkhatib/My Passport/reda_ws/asynchvla_ws/stage9_libero_pro_risk_data/campaigns/fiper_sweep_eternal/instance_A/fiper_receding_samples.jsonl
bob|fiper_sweep_eternal|instance_A|libero_object_object_t6_r15,success_train,bob,fiper_sweep_eternal,instance_A,libero_object_object_t6_r15,libero_object_object,6,object,success,163,0,162,/media/rootalkhatib/My Passport/reda_ws/asynchvla_ws/stage9_libero_pro_risk_data/campaigns/fiper_sweep_eternal/instance_A/fiper_receding_samples.jsonl
bob|fiper_sweep_eternal|instance_A|libero_object_object_t6_r16,success_train,bob,fiper_sweep_eternal,instance_A,libero_object_object_t6_r16,libero_object_object,6,object,success,283,0,282,/media/rootalkhatib/My Passport/reda_ws/asynchvla_ws/stage9_libero_pro_risk_data/campaigns/fiper_sweep_eternal/instance_A/fiper_receding_samples.jsonl
bob|fiper_sweep_eternal|instance_A|libero_object_object_t6_r17,success_train,bob,fiper_sweep_eternal,instance_A,libero_object_object_t6_r17,libero_object_object,6,object,success,167,0,166,/media/rootalkhatib/My Passport/reda_ws/asynchvla_ws/stage9_libero_pro_risk_data/campaigns/fiper_sweep_eternal/instance_A/fiper_receding_samples.jsonl
bob|fiper_sweep_eternal|instance_A|libero_object_object_t6_r18,success_train,bob,fiper_sweep_eternal,instance_A,libero_object_object_t6_r18,libero_object_object,6,object,success,165,0,164,/media/rootalkhatib/My Passport/reda_ws/asynchvla_ws/stage9_libero_pro_risk_data/campaigns/fiper_sweep_eternal/instance_A/fiper_receding_samples.jsonl
bob|fiper_sweep_eternal|instance_A|libero_object_object_t6_r19,success_calib,bob,fiper_sweep_eternal,instance_A,libero_object_object_t6_r19,libero_object_object,6,object,success,156,0,155,/media/rootalkhatib/My Passport/reda_ws/asynchvla_ws/stage9_libero_pro_risk_data/campaigns/fiper_sweep_eternal/instance_A/fiper_receding_samples.jsonl
bob|fiper_sweep_eternal|instance_A|libero_object_object_t6_r2,success_train,bob,fiper_sweep_eternal,instance_A,libero_object_object_t6_r2,libero_object_object,6,object,success,204,0,203,/media/rootalkhatib/My Passport/reda_ws/asynchvla_ws/stage9_libero_pro_risk_data/campaigns/fiper_sweep_eternal/instance_A/fiper_receding_samples.jsonl
bob|fiper_sweep_eternal|instance_A|libero_object_object_t6_r20,success_test_id,bob,fiper_sweep_eternal,instance_A,libero_object_object_t6_r20,libero_object_object,6,object,success,166,0,165,/media/rootalkhatib/My Passport/reda_ws/asynchvla_ws/stage9_libero_pro_risk_data/campaigns/fiper_sweep_eternal/instance_A/fiper_receding_samples.jsonl
bob|fiper_sweep_eternal|instance_A|libero_object_object_t6_r21,success_train,bob,fiper_sweep_eternal,instance_A,libero_object_object_t6_r21,libero_object_object,6,object,success,169,0,168,/media/rootalkhatib/My Passport/reda_ws/asynchvla_ws/stage9_libero_pro_risk_data/campaigns/fiper_sweep_eternal/instance_A/fiper_receding_samples.jsonl
bob|fiper_sweep_eternal|instance_A|libero_object_object_t6_r22,success_train,bob,fiper_sweep_eternal,instance_A,libero_object_object_t6_r22,libero_object_object,6,object,success,179,0,178,/media/rootalkhatib/My Passport/reda_ws/asynchvla_ws/stage9_libero_pro_risk_data/campaigns/fiper_sweep_eternal/instance_A/fiper_receding_samples.jsonl
bob|fiper_sweep_eternal|instance_A|libero_object_object_t6_r23,success_train,bob,fiper_sweep_eternal,instance_A,libero_object_object_t6_r23,libero_object_object,6,object,success,186,0,185,/media/rootalkhatib/My Passport/reda_ws/asynchvla_ws/stage9_libero_pro_risk_data/campaigns/fiper_sweep_eternal/instance_A/fiper_receding_samples.jsonl
bob|fiper_sweep_eternal|instance_A|libero_object_object_t6_r24,success_train,bob,fiper_sweep_eternal,instance_A,libero_object_object_t6_r24,libero_object_object,6,object,success,158,0,157,/media/rootalkhatib/My Passport/reda_ws/asynchvla_ws/stage9_libero_pro_risk_data/campaigns/fiper_sweep_eternal/instance_A/fiper_receding_samples.jsonl
bob|fiper_sweep_eternal|instance_A|libero_object_object_t6_r25,success_test_id,bob,fiper_sweep_eternal,instance_A,libero_object_object_t6_r25,libero_object_object,6,object,success,162,0,161,/media/rootalkhatib/My Passport/reda_ws/asynchvla_ws/stage9_libero_pro_risk_data/campaigns/fiper_sweep_eternal/instance_A/fiper_receding_samples.jsonl
bob|fiper_sweep_eternal|instance_A|libero_object_object_t6_r26,success_test_id,bob,fiper_sweep_eternal,instance_A,libero_object_object_t6_r26,libero_object_object,6,object,success,159,0,158,/media/rootalkhatib/My Passport/reda_ws/asynchvla_ws/stage9_libero_pro_risk_data/campaigns/fiper_sweep_eternal/instance_A/fiper_receding_samples.jsonl
bob|fiper_sweep_eternal|instance_A|libero_object_object_t6_r27,success_train,bob,fiper_sweep_eternal,instance_A,libero_object_object_t6_r27,libero_object_object,6,object,success,289,0,288,/media/rootalkhatib/My Passport/reda_ws/asynchvla_ws/stage9_libero_pro_risk_data/campaigns/fiper_sweep_eternal/instance_A/fiper_receding_samples.jsonl
bob|fiper_sweep_eternal|instance_A|libero_object_object_t6_r28,success_train,bob,fiper_sweep_eternal,instance_A,libero_object_object_t6_r28,libero_object_object,6,object,success,176,0,175,/media/rootalkhatib/My Passport/reda_ws/asynchvla_ws/stage9_libero_pro_risk_data/campaigns/fiper_sweep_eternal/instance_A/fiper_receding_samples.jsonl
bob|fiper_sweep_eternal|instance_A|libero_object_object_t6_r29,success_train,bob,fiper_sweep_eternal,instance_A,libero_object_object_t6_r29,libero_object_object,6,object,success,162,0,161,/media/rootalkhatib/My Passport/reda_ws/asynchvla_ws/stage9_libero_pro_risk_data/campaigns/fiper_sweep_eternal/instance_A/fiper_receding_samples.jsonl
bob|fiper_sweep_eternal|instance_A|libero_object_object_t6_r3,success_train,bob,fiper_sweep_eternal,instance_A,libero_object_object_t6_r3,libero_object_object,6,object,success,232,0,231,/media/rootalkhatib/My Passport/reda_ws/asynchvla_ws/stage9_libero_pro_risk_data/campaigns/fiper_sweep_eternal/instance_A/fiper_receding_samples.jsonl
bob|fiper_sweep_eternal|instance_A|libero_object_object_t6_r30,success_train,bob,fiper_sweep_eternal,instance_A,libero_object_object_t6_r30,libero_object_object,6,object,success,186,0,185,/media/rootalkhatib/My Passport/reda_ws/asynchvla_ws/stage9_libero_pro_risk_data/campaigns/fiper_sweep_eternal/instance_A/fiper_receding_samples.jsonl
bob|fiper_sweep_eternal|instance_A|libero_object_object_t6_r31,success_calib,bob,fiper_sweep_eternal,instance_A,libero_object_object_t6_r31,libero_object_object,6,object,success,150,0,149,/media/rootalkhatib/My Passport/reda_ws/asynchvla_ws/stage9_libero_pro_risk_data/campaigns/fiper_sweep_eternal/instance_A/fiper_receding_samples.jsonl
bob|fiper_sweep_eternal|instance_A|libero_object_object_t6_r32,success_train,bob,fiper_sweep_eternal,instance_A,libero_object_object_t6_r32,libero_object_object,6,object,success,217,0,216,/media/rootalkhatib/My Passport/reda_ws/asynchvla_ws/stage9_libero_pro_risk_data/campaigns/fiper_sweep_eternal/instance_A/fiper_receding_samples.jsonl
bob|fiper_sweep_eternal|instance_A|libero_object_object_t6_r33,success_calib,bob,fiper_sweep_eternal,instance_A,libero_object_object_t6_r33,libero_object_object,6,object,success,156,0,155,/media/rootalkhatib/My Passport/reda_ws/asynchvla_ws/stage9_libero_pro_risk_data/campaigns/fiper_sweep_eternal/instance_A/fiper_receding_samples.jsonl
bob|fiper_sweep_eternal|instance_A|libero_object_object_t6_r34,success_train,bob,fiper_sweep_eternal,instance_A,libero_object_object_t6_r34,libero_object_object,6,object,success,201,0,200,/media/rootalkhatib/My Passport/reda_ws/asynchvla_ws/stage9_libero_pro_risk_data/campaigns/fiper_sweep_eternal/instance_A/fiper_receding_samples.jsonl
bob|fiper_sweep_eternal|instance_A|libero_object_object_t6_r35,success_train,bob,fiper_sweep_eternal,instance_A,libero_object_object_t6_r35,libero_object_object,6,object,success,198,0,197,/media/rootalkhatib/My Passport/reda_ws/asynchvla_ws/stage9_libero_pro_risk_data/campaigns/fiper_sweep_eternal/instance_A/fiper_receding_samples.jsonl
bob|fiper_sweep_eternal|instance_A|libero_object_object_t6_r36,success_train,bob,fiper_sweep_eternal,instance_A,libero_object_object_t6_r36,libero_object_object,6,object,success,162,0,161,/media/rootalkhatib/My Passport/reda_ws/asynchvla_ws/stage9_libero_pro_risk_data/campaigns/fiper_sweep_eternal/instance_A/fiper_receding_samples.jsonl
bob|fiper_sweep_eternal|instance_A|libero_object_object_t6_r4,success_train,bob,fiper_sweep_eternal,instance_A,libero_object_object_t6_r4,libero_object_object,6,object,success,196,0,195,/media/rootalkhatib/My Passport/reda_ws/asynchvla_ws/stage9_libero_pro_risk_data/campaigns/fiper_sweep_eternal/instance_A/fiper_receding_samples.jsonl
bob|fiper_sweep_eternal|instance_A|libero_object_object_t6_r5,success_train,bob,fiper_sweep_eternal,instance_A,libero_object_object_t6_r5,libero_object_object,6,object,success,178,0,177,/media/rootalkhatib/My Passport/reda_ws/asynchvla_ws/stage9_libero_pro_risk_data/campaigns/fiper_sweep_eternal/instance_A/fiper_receding_samples.jsonl
bob|fiper_sweep_eternal|instance_A|libero_object_object_t6_r6,success_calib,bob,fiper_sweep_eternal,instance_A,libero_object_object_t6_r6,libero_object_object,6,object,success,175,0,174,/media/rootalkhatib/My Passport/reda_ws/asynchvla_ws/stage9_libero_pro_risk_data/campaigns/fiper_sweep_eternal/instance_A/fiper_receding_samples.jsonl
bob|fiper_sweep_eternal|instance_A|libero_object_object_t6_r7,success_train,bob,fiper_sweep_eternal,instance_A,libero_object_object_t6_r7,libero_object_object,6,object,success,242,0,241,/media/rootalkhatib/My Passport/reda_ws/asynchvla_ws/stage9_libero_pro_risk_data/campaigns/fiper_sweep_eternal/instance_A/fiper_receding_samples.jsonl
bob|fiper_sweep_eternal|instance_A|libero_object_object_t6_r8,success_train,bob,fiper_sweep_eternal,instance_A,libero_object_object_t6_r8,libero_object_object,6,object,success,166,0,165,/media/rootalkhatib/My Passport/reda_ws/asynchvla_ws/stage9_libero_pro_risk_data/campaigns/fiper_sweep_eternal/instance_A/fiper_receding_samples.jsonl
bob|fiper_sweep_eternal|instance_A|libero_object_object_t6_r9,success_test_id,bob,fiper_sweep_eternal,instance_A,libero_object_object_t6_r9,libero_object_object,6,object,success,167,0,166,/media/rootalkhatib/My Passport/reda_ws/asynchvla_ws/stage9_libero_pro_risk_data/campaigns/fiper_sweep_eternal/instance_A/fiper_receding_samples.jsonl
bob|fiper_sweep_eternal|instance_A|libero_object_object_t7_r0,success_train,bob,fiper_sweep_eternal,instance_A,libero_object_object_t7_r0,libero_object_object,7,object,success,126,0,125,/media/rootalkhatib/My Passport/reda_ws/asynchvla_ws/stage9_libero_pro_risk_data/campaigns/fiper_sweep_eternal/instance_A/fiper_receding_samples.jsonl
bob|fiper_sweep_eternal|instance_A|libero_object_object_t7_r1,success_test_id,bob,fiper_sweep_eternal,instance_A,libero_object_object_t7_r1,libero_object_object,7,object,success,127,0,126,/media/rootalkhatib/My Passport/reda_ws/asynchvla_ws/stage9_libero_pro_risk_data/campaigns/fiper_sweep_eternal/instance_A/fiper_receding_samples.jsonl
bob|fiper_sweep_eternal|instance_A|libero_object_object_t7_r10,success_train,bob,fiper_sweep_eternal,instance_A,libero_object_object_t7_r10,libero_object_object,7,object,success,132,0,131,/media/rootalkhatib/My Passport/reda_ws/asynchvla_ws/stage9_libero_pro_risk_data/campaigns/fiper_sweep_eternal/instance_A/fiper_receding_samples.jsonl
bob|fiper_sweep_eternal|instance_A|libero_object_object_t7_r11,success_train,bob,fiper_sweep_eternal,instance_A,libero_object_object_t7_r11,libero_object_object,7,object,success,128,0,127,/media/rootalkhatib/My Passport/reda_ws/asynchvla_ws/stage9_libero_pro_risk_data/campaigns/fiper_sweep_eternal/instance_A/fiper_receding_samples.jsonl
bob|fiper_sweep_eternal|instance_A|libero_object_object_t7_r12,success_train,bob,fiper_sweep_eternal,instance_A,libero_object_object_t7_r12,libero_object_object,7,object,success,122,0,121,/media/rootalkhatib/My Passport/reda_ws/asynchvla_ws/stage9_libero_pro_risk_data/campaigns/fiper_sweep_eternal/instance_A/fiper_receding_samples.jsonl
bob|fiper_sweep_eternal|instance_A|libero_object_object_t7_r13,success_train,bob,fiper_sweep_eternal,instance_A,libero_object_object_t7_r13,libero_object_object,7,object,success,138,0,137,/media/rootalkhatib/My Passport/reda_ws/asynchvla_ws/stage9_libero_pro_risk_data/campaigns/fiper_sweep_eternal/instance_A/fiper_receding_samples.jsonl
bob|fiper_sweep_eternal|instance_A|libero_object_object_t7_r14,success_calib,bob,fiper_sweep_eternal,instance_A,libero_object_object_t7_r14,libero_object_object,7,object,success,126,0,125,/media/rootalkhatib/My Passport/reda_ws/asynchvla_ws/stage9_libero_pro_risk_data/campaigns/fiper_sweep_eternal/instance_A/fiper_receding_samples.jsonl
bob|fiper_sweep_eternal|instance_A|libero_object_object_t7_r15,success_calib,bob,fiper_sweep_eternal,instance_A,libero_object_object_t7_r15,libero_object_object,7,object,success,260,0,259,/media/rootalkhatib/My Passport/reda_ws/asynchvla_ws/stage9_libero_pro_risk_data/campaigns/fiper_sweep_eternal/instance_A/fiper_receding_samples.jsonl
bob|fiper_sweep_eternal|instance_A|libero_object_object_t7_r16,failure_eval_all,bob,fiper_sweep_eternal,instance_A,libero_object_object_t7_r16,libero_object_object,7,object,failure_or_timeout,300,0,299,/media/rootalkhatib/My Passport/reda_ws/asynchvla_ws/stage9_libero_pro_risk_data/campaigns/fiper_sweep_eternal/instance_A/fiper_receding_samples.jsonl
bob|fiper_sweep_eternal|instance_A|libero_object_object_t7_r17,success_test_id,bob,fiper_sweep_eternal,instance_A,libero_object_object_t7_r17,libero_object_object,7,object,success,132,0,131,/media/rootalkhatib/My Passport/reda_ws/asynchvla_ws/stage9_libero_pro_risk_data/campaigns/fiper_sweep_eternal/instance_A/fiper_receding_samples.jsonl
bob|fiper_sweep_eternal|instance_A|libero_object_object_t7_r18,success_train,bob,fiper_sweep_eternal,instance_A,libero_object_object_t7_r18,libero_object_object,7,object,success,131,0,130,/media/rootalkhatib/My Passport/reda_ws/asynchvla_ws/stage9_libero_pro_risk_data/campaigns/fiper_sweep_eternal/instance_A/fiper_receding_samples.jsonl
bob|fiper_sweep_eternal|instance_A|libero_object_object_t7_r19,success_train,bob,fiper_sweep_eternal,instance_A,libero_object_object_t7_r19,libero_object_object,7,object,success,124,0,123,/media/rootalkhatib/My Passport/reda_ws/asynchvla_ws/stage9_libero_pro_risk_data/campaigns/fiper_sweep_eternal/instance_A/fiper_receding_samples.jsonl
bob|fiper_sweep_eternal|instance_A|libero_object_object_t7_r2,failure_eval_all,bob,fiper_sweep_eternal,instance_A,libero_object_object_t7_r2,libero_object_object,7,object,failure_or_timeout,300,0,299,/media/rootalkhatib/My Passport/reda_ws/asynchvla_ws/stage9_libero_pro_risk_data/campaigns/fiper_sweep_eternal/instance_A/fiper_receding_samples.jsonl
bob|fiper_sweep_eternal|instance_A|libero_object_object_t7_r20,success_train,bob,fiper_sweep_eternal,instance_A,libero_object_object_t7_r20,libero_object_object,7,object,success,128,0,127,/media/rootalkhatib/My Passport/reda_ws/asynchvla_ws/stage9_libero_pro_risk_data/campaigns/fiper_sweep_eternal/instance_A/fiper_receding_samples.jsonl
bob|fiper_sweep_eternal|instance_A|libero_object_object_t7_r21,failure_eval_all,bob,fiper_sweep_eternal,instance_A,libero_object_object_t7_r21,libero_object_object,7,object,failure_or_timeout,300,0,299,/media/rootalkhatib/My Passport/reda_ws/asynchvla_ws/stage9_libero_pro_risk_data/campaigns/fiper_sweep_eternal/instance_A/fiper_receding_samples.jsonl
bob|fiper_sweep_eternal|instance_A|libero_object_object_t7_r22,success_test_id,bob,fiper_sweep_eternal,instance_A,libero_object_object_t7_r22,libero_object_object,7,object,success,130,0,129,/media/rootalkhatib/My Passport/reda_ws/asynchvla_ws/stage9_libero_pro_risk_data/campaigns/fiper_sweep_eternal/instance_A/fiper_receding_samples.jsonl
bob|fiper_sweep_eternal|instance_A|libero_object_object_t7_r23,success_train,bob,fiper_sweep_eternal,instance_A,libero_object_object_t7_r23,libero_object_object,7,object,success,125,0,124,/media/rootalkhatib/My Passport/reda_ws/asynchvla_ws/stage9_libero_pro_risk_data/campaigns/fiper_sweep_eternal/instance_A/fiper_receding_samples.jsonl
bob|fiper_sweep_eternal|instance_A|libero_object_object_t7_r24,success_train,bob,fiper_sweep_eternal,instance_A,libero_object_object_t7_r24,libero_object_object,7,object,success,132,0,131,/media/rootalkhatib/My Passport/reda_ws/asynchvla_ws/stage9_libero_pro_risk_data/campaigns/fiper_sweep_eternal/instance_A/fiper_receding_samples.jsonl
bob|fiper_sweep_eternal|instance_A|libero_object_object_t7_r25,success_train,bob,fiper_sweep_eternal,instance_A,libero_object_object_t7_r25,libero_object_object,7,object,success,129,0,128,/media/rootalkhatib/My Passport/reda_ws/asynchvla_ws/stage9_libero_pro_risk_data/campaigns/fiper_sweep_eternal/instance_A/fiper_receding_samples.jsonl
bob|fiper_sweep_eternal|instance_A|libero_object_object_t7_r26,success_train,bob,fiper_sweep_eternal,instance_A,libero_object_object_t7_r26,libero_object_object,7,object,success,141,0,140,/media/rootalkhatib/My Passport/reda_ws/asynchvla_ws/stage9_libero_pro_risk_data/campaigns/fiper_sweep_eternal/instance_A/fiper_receding_samples.jsonl
bob|fiper_sweep_eternal|instance_A|libero_object_object_t7_r27,success_calib,bob,fiper_sweep_eternal,instance_A,libero_object_object_t7_r27,libero_object_object,7,object,success,129,0,128,/media/rootalkhatib/My Passport/reda_ws/asynchvla_ws/stage9_libero_pro_risk_data/campaigns/fiper_sweep_eternal/instance_A/fiper_receding_samples.jsonl
bob|fiper_sweep_eternal|instance_A|libero_object_object_t7_r28,success_train,bob,fiper_sweep_eternal,instance_A,libero_object_object_t7_r28,libero_object_object,7,object,success,129,0,128,/media/rootalkhatib/My Passport/reda_ws/asynchvla_ws/stage9_libero_pro_risk_data/campaigns/fiper_sweep_eternal/instance_A/fiper_receding_samples.jsonl
bob|fiper_sweep_eternal|instance_A|libero_object_object_t7_r29,success_train,bob,fiper_sweep_eternal,instance_A,libero_object_object_t7_r29,libero_object_object,7,object,success,125,0,124,/media/rootalkhatib/My Passport/reda_ws/asynchvla_ws/stage9_libero_pro_risk_data/campaigns/fiper_sweep_eternal/instance_A/fiper_receding_samples.jsonl
bob|fiper_sweep_eternal|instance_A|libero_object_object_t7_r3,success_test_id,bob,fiper_sweep_eternal,instance_A,libero_object_object_t7_r3,libero_object_object,7,object,success,125,0,124,/media/rootalkhatib/My Passport/reda_ws/asynchvla_ws/stage9_libero_pro_risk_data/campaigns/fiper_sweep_eternal/instance_A/fiper_receding_samples.jsonl
bob|fiper_sweep_eternal|instance_A|libero_object_object_t7_r30,success_calib,bob,fiper_sweep_eternal,instance_A,libero_object_object_t7_r30,libero_object_object,7,object,success,127,0,126,/media/rootalkhatib/My Passport/reda_ws/asynchvla_ws/stage9_libero_pro_risk_data/campaigns/fiper_sweep_eternal/instance_A/fiper_receding_samples.jsonl
bob|fiper_sweep_eternal|instance_A|libero_object_object_t7_r31,success_train,bob,fiper_sweep_eternal,instance_A,libero_object_object_t7_r31,libero_object_object,7,object,success,183,0,182,/media/rootalkhatib/My Passport/reda_ws/asynchvla_ws/stage9_libero_pro_risk_data/campaigns/fiper_sweep_eternal/instance_A/fiper_receding_samples.jsonl
bob|fiper_sweep_eternal|instance_A|libero_object_object_t7_r32,success_train,bob,fiper_sweep_eternal,instance_A,libero_object_object_t7_r32,libero_object_object,7,object,success,127,0,126,/media/rootalkhatib/My Passport/reda_ws/asynchvla_ws/stage9_libero_pro_risk_data/campaigns/fiper_sweep_eternal/instance_A/fiper_receding_samples.jsonl
bob|fiper_sweep_eternal|instance_A|libero_object_object_t7_r33,success_train,bob,fiper_sweep_eternal,instance_A,libero_object_object_t7_r33,libero_object_object,7,object,success,134,0,133,/media/rootalkhatib/My Passport/reda_ws/asynchvla_ws/stage9_libero_pro_risk_data/campaigns/fiper_sweep_eternal/instance_A/fiper_receding_samples.jsonl
bob|fiper_sweep_eternal|instance_A|libero_object_object_t7_r34,success_test_id,bob,fiper_sweep_eternal,instance_A,libero_object_object_t7_r34,libero_object_object,7,object,success,127,0,126,/media/rootalkhatib/My Passport/reda_ws/asynchvla_ws/stage9_libero_pro_risk_data/campaigns/fiper_sweep_eternal/instance_A/fiper_receding_samples.jsonl
bob|fiper_sweep_eternal|instance_A|libero_object_object_t7_r35,success_calib,bob,fiper_sweep_eternal,instance_A,libero_object_object_t7_r35,libero_object_object,7,object,success,129,0,128,/media/rootalkhatib/My Passport/reda_ws/asynchvla_ws/stage9_libero_pro_risk_data/campaigns/fiper_sweep_eternal/instance_A/fiper_receding_samples.jsonl
bob|fiper_sweep_eternal|instance_A|libero_object_object_t7_r36,success_train,bob,fiper_sweep_eternal,instance_A,libero_object_object_t7_r36,libero_object_object,7,object,success,129,0,128,/media/rootalkhatib/My Passport/reda_ws/asynchvla_ws/stage9_libero_pro_risk_data/campaigns/fiper_sweep_eternal/instance_A/fiper_receding_samples.jsonl
bob|fiper_sweep_eternal|instance_A|libero_object_object_t7_r4,success_train,bob,fiper_sweep_eternal,instance_A,libero_object_object_t7_r4,libero_object_object,7,object,success,133,0,132,/media/rootalkhatib/My Passport/reda_ws/asynchvla_ws/stage9_libero_pro_risk_data/campaigns/fiper_sweep_eternal/instance_A/fiper_receding_samples.jsonl
bob|fiper_sweep_eternal|instance_A|libero_object_object_t7_r5,success_train,bob,fiper_sweep_eternal,instance_A,libero_object_object_t7_r5,libero_object_object,7,object,success,129,0,128,/media/rootalkhatib/My Passport/reda_ws/asynchvla_ws/stage9_libero_pro_risk_data/campaigns/fiper_sweep_eternal/instance_A/fiper_receding_samples.jsonl
bob|fiper_sweep_eternal|instance_A|libero_object_object_t7_r6,success_train,bob,fiper_sweep_eternal,instance_A,libero_object_object_t7_r6,libero_object_object,7,object,success,134,0,133,/media/rootalkhatib/My Passport/reda_ws/asynchvla_ws/stage9_libero_pro_risk_data/campaigns/fiper_sweep_eternal/instance_A/fiper_receding_samples.jsonl
bob|fiper_sweep_eternal|instance_A|libero_object_object_t7_r7,success_train,bob,fiper_sweep_eternal,instance_A,libero_object_object_t7_r7,libero_object_object,7,object,success,125,0,124,/media/rootalkhatib/My Passport/reda_ws/asynchvla_ws/stage9_libero_pro_risk_data/campaigns/fiper_sweep_eternal/instance_A/fiper_receding_samples.jsonl
bob|fiper_sweep_eternal|instance_A|libero_object_object_t7_r8,success_train,bob,fiper_sweep_eternal,instance_A,libero_object_object_t7_r8,libero_object_object,7,object,success,128,0,127,/media/rootalkhatib/My Passport/reda_ws/asynchvla_ws/stage9_libero_pro_risk_data/campaigns/fiper_sweep_eternal/instance_A/fiper_receding_samples.jsonl
bob|fiper_sweep_eternal|instance_A|libero_object_object_t7_r9,success_train,bob,fiper_sweep_eternal,instance_A,libero_object_object_t7_r9,libero_object_object,7,object,success,127,0,126,/media/rootalkhatib/My Passport/reda_ws/asynchvla_ws/stage9_libero_pro_risk_data/campaigns/fiper_sweep_eternal/instance_A/fiper_receding_samples.jsonl
bob|fiper_sweep_eternal|instance_A|libero_object_object_t8_r0,success_train,bob,fiper_sweep_eternal,instance_A,libero_object_object_t8_r0,libero_object_object,8,object,success,159,0,158,/media/rootalkhatib/My Passport/reda_ws/asynchvla_ws/stage9_libero_pro_risk_data/campaigns/fiper_sweep_eternal/instance_A/fiper_receding_samples.jsonl
bob|fiper_sweep_eternal|instance_A|libero_object_object_t8_r1,success_train,bob,fiper_sweep_eternal,instance_A,libero_object_object_t8_r1,libero_object_object,8,object,success,166,0,165,/media/rootalkhatib/My Passport/reda_ws/asynchvla_ws/stage9_libero_pro_risk_data/campaigns/fiper_sweep_eternal/instance_A/fiper_receding_samples.jsonl
bob|fiper_sweep_eternal|instance_A|libero_object_object_t8_r10,success_train,bob,fiper_sweep_eternal,instance_A,libero_object_object_t8_r10,libero_object_object,8,object,success,164,0,163,/media/rootalkhatib/My Passport/reda_ws/asynchvla_ws/stage9_libero_pro_risk_data/campaigns/fiper_sweep_eternal/instance_A/fiper_receding_samples.jsonl
bob|fiper_sweep_eternal|instance_A|libero_object_object_t8_r11,success_train,bob,fiper_sweep_eternal,instance_A,libero_object_object_t8_r11,libero_object_object,8,object,success,138,0,137,/media/rootalkhatib/My Passport/reda_ws/asynchvla_ws/stage9_libero_pro_risk_data/campaigns/fiper_sweep_eternal/instance_A/fiper_receding_samples.jsonl
bob|fiper_sweep_eternal|instance_A|libero_object_object_t8_r12,success_train,bob,fiper_sweep_eternal,instance_A,libero_object_object_t8_r12,libero_object_object,8,object,success,156,0,155,/media/rootalkhatib/My Passport/reda_ws/asynchvla_ws/stage9_libero_pro_risk_data/campaigns/fiper_sweep_eternal/instance_A/fiper_receding_samples.jsonl
bob|fiper_sweep_eternal|instance_A|libero_object_object_t8_r13,success_train,bob,fiper_sweep_eternal,instance_A,libero_object_object_t8_r13,libero_object_object,8,object,success,181,0,180,/media/rootalkhatib/My Passport/reda_ws/asynchvla_ws/stage9_libero_pro_risk_data/campaigns/fiper_sweep_eternal/instance_A/fiper_receding_samples.jsonl
bob|fiper_sweep_eternal|instance_A|libero_object_object_t8_r14,success_calib,bob,fiper_sweep_eternal,instance_A,libero_object_object_t8_r14,libero_object_object,8,object,success,162,0,161,/media/rootalkhatib/My Passport/reda_ws/asynchvla_ws/stage9_libero_pro_risk_data/campaigns/fiper_sweep_eternal/instance_A/fiper_receding_samples.jsonl
bob|fiper_sweep_eternal|instance_A|libero_object_object_t8_r15,success_train,bob,fiper_sweep_eternal,instance_A,libero_object_object_t8_r15,libero_object_object,8,object,success,142,0,141,/media/rootalkhatib/My Passport/reda_ws/asynchvla_ws/stage9_libero_pro_risk_data/campaigns/fiper_sweep_eternal/instance_A/fiper_receding_samples.jsonl
bob|fiper_sweep_eternal|instance_A|libero_object_object_t8_r16,success_train,bob,fiper_sweep_eternal,instance_A,libero_object_object_t8_r16,libero_object_object,8,object,success,164,0,163,/media/rootalkhatib/My Passport/reda_ws/asynchvla_ws/stage9_libero_pro_risk_data/campaigns/fiper_sweep_eternal/instance_A/fiper_receding_samples.jsonl
bob|fiper_sweep_eternal|instance_A|libero_object_object_t8_r17,success_calib,bob,fiper_sweep_eternal,instance_A,libero_object_object_t8_r17,libero_object_object,8,object,success,158,0,157,/media/rootalkhatib/My Passport/reda_ws/asynchvla_ws/stage9_libero_pro_risk_data/campaigns/fiper_sweep_eternal/instance_A/fiper_receding_samples.jsonl
bob|fiper_sweep_eternal|instance_A|libero_object_object_t8_r18,success_train,bob,fiper_sweep_eternal,instance_A,libero_object_object_t8_r18,libero_object_object,8,object,success,169,0,168,/media/rootalkhatib/My Passport/reda_ws/asynchvla_ws/stage9_libero_pro_risk_data/campaigns/fiper_sweep_eternal/instance_A/fiper_receding_samples.jsonl
bob|fiper_sweep_eternal|instance_A|libero_object_object_t8_r19,success_train,bob,fiper_sweep_eternal,instance_A,libero_object_object_t8_r19,libero_object_object,8,object,success,166,0,165,/media/rootalkhatib/My Passport/reda_ws/asynchvla_ws/stage9_libero_pro_risk_data/campaigns/fiper_sweep_eternal/instance_A/fiper_receding_samples.jsonl
bob|fiper_sweep_eternal|instance_A|libero_object_object_t8_r2,success_train,bob,fiper_sweep_eternal,instance_A,libero_object_object_t8_r2,libero_object_object,8,object,success,156,0,155,/media/rootalkhatib/My Passport/reda_ws/asynchvla_ws/stage9_libero_pro_risk_data/campaigns/fiper_sweep_eternal/instance_A/fiper_receding_samples.jsonl
bob|fiper_sweep_eternal|instance_A|libero_object_object_t8_r20,success_test_id,bob,fiper_sweep_eternal,instance_A,libero_object_object_t8_r20,libero_object_object,8,object,success,136,0,135,/media/rootalkhatib/My Passport/reda_ws/asynchvla_ws/stage9_libero_pro_risk_data/campaigns/fiper_sweep_eternal/instance_A/fiper_receding_samples.jsonl
bob|fiper_sweep_eternal|instance_A|libero_object_object_t8_r21,success_train,bob,fiper_sweep_eternal,instance_A,libero_object_object_t8_r21,libero_object_object,8,object,success,170,0,169,/media/rootalkhatib/My Passport/reda_ws/asynchvla_ws/stage9_libero_pro_risk_data/campaigns/fiper_sweep_eternal/instance_A/fiper_receding_samples.jsonl
bob|fiper_sweep_eternal|instance_A|libero_object_object_t8_r22,success_train,bob,fiper_sweep_eternal,instance_A,libero_object_object_t8_r22,libero_object_object,8,object,success,156,0,155,/media/rootalkhatib/My Passport/reda_ws/asynchvla_ws/stage9_libero_pro_risk_data/campaigns/fiper_sweep_eternal/instance_A/fiper_receding_samples.jsonl
bob|fiper_sweep_eternal|instance_A|libero_object_object_t8_r23,success_calib,bob,fiper_sweep_eternal,instance_A,libero_object_object_t8_r23,libero_object_object,8,object,success,150,0,149,/media/rootalkhatib/My Passport/reda_ws/asynchvla_ws/stage9_libero_pro_risk_data/campaigns/fiper_sweep_eternal/instance_A/fiper_receding_samples.jsonl
bob|fiper_sweep_eternal|instance_A|libero_object_object_t8_r24,failure_eval_all,bob,fiper_sweep_eternal,instance_A,libero_object_object_t8_r24,libero_object_object,8,object,failure_or_timeout,300,0,299,/media/rootalkhatib/My Passport/reda_ws/asynchvla_ws/stage9_libero_pro_risk_data/campaigns/fiper_sweep_eternal/instance_A/fiper_receding_samples.jsonl
bob|fiper_sweep_eternal|instance_A|libero_object_object_t8_r25,success_train,bob,fiper_sweep_eternal,instance_A,libero_object_object_t8_r25,libero_object_object,8,object,success,140,0,139,/media/rootalkhatib/My Passport/reda_ws/asynchvla_ws/stage9_libero_pro_risk_data/campaigns/fiper_sweep_eternal/instance_A/fiper_receding_samples.jsonl
bob|fiper_sweep_eternal|instance_A|libero_object_object_t8_r26,success_train,bob,fiper_sweep_eternal,instance_A,libero_object_object_t8_r26,libero_object_object,8,object,success,200,0,199,/media/rootalkhatib/My Passport/reda_ws/asynchvla_ws/stage9_libero_pro_risk_data/campaigns/fiper_sweep_eternal/instance_A/fiper_receding_samples.jsonl
bob|fiper_sweep_eternal|instance_A|libero_object_object_t8_r27,success_test_id,bob,fiper_sweep_eternal,instance_A,libero_object_object_t8_r27,libero_object_object,8,object,success,143,0,142,/media/rootalkhatib/My Passport/reda_ws/asynchvla_ws/stage9_libero_pro_risk_data/campaigns/fiper_sweep_eternal/instance_A/fiper_receding_samples.jsonl
bob|fiper_sweep_eternal|instance_A|libero_object_object_t8_r28,success_test_id,bob,fiper_sweep_eternal,instance_A,libero_object_object_t8_r28,libero_object_object,8,object,success,170,0,169,/media/rootalkhatib/My Passport/reda_ws/asynchvla_ws/stage9_libero_pro_risk_data/campaigns/fiper_sweep_eternal/instance_A/fiper_receding_samples.jsonl
bob|fiper_sweep_eternal|instance_A|libero_object_object_t8_r29,success_test_id,bob,fiper_sweep_eternal,instance_A,libero_object_object_t8_r29,libero_object_object,8,object,success,169,0,168,/media/rootalkhatib/My Passport/reda_ws/asynchvla_ws/stage9_libero_pro_risk_data/campaigns/fiper_sweep_eternal/instance_A/fiper_receding_samples.jsonl
bob|fiper_sweep_eternal|instance_A|libero_object_object_t8_r3,success_train,bob,fiper_sweep_eternal,instance_A,libero_object_object_t8_r3,libero_object_object,8,object,success,177,0,176,/media/rootalkhatib/My Passport/reda_ws/asynchvla_ws/stage9_libero_pro_risk_data/campaigns/fiper_sweep_eternal/instance_A/fiper_receding_samples.jsonl
bob|fiper_sweep_eternal|instance_A|libero_object_object_t8_r30,success_test_id,bob,fiper_sweep_eternal,instance_A,libero_object_object_t8_r30,libero_object_object,8,object,success,144,0,143,/media/rootalkhatib/My Passport/reda_ws/asynchvla_ws/stage9_libero_pro_risk_data/campaigns/fiper_sweep_eternal/instance_A/fiper_receding_samples.jsonl
bob|fiper_sweep_eternal|instance_A|libero_object_object_t8_r31,success_train,bob,fiper_sweep_eternal,instance_A,libero_object_object_t8_r31,libero_object_object,8,object,success,144,0,143,/media/rootalkhatib/My Passport/reda_ws/asynchvla_ws/stage9_libero_pro_risk_data/campaigns/fiper_sweep_eternal/instance_A/fiper_receding_samples.jsonl
bob|fiper_sweep_eternal|instance_A|libero_object_object_t8_r32,success_train,bob,fiper_sweep_eternal,instance_A,libero_object_object_t8_r32,libero_object_object,8,object,success,159,0,158,/media/rootalkhatib/My Passport/reda_ws/asynchvla_ws/stage9_libero_pro_risk_data/campaigns/fiper_sweep_eternal/instance_A/fiper_receding_samples.jsonl
bob|fiper_sweep_eternal|instance_A|libero_object_object_t8_r33,success_train,bob,fiper_sweep_eternal,instance_A,libero_object_object_t8_r33,libero_object_object,8,object,success,206,0,205,/media/rootalkhatib/My Passport/reda_ws/asynchvla_ws/stage9_libero_pro_risk_data/campaigns/fiper_sweep_eternal/instance_A/fiper_receding_samples.jsonl
bob|fiper_sweep_eternal|instance_A|libero_object_object_t8_r34,success_test_id,bob,fiper_sweep_eternal,instance_A,libero_object_object_t8_r34,libero_object_object,8,object,success,142,0,141,/media/rootalkhatib/My Passport/reda_ws/asynchvla_ws/stage9_libero_pro_risk_data/campaigns/fiper_sweep_eternal/instance_A/fiper_receding_samples.jsonl
bob|fiper_sweep_eternal|instance_A|libero_object_object_t8_r35,success_train,bob,fiper_sweep_eternal,instance_A,libero_object_object_t8_r35,libero_object_object,8,object,success,140,0,139,/media/rootalkhatib/My Passport/reda_ws/asynchvla_ws/stage9_libero_pro_risk_data/campaigns/fiper_sweep_eternal/instance_A/fiper_receding_samples.jsonl
bob|fiper_sweep_eternal|instance_A|libero_object_object_t8_r36,success_calib,bob,fiper_sweep_eternal,instance_A,libero_object_object_t8_r36,libero_object_object,8,object,success,183,0,182,/media/rootalkhatib/My Passport/reda_ws/asynchvla_ws/stage9_libero_pro_risk_data/campaigns/fiper_sweep_eternal/instance_A/fiper_receding_samples.jsonl
bob|fiper_sweep_eternal|instance_A|libero_object_object_t8_r4,success_train,bob,fiper_sweep_eternal,instance_A,libero_object_object_t8_r4,libero_object_object,8,object,success,153,0,152,/media/rootalkhatib/My Passport/reda_ws/asynchvla_ws/stage9_libero_pro_risk_data/campaigns/fiper_sweep_eternal/instance_A/fiper_receding_samples.jsonl
bob|fiper_sweep_eternal|instance_A|libero_object_object_t8_r5,success_calib,bob,fiper_sweep_eternal,instance_A,libero_object_object_t8_r5,libero_object_object,8,object,success,153,0,152,/media/rootalkhatib/My Passport/reda_ws/asynchvla_ws/stage9_libero_pro_risk_data/campaigns/fiper_sweep_eternal/instance_A/fiper_receding_samples.jsonl
bob|fiper_sweep_eternal|instance_A|libero_object_object_t8_r6,success_train,bob,fiper_sweep_eternal,instance_A,libero_object_object_t8_r6,libero_object_object,8,object,success,153,0,152,/media/rootalkhatib/My Passport/reda_ws/asynchvla_ws/stage9_libero_pro_risk_data/campaigns/fiper_sweep_eternal/instance_A/fiper_receding_samples.jsonl
bob|fiper_sweep_eternal|instance_A|libero_object_object_t8_r7,success_train,bob,fiper_sweep_eternal,instance_A,libero_object_object_t8_r7,libero_object_object,8,object,success,143,0,142,/media/rootalkhatib/My Passport/reda_ws/asynchvla_ws/stage9_libero_pro_risk_data/campaigns/fiper_sweep_eternal/instance_A/fiper_receding_samples.jsonl
bob|fiper_sweep_eternal|instance_A|libero_object_object_t8_r8,success_train,bob,fiper_sweep_eternal,instance_A,libero_object_object_t8_r8,libero_object_object,8,object,success,181,0,180,/media/rootalkhatib/My Passport/reda_ws/asynchvla_ws/stage9_libero_pro_risk_data/campaigns/fiper_sweep_eternal/instance_A/fiper_receding_samples.jsonl
bob|fiper_sweep_eternal|instance_A|libero_object_object_t8_r9,success_train,bob,fiper_sweep_eternal,instance_A,libero_object_object_t8_r9,libero_object_object,8,object,success,155,0,154,/media/rootalkhatib/My Passport/reda_ws/asynchvla_ws/stage9_libero_pro_risk_data/campaigns/fiper_sweep_eternal/instance_A/fiper_receding_samples.jsonl
bob|fiper_sweep_eternal|instance_A|libero_object_object_t9_r0,success_train,bob,fiper_sweep_eternal,instance_A,libero_object_object_t9_r0,libero_object_object,9,object,success,118,0,117,/media/rootalkhatib/My Passport/reda_ws/asynchvla_ws/stage9_libero_pro_risk_data/campaigns/fiper_sweep_eternal/instance_A/fiper_receding_samples.jsonl
bob|fiper_sweep_eternal|instance_A|libero_object_object_t9_r1,success_calib,bob,fiper_sweep_eternal,instance_A,libero_object_object_t9_r1,libero_object_object,9,object,success,143,0,142,/media/rootalkhatib/My Passport/reda_ws/asynchvla_ws/stage9_libero_pro_risk_data/campaigns/fiper_sweep_eternal/instance_A/fiper_receding_samples.jsonl
bob|fiper_sweep_eternal|instance_A|libero_object_object_t9_r10,success_train,bob,fiper_sweep_eternal,instance_A,libero_object_object_t9_r10,libero_object_object,9,object,success,131,0,130,/media/rootalkhatib/My Passport/reda_ws/asynchvla_ws/stage9_libero_pro_risk_data/campaigns/fiper_sweep_eternal/instance_A/fiper_receding_samples.jsonl
bob|fiper_sweep_eternal|instance_A|libero_object_object_t9_r11,success_train,bob,fiper_sweep_eternal,instance_A,libero_object_object_t9_r11,libero_object_object,9,object,success,116,0,115,/media/rootalkhatib/My Passport/reda_ws/asynchvla_ws/stage9_libero_pro_risk_data/campaigns/fiper_sweep_eternal/instance_A/fiper_receding_samples.jsonl
bob|fiper_sweep_eternal|instance_A|libero_object_object_t9_r12,success_train,bob,fiper_sweep_eternal,instance_A,libero_object_object_t9_r12,libero_object_object,9,object,success,118,0,117,/media/rootalkhatib/My Passport/reda_ws/asynchvla_ws/stage9_libero_pro_risk_data/campaigns/fiper_sweep_eternal/instance_A/fiper_receding_samples.jsonl
bob|fiper_sweep_eternal|instance_A|libero_object_object_t9_r13,success_test_id,bob,fiper_sweep_eternal,instance_A,libero_object_object_t9_r13,libero_object_object,9,object,success,127,0,126,/media/rootalkhatib/My Passport/reda_ws/asynchvla_ws/stage9_libero_pro_risk_data/campaigns/fiper_sweep_eternal/instance_A/fiper_receding_samples.jsonl
bob|fiper_sweep_eternal|instance_A|libero_object_object_t9_r14,success_calib,bob,fiper_sweep_eternal,instance_A,libero_object_object_t9_r14,libero_object_object,9,object,success,118,0,117,/media/rootalkhatib/My Passport/reda_ws/asynchvla_ws/stage9_libero_pro_risk_data/campaigns/fiper_sweep_eternal/instance_A/fiper_receding_samples.jsonl
bob|fiper_sweep_eternal|instance_A|libero_object_object_t9_r15,success_train,bob,fiper_sweep_eternal,instance_A,libero_object_object_t9_r15,libero_object_object,9,object,success,129,0,128,/media/rootalkhatib/My Passport/reda_ws/asynchvla_ws/stage9_libero_pro_risk_data/campaigns/fiper_sweep_eternal/instance_A/fiper_receding_samples.jsonl
bob|fiper_sweep_eternal|instance_A|libero_object_object_t9_r16,success_train,bob,fiper_sweep_eternal,instance_A,libero_object_object_t9_r16,libero_object_object,9,object,success,118,0,117,/media/rootalkhatib/My Passport/reda_ws/asynchvla_ws/stage9_libero_pro_risk_data/campaigns/fiper_sweep_eternal/instance_A/fiper_receding_samples.jsonl
bob|fiper_sweep_eternal|instance_A|libero_object_object_t9_r17,success_calib,bob,fiper_sweep_eternal,instance_A,libero_object_object_t9_r17,libero_object_object,9,object,success,114,0,113,/media/rootalkhatib/My Passport/reda_ws/asynchvla_ws/stage9_libero_pro_risk_data/campaigns/fiper_sweep_eternal/instance_A/fiper_receding_samples.jsonl
bob|fiper_sweep_eternal|instance_A|libero_object_object_t9_r18,success_train,bob,fiper_sweep_eternal,instance_A,libero_object_object_t9_r18,libero_object_object,9,object,success,125,0,124,/media/rootalkhatib/My Passport/reda_ws/asynchvla_ws/stage9_libero_pro_risk_data/campaigns/fiper_sweep_eternal/instance_A/fiper_receding_samples.jsonl
bob|fiper_sweep_eternal|instance_A|libero_object_object_t9_r19,success_train,bob,fiper_sweep_eternal,instance_A,libero_object_object_t9_r19,libero_object_object,9,object,success,118,0,117,/media/rootalkhatib/My Passport/reda_ws/asynchvla_ws/stage9_libero_pro_risk_data/campaigns/fiper_sweep_eternal/instance_A/fiper_receding_samples.jsonl
bob|fiper_sweep_eternal|instance_A|libero_object_object_t9_r2,success_train,bob,fiper_sweep_eternal,instance_A,libero_object_object_t9_r2,libero_object_object,9,object,success,119,0,118,/media/rootalkhatib/My Passport/reda_ws/asynchvla_ws/stage9_libero_pro_risk_data/campaigns/fiper_sweep_eternal/instance_A/fiper_receding_samples.jsonl
bob|fiper_sweep_eternal|instance_A|libero_object_object_t9_r20,success_train,bob,fiper_sweep_eternal,instance_A,libero_object_object_t9_r20,libero_object_object,9,object,success,115,0,114,/media/rootalkhatib/My Passport/reda_ws/asynchvla_ws/stage9_libero_pro_risk_data/campaigns/fiper_sweep_eternal/instance_A/fiper_receding_samples.jsonl
bob|fiper_sweep_eternal|instance_A|libero_object_object_t9_r21,success_calib,bob,fiper_sweep_eternal,instance_A,libero_object_object_t9_r21,libero_object_object,9,object,success,114,0,113,/media/rootalkhatib/My Passport/reda_ws/asynchvla_ws/stage9_libero_pro_risk_data/campaigns/fiper_sweep_eternal/instance_A/fiper_receding_samples.jsonl
bob|fiper_sweep_eternal|instance_A|libero_object_object_t9_r22,success_train,bob,fiper_sweep_eternal,instance_A,libero_object_object_t9_r22,libero_object_object,9,object,success,120,0,119,/media/rootalkhatib/My Passport/reda_ws/asynchvla_ws/stage9_libero_pro_risk_data/campaigns/fiper_sweep_eternal/instance_A/fiper_receding_samples.jsonl
bob|fiper_sweep_eternal|instance_A|libero_object_object_t9_r23,success_train,bob,fiper_sweep_eternal,instance_A,libero_object_object_t9_r23,libero_object_object,9,object,success,110,0,109,/media/rootalkhatib/My Passport/reda_ws/asynchvla_ws/stage9_libero_pro_risk_data/campaigns/fiper_sweep_eternal/instance_A/fiper_receding_samples.jsonl
bob|fiper_sweep_eternal|instance_A|libero_object_object_t9_r24,success_train,bob,fiper_sweep_eternal,instance_A,libero_object_object_t9_r24,libero_object_object,9,object,success,120,0,119,/media/rootalkhatib/My Passport/reda_ws/asynchvla_ws/stage9_libero_pro_risk_data/campaigns/fiper_sweep_eternal/instance_A/fiper_receding_samples.jsonl
bob|fiper_sweep_eternal|instance_A|libero_object_object_t9_r25,success_train,bob,fiper_sweep_eternal,instance_A,libero_object_object_t9_r25,libero_object_object,9,object,success,119,0,118,/media/rootalkhatib/My Passport/reda_ws/asynchvla_ws/stage9_libero_pro_risk_data/campaigns/fiper_sweep_eternal/instance_A/fiper_receding_samples.jsonl
bob|fiper_sweep_eternal|instance_A|libero_object_object_t9_r26,success_test_id,bob,fiper_sweep_eternal,instance_A,libero_object_object_t9_r26,libero_object_object,9,object,success,119,0,118,/media/rootalkhatib/My Passport/reda_ws/asynchvla_ws/stage9_libero_pro_risk_data/campaigns/fiper_sweep_eternal/instance_A/fiper_receding_samples.jsonl
bob|fiper_sweep_eternal|instance_A|libero_object_object_t9_r27,success_train,bob,fiper_sweep_eternal,instance_A,libero_object_object_t9_r27,libero_object_object,9,object,success,121,0,120,/media/rootalkhatib/My Passport/reda_ws/asynchvla_ws/stage9_libero_pro_risk_data/campaigns/fiper_sweep_eternal/instance_A/fiper_receding_samples.jsonl
bob|fiper_sweep_eternal|instance_A|libero_object_object_t9_r28,success_train,bob,fiper_sweep_eternal,instance_A,libero_object_object_t9_r28,libero_object_object,9,object,success,117,0,116,/media/rootalkhatib/My Passport/reda_ws/asynchvla_ws/stage9_libero_pro_risk_data/campaigns/fiper_sweep_eternal/instance_A/fiper_receding_samples.jsonl
bob|fiper_sweep_eternal|instance_A|libero_object_object_t9_r29,success_train,bob,fiper_sweep_eternal,instance_A,libero_object_object_t9_r29,libero_object_object,9,object,success,118,0,117,/media/rootalkhatib/My Passport/reda_ws/asynchvla_ws/stage9_libero_pro_risk_data/campaigns/fiper_sweep_eternal/instance_A/fiper_receding_samples.jsonl
bob|fiper_sweep_eternal|instance_A|libero_object_object_t9_r3,success_train,bob,fiper_sweep_eternal,instance_A,libero_object_object_t9_r3,libero_object_object,9,object,success,114,0,113,/media/rootalkhatib/My Passport/reda_ws/asynchvla_ws/stage9_libero_pro_risk_data/campaigns/fiper_sweep_eternal/instance_A/fiper_receding_samples.jsonl
bob|fiper_sweep_eternal|instance_A|libero_object_object_t9_r30,success_train,bob,fiper_sweep_eternal,instance_A,libero_object_object_t9_r30,libero_object_object,9,object,success,127,0,126,/media/rootalkhatib/My Passport/reda_ws/asynchvla_ws/stage9_libero_pro_risk_data/campaigns/fiper_sweep_eternal/instance_A/fiper_receding_samples.jsonl
bob|fiper_sweep_eternal|instance_A|libero_object_object_t9_r31,success_train,bob,fiper_sweep_eternal,instance_A,libero_object_object_t9_r31,libero_object_object,9,object,success,114,0,113,/media/rootalkhatib/My Passport/reda_ws/asynchvla_ws/stage9_libero_pro_risk_data/campaigns/fiper_sweep_eternal/instance_A/fiper_receding_samples.jsonl
bob|fiper_sweep_eternal|instance_A|libero_object_object_t9_r32,success_train,bob,fiper_sweep_eternal,instance_A,libero_object_object_t9_r32,libero_object_object,9,object,success,121,0,120,/media/rootalkhatib/My Passport/reda_ws/asynchvla_ws/stage9_libero_pro_risk_data/campaigns/fiper_sweep_eternal/instance_A/fiper_receding_samples.jsonl
bob|fiper_sweep_eternal|instance_A|libero_object_object_t9_r33,success_test_id,bob,fiper_sweep_eternal,instance_A,libero_object_object_t9_r33,libero_object_object,9,object,success,117,0,116,/media/rootalkhatib/My Passport/reda_ws/asynchvla_ws/stage9_libero_pro_risk_data/campaigns/fiper_sweep_eternal/instance_A/fiper_receding_samples.jsonl
bob|fiper_sweep_eternal|instance_A|libero_object_object_t9_r34,success_train,bob,fiper_sweep_eternal,instance_A,libero_object_object_t9_r34,libero_object_object,9,object,success,135,0,134,/media/rootalkhatib/My Passport/reda_ws/asynchvla_ws/stage9_libero_pro_risk_data/campaigns/fiper_sweep_eternal/instance_A/fiper_receding_samples.jsonl
bob|fiper_sweep_eternal|instance_A|libero_object_object_t9_r35,success_calib,bob,fiper_sweep_eternal,instance_A,libero_object_object_t9_r35,libero_object_object,9,object,success,120,0,119,/media/rootalkhatib/My Passport/reda_ws/asynchvla_ws/stage9_libero_pro_risk_data/campaigns/fiper_sweep_eternal/instance_A/fiper_receding_samples.jsonl
bob|fiper_sweep_eternal|instance_A|libero_object_object_t9_r36,success_train,bob,fiper_sweep_eternal,instance_A,libero_object_object_t9_r36,libero_object_object,9,object,success,119,0,118,/media/rootalkhatib/My Passport/reda_ws/asynchvla_ws/stage9_libero_pro_risk_data/campaigns/fiper_sweep_eternal/instance_A/fiper_receding_samples.jsonl
bob|fiper_sweep_eternal|instance_A|libero_object_object_t9_r4,success_test_id,bob,fiper_sweep_eternal,instance_A,libero_object_object_t9_r4,libero_object_object,9,object,success,121,0,120,/media/rootalkhatib/My Passport/reda_ws/asynchvla_ws/stage9_libero_pro_risk_data/campaigns/fiper_sweep_eternal/instance_A/fiper_receding_samples.jsonl
bob|fiper_sweep_eternal|instance_A|libero_object_object_t9_r5,success_train,bob,fiper_sweep_eternal,instance_A,libero_object_object_t9_r5,libero_object_object,9,object,success,120,0,119,/media/rootalkhatib/My Passport/reda_ws/asynchvla_ws/stage9_libero_pro_risk_data/campaigns/fiper_sweep_eternal/instance_A/fiper_receding_samples.jsonl
bob|fiper_sweep_eternal|instance_A|libero_object_object_t9_r6,success_calib,bob,fiper_sweep_eternal,instance_A,libero_object_object_t9_r6,libero_object_object,9,object,success,118,0,117,/media/rootalkhatib/My Passport/reda_ws/asynchvla_ws/stage9_libero_pro_risk_data/campaigns/fiper_sweep_eternal/instance_A/fiper_receding_samples.jsonl
bob|fiper_sweep_eternal|instance_A|libero_object_object_t9_r7,success_train,bob,fiper_sweep_eternal,instance_A,libero_object_object_t9_r7,libero_object_object,9,object,success,118,0,117,/media/rootalkhatib/My Passport/reda_ws/asynchvla_ws/stage9_libero_pro_risk_data/campaigns/fiper_sweep_eternal/instance_A/fiper_receding_samples.jsonl
bob|fiper_sweep_eternal|instance_A|libero_object_object_t9_r8,success_train,bob,fiper_sweep_eternal,instance_A,libero_object_object_t9_r8,libero_object_object,9,object,success,120,0,119,/media/rootalkhatib/My Passport/reda_ws/asynchvla_ws/stage9_libero_pro_risk_data/campaigns/fiper_sweep_eternal/instance_A/fiper_receding_samples.jsonl
bob|fiper_sweep_eternal|instance_A|libero_object_object_t9_r9,success_test_id,bob,fiper_sweep_eternal,instance_A,libero_object_object_t9_r9,libero_object_object,9,object,success,118,0,117,/media/rootalkhatib/My Passport/reda_ws/asynchvla_ws/stage9_libero_pro_risk_data/campaigns/fiper_sweep_eternal/instance_A/fiper_receding_samples.jsonl
bob|fiper_sweep_eternal|instance_A|libero_spatial_object_t0_r0,success_train,bob,fiper_sweep_eternal,instance_A,libero_spatial_object_t0_r0,libero_spatial_object,0,object,success,74,0,73,/media/rootalkhatib/My Passport/reda_ws/asynchvla_ws/stage9_libero_pro_risk_data/campaigns/fiper_sweep_eternal/instance_A/fiper_receding_samples.jsonl
bob|fiper_sweep_eternal|instance_A|libero_spatial_object_t0_r1,success_test_id,bob,fiper_sweep_eternal,instance_A,libero_spatial_object_t0_r1,libero_spatial_object,0,object,success,74,0,73,/media/rootalkhatib/My Passport/reda_ws/asynchvla_ws/stage9_libero_pro_risk_data/campaigns/fiper_sweep_eternal/instance_A/fiper_receding_samples.jsonl
bob|fiper_sweep_eternal|instance_A|libero_spatial_object_t0_r10,success_train,bob,fiper_sweep_eternal,instance_A,libero_spatial_object_t0_r10,libero_spatial_object,0,object,success,72,0,71,/media/rootalkhatib/My Passport/reda_ws/asynchvla_ws/stage9_libero_pro_risk_data/campaigns/fiper_sweep_eternal/instance_A/fiper_receding_samples.jsonl
bob|fiper_sweep_eternal|instance_A|libero_spatial_object_t0_r11,success_train,bob,fiper_sweep_eternal,instance_A,libero_spatial_object_t0_r11,libero_spatial_object,0,object,success,80,0,79,/media/rootalkhatib/My Passport/reda_ws/asynchvla_ws/stage9_libero_pro_risk_data/campaigns/fiper_sweep_eternal/instance_A/fiper_receding_samples.jsonl
bob|fiper_sweep_eternal|instance_A|libero_spatial_object_t0_r12,success_train,bob,fiper_sweep_eternal,instance_A,libero_spatial_object_t0_r12,libero_spatial_object,0,object,success,74,0,73,/media/rootalkhatib/My Passport/reda_ws/asynchvla_ws/stage9_libero_pro_risk_data/campaigns/fiper_sweep_eternal/instance_A/fiper_receding_samples.jsonl
bob|fiper_sweep_eternal|instance_A|libero_spatial_object_t0_r13,success_train,bob,fiper_sweep_eternal,instance_A,libero_spatial_object_t0_r13,libero_spatial_object,0,object,success,78,0,77,/media/rootalkhatib/My Passport/reda_ws/asynchvla_ws/stage9_libero_pro_risk_data/campaigns/fiper_sweep_eternal/instance_A/fiper_receding_samples.jsonl
bob|fiper_sweep_eternal|instance_A|libero_spatial_object_t0_r14,success_test_id,bob,fiper_sweep_eternal,instance_A,libero_spatial_object_t0_r14,libero_spatial_object,0,object,success,84,0,83,/media/rootalkhatib/My Passport/reda_ws/asynchvla_ws/stage9_libero_pro_risk_data/campaigns/fiper_sweep_eternal/instance_A/fiper_receding_samples.jsonl
bob|fiper_sweep_eternal|instance_A|libero_spatial_object_t0_r15,success_test_id,bob,fiper_sweep_eternal,instance_A,libero_spatial_object_t0_r15,libero_spatial_object,0,object,success,77,0,76,/media/rootalkhatib/My Passport/reda_ws/asynchvla_ws/stage9_libero_pro_risk_data/campaigns/fiper_sweep_eternal/instance_A/fiper_receding_samples.jsonl
bob|fiper_sweep_eternal|instance_A|libero_spatial_object_t0_r16,success_train,bob,fiper_sweep_eternal,instance_A,libero_spatial_object_t0_r16,libero_spatial_object,0,object,success,79,0,78,/media/rootalkhatib/My Passport/reda_ws/asynchvla_ws/stage9_libero_pro_risk_data/campaigns/fiper_sweep_eternal/instance_A/fiper_receding_samples.jsonl
bob|fiper_sweep_eternal|instance_A|libero_spatial_object_t0_r17,success_test_id,bob,fiper_sweep_eternal,instance_A,libero_spatial_object_t0_r17,libero_spatial_object,0,object,success,73,0,72,/media/rootalkhatib/My Passport/reda_ws/asynchvla_ws/stage9_libero_pro_risk_data/campaigns/fiper_sweep_eternal/instance_A/fiper_receding_samples.jsonl
bob|fiper_sweep_eternal|instance_A|libero_spatial_object_t0_r18,success_train,bob,fiper_sweep_eternal,instance_A,libero_spatial_object_t0_r18,libero_spatial_object,0,object,success,88,0,87,/media/rootalkhatib/My Passport/reda_ws/asynchvla_ws/stage9_libero_pro_risk_data/campaigns/fiper_sweep_eternal/instance_A/fiper_receding_samples.jsonl
bob|fiper_sweep_eternal|instance_A|libero_spatial_object_t0_r19,success_train,bob,fiper_sweep_eternal,instance_A,libero_spatial_object_t0_r19,libero_spatial_object,0,object,success,82,0,81,/media/rootalkhatib/My Passport/reda_ws/asynchvla_ws/stage9_libero_pro_risk_data/campaigns/fiper_sweep_eternal/instance_A/fiper_receding_samples.jsonl
bob|fiper_sweep_eternal|instance_A|libero_spatial_object_t0_r2,success_train,bob,fiper_sweep_eternal,instance_A,libero_spatial_object_t0_r2,libero_spatial_object,0,object,success,82,0,81,/media/rootalkhatib/My Passport/reda_ws/asynchvla_ws/stage9_libero_pro_risk_data/campaigns/fiper_sweep_eternal/instance_A/fiper_receding_samples.jsonl
bob|fiper_sweep_eternal|instance_A|libero_spatial_object_t0_r20,success_train,bob,fiper_sweep_eternal,instance_A,libero_spatial_object_t0_r20,libero_spatial_object,0,object,success,77,0,76,/media/rootalkhatib/My Passport/reda_ws/asynchvla_ws/stage9_libero_pro_risk_data/campaigns/fiper_sweep_eternal/instance_A/fiper_receding_samples.jsonl
bob|fiper_sweep_eternal|instance_A|libero_spatial_object_t0_r21,success_calib,bob,fiper_sweep_eternal,instance_A,libero_spatial_object_t0_r21,libero_spatial_object,0,object,success,73,0,72,/media/rootalkhatib/My Passport/reda_ws/asynchvla_ws/stage9_libero_pro_risk_data/campaigns/fiper_sweep_eternal/instance_A/fiper_receding_samples.jsonl
bob|fiper_sweep_eternal|instance_A|libero_spatial_object_t0_r22,success_train,bob,fiper_sweep_eternal,instance_A,libero_spatial_object_t0_r22,libero_spatial_object,0,object,success,76,0,75,/media/rootalkhatib/My Passport/reda_ws/asynchvla_ws/stage9_libero_pro_risk_data/campaigns/fiper_sweep_eternal/instance_A/fiper_receding_samples.jsonl
bob|fiper_sweep_eternal|instance_A|libero_spatial_object_t0_r23,success_calib,bob,fiper_sweep_eternal,instance_A,libero_spatial_object_t0_r23,libero_spatial_object,0,object,success,69,0,68,/media/rootalkhatib/My Passport/reda_ws/asynchvla_ws/stage9_libero_pro_risk_data/campaigns/fiper_sweep_eternal/instance_A/fiper_receding_samples.jsonl
bob|fiper_sweep_eternal|instance_A|libero_spatial_object_t0_r24,success_train,bob,fiper_sweep_eternal,instance_A,libero_spatial_object_t0_r24,libero_spatial_object,0,object,success,77,0,76,/media/rootalkhatib/My Passport/reda_ws/asynchvla_ws/stage9_libero_pro_risk_data/campaigns/fiper_sweep_eternal/instance_A/fiper_receding_samples.jsonl
bob|fiper_sweep_eternal|instance_A|libero_spatial_object_t0_r25,success_train,bob,fiper_sweep_eternal,instance_A,libero_spatial_object_t0_r25,libero_spatial_object,0,object,success,72,0,71,/media/rootalkhatib/My Passport/reda_ws/asynchvla_ws/stage9_libero_pro_risk_data/campaigns/fiper_sweep_eternal/instance_A/fiper_receding_samples.jsonl
bob|fiper_sweep_eternal|instance_A|libero_spatial_object_t0_r26,success_train,bob,fiper_sweep_eternal,instance_A,libero_spatial_object_t0_r26,libero_spatial_object,0,object,success,79,0,78,/media/rootalkhatib/My Passport/reda_ws/asynchvla_ws/stage9_libero_pro_risk_data/campaigns/fiper_sweep_eternal/instance_A/fiper_receding_samples.jsonl
bob|fiper_sweep_eternal|instance_A|libero_spatial_object_t0_r27,success_train,bob,fiper_sweep_eternal,instance_A,libero_spatial_object_t0_r27,libero_spatial_object,0,object,success,81,0,80,/media/rootalkhatib/My Passport/reda_ws/asynchvla_ws/stage9_libero_pro_risk_data/campaigns/fiper_sweep_eternal/instance_A/fiper_receding_samples.jsonl
bob|fiper_sweep_eternal|instance_A|libero_spatial_object_t0_r28,success_calib,bob,fiper_sweep_eternal,instance_A,libero_spatial_object_t0_r28,libero_spatial_object,0,object,success,71,0,70,/media/rootalkhatib/My Passport/reda_ws/asynchvla_ws/stage9_libero_pro_risk_data/campaigns/fiper_sweep_eternal/instance_A/fiper_receding_samples.jsonl
bob|fiper_sweep_eternal|instance_A|libero_spatial_object_t0_r29,success_train,bob,fiper_sweep_eternal,instance_A,libero_spatial_object_t0_r29,libero_spatial_object,0,object,success,76,0,75,/media/rootalkhatib/My Passport/reda_ws/asynchvla_ws/stage9_libero_pro_risk_data/campaigns/fiper_sweep_eternal/instance_A/fiper_receding_samples.jsonl
bob|fiper_sweep_eternal|instance_A|libero_spatial_object_t0_r3,success_train,bob,fiper_sweep_eternal,instance_A,libero_spatial_object_t0_r3,libero_spatial_object,0,object,success,74,0,73,/media/rootalkhatib/My Passport/reda_ws/asynchvla_ws/stage9_libero_pro_risk_data/campaigns/fiper_sweep_eternal/instance_A/fiper_receding_samples.jsonl
bob|fiper_sweep_eternal|instance_A|libero_spatial_object_t0_r30,success_train,bob,fiper_sweep_eternal,instance_A,libero_spatial_object_t0_r30,libero_spatial_object,0,object,success,74,0,73,/media/rootalkhatib/My Passport/reda_ws/asynchvla_ws/stage9_libero_pro_risk_data/campaigns/fiper_sweep_eternal/instance_A/fiper_receding_samples.jsonl
bob|fiper_sweep_eternal|instance_A|libero_spatial_object_t0_r31,success_train,bob,fiper_sweep_eternal,instance_A,libero_spatial_object_t0_r31,libero_spatial_object,0,object,success,74,0,73,/media/rootalkhatib/My Passport/reda_ws/asynchvla_ws/stage9_libero_pro_risk_data/campaigns/fiper_sweep_eternal/instance_A/fiper_receding_samples.jsonl
bob|fiper_sweep_eternal|instance_A|libero_spatial_object_t0_r32,success_train,bob,fiper_sweep_eternal,instance_A,libero_spatial_object_t0_r32,libero_spatial_object,0,object,success,77,0,76,/media/rootalkhatib/My Passport/reda_ws/asynchvla_ws/stage9_libero_pro_risk_data/campaigns/fiper_sweep_eternal/instance_A/fiper_receding_samples.jsonl
bob|fiper_sweep_eternal|instance_A|libero_spatial_object_t0_r33,success_train,bob,fiper_sweep_eternal,instance_A,libero_spatial_object_t0_r33,libero_spatial_object,0,object,success,73,0,72,/media/rootalkhatib/My Passport/reda_ws/asynchvla_ws/stage9_libero_pro_risk_data/campaigns/fiper_sweep_eternal/instance_A/fiper_receding_samples.jsonl
bob|fiper_sweep_eternal|instance_A|libero_spatial_object_t0_r34,success_train,bob,fiper_sweep_eternal,instance_A,libero_spatial_object_t0_r34,libero_spatial_object,0,object,success,68,0,67,/media/rootalkhatib/My Passport/reda_ws/asynchvla_ws/stage9_libero_pro_risk_data/campaigns/fiper_sweep_eternal/instance_A/fiper_receding_samples.jsonl
bob|fiper_sweep_eternal|instance_A|libero_spatial_object_t0_r35,success_calib,bob,fiper_sweep_eternal,instance_A,libero_spatial_object_t0_r35,libero_spatial_object,0,object,success,71,0,70,/media/rootalkhatib/My Passport/reda_ws/asynchvla_ws/stage9_libero_pro_risk_data/campaigns/fiper_sweep_eternal/instance_A/fiper_receding_samples.jsonl
bob|fiper_sweep_eternal|instance_A|libero_spatial_object_t0_r36,success_train,bob,fiper_sweep_eternal,instance_A,libero_spatial_object_t0_r36,libero_spatial_object,0,object,success,68,0,67,/media/rootalkhatib/My Passport/reda_ws/asynchvla_ws/stage9_libero_pro_risk_data/campaigns/fiper_sweep_eternal/instance_A/fiper_receding_samples.jsonl
bob|fiper_sweep_eternal|instance_A|libero_spatial_object_t0_r37,success_train,bob,fiper_sweep_eternal,instance_A,libero_spatial_object_t0_r37,libero_spatial_object,0,object,success,74,0,73,/media/rootalkhatib/My Passport/reda_ws/asynchvla_ws/stage9_libero_pro_risk_data/campaigns/fiper_sweep_eternal/instance_A/fiper_receding_samples.jsonl
bob|fiper_sweep_eternal|instance_A|libero_spatial_object_t0_r4,success_train,bob,fiper_sweep_eternal,instance_A,libero_spatial_object_t0_r4,libero_spatial_object,0,object,success,71,0,70,/media/rootalkhatib/My Passport/reda_ws/asynchvla_ws/stage9_libero_pro_risk_data/campaigns/fiper_sweep_eternal/instance_A/fiper_receding_samples.jsonl
bob|fiper_sweep_eternal|instance_A|libero_spatial_object_t0_r5,success_train,bob,fiper_sweep_eternal,instance_A,libero_spatial_object_t0_r5,libero_spatial_object,0,object,success,72,0,71,/media/rootalkhatib/My Passport/reda_ws/asynchvla_ws/stage9_libero_pro_risk_data/campaigns/fiper_sweep_eternal/instance_A/fiper_receding_samples.jsonl
bob|fiper_sweep_eternal|instance_A|libero_spatial_object_t0_r6,success_calib,bob,fiper_sweep_eternal,instance_A,libero_spatial_object_t0_r6,libero_spatial_object,0,object,success,70,0,69,/media/rootalkhatib/My Passport/reda_ws/asynchvla_ws/stage9_libero_pro_risk_data/campaigns/fiper_sweep_eternal/instance_A/fiper_receding_samples.jsonl
bob|fiper_sweep_eternal|instance_A|libero_spatial_object_t0_r7,success_test_id,bob,fiper_sweep_eternal,instance_A,libero_spatial_object_t0_r7,libero_spatial_object,0,object,success,75,0,74,/media/rootalkhatib/My Passport/reda_ws/asynchvla_ws/stage9_libero_pro_risk_data/campaigns/fiper_sweep_eternal/instance_A/fiper_receding_samples.jsonl
bob|fiper_sweep_eternal|instance_A|libero_spatial_object_t0_r8,success_calib,bob,fiper_sweep_eternal,instance_A,libero_spatial_object_t0_r8,libero_spatial_object,0,object,success,81,0,80,/media/rootalkhatib/My Passport/reda_ws/asynchvla_ws/stage9_libero_pro_risk_data/campaigns/fiper_sweep_eternal/instance_A/fiper_receding_samples.jsonl
bob|fiper_sweep_eternal|instance_A|libero_spatial_object_t0_r9,success_train,bob,fiper_sweep_eternal,instance_A,libero_spatial_object_t0_r9,libero_spatial_object,0,object,success,75,0,74,/media/rootalkhatib/My Passport/reda_ws/asynchvla_ws/stage9_libero_pro_risk_data/campaigns/fiper_sweep_eternal/instance_A/fiper_receding_samples.jsonl
bob|fiper_sweep_eternal|instance_A|libero_spatial_object_t1_r0,success_train,bob,fiper_sweep_eternal,instance_A,libero_spatial_object_t1_r0,libero_spatial_object,1,object,success,119,0,118,/media/rootalkhatib/My Passport/reda_ws/asynchvla_ws/stage9_libero_pro_risk_data/campaigns/fiper_sweep_eternal/instance_A/fiper_receding_samples.jsonl
bob|fiper_sweep_eternal|instance_A|libero_spatial_object_t1_r1,success_train,bob,fiper_sweep_eternal,instance_A,libero_spatial_object_t1_r1,libero_spatial_object,1,object,success,100,0,99,/media/rootalkhatib/My Passport/reda_ws/asynchvla_ws/stage9_libero_pro_risk_data/campaigns/fiper_sweep_eternal/instance_A/fiper_receding_samples.jsonl
bob|fiper_sweep_eternal|instance_A|libero_spatial_object_t1_r10,success_train,bob,fiper_sweep_eternal,instance_A,libero_spatial_object_t1_r10,libero_spatial_object,1,object,success,111,0,110,/media/rootalkhatib/My Passport/reda_ws/asynchvla_ws/stage9_libero_pro_risk_data/campaigns/fiper_sweep_eternal/instance_A/fiper_receding_samples.jsonl
bob|fiper_sweep_eternal|instance_A|libero_spatial_object_t1_r11,success_train,bob,fiper_sweep_eternal,instance_A,libero_spatial_object_t1_r11,libero_spatial_object,1,object,success,125,0,124,/media/rootalkhatib/My Passport/reda_ws/asynchvla_ws/stage9_libero_pro_risk_data/campaigns/fiper_sweep_eternal/instance_A/fiper_receding_samples.jsonl
bob|fiper_sweep_eternal|instance_A|libero_spatial_object_t1_r12,success_calib,bob,fiper_sweep_eternal,instance_A,libero_spatial_object_t1_r12,libero_spatial_object,1,object,success,109,0,108,/media/rootalkhatib/My Passport/reda_ws/asynchvla_ws/stage9_libero_pro_risk_data/campaigns/fiper_sweep_eternal/instance_A/fiper_receding_samples.jsonl
bob|fiper_sweep_eternal|instance_A|libero_spatial_object_t1_r13,success_train,bob,fiper_sweep_eternal,instance_A,libero_spatial_object_t1_r13,libero_spatial_object,1,object,success,110,0,109,/media/rootalkhatib/My Passport/reda_ws/asynchvla_ws/stage9_libero_pro_risk_data/campaigns/fiper_sweep_eternal/instance_A/fiper_receding_samples.jsonl
bob|fiper_sweep_eternal|instance_A|libero_spatial_object_t1_r14,success_train,bob,fiper_sweep_eternal,instance_A,libero_spatial_object_t1_r14,libero_spatial_object,1,object,success,112,0,111,/media/rootalkhatib/My Passport/reda_ws/asynchvla_ws/stage9_libero_pro_risk_data/campaigns/fiper_sweep_eternal/instance_A/fiper_receding_samples.jsonl
bob|fiper_sweep_eternal|instance_A|libero_spatial_object_t1_r15,success_train,bob,fiper_sweep_eternal,instance_A,libero_spatial_object_t1_r15,libero_spatial_object,1,object,success,106,0,105,/media/rootalkhatib/My Passport/reda_ws/asynchvla_ws/stage9_libero_pro_risk_data/campaigns/fiper_sweep_eternal/instance_A/fiper_receding_samples.jsonl
bob|fiper_sweep_eternal|instance_A|libero_spatial_object_t1_r16,success_test_id,bob,fiper_sweep_eternal,instance_A,libero_spatial_object_t1_r16,libero_spatial_object,1,object,success,106,0,105,/media/rootalkhatib/My Passport/reda_ws/asynchvla_ws/stage9_libero_pro_risk_data/campaigns/fiper_sweep_eternal/instance_A/fiper_receding_samples.jsonl
bob|fiper_sweep_eternal|instance_A|libero_spatial_object_t1_r17,success_calib,bob,fiper_sweep_eternal,instance_A,libero_spatial_object_t1_r17,libero_spatial_object,1,object,success,105,0,104,/media/rootalkhatib/My Passport/reda_ws/asynchvla_ws/stage9_libero_pro_risk_data/campaigns/fiper_sweep_eternal/instance_A/fiper_receding_samples.jsonl
bob|fiper_sweep_eternal|instance_A|libero_spatial_object_t1_r18,success_train,bob,fiper_sweep_eternal,instance_A,libero_spatial_object_t1_r18,libero_spatial_object,1,object,success,114,0,113,/media/rootalkhatib/My Passport/reda_ws/asynchvla_ws/stage9_libero_pro_risk_data/campaigns/fiper_sweep_eternal/instance_A/fiper_receding_samples.jsonl
bob|fiper_sweep_eternal|instance_A|libero_spatial_object_t1_r19,success_train,bob,fiper_sweep_eternal,instance_A,libero_spatial_object_t1_r19,libero_spatial_object,1,object,success,108,0,107,/media/rootalkhatib/My Passport/reda_ws/asynchvla_ws/stage9_libero_pro_risk_data/campaigns/fiper_sweep_eternal/instance_A/fiper_receding_samples.jsonl
bob|fiper_sweep_eternal|instance_A|libero_spatial_object_t1_r2,success_calib,bob,fiper_sweep_eternal,instance_A,libero_spatial_object_t1_r2,libero_spatial_object,1,object,success,115,0,114,/media/rootalkhatib/My Passport/reda_ws/asynchvla_ws/stage9_libero_pro_risk_data/campaigns/fiper_sweep_eternal/instance_A/fiper_receding_samples.jsonl
bob|fiper_sweep_eternal|instance_A|libero_spatial_object_t1_r20,success_train,bob,fiper_sweep_eternal,instance_A,libero_spatial_object_t1_r20,libero_spatial_object,1,object,success,111,0,110,/media/rootalkhatib/My Passport/reda_ws/asynchvla_ws/stage9_libero_pro_risk_data/campaigns/fiper_sweep_eternal/instance_A/fiper_receding_samples.jsonl
bob|fiper_sweep_eternal|instance_A|libero_spatial_object_t1_r21,success_train,bob,fiper_sweep_eternal,instance_A,libero_spatial_object_t1_r21,libero_spatial_object,1,object,success,106,0,105,/media/rootalkhatib/My Passport/reda_ws/asynchvla_ws/stage9_libero_pro_risk_data/campaigns/fiper_sweep_eternal/instance_A/fiper_receding_samples.jsonl
bob|fiper_sweep_eternal|instance_A|libero_spatial_object_t1_r22,success_test_id,bob,fiper_sweep_eternal,instance_A,libero_spatial_object_t1_r22,libero_spatial_object,1,object,success,110,0,109,/media/rootalkhatib/My Passport/reda_ws/asynchvla_ws/stage9_libero_pro_risk_data/campaigns/fiper_sweep_eternal/instance_A/fiper_receding_samples.jsonl
bob|fiper_sweep_eternal|instance_A|libero_spatial_object_t1_r23,success_train,bob,fiper_sweep_eternal,instance_A,libero_spatial_object_t1_r23,libero_spatial_object,1,object,success,108,0,107,/media/rootalkhatib/My Passport/reda_ws/asynchvla_ws/stage9_libero_pro_risk_data/campaigns/fiper_sweep_eternal/instance_A/fiper_receding_samples.jsonl
bob|fiper_sweep_eternal|instance_A|libero_spatial_object_t1_r24,success_test_id,bob,fiper_sweep_eternal,instance_A,libero_spatial_object_t1_r24,libero_spatial_object,1,object,success,110,0,109,/media/rootalkhatib/My Passport/reda_ws/asynchvla_ws/stage9_libero_pro_risk_data/campaigns/fiper_sweep_eternal/instance_A/fiper_receding_samples.jsonl
bob|fiper_sweep_eternal|instance_A|libero_spatial_object_t1_r25,success_train,bob,fiper_sweep_eternal,instance_A,libero_spatial_object_t1_r25,libero_spatial_object,1,object,success,106,0,105,/media/rootalkhatib/My Passport/reda_ws/asynchvla_ws/stage9_libero_pro_risk_data/campaigns/fiper_sweep_eternal/instance_A/fiper_receding_samples.jsonl
bob|fiper_sweep_eternal|instance_A|libero_spatial_object_t1_r26,success_train,bob,fiper_sweep_eternal,instance_A,libero_spatial_object_t1_r26,libero_spatial_object,1,object,success,114,0,113,/media/rootalkhatib/My Passport/reda_ws/asynchvla_ws/stage9_libero_pro_risk_data/campaigns/fiper_sweep_eternal/instance_A/fiper_receding_samples.jsonl
bob|fiper_sweep_eternal|instance_A|libero_spatial_object_t1_r27,success_train,bob,fiper_sweep_eternal,instance_A,libero_spatial_object_t1_r27,libero_spatial_object,1,object,success,111,0,110,/media/rootalkhatib/My Passport/reda_ws/asynchvla_ws/stage9_libero_pro_risk_data/campaigns/fiper_sweep_eternal/instance_A/fiper_receding_samples.jsonl
bob|fiper_sweep_eternal|instance_A|libero_spatial_object_t1_r28,success_train,bob,fiper_sweep_eternal,instance_A,libero_spatial_object_t1_r28,libero_spatial_object,1,object,success,114,0,113,/media/rootalkhatib/My Passport/reda_ws/asynchvla_ws/stage9_libero_pro_risk_data/campaigns/fiper_sweep_eternal/instance_A/fiper_receding_samples.jsonl
bob|fiper_sweep_eternal|instance_A|libero_spatial_object_t1_r29,success_calib,bob,fiper_sweep_eternal,instance_A,libero_spatial_object_t1_r29,libero_spatial_object,1,object,success,153,0,152,/media/rootalkhatib/My Passport/reda_ws/asynchvla_ws/stage9_libero_pro_risk_data/campaigns/fiper_sweep_eternal/instance_A/fiper_receding_samples.jsonl
bob|fiper_sweep_eternal|instance_A|libero_spatial_object_t1_r3,success_calib,bob,fiper_sweep_eternal,instance_A,libero_spatial_object_t1_r3,libero_spatial_object,1,object,success,113,0,112,/media/rootalkhatib/My Passport/reda_ws/asynchvla_ws/stage9_libero_pro_risk_data/campaigns/fiper_sweep_eternal/instance_A/fiper_receding_samples.jsonl
bob|fiper_sweep_eternal|instance_A|libero_spatial_object_t1_r30,success_train,bob,fiper_sweep_eternal,instance_A,libero_spatial_object_t1_r30,libero_spatial_object,1,object,success,115,0,114,/media/rootalkhatib/My Passport/reda_ws/asynchvla_ws/stage9_libero_pro_risk_data/campaigns/fiper_sweep_eternal/instance_A/fiper_receding_samples.jsonl
bob|fiper_sweep_eternal|instance_A|libero_spatial_object_t1_r31,success_train,bob,fiper_sweep_eternal,instance_A,libero_spatial_object_t1_r31,libero_spatial_object,1,object,success,115,0,114,/media/rootalkhatib/My Passport/reda_ws/asynchvla_ws/stage9_libero_pro_risk_data/campaigns/fiper_sweep_eternal/instance_A/fiper_receding_samples.jsonl
bob|fiper_sweep_eternal|instance_A|libero_spatial_object_t1_r32,success_calib,bob,fiper_sweep_eternal,instance_A,libero_spatial_object_t1_r32,libero_spatial_object,1,object,success,165,0,164,/media/rootalkhatib/My Passport/reda_ws/asynchvla_ws/stage9_libero_pro_risk_data/campaigns/fiper_sweep_eternal/instance_A/fiper_receding_samples.jsonl
bob|fiper_sweep_eternal|instance_A|libero_spatial_object_t1_r33,success_train,bob,fiper_sweep_eternal,instance_A,libero_spatial_object_t1_r33,libero_spatial_object,1,object,success,121,0,120,/media/rootalkhatib/My Passport/reda_ws/asynchvla_ws/stage9_libero_pro_risk_data/campaigns/fiper_sweep_eternal/instance_A/fiper_receding_samples.jsonl
bob|fiper_sweep_eternal|instance_A|libero_spatial_object_t1_r34,success_train,bob,fiper_sweep_eternal,instance_A,libero_spatial_object_t1_r34,libero_spatial_object,1,object,success,112,0,111,/media/rootalkhatib/My Passport/reda_ws/asynchvla_ws/stage9_libero_pro_risk_data/campaigns/fiper_sweep_eternal/instance_A/fiper_receding_samples.jsonl
bob|fiper_sweep_eternal|instance_A|libero_spatial_object_t1_r35,success_test_id,bob,fiper_sweep_eternal,instance_A,libero_spatial_object_t1_r35,libero_spatial_object,1,object,success,108,0,107,/media/rootalkhatib/My Passport/reda_ws/asynchvla_ws/stage9_libero_pro_risk_data/campaigns/fiper_sweep_eternal/instance_A/fiper_receding_samples.jsonl
bob|fiper_sweep_eternal|instance_A|libero_spatial_object_t1_r36,success_train,bob,fiper_sweep_eternal,instance_A,libero_spatial_object_t1_r36,libero_spatial_object,1,object,success,110,0,109,/media/rootalkhatib/My Passport/reda_ws/asynchvla_ws/stage9_libero_pro_risk_data/campaigns/fiper_sweep_eternal/instance_A/fiper_receding_samples.jsonl
bob|fiper_sweep_eternal|instance_A|libero_spatial_object_t1_r37,success_train,bob,fiper_sweep_eternal,instance_A,libero_spatial_object_t1_r37,libero_spatial_object,1,object,success,115,0,114,/media/rootalkhatib/My Passport/reda_ws/asynchvla_ws/stage9_libero_pro_risk_data/campaigns/fiper_sweep_eternal/instance_A/fiper_receding_samples.jsonl
bob|fiper_sweep_eternal|instance_A|libero_spatial_object_t1_r4,success_train,bob,fiper_sweep_eternal,instance_A,libero_spatial_object_t1_r4,libero_spatial_object,1,object,success,108,0,107,/media/rootalkhatib/My Passport/reda_ws/asynchvla_ws/stage9_libero_pro_risk_data/campaigns/fiper_sweep_eternal/instance_A/fiper_receding_samples.jsonl
bob|fiper_sweep_eternal|instance_A|libero_spatial_object_t1_r5,success_train,bob,fiper_sweep_eternal,instance_A,libero_spatial_object_t1_r5,libero_spatial_object,1,object,success,109,0,108,/media/rootalkhatib/My Passport/reda_ws/asynchvla_ws/stage9_libero_pro_risk_data/campaigns/fiper_sweep_eternal/instance_A/fiper_receding_samples.jsonl
bob|fiper_sweep_eternal|instance_A|libero_spatial_object_t1_r6,success_test_id,bob,fiper_sweep_eternal,instance_A,libero_spatial_object_t1_r6,libero_spatial_object,1,object,success,112,0,111,/media/rootalkhatib/My Passport/reda_ws/asynchvla_ws/stage9_libero_pro_risk_data/campaigns/fiper_sweep_eternal/instance_A/fiper_receding_samples.jsonl
bob|fiper_sweep_eternal|instance_A|libero_spatial_object_t1_r7,success_train,bob,fiper_sweep_eternal,instance_A,libero_spatial_object_t1_r7,libero_spatial_object,1,object,success,124,0,123,/media/rootalkhatib/My Passport/reda_ws/asynchvla_ws/stage9_libero_pro_risk_data/campaigns/fiper_sweep_eternal/instance_A/fiper_receding_samples.jsonl
bob|fiper_sweep_eternal|instance_A|libero_spatial_object_t1_r8,success_train,bob,fiper_sweep_eternal,instance_A,libero_spatial_object_t1_r8,libero_spatial_object,1,object,success,107,0,106,/media/rootalkhatib/My Passport/reda_ws/asynchvla_ws/stage9_libero_pro_risk_data/campaigns/fiper_sweep_eternal/instance_A/fiper_receding_samples.jsonl
bob|fiper_sweep_eternal|instance_A|libero_spatial_object_t1_r9,success_train,bob,fiper_sweep_eternal,instance_A,libero_spatial_object_t1_r9,libero_spatial_object,1,object,success,113,0,112,/media/rootalkhatib/My Passport/reda_ws/asynchvla_ws/stage9_libero_pro_risk_data/campaigns/fiper_sweep_eternal/instance_A/fiper_receding_samples.jsonl
bob|fiper_sweep_eternal|instance_A|libero_spatial_object_t2_r0,success_train,bob,fiper_sweep_eternal,instance_A,libero_spatial_object_t2_r0,libero_spatial_object,2,object,success,95,0,94,/media/rootalkhatib/My Passport/reda_ws/asynchvla_ws/stage9_libero_pro_risk_data/campaigns/fiper_sweep_eternal/instance_A/fiper_receding_samples.jsonl
bob|fiper_sweep_eternal|instance_A|libero_spatial_object_t2_r1,success_train,bob,fiper_sweep_eternal,instance_A,libero_spatial_object_t2_r1,libero_spatial_object,2,object,success,99,0,98,/media/rootalkhatib/My Passport/reda_ws/asynchvla_ws/stage9_libero_pro_risk_data/campaigns/fiper_sweep_eternal/instance_A/fiper_receding_samples.jsonl
bob|fiper_sweep_eternal|instance_A|libero_spatial_object_t2_r10,success_test_id,bob,fiper_sweep_eternal,instance_A,libero_spatial_object_t2_r10,libero_spatial_object,2,object,success,96,0,95,/media/rootalkhatib/My Passport/reda_ws/asynchvla_ws/stage9_libero_pro_risk_data/campaigns/fiper_sweep_eternal/instance_A/fiper_receding_samples.jsonl
bob|fiper_sweep_eternal|instance_A|libero_spatial_object_t2_r11,success_train,bob,fiper_sweep_eternal,instance_A,libero_spatial_object_t2_r11,libero_spatial_object,2,object,success,214,0,213,/media/rootalkhatib/My Passport/reda_ws/asynchvla_ws/stage9_libero_pro_risk_data/campaigns/fiper_sweep_eternal/instance_A/fiper_receding_samples.jsonl
bob|fiper_sweep_eternal|instance_A|libero_spatial_object_t2_r12,success_train,bob,fiper_sweep_eternal,instance_A,libero_spatial_object_t2_r12,libero_spatial_object,2,object,success,90,0,89,/media/rootalkhatib/My Passport/reda_ws/asynchvla_ws/stage9_libero_pro_risk_data/campaigns/fiper_sweep_eternal/instance_A/fiper_receding_samples.jsonl
bob|fiper_sweep_eternal|instance_A|libero_spatial_object_t2_r13,success_train,bob,fiper_sweep_eternal,instance_A,libero_spatial_object_t2_r13,libero_spatial_object,2,object,success,98,0,97,/media/rootalkhatib/My Passport/reda_ws/asynchvla_ws/stage9_libero_pro_risk_data/campaigns/fiper_sweep_eternal/instance_A/fiper_receding_samples.jsonl
bob|fiper_sweep_eternal|instance_A|libero_spatial_object_t2_r14,success_train,bob,fiper_sweep_eternal,instance_A,libero_spatial_object_t2_r14,libero_spatial_object,2,object,success,111,0,110,/media/rootalkhatib/My Passport/reda_ws/asynchvla_ws/stage9_libero_pro_risk_data/campaigns/fiper_sweep_eternal/instance_A/fiper_receding_samples.jsonl
bob|fiper_sweep_eternal|instance_A|libero_spatial_object_t2_r15,success_test_id,bob,fiper_sweep_eternal,instance_A,libero_spatial_object_t2_r15,libero_spatial_object,2,object,success,91,0,90,/media/rootalkhatib/My Passport/reda_ws/asynchvla_ws/stage9_libero_pro_risk_data/campaigns/fiper_sweep_eternal/instance_A/fiper_receding_samples.jsonl
bob|fiper_sweep_eternal|instance_A|libero_spatial_object_t2_r16,success_train,bob,fiper_sweep_eternal,instance_A,libero_spatial_object_t2_r16,libero_spatial_object,2,object,success,88,0,87,/media/rootalkhatib/My Passport/reda_ws/asynchvla_ws/stage9_libero_pro_risk_data/campaigns/fiper_sweep_eternal/instance_A/fiper_receding_samples.jsonl
bob|fiper_sweep_eternal|instance_A|libero_spatial_object_t2_r17,success_calib,bob,fiper_sweep_eternal,instance_A,libero_spatial_object_t2_r17,libero_spatial_object,2,object,success,98,0,97,/media/rootalkhatib/My Passport/reda_ws/asynchvla_ws/stage9_libero_pro_risk_data/campaigns/fiper_sweep_eternal/instance_A/fiper_receding_samples.jsonl
bob|fiper_sweep_eternal|instance_A|libero_spatial_object_t2_r18,success_train,bob,fiper_sweep_eternal,instance_A,libero_spatial_object_t2_r18,libero_spatial_object,2,object,success,96,0,95,/media/rootalkhatib/My Passport/reda_ws/asynchvla_ws/stage9_libero_pro_risk_data/campaigns/fiper_sweep_eternal/instance_A/fiper_receding_samples.jsonl
bob|fiper_sweep_eternal|instance_A|libero_spatial_object_t2_r19,success_train,bob,fiper_sweep_eternal,instance_A,libero_spatial_object_t2_r19,libero_spatial_object,2,object,success,94,0,93,/media/rootalkhatib/My Passport/reda_ws/asynchvla_ws/stage9_libero_pro_risk_data/campaigns/fiper_sweep_eternal/instance_A/fiper_receding_samples.jsonl
bob|fiper_sweep_eternal|instance_A|libero_spatial_object_t2_r2,success_train,bob,fiper_sweep_eternal,instance_A,libero_spatial_object_t2_r2,libero_spatial_object,2,object,success,95,0,94,/media/rootalkhatib/My Passport/reda_ws/asynchvla_ws/stage9_libero_pro_risk_data/campaigns/fiper_sweep_eternal/instance_A/fiper_receding_samples.jsonl
bob|fiper_sweep_eternal|instance_A|libero_spatial_object_t2_r20,success_calib,bob,fiper_sweep_eternal,instance_A,libero_spatial_object_t2_r20,libero_spatial_object,2,object,success,101,0,100,/media/rootalkhatib/My Passport/reda_ws/asynchvla_ws/stage9_libero_pro_risk_data/campaigns/fiper_sweep_eternal/instance_A/fiper_receding_samples.jsonl
bob|fiper_sweep_eternal|instance_A|libero_spatial_object_t2_r21,success_train,bob,fiper_sweep_eternal,instance_A,libero_spatial_object_t2_r21,libero_spatial_object,2,object,success,87,0,86,/media/rootalkhatib/My Passport/reda_ws/asynchvla_ws/stage9_libero_pro_risk_data/campaigns/fiper_sweep_eternal/instance_A/fiper_receding_samples.jsonl
bob|fiper_sweep_eternal|instance_A|libero_spatial_object_t2_r22,success_calib,bob,fiper_sweep_eternal,instance_A,libero_spatial_object_t2_r22,libero_spatial_object,2,object,success,98,0,97,/media/rootalkhatib/My Passport/reda_ws/asynchvla_ws/stage9_libero_pro_risk_data/campaigns/fiper_sweep_eternal/instance_A/fiper_receding_samples.jsonl
bob|fiper_sweep_eternal|instance_A|libero_spatial_object_t2_r23,success_train,bob,fiper_sweep_eternal,instance_A,libero_spatial_object_t2_r23,libero_spatial_object,2,object,success,97,0,96,/media/rootalkhatib/My Passport/reda_ws/asynchvla_ws/stage9_libero_pro_risk_data/campaigns/fiper_sweep_eternal/instance_A/fiper_receding_samples.jsonl
bob|fiper_sweep_eternal|instance_A|libero_spatial_object_t2_r24,success_calib,bob,fiper_sweep_eternal,instance_A,libero_spatial_object_t2_r24,libero_spatial_object,2,object,success,99,0,98,/media/rootalkhatib/My Passport/reda_ws/asynchvla_ws/stage9_libero_pro_risk_data/campaigns/fiper_sweep_eternal/instance_A/fiper_receding_samples.jsonl
bob|fiper_sweep_eternal|instance_A|libero_spatial_object_t2_r25,success_train,bob,fiper_sweep_eternal,instance_A,libero_spatial_object_t2_r25,libero_spatial_object,2,object,success,94,0,93,/media/rootalkhatib/My Passport/reda_ws/asynchvla_ws/stage9_libero_pro_risk_data/campaigns/fiper_sweep_eternal/instance_A/fiper_receding_samples.jsonl
bob|fiper_sweep_eternal|instance_A|libero_spatial_object_t2_r26,success_train,bob,fiper_sweep_eternal,instance_A,libero_spatial_object_t2_r26,libero_spatial_object,2,object,success,94,0,93,/media/rootalkhatib/My Passport/reda_ws/asynchvla_ws/stage9_libero_pro_risk_data/campaigns/fiper_sweep_eternal/instance_A/fiper_receding_samples.jsonl
bob|fiper_sweep_eternal|instance_A|libero_spatial_object_t2_r27,success_train,bob,fiper_sweep_eternal,instance_A,libero_spatial_object_t2_r27,libero_spatial_object,2,object,success,93,0,92,/media/rootalkhatib/My Passport/reda_ws/asynchvla_ws/stage9_libero_pro_risk_data/campaigns/fiper_sweep_eternal/instance_A/fiper_receding_samples.jsonl
bob|fiper_sweep_eternal|instance_A|libero_spatial_object_t2_r28,success_train,bob,fiper_sweep_eternal,instance_A,libero_spatial_object_t2_r28,libero_spatial_object,2,object,success,97,0,96,/media/rootalkhatib/My Passport/reda_ws/asynchvla_ws/stage9_libero_pro_risk_data/campaigns/fiper_sweep_eternal/instance_A/fiper_receding_samples.jsonl
bob|fiper_sweep_eternal|instance_A|libero_spatial_object_t2_r29,success_test_id,bob,fiper_sweep_eternal,instance_A,libero_spatial_object_t2_r29,libero_spatial_object,2,object,success,88,0,87,/media/rootalkhatib/My Passport/reda_ws/asynchvla_ws/stage9_libero_pro_risk_data/campaigns/fiper_sweep_eternal/instance_A/fiper_receding_samples.jsonl
bob|fiper_sweep_eternal|instance_A|libero_spatial_object_t2_r3,success_train,bob,fiper_sweep_eternal,instance_A,libero_spatial_object_t2_r3,libero_spatial_object,2,object,success,92,0,91,/media/rootalkhatib/My Passport/reda_ws/asynchvla_ws/stage9_libero_pro_risk_data/campaigns/fiper_sweep_eternal/instance_A/fiper_receding_samples.jsonl
bob|fiper_sweep_eternal|instance_A|libero_spatial_object_t2_r30,success_train,bob,fiper_sweep_eternal,instance_A,libero_spatial_object_t2_r30,libero_spatial_object,2,object,success,96,0,95,/media/rootalkhatib/My Passport/reda_ws/asynchvla_ws/stage9_libero_pro_risk_data/campaigns/fiper_sweep_eternal/instance_A/fiper_receding_samples.jsonl
bob|fiper_sweep_eternal|instance_A|libero_spatial_object_t2_r31,success_calib,bob,fiper_sweep_eternal,instance_A,libero_spatial_object_t2_r31,libero_spatial_object,2,object,success,89,0,88,/media/rootalkhatib/My Passport/reda_ws/asynchvla_ws/stage9_libero_pro_risk_data/campaigns/fiper_sweep_eternal/instance_A/fiper_receding_samples.jsonl
bob|fiper_sweep_eternal|instance_A|libero_spatial_object_t2_r32,success_train,bob,fiper_sweep_eternal,instance_A,libero_spatial_object_t2_r32,libero_spatial_object,2,object,success,91,0,90,/media/rootalkhatib/My Passport/reda_ws/asynchvla_ws/stage9_libero_pro_risk_data/campaigns/fiper_sweep_eternal/instance_A/fiper_receding_samples.jsonl
bob|fiper_sweep_eternal|instance_A|libero_spatial_object_t2_r33,success_calib,bob,fiper_sweep_eternal,instance_A,libero_spatial_object_t2_r33,libero_spatial_object,2,object,success,101,0,100,/media/rootalkhatib/My Passport/reda_ws/asynchvla_ws/stage9_libero_pro_risk_data/campaigns/fiper_sweep_eternal/instance_A/fiper_receding_samples.jsonl
bob|fiper_sweep_eternal|instance_A|libero_spatial_object_t2_r34,success_test_id,bob,fiper_sweep_eternal,instance_A,libero_spatial_object_t2_r34,libero_spatial_object,2,object,success,93,0,92,/media/rootalkhatib/My Passport/reda_ws/asynchvla_ws/stage9_libero_pro_risk_data/campaigns/fiper_sweep_eternal/instance_A/fiper_receding_samples.jsonl
bob|fiper_sweep_eternal|instance_A|libero_spatial_object_t2_r35,success_train,bob,fiper_sweep_eternal,instance_A,libero_spatial_object_t2_r35,libero_spatial_object,2,object,success,88,0,87,/media/rootalkhatib/My Passport/reda_ws/asynchvla_ws/stage9_libero_pro_risk_data/campaigns/fiper_sweep_eternal/instance_A/fiper_receding_samples.jsonl
bob|fiper_sweep_eternal|instance_A|libero_spatial_object_t2_r36,success_train,bob,fiper_sweep_eternal,instance_A,libero_spatial_object_t2_r36,libero_spatial_object,2,object,success,95,0,94,/media/rootalkhatib/My Passport/reda_ws/asynchvla_ws/stage9_libero_pro_risk_data/campaigns/fiper_sweep_eternal/instance_A/fiper_receding_samples.jsonl
bob|fiper_sweep_eternal|instance_A|libero_spatial_object_t2_r37,success_test_id,bob,fiper_sweep_eternal,instance_A,libero_spatial_object_t2_r37,libero_spatial_object,2,object,success,96,0,95,/media/rootalkhatib/My Passport/reda_ws/asynchvla_ws/stage9_libero_pro_risk_data/campaigns/fiper_sweep_eternal/instance_A/fiper_receding_samples.jsonl
bob|fiper_sweep_eternal|instance_A|libero_spatial_object_t2_r4,success_train,bob,fiper_sweep_eternal,instance_A,libero_spatial_object_t2_r4,libero_spatial_object,2,object,success,98,0,97,/media/rootalkhatib/My Passport/reda_ws/asynchvla_ws/stage9_libero_pro_risk_data/campaigns/fiper_sweep_eternal/instance_A/fiper_receding_samples.jsonl
bob|fiper_sweep_eternal|instance_A|libero_spatial_object_t2_r5,success_train,bob,fiper_sweep_eternal,instance_A,libero_spatial_object_t2_r5,libero_spatial_object,2,object,success,97,0,96,/media/rootalkhatib/My Passport/reda_ws/asynchvla_ws/stage9_libero_pro_risk_data/campaigns/fiper_sweep_eternal/instance_A/fiper_receding_samples.jsonl
bob|fiper_sweep_eternal|instance_A|libero_spatial_object_t2_r6,success_train,bob,fiper_sweep_eternal,instance_A,libero_spatial_object_t2_r6,libero_spatial_object,2,object,success,94,0,93,/media/rootalkhatib/My Passport/reda_ws/asynchvla_ws/stage9_libero_pro_risk_data/campaigns/fiper_sweep_eternal/instance_A/fiper_receding_samples.jsonl
bob|fiper_sweep_eternal|instance_A|libero_spatial_object_t2_r7,success_train,bob,fiper_sweep_eternal,instance_A,libero_spatial_object_t2_r7,libero_spatial_object,2,object,success,104,0,103,/media/rootalkhatib/My Passport/reda_ws/asynchvla_ws/stage9_libero_pro_risk_data/campaigns/fiper_sweep_eternal/instance_A/fiper_receding_samples.jsonl
bob|fiper_sweep_eternal|instance_A|libero_spatial_object_t2_r8,success_train,bob,fiper_sweep_eternal,instance_A,libero_spatial_object_t2_r8,libero_spatial_object,2,object,success,99,0,98,/media/rootalkhatib/My Passport/reda_ws/asynchvla_ws/stage9_libero_pro_risk_data/campaigns/fiper_sweep_eternal/instance_A/fiper_receding_samples.jsonl
bob|fiper_sweep_eternal|instance_A|libero_spatial_object_t2_r9,success_train,bob,fiper_sweep_eternal,instance_A,libero_spatial_object_t2_r9,libero_spatial_object,2,object,success,93,0,92,/media/rootalkhatib/My Passport/reda_ws/asynchvla_ws/stage9_libero_pro_risk_data/campaigns/fiper_sweep_eternal/instance_A/fiper_receding_samples.jsonl
bob|fiper_sweep_eternal|instance_A|libero_spatial_object_t3_r0,success_train,bob,fiper_sweep_eternal,instance_A,libero_spatial_object_t3_r0,libero_spatial_object,3,object,success,81,0,80,/media/rootalkhatib/My Passport/reda_ws/asynchvla_ws/stage9_libero_pro_risk_data/campaigns/fiper_sweep_eternal/instance_A/fiper_receding_samples.jsonl
bob|fiper_sweep_eternal|instance_A|libero_spatial_object_t3_r1,success_calib,bob,fiper_sweep_eternal,instance_A,libero_spatial_object_t3_r1,libero_spatial_object,3,object,success,85,0,84,/media/rootalkhatib/My Passport/reda_ws/asynchvla_ws/stage9_libero_pro_risk_data/campaigns/fiper_sweep_eternal/instance_A/fiper_receding_samples.jsonl
bob|fiper_sweep_eternal|instance_A|libero_spatial_object_t3_r10,success_train,bob,fiper_sweep_eternal,instance_A,libero_spatial_object_t3_r10,libero_spatial_object,3,object,success,90,0,89,/media/rootalkhatib/My Passport/reda_ws/asynchvla_ws/stage9_libero_pro_risk_data/campaigns/fiper_sweep_eternal/instance_A/fiper_receding_samples.jsonl
bob|fiper_sweep_eternal|instance_A|libero_spatial_object_t3_r11,success_train,bob,fiper_sweep_eternal,instance_A,libero_spatial_object_t3_r11,libero_spatial_object,3,object,success,80,0,79,/media/rootalkhatib/My Passport/reda_ws/asynchvla_ws/stage9_libero_pro_risk_data/campaigns/fiper_sweep_eternal/instance_A/fiper_receding_samples.jsonl
bob|fiper_sweep_eternal|instance_A|libero_spatial_object_t3_r12,success_train,bob,fiper_sweep_eternal,instance_A,libero_spatial_object_t3_r12,libero_spatial_object,3,object,success,89,0,88,/media/rootalkhatib/My Passport/reda_ws/asynchvla_ws/stage9_libero_pro_risk_data/campaigns/fiper_sweep_eternal/instance_A/fiper_receding_samples.jsonl
bob|fiper_sweep_eternal|instance_A|libero_spatial_object_t3_r13,success_train,bob,fiper_sweep_eternal,instance_A,libero_spatial_object_t3_r13,libero_spatial_object,3,object,success,81,0,80,/media/rootalkhatib/My Passport/reda_ws/asynchvla_ws/stage9_libero_pro_risk_data/campaigns/fiper_sweep_eternal/instance_A/fiper_receding_samples.jsonl
bob|fiper_sweep_eternal|instance_A|libero_spatial_object_t3_r14,success_test_id,bob,fiper_sweep_eternal,instance_A,libero_spatial_object_t3_r14,libero_spatial_object,3,object,success,94,0,93,/media/rootalkhatib/My Passport/reda_ws/asynchvla_ws/stage9_libero_pro_risk_data/campaigns/fiper_sweep_eternal/instance_A/fiper_receding_samples.jsonl
bob|fiper_sweep_eternal|instance_A|libero_spatial_object_t3_r15,success_train,bob,fiper_sweep_eternal,instance_A,libero_spatial_object_t3_r15,libero_spatial_object,3,object,success,77,0,76,/media/rootalkhatib/My Passport/reda_ws/asynchvla_ws/stage9_libero_pro_risk_data/campaigns/fiper_sweep_eternal/instance_A/fiper_receding_samples.jsonl
bob|fiper_sweep_eternal|instance_A|libero_spatial_object_t3_r16,success_train,bob,fiper_sweep_eternal,instance_A,libero_spatial_object_t3_r16,libero_spatial_object,3,object,success,81,0,80,/media/rootalkhatib/My Passport/reda_ws/asynchvla_ws/stage9_libero_pro_risk_data/campaigns/fiper_sweep_eternal/instance_A/fiper_receding_samples.jsonl
bob|fiper_sweep_eternal|instance_A|libero_spatial_object_t3_r17,success_train,bob,fiper_sweep_eternal,instance_A,libero_spatial_object_t3_r17,libero_spatial_object,3,object,success,86,0,85,/media/rootalkhatib/My Passport/reda_ws/asynchvla_ws/stage9_libero_pro_risk_data/campaigns/fiper_sweep_eternal/instance_A/fiper_receding_samples.jsonl
bob|fiper_sweep_eternal|instance_A|libero_spatial_object_t3_r18,success_train,bob,fiper_sweep_eternal,instance_A,libero_spatial_object_t3_r18,libero_spatial_object,3,object,success,80,0,79,/media/rootalkhatib/My Passport/reda_ws/asynchvla_ws/stage9_libero_pro_risk_data/campaigns/fiper_sweep_eternal/instance_A/fiper_receding_samples.jsonl
bob|fiper_sweep_eternal|instance_A|libero_spatial_object_t3_r19,success_train,bob,fiper_sweep_eternal,instance_A,libero_spatial_object_t3_r19,libero_spatial_object,3,object,success,79,0,78,/media/rootalkhatib/My Passport/reda_ws/asynchvla_ws/stage9_libero_pro_risk_data/campaigns/fiper_sweep_eternal/instance_A/fiper_receding_samples.jsonl
bob|fiper_sweep_eternal|instance_A|libero_spatial_object_t3_r2,success_calib,bob,fiper_sweep_eternal,instance_A,libero_spatial_object_t3_r2,libero_spatial_object,3,object,success,84,0,83,/media/rootalkhatib/My Passport/reda_ws/asynchvla_ws/stage9_libero_pro_risk_data/campaigns/fiper_sweep_eternal/instance_A/fiper_receding_samples.jsonl
bob|fiper_sweep_eternal|instance_A|libero_spatial_object_t3_r20,success_train,bob,fiper_sweep_eternal,instance_A,libero_spatial_object_t3_r20,libero_spatial_object,3,object,success,93,0,92,/media/rootalkhatib/My Passport/reda_ws/asynchvla_ws/stage9_libero_pro_risk_data/campaigns/fiper_sweep_eternal/instance_A/fiper_receding_samples.jsonl
bob|fiper_sweep_eternal|instance_A|libero_spatial_object_t3_r21,success_train,bob,fiper_sweep_eternal,instance_A,libero_spatial_object_t3_r21,libero_spatial_object,3,object,success,82,0,81,/media/rootalkhatib/My Passport/reda_ws/asynchvla_ws/stage9_libero_pro_risk_data/campaigns/fiper_sweep_eternal/instance_A/fiper_receding_samples.jsonl
bob|fiper_sweep_eternal|instance_A|libero_spatial_object_t3_r22,success_train,bob,fiper_sweep_eternal,instance_A,libero_spatial_object_t3_r22,libero_spatial_object,3,object,success,83,0,82,/media/rootalkhatib/My Passport/reda_ws/asynchvla_ws/stage9_libero_pro_risk_data/campaigns/fiper_sweep_eternal/instance_A/fiper_receding_samples.jsonl
bob|fiper_sweep_eternal|instance_A|libero_spatial_object_t3_r23,success_test_id,bob,fiper_sweep_eternal,instance_A,libero_spatial_object_t3_r23,libero_spatial_object,3,object,success,83,0,82,/media/rootalkhatib/My Passport/reda_ws/asynchvla_ws/stage9_libero_pro_risk_data/campaigns/fiper_sweep_eternal/instance_A/fiper_receding_samples.jsonl
bob|fiper_sweep_eternal|instance_A|libero_spatial_object_t3_r24,success_calib,bob,fiper_sweep_eternal,instance_A,libero_spatial_object_t3_r24,libero_spatial_object,3,object,success,83,0,82,/media/rootalkhatib/My Passport/reda_ws/asynchvla_ws/stage9_libero_pro_risk_data/campaigns/fiper_sweep_eternal/instance_A/fiper_receding_samples.jsonl
bob|fiper_sweep_eternal|instance_A|libero_spatial_object_t3_r25,success_test_id,bob,fiper_sweep_eternal,instance_A,libero_spatial_object_t3_r25,libero_spatial_object,3,object,success,80,0,79,/media/rootalkhatib/My Passport/reda_ws/asynchvla_ws/stage9_libero_pro_risk_data/campaigns/fiper_sweep_eternal/instance_A/fiper_receding_samples.jsonl
bob|fiper_sweep_eternal|instance_A|libero_spatial_object_t3_r26,success_train,bob,fiper_sweep_eternal,instance_A,libero_spatial_object_t3_r26,libero_spatial_object,3,object,success,78,0,77,/media/rootalkhatib/My Passport/reda_ws/asynchvla_ws/stage9_libero_pro_risk_data/campaigns/fiper_sweep_eternal/instance_A/fiper_receding_samples.jsonl
bob|fiper_sweep_eternal|instance_A|libero_spatial_object_t3_r27,success_calib,bob,fiper_sweep_eternal,instance_A,libero_spatial_object_t3_r27,libero_spatial_object,3,object,success,81,0,80,/media/rootalkhatib/My Passport/reda_ws/asynchvla_ws/stage9_libero_pro_risk_data/campaigns/fiper_sweep_eternal/instance_A/fiper_receding_samples.jsonl
bob|fiper_sweep_eternal|instance_A|libero_spatial_object_t3_r28,success_train,bob,fiper_sweep_eternal,instance_A,libero_spatial_object_t3_r28,libero_spatial_object,3,object,success,83,0,82,/media/rootalkhatib/My Passport/reda_ws/asynchvla_ws/stage9_libero_pro_risk_data/campaigns/fiper_sweep_eternal/instance_A/fiper_receding_samples.jsonl
bob|fiper_sweep_eternal|instance_A|libero_spatial_object_t3_r29,success_train,bob,fiper_sweep_eternal,instance_A,libero_spatial_object_t3_r29,libero_spatial_object,3,object,success,81,0,80,/media/rootalkhatib/My Passport/reda_ws/asynchvla_ws/stage9_libero_pro_risk_data/campaigns/fiper_sweep_eternal/instance_A/fiper_receding_samples.jsonl
bob|fiper_sweep_eternal|instance_A|libero_spatial_object_t3_r3,success_train,bob,fiper_sweep_eternal,instance_A,libero_spatial_object_t3_r3,libero_spatial_object,3,object,success,84,0,83,/media/rootalkhatib/My Passport/reda_ws/asynchvla_ws/stage9_libero_pro_risk_data/campaigns/fiper_sweep_eternal/instance_A/fiper_receding_samples.jsonl
bob|fiper_sweep_eternal|instance_A|libero_spatial_object_t3_r30,success_train,bob,fiper_sweep_eternal,instance_A,libero_spatial_object_t3_r30,libero_spatial_object,3,object,success,92,0,91,/media/rootalkhatib/My Passport/reda_ws/asynchvla_ws/stage9_libero_pro_risk_data/campaigns/fiper_sweep_eternal/instance_A/fiper_receding_samples.jsonl
bob|fiper_sweep_eternal|instance_A|libero_spatial_object_t3_r31,success_calib,bob,fiper_sweep_eternal,instance_A,libero_spatial_object_t3_r31,libero_spatial_object,3,object,success,76,0,75,/media/rootalkhatib/My Passport/reda_ws/asynchvla_ws/stage9_libero_pro_risk_data/campaigns/fiper_sweep_eternal/instance_A/fiper_receding_samples.jsonl
bob|fiper_sweep_eternal|instance_A|libero_spatial_object_t3_r32,success_calib,bob,fiper_sweep_eternal,instance_A,libero_spatial_object_t3_r32,libero_spatial_object,3,object,success,81,0,80,/media/rootalkhatib/My Passport/reda_ws/asynchvla_ws/stage9_libero_pro_risk_data/campaigns/fiper_sweep_eternal/instance_A/fiper_receding_samples.jsonl
bob|fiper_sweep_eternal|instance_A|libero_spatial_object_t3_r33,success_train,bob,fiper_sweep_eternal,instance_A,libero_spatial_object_t3_r33,libero_spatial_object,3,object,success,77,0,76,/media/rootalkhatib/My Passport/reda_ws/asynchvla_ws/stage9_libero_pro_risk_data/campaigns/fiper_sweep_eternal/instance_A/fiper_receding_samples.jsonl
bob|fiper_sweep_eternal|instance_A|libero_spatial_object_t3_r34,success_train,bob,fiper_sweep_eternal,instance_A,libero_spatial_object_t3_r34,libero_spatial_object,3,object,success,81,0,80,/media/rootalkhatib/My Passport/reda_ws/asynchvla_ws/stage9_libero_pro_risk_data/campaigns/fiper_sweep_eternal/instance_A/fiper_receding_samples.jsonl
bob|fiper_sweep_eternal|instance_A|libero_spatial_object_t3_r35,success_train,bob,fiper_sweep_eternal,instance_A,libero_spatial_object_t3_r35,libero_spatial_object,3,object,success,79,0,78,/media/rootalkhatib/My Passport/reda_ws/asynchvla_ws/stage9_libero_pro_risk_data/campaigns/fiper_sweep_eternal/instance_A/fiper_receding_samples.jsonl
bob|fiper_sweep_eternal|instance_A|libero_spatial_object_t3_r36,success_train,bob,fiper_sweep_eternal,instance_A,libero_spatial_object_t3_r36,libero_spatial_object,3,object,success,82,0,81,/media/rootalkhatib/My Passport/reda_ws/asynchvla_ws/stage9_libero_pro_risk_data/campaigns/fiper_sweep_eternal/instance_A/fiper_receding_samples.jsonl
bob|fiper_sweep_eternal|instance_A|libero_spatial_object_t3_r37,success_test_id,bob,fiper_sweep_eternal,instance_A,libero_spatial_object_t3_r37,libero_spatial_object,3,object,success,82,0,81,/media/rootalkhatib/My Passport/reda_ws/asynchvla_ws/stage9_libero_pro_risk_data/campaigns/fiper_sweep_eternal/instance_A/fiper_receding_samples.jsonl
bob|fiper_sweep_eternal|instance_A|libero_spatial_object_t3_r4,success_train,bob,fiper_sweep_eternal,instance_A,libero_spatial_object_t3_r4,libero_spatial_object,3,object,success,84,0,83,/media/rootalkhatib/My Passport/reda_ws/asynchvla_ws/stage9_libero_pro_risk_data/campaigns/fiper_sweep_eternal/instance_A/fiper_receding_samples.jsonl
bob|fiper_sweep_eternal|instance_A|libero_spatial_object_t3_r5,success_train,bob,fiper_sweep_eternal,instance_A,libero_spatial_object_t3_r5,libero_spatial_object,3,object,success,86,0,85,/media/rootalkhatib/My Passport/reda_ws/asynchvla_ws/stage9_libero_pro_risk_data/campaigns/fiper_sweep_eternal/instance_A/fiper_receding_samples.jsonl
bob|fiper_sweep_eternal|instance_A|libero_spatial_object_t3_r6,success_train,bob,fiper_sweep_eternal,instance_A,libero_spatial_object_t3_r6,libero_spatial_object,3,object,success,88,0,87,/media/rootalkhatib/My Passport/reda_ws/asynchvla_ws/stage9_libero_pro_risk_data/campaigns/fiper_sweep_eternal/instance_A/fiper_receding_samples.jsonl
bob|fiper_sweep_eternal|instance_A|libero_spatial_object_t3_r7,success_train,bob,fiper_sweep_eternal,instance_A,libero_spatial_object_t3_r7,libero_spatial_object,3,object,success,81,0,80,/media/rootalkhatib/My Passport/reda_ws/asynchvla_ws/stage9_libero_pro_risk_data/campaigns/fiper_sweep_eternal/instance_A/fiper_receding_samples.jsonl
bob|fiper_sweep_eternal|instance_A|libero_spatial_object_t3_r8,success_test_id,bob,fiper_sweep_eternal,instance_A,libero_spatial_object_t3_r8,libero_spatial_object,3,object,success,82,0,81,/media/rootalkhatib/My Passport/reda_ws/asynchvla_ws/stage9_libero_pro_risk_data/campaigns/fiper_sweep_eternal/instance_A/fiper_receding_samples.jsonl
bob|fiper_sweep_eternal|instance_A|libero_spatial_object_t3_r9,success_train,bob,fiper_sweep_eternal,instance_A,libero_spatial_object_t3_r9,libero_spatial_object,3,object,success,78,0,77,/media/rootalkhatib/My Passport/reda_ws/asynchvla_ws/stage9_libero_pro_risk_data/campaigns/fiper_sweep_eternal/instance_A/fiper_receding_samples.jsonl
bob|fiper_sweep_eternal|instance_A|libero_spatial_object_t4_r0,success_train,bob,fiper_sweep_eternal,instance_A,libero_spatial_object_t4_r0,libero_spatial_object,4,object,success,116,0,115,/media/rootalkhatib/My Passport/reda_ws/asynchvla_ws/stage9_libero_pro_risk_data/campaigns/fiper_sweep_eternal/instance_A/fiper_receding_samples.jsonl
bob|fiper_sweep_eternal|instance_A|libero_spatial_object_t4_r1,failure_eval_all,bob,fiper_sweep_eternal,instance_A,libero_spatial_object_t4_r1,libero_spatial_object,4,object,failure_or_timeout,300,0,299,/media/rootalkhatib/My Passport/reda_ws/asynchvla_ws/stage9_libero_pro_risk_data/campaigns/fiper_sweep_eternal/instance_A/fiper_receding_samples.jsonl
bob|fiper_sweep_eternal|instance_A|libero_spatial_object_t4_r10,success_calib,bob,fiper_sweep_eternal,instance_A,libero_spatial_object_t4_r10,libero_spatial_object,4,object,success,121,0,120,/media/rootalkhatib/My Passport/reda_ws/asynchvla_ws/stage9_libero_pro_risk_data/campaigns/fiper_sweep_eternal/instance_A/fiper_receding_samples.jsonl
bob|fiper_sweep_eternal|instance_A|libero_spatial_object_t4_r11,success_train,bob,fiper_sweep_eternal,instance_A,libero_spatial_object_t4_r11,libero_spatial_object,4,object,success,128,0,127,/media/rootalkhatib/My Passport/reda_ws/asynchvla_ws/stage9_libero_pro_risk_data/campaigns/fiper_sweep_eternal/instance_A/fiper_receding_samples.jsonl
bob|fiper_sweep_eternal|instance_A|libero_spatial_object_t4_r12,success_test_id,bob,fiper_sweep_eternal,instance_A,libero_spatial_object_t4_r12,libero_spatial_object,4,object,success,138,0,137,/media/rootalkhatib/My Passport/reda_ws/asynchvla_ws/stage9_libero_pro_risk_data/campaigns/fiper_sweep_eternal/instance_A/fiper_receding_samples.jsonl
bob|fiper_sweep_eternal|instance_A|libero_spatial_object_t4_r13,success_train,bob,fiper_sweep_eternal,instance_A,libero_spatial_object_t4_r13,libero_spatial_object,4,object,success,133,0,132,/media/rootalkhatib/My Passport/reda_ws/asynchvla_ws/stage9_libero_pro_risk_data/campaigns/fiper_sweep_eternal/instance_A/fiper_receding_samples.jsonl
bob|fiper_sweep_eternal|instance_A|libero_spatial_object_t4_r14,success_train,bob,fiper_sweep_eternal,instance_A,libero_spatial_object_t4_r14,libero_spatial_object,4,object,success,128,0,127,/media/rootalkhatib/My Passport/reda_ws/asynchvla_ws/stage9_libero_pro_risk_data/campaigns/fiper_sweep_eternal/instance_A/fiper_receding_samples.jsonl
bob|fiper_sweep_eternal|instance_A|libero_spatial_object_t4_r15,success_train,bob,fiper_sweep_eternal,instance_A,libero_spatial_object_t4_r15,libero_spatial_object,4,object,success,123,0,122,/media/rootalkhatib/My Passport/reda_ws/asynchvla_ws/stage9_libero_pro_risk_data/campaigns/fiper_sweep_eternal/instance_A/fiper_receding_samples.jsonl
bob|fiper_sweep_eternal|instance_A|libero_spatial_object_t4_r16,success_train,bob,fiper_sweep_eternal,instance_A,libero_spatial_object_t4_r16,libero_spatial_object,4,object,success,123,0,122,/media/rootalkhatib/My Passport/reda_ws/asynchvla_ws/stage9_libero_pro_risk_data/campaigns/fiper_sweep_eternal/instance_A/fiper_receding_samples.jsonl
bob|fiper_sweep_eternal|instance_A|libero_spatial_object_t4_r17,success_test_id,bob,fiper_sweep_eternal,instance_A,libero_spatial_object_t4_r17,libero_spatial_object,4,object,success,134,0,133,/media/rootalkhatib/My Passport/reda_ws/asynchvla_ws/stage9_libero_pro_risk_data/campaigns/fiper_sweep_eternal/instance_A/fiper_receding_samples.jsonl
bob|fiper_sweep_eternal|instance_A|libero_spatial_object_t4_r18,success_train,bob,fiper_sweep_eternal,instance_A,libero_spatial_object_t4_r18,libero_spatial_object,4,object,success,128,0,127,/media/rootalkhatib/My Passport/reda_ws/asynchvla_ws/stage9_libero_pro_risk_data/campaigns/fiper_sweep_eternal/instance_A/fiper_receding_samples.jsonl
bob|fiper_sweep_eternal|instance_A|libero_spatial_object_t4_r19,success_train,bob,fiper_sweep_eternal,instance_A,libero_spatial_object_t4_r19,libero_spatial_object,4,object,success,135,0,134,/media/rootalkhatib/My Passport/reda_ws/asynchvla_ws/stage9_libero_pro_risk_data/campaigns/fiper_sweep_eternal/instance_A/fiper_receding_samples.jsonl
bob|fiper_sweep_eternal|instance_A|libero_spatial_object_t4_r2,success_train,bob,fiper_sweep_eternal,instance_A,libero_spatial_object_t4_r2,libero_spatial_object,4,object,success,118,0,117,/media/rootalkhatib/My Passport/reda_ws/asynchvla_ws/stage9_libero_pro_risk_data/campaigns/fiper_sweep_eternal/instance_A/fiper_receding_samples.jsonl
bob|fiper_sweep_eternal|instance_A|libero_spatial_object_t4_r20,success_calib,bob,fiper_sweep_eternal,instance_A,libero_spatial_object_t4_r20,libero_spatial_object,4,object,success,210,0,209,/media/rootalkhatib/My Passport/reda_ws/asynchvla_ws/stage9_libero_pro_risk_data/campaigns/fiper_sweep_eternal/instance_A/fiper_receding_samples.jsonl
bob|fiper_sweep_eternal|instance_A|libero_spatial_object_t4_r21,success_test_id,bob,fiper_sweep_eternal,instance_A,libero_spatial_object_t4_r21,libero_spatial_object,4,object,success,121,0,120,/media/rootalkhatib/My Passport/reda_ws/asynchvla_ws/stage9_libero_pro_risk_data/campaigns/fiper_sweep_eternal/instance_A/fiper_receding_samples.jsonl
bob|fiper_sweep_eternal|instance_A|libero_spatial_object_t4_r22,success_train,bob,fiper_sweep_eternal,instance_A,libero_spatial_object_t4_r22,libero_spatial_object,4,object,success,132,0,131,/media/rootalkhatib/My Passport/reda_ws/asynchvla_ws/stage9_libero_pro_risk_data/campaigns/fiper_sweep_eternal/instance_A/fiper_receding_samples.jsonl
bob|fiper_sweep_eternal|instance_A|libero_spatial_object_t4_r23,success_train,bob,fiper_sweep_eternal,instance_A,libero_spatial_object_t4_r23,libero_spatial_object,4,object,success,127,0,126,/media/rootalkhatib/My Passport/reda_ws/asynchvla_ws/stage9_libero_pro_risk_data/campaigns/fiper_sweep_eternal/instance_A/fiper_receding_samples.jsonl
bob|fiper_sweep_eternal|instance_A|libero_spatial_object_t4_r24,success_train,bob,fiper_sweep_eternal,instance_A,libero_spatial_object_t4_r24,libero_spatial_object,4,object,success,122,0,121,/media/rootalkhatib/My Passport/reda_ws/asynchvla_ws/stage9_libero_pro_risk_data/campaigns/fiper_sweep_eternal/instance_A/fiper_receding_samples.jsonl
bob|fiper_sweep_eternal|instance_A|libero_spatial_object_t4_r25,success_train,bob,fiper_sweep_eternal,instance_A,libero_spatial_object_t4_r25,libero_spatial_object,4,object,success,124,0,123,/media/rootalkhatib/My Passport/reda_ws/asynchvla_ws/stage9_libero_pro_risk_data/campaigns/fiper_sweep_eternal/instance_A/fiper_receding_samples.jsonl
bob|fiper_sweep_eternal|instance_A|libero_spatial_object_t4_r26,success_train,bob,fiper_sweep_eternal,instance_A,libero_spatial_object_t4_r26,libero_spatial_object,4,object,success,125,0,124,/media/rootalkhatib/My Passport/reda_ws/asynchvla_ws/stage9_libero_pro_risk_data/campaigns/fiper_sweep_eternal/instance_A/fiper_receding_samples.jsonl
bob|fiper_sweep_eternal|instance_A|libero_spatial_object_t4_r27,failure_eval_all,bob,fiper_sweep_eternal,instance_A,libero_spatial_object_t4_r27,libero_spatial_object,4,object,failure_or_timeout,300,0,299,/media/rootalkhatib/My Passport/reda_ws/asynchvla_ws/stage9_libero_pro_risk_data/campaigns/fiper_sweep_eternal/instance_A/fiper_receding_samples.jsonl
bob|fiper_sweep_eternal|instance_A|libero_spatial_object_t4_r28,success_calib,bob,fiper_sweep_eternal,instance_A,libero_spatial_object_t4_r28,libero_spatial_object,4,object,success,134,0,133,/media/rootalkhatib/My Passport/reda_ws/asynchvla_ws/stage9_libero_pro_risk_data/campaigns/fiper_sweep_eternal/instance_A/fiper_receding_samples.jsonl
bob|fiper_sweep_eternal|instance_A|libero_spatial_object_t4_r29,success_test_id,bob,fiper_sweep_eternal,instance_A,libero_spatial_object_t4_r29,libero_spatial_object,4,object,success,129,0,128,/media/rootalkhatib/My Passport/reda_ws/asynchvla_ws/stage9_libero_pro_risk_data/campaigns/fiper_sweep_eternal/instance_A/fiper_receding_samples.jsonl
bob|fiper_sweep_eternal|instance_A|libero_spatial_object_t4_r3,success_train,bob,fiper_sweep_eternal,instance_A,libero_spatial_object_t4_r3,libero_spatial_object,4,object,success,181,0,180,/media/rootalkhatib/My Passport/reda_ws/asynchvla_ws/stage9_libero_pro_risk_data/campaigns/fiper_sweep_eternal/instance_A/fiper_receding_samples.jsonl
bob|fiper_sweep_eternal|instance_A|libero_spatial_object_t4_r30,success_train,bob,fiper_sweep_eternal,instance_A,libero_spatial_object_t4_r30,libero_spatial_object,4,object,success,129,0,128,/media/rootalkhatib/My Passport/reda_ws/asynchvla_ws/stage9_libero_pro_risk_data/campaigns/fiper_sweep_eternal/instance_A/fiper_receding_samples.jsonl
bob|fiper_sweep_eternal|instance_A|libero_spatial_object_t4_r31,success_calib,bob,fiper_sweep_eternal,instance_A,libero_spatial_object_t4_r31,libero_spatial_object,4,object,success,121,0,120,/media/rootalkhatib/My Passport/reda_ws/asynchvla_ws/stage9_libero_pro_risk_data/campaigns/fiper_sweep_eternal/instance_A/fiper_receding_samples.jsonl
bob|fiper_sweep_eternal|instance_A|libero_spatial_object_t4_r32,success_train,bob,fiper_sweep_eternal,instance_A,libero_spatial_object_t4_r32,libero_spatial_object,4,object,success,128,0,127,/media/rootalkhatib/My Passport/reda_ws/asynchvla_ws/stage9_libero_pro_risk_data/campaigns/fiper_sweep_eternal/instance_A/fiper_receding_samples.jsonl
bob|fiper_sweep_eternal|instance_A|libero_spatial_object_t4_r33,success_train,bob,fiper_sweep_eternal,instance_A,libero_spatial_object_t4_r33,libero_spatial_object,4,object,success,122,0,121,/media/rootalkhatib/My Passport/reda_ws/asynchvla_ws/stage9_libero_pro_risk_data/campaigns/fiper_sweep_eternal/instance_A/fiper_receding_samples.jsonl
bob|fiper_sweep_eternal|instance_A|libero_spatial_object_t4_r34,failure_eval_all,bob,fiper_sweep_eternal,instance_A,libero_spatial_object_t4_r34,libero_spatial_object,4,object,failure_or_timeout,300,0,299,/media/rootalkhatib/My Passport/reda_ws/asynchvla_ws/stage9_libero_pro_risk_data/campaigns/fiper_sweep_eternal/instance_A/fiper_receding_samples.jsonl
bob|fiper_sweep_eternal|instance_A|libero_spatial_object_t4_r35,success_test_id,bob,fiper_sweep_eternal,instance_A,libero_spatial_object_t4_r35,libero_spatial_object,4,object,success,127,0,126,/media/rootalkhatib/My Passport/reda_ws/asynchvla_ws/stage9_libero_pro_risk_data/campaigns/fiper_sweep_eternal/instance_A/fiper_receding_samples.jsonl
bob|fiper_sweep_eternal|instance_A|libero_spatial_object_t4_r36,success_train,bob,fiper_sweep_eternal,instance_A,libero_spatial_object_t4_r36,libero_spatial_object,4,object,success,123,0,122,/media/rootalkhatib/My Passport/reda_ws/asynchvla_ws/stage9_libero_pro_risk_data/campaigns/fiper_sweep_eternal/instance_A/fiper_receding_samples.jsonl
bob|fiper_sweep_eternal|instance_A|libero_spatial_object_t4_r37,success_calib,bob,fiper_sweep_eternal,instance_A,libero_spatial_object_t4_r37,libero_spatial_object,4,object,success,131,0,130,/media/rootalkhatib/My Passport/reda_ws/asynchvla_ws/stage9_libero_pro_risk_data/campaigns/fiper_sweep_eternal/instance_A/fiper_receding_samples.jsonl
bob|fiper_sweep_eternal|instance_A|libero_spatial_object_t4_r4,success_train,bob,fiper_sweep_eternal,instance_A,libero_spatial_object_t4_r4,libero_spatial_object,4,object,success,148,0,147,/media/rootalkhatib/My Passport/reda_ws/asynchvla_ws/stage9_libero_pro_risk_data/campaigns/fiper_sweep_eternal/instance_A/fiper_receding_samples.jsonl
bob|fiper_sweep_eternal|instance_A|libero_spatial_object_t4_r5,success_train,bob,fiper_sweep_eternal,instance_A,libero_spatial_object_t4_r5,libero_spatial_object,4,object,success,127,0,126,/media/rootalkhatib/My Passport/reda_ws/asynchvla_ws/stage9_libero_pro_risk_data/campaigns/fiper_sweep_eternal/instance_A/fiper_receding_samples.jsonl
bob|fiper_sweep_eternal|instance_A|libero_spatial_object_t4_r6,success_train,bob,fiper_sweep_eternal,instance_A,libero_spatial_object_t4_r6,libero_spatial_object,4,object,success,129,0,128,/media/rootalkhatib/My Passport/reda_ws/asynchvla_ws/stage9_libero_pro_risk_data/campaigns/fiper_sweep_eternal/instance_A/fiper_receding_samples.jsonl
bob|fiper_sweep_eternal|instance_A|libero_spatial_object_t4_r7,success_test_id,bob,fiper_sweep_eternal,instance_A,libero_spatial_object_t4_r7,libero_spatial_object,4,object,success,123,0,122,/media/rootalkhatib/My Passport/reda_ws/asynchvla_ws/stage9_libero_pro_risk_data/campaigns/fiper_sweep_eternal/instance_A/fiper_receding_samples.jsonl
bob|fiper_sweep_eternal|instance_A|libero_spatial_object_t4_r8,success_train,bob,fiper_sweep_eternal,instance_A,libero_spatial_object_t4_r8,libero_spatial_object,4,object,success,120,0,119,/media/rootalkhatib/My Passport/reda_ws/asynchvla_ws/stage9_libero_pro_risk_data/campaigns/fiper_sweep_eternal/instance_A/fiper_receding_samples.jsonl
bob|fiper_sweep_eternal|instance_A|libero_spatial_object_t4_r9,success_train,bob,fiper_sweep_eternal,instance_A,libero_spatial_object_t4_r9,libero_spatial_object,4,object,success,135,0,134,/media/rootalkhatib/My Passport/reda_ws/asynchvla_ws/stage9_libero_pro_risk_data/campaigns/fiper_sweep_eternal/instance_A/fiper_receding_samples.jsonl
bob|fiper_sweep_eternal|instance_A|libero_spatial_object_t5_r0,failure_eval_all,bob,fiper_sweep_eternal,instance_A,libero_spatial_object_t5_r0,libero_spatial_object,5,object,failure_or_timeout,300,0,299,/media/rootalkhatib/My Passport/reda_ws/asynchvla_ws/stage9_libero_pro_risk_data/campaigns/fiper_sweep_eternal/instance_A/fiper_receding_samples.jsonl
bob|fiper_sweep_eternal|instance_A|libero_spatial_object_t5_r1,failure_eval_all,bob,fiper_sweep_eternal,instance_A,libero_spatial_object_t5_r1,libero_spatial_object,5,object,failure_or_timeout,300,0,299,/media/rootalkhatib/My Passport/reda_ws/asynchvla_ws/stage9_libero_pro_risk_data/campaigns/fiper_sweep_eternal/instance_A/fiper_receding_samples.jsonl
bob|fiper_sweep_eternal|instance_A|libero_spatial_object_t5_r10,failure_eval_all,bob,fiper_sweep_eternal,instance_A,libero_spatial_object_t5_r10,libero_spatial_object,5,object,failure_or_timeout,300,0,299,/media/rootalkhatib/My Passport/reda_ws/asynchvla_ws/stage9_libero_pro_risk_data/campaigns/fiper_sweep_eternal/instance_A/fiper_receding_samples.jsonl
bob|fiper_sweep_eternal|instance_A|libero_spatial_object_t5_r11,failure_eval_all,bob,fiper_sweep_eternal,instance_A,libero_spatial_object_t5_r11,libero_spatial_object,5,object,failure_or_timeout,300,0,299,/media/rootalkhatib/My Passport/reda_ws/asynchvla_ws/stage9_libero_pro_risk_data/campaigns/fiper_sweep_eternal/instance_A/fiper_receding_samples.jsonl
bob|fiper_sweep_eternal|instance_A|libero_spatial_object_t5_r12,failure_eval_all,bob,fiper_sweep_eternal,instance_A,libero_spatial_object_t5_r12,libero_spatial_object,5,object,failure_or_timeout,300,0,299,/media/rootalkhatib/My Passport/reda_ws/asynchvla_ws/stage9_libero_pro_risk_data/campaigns/fiper_sweep_eternal/instance_A/fiper_receding_samples.jsonl
bob|fiper_sweep_eternal|instance_A|libero_spatial_object_t5_r13,failure_eval_all,bob,fiper_sweep_eternal,instance_A,libero_spatial_object_t5_r13,libero_spatial_object,5,object,failure_or_timeout,300,0,299,/media/rootalkhatib/My Passport/reda_ws/asynchvla_ws/stage9_libero_pro_risk_data/campaigns/fiper_sweep_eternal/instance_A/fiper_receding_samples.jsonl
bob|fiper_sweep_eternal|instance_A|libero_spatial_object_t5_r14,failure_eval_all,bob,fiper_sweep_eternal,instance_A,libero_spatial_object_t5_r14,libero_spatial_object,5,object,failure_or_timeout,300,0,299,/media/rootalkhatib/My Passport/reda_ws/asynchvla_ws/stage9_libero_pro_risk_data/campaigns/fiper_sweep_eternal/instance_A/fiper_receding_samples.jsonl
bob|fiper_sweep_eternal|instance_A|libero_spatial_object_t5_r15,failure_eval_all,bob,fiper_sweep_eternal,instance_A,libero_spatial_object_t5_r15,libero_spatial_object,5,object,failure_or_timeout,300,0,299,/media/rootalkhatib/My Passport/reda_ws/asynchvla_ws/stage9_libero_pro_risk_data/campaigns/fiper_sweep_eternal/instance_A/fiper_receding_samples.jsonl
bob|fiper_sweep_eternal|instance_A|libero_spatial_object_t5_r16,success_calib,bob,fiper_sweep_eternal,instance_A,libero_spatial_object_t5_r16,libero_spatial_object,5,object,success,176,0,175,/media/rootalkhatib/My Passport/reda_ws/asynchvla_ws/stage9_libero_pro_risk_data/campaigns/fiper_sweep_eternal/instance_A/fiper_receding_samples.jsonl
bob|fiper_sweep_eternal|instance_A|libero_spatial_object_t5_r17,failure_eval_all,bob,fiper_sweep_eternal,instance_A,libero_spatial_object_t5_r17,libero_spatial_object,5,object,failure_or_timeout,300,0,299,/media/rootalkhatib/My Passport/reda_ws/asynchvla_ws/stage9_libero_pro_risk_data/campaigns/fiper_sweep_eternal/instance_A/fiper_receding_samples.jsonl
bob|fiper_sweep_eternal|instance_A|libero_spatial_object_t5_r18,failure_eval_all,bob,fiper_sweep_eternal,instance_A,libero_spatial_object_t5_r18,libero_spatial_object,5,object,failure_or_timeout,300,0,299,/media/rootalkhatib/My Passport/reda_ws/asynchvla_ws/stage9_libero_pro_risk_data/campaigns/fiper_sweep_eternal/instance_A/fiper_receding_samples.jsonl
bob|fiper_sweep_eternal|instance_A|libero_spatial_object_t5_r19,failure_eval_all,bob,fiper_sweep_eternal,instance_A,libero_spatial_object_t5_r19,libero_spatial_object,5,object,failure_or_timeout,300,0,299,/media/rootalkhatib/My Passport/reda_ws/asynchvla_ws/stage9_libero_pro_risk_data/campaigns/fiper_sweep_eternal/instance_A/fiper_receding_samples.jsonl
bob|fiper_sweep_eternal|instance_A|libero_spatial_object_t5_r2,failure_eval_all,bob,fiper_sweep_eternal,instance_A,libero_spatial_object_t5_r2,libero_spatial_object,5,object,failure_or_timeout,300,0,299,/media/rootalkhatib/My Passport/reda_ws/asynchvla_ws/stage9_libero_pro_risk_data/campaigns/fiper_sweep_eternal/instance_A/fiper_receding_samples.jsonl
bob|fiper_sweep_eternal|instance_A|libero_spatial_object_t5_r20,failure_eval_all,bob,fiper_sweep_eternal,instance_A,libero_spatial_object_t5_r20,libero_spatial_object,5,object,failure_or_timeout,300,0,299,/media/rootalkhatib/My Passport/reda_ws/asynchvla_ws/stage9_libero_pro_risk_data/campaigns/fiper_sweep_eternal/instance_A/fiper_receding_samples.jsonl
bob|fiper_sweep_eternal|instance_A|libero_spatial_object_t5_r21,failure_eval_all,bob,fiper_sweep_eternal,instance_A,libero_spatial_object_t5_r21,libero_spatial_object,5,object,failure_or_timeout,300,0,299,/media/rootalkhatib/My Passport/reda_ws/asynchvla_ws/stage9_libero_pro_risk_data/campaigns/fiper_sweep_eternal/instance_A/fiper_receding_samples.jsonl
bob|fiper_sweep_eternal|instance_A|libero_spatial_object_t5_r22,success_test_id,bob,fiper_sweep_eternal,instance_A,libero_spatial_object_t5_r22,libero_spatial_object,5,object,success,211,0,210,/media/rootalkhatib/My Passport/reda_ws/asynchvla_ws/stage9_libero_pro_risk_data/campaigns/fiper_sweep_eternal/instance_A/fiper_receding_samples.jsonl
bob|fiper_sweep_eternal|instance_A|libero_spatial_object_t5_r23,failure_eval_all,bob,fiper_sweep_eternal,instance_A,libero_spatial_object_t5_r23,libero_spatial_object,5,object,failure_or_timeout,300,0,299,/media/rootalkhatib/My Passport/reda_ws/asynchvla_ws/stage9_libero_pro_risk_data/campaigns/fiper_sweep_eternal/instance_A/fiper_receding_samples.jsonl
bob|fiper_sweep_eternal|instance_A|libero_spatial_object_t5_r24,failure_eval_all,bob,fiper_sweep_eternal,instance_A,libero_spatial_object_t5_r24,libero_spatial_object,5,object,failure_or_timeout,300,0,299,/media/rootalkhatib/My Passport/reda_ws/asynchvla_ws/stage9_libero_pro_risk_data/campaigns/fiper_sweep_eternal/instance_A/fiper_receding_samples.jsonl
bob|fiper_sweep_eternal|instance_A|libero_spatial_object_t5_r25,failure_eval_all,bob,fiper_sweep_eternal,instance_A,libero_spatial_object_t5_r25,libero_spatial_object,5,object,failure_or_timeout,300,0,299,/media/rootalkhatib/My Passport/reda_ws/asynchvla_ws/stage9_libero_pro_risk_data/campaigns/fiper_sweep_eternal/instance_A/fiper_receding_samples.jsonl
bob|fiper_sweep_eternal|instance_A|libero_spatial_object_t5_r26,failure_eval_all,bob,fiper_sweep_eternal,instance_A,libero_spatial_object_t5_r26,libero_spatial_object,5,object,failure_or_timeout,300,0,299,/media/rootalkhatib/My Passport/reda_ws/asynchvla_ws/stage9_libero_pro_risk_data/campaigns/fiper_sweep_eternal/instance_A/fiper_receding_samples.jsonl
bob|fiper_sweep_eternal|instance_A|libero_spatial_object_t5_r27,failure_eval_all,bob,fiper_sweep_eternal,instance_A,libero_spatial_object_t5_r27,libero_spatial_object,5,object,failure_or_timeout,300,0,299,/media/rootalkhatib/My Passport/reda_ws/asynchvla_ws/stage9_libero_pro_risk_data/campaigns/fiper_sweep_eternal/instance_A/fiper_receding_samples.jsonl
bob|fiper_sweep_eternal|instance_A|libero_spatial_object_t5_r28,failure_eval_all,bob,fiper_sweep_eternal,instance_A,libero_spatial_object_t5_r28,libero_spatial_object,5,object,failure_or_timeout,300,0,299,/media/rootalkhatib/My Passport/reda_ws/asynchvla_ws/stage9_libero_pro_risk_data/campaigns/fiper_sweep_eternal/instance_A/fiper_receding_samples.jsonl
bob|fiper_sweep_eternal|instance_A|libero_spatial_object_t5_r29,failure_eval_all,bob,fiper_sweep_eternal,instance_A,libero_spatial_object_t5_r29,libero_spatial_object,5,object,failure_or_timeout,300,0,299,/media/rootalkhatib/My Passport/reda_ws/asynchvla_ws/stage9_libero_pro_risk_data/campaigns/fiper_sweep_eternal/instance_A/fiper_receding_samples.jsonl
bob|fiper_sweep_eternal|instance_A|libero_spatial_object_t5_r3,failure_eval_all,bob,fiper_sweep_eternal,instance_A,libero_spatial_object_t5_r3,libero_spatial_object,5,object,failure_or_timeout,300,0,299,/media/rootalkhatib/My Passport/reda_ws/asynchvla_ws/stage9_libero_pro_risk_data/campaigns/fiper_sweep_eternal/instance_A/fiper_receding_samples.jsonl
bob|fiper_sweep_eternal|instance_A|libero_spatial_object_t5_r30,failure_eval_all,bob,fiper_sweep_eternal,instance_A,libero_spatial_object_t5_r30,libero_spatial_object,5,object,failure_or_timeout,300,0,299,/media/rootalkhatib/My Passport/reda_ws/asynchvla_ws/stage9_libero_pro_risk_data/campaigns/fiper_sweep_eternal/instance_A/fiper_receding_samples.jsonl
bob|fiper_sweep_eternal|instance_A|libero_spatial_object_t5_r31,success_train,bob,fiper_sweep_eternal,instance_A,libero_spatial_object_t5_r31,libero_spatial_object,5,object,success,85,0,84,/media/rootalkhatib/My Passport/reda_ws/asynchvla_ws/stage9_libero_pro_risk_data/campaigns/fiper_sweep_eternal/instance_A/fiper_receding_samples.jsonl
bob|fiper_sweep_eternal|instance_A|libero_spatial_object_t5_r32,failure_eval_all,bob,fiper_sweep_eternal,instance_A,libero_spatial_object_t5_r32,libero_spatial_object,5,object,failure_or_timeout,300,0,299,/media/rootalkhatib/My Passport/reda_ws/asynchvla_ws/stage9_libero_pro_risk_data/campaigns/fiper_sweep_eternal/instance_A/fiper_receding_samples.jsonl
bob|fiper_sweep_eternal|instance_A|libero_spatial_object_t5_r33,failure_eval_all,bob,fiper_sweep_eternal,instance_A,libero_spatial_object_t5_r33,libero_spatial_object,5,object,failure_or_timeout,300,0,299,/media/rootalkhatib/My Passport/reda_ws/asynchvla_ws/stage9_libero_pro_risk_data/campaigns/fiper_sweep_eternal/instance_A/fiper_receding_samples.jsonl
bob|fiper_sweep_eternal|instance_A|libero_spatial_object_t5_r34,failure_eval_all,bob,fiper_sweep_eternal,instance_A,libero_spatial_object_t5_r34,libero_spatial_object,5,object,failure_or_timeout,300,0,299,/media/rootalkhatib/My Passport/reda_ws/asynchvla_ws/stage9_libero_pro_risk_data/campaigns/fiper_sweep_eternal/instance_A/fiper_receding_samples.jsonl
bob|fiper_sweep_eternal|instance_A|libero_spatial_object_t5_r35,failure_eval_all,bob,fiper_sweep_eternal,instance_A,libero_spatial_object_t5_r35,libero_spatial_object,5,object,failure_or_timeout,300,0,299,/media/rootalkhatib/My Passport/reda_ws/asynchvla_ws/stage9_libero_pro_risk_data/campaigns/fiper_sweep_eternal/instance_A/fiper_receding_samples.jsonl
bob|fiper_sweep_eternal|instance_A|libero_spatial_object_t5_r36,failure_eval_all,bob,fiper_sweep_eternal,instance_A,libero_spatial_object_t5_r36,libero_spatial_object,5,object,failure_or_timeout,300,0,299,/media/rootalkhatib/My Passport/reda_ws/asynchvla_ws/stage9_libero_pro_risk_data/campaigns/fiper_sweep_eternal/instance_A/fiper_receding_samples.jsonl
bob|fiper_sweep_eternal|instance_A|libero_spatial_object_t5_r37,failure_eval_all,bob,fiper_sweep_eternal,instance_A,libero_spatial_object_t5_r37,libero_spatial_object,5,object,failure_or_timeout,300,0,299,/media/rootalkhatib/My Passport/reda_ws/asynchvla_ws/stage9_libero_pro_risk_data/campaigns/fiper_sweep_eternal/instance_A/fiper_receding_samples.jsonl
bob|fiper_sweep_eternal|instance_A|libero_spatial_object_t5_r4,failure_eval_all,bob,fiper_sweep_eternal,instance_A,libero_spatial_object_t5_r4,libero_spatial_object,5,object,failure_or_timeout,300,0,299,/media/rootalkhatib/My Passport/reda_ws/asynchvla_ws/stage9_libero_pro_risk_data/campaigns/fiper_sweep_eternal/instance_A/fiper_receding_samples.jsonl
bob|fiper_sweep_eternal|instance_A|libero_spatial_object_t5_r5,failure_eval_all,bob,fiper_sweep_eternal,instance_A,libero_spatial_object_t5_r5,libero_spatial_object,5,object,failure_or_timeout,300,0,299,/media/rootalkhatib/My Passport/reda_ws/asynchvla_ws/stage9_libero_pro_risk_data/campaigns/fiper_sweep_eternal/instance_A/fiper_receding_samples.jsonl
bob|fiper_sweep_eternal|instance_A|libero_spatial_object_t5_r6,failure_eval_all,bob,fiper_sweep_eternal,instance_A,libero_spatial_object_t5_r6,libero_spatial_object,5,object,failure_or_timeout,300,0,299,/media/rootalkhatib/My Passport/reda_ws/asynchvla_ws/stage9_libero_pro_risk_data/campaigns/fiper_sweep_eternal/instance_A/fiper_receding_samples.jsonl
bob|fiper_sweep_eternal|instance_A|libero_spatial_object_t5_r7,failure_eval_all,bob,fiper_sweep_eternal,instance_A,libero_spatial_object_t5_r7,libero_spatial_object,5,object,failure_or_timeout,300,0,299,/media/rootalkhatib/My Passport/reda_ws/asynchvla_ws/stage9_libero_pro_risk_data/campaigns/fiper_sweep_eternal/instance_A/fiper_receding_samples.jsonl
bob|fiper_sweep_eternal|instance_A|libero_spatial_object_t5_r8,failure_eval_all,bob,fiper_sweep_eternal,instance_A,libero_spatial_object_t5_r8,libero_spatial_object,5,object,failure_or_timeout,300,0,299,/media/rootalkhatib/My Passport/reda_ws/asynchvla_ws/stage9_libero_pro_risk_data/campaigns/fiper_sweep_eternal/instance_A/fiper_receding_samples.jsonl
bob|fiper_sweep_eternal|instance_A|libero_spatial_object_t5_r9,failure_eval_all,bob,fiper_sweep_eternal,instance_A,libero_spatial_object_t5_r9,libero_spatial_object,5,object,failure_or_timeout,300,0,299,/media/rootalkhatib/My Passport/reda_ws/asynchvla_ws/stage9_libero_pro_risk_data/campaigns/fiper_sweep_eternal/instance_A/fiper_receding_samples.jsonl
bob|fiper_sweep_eternal|instance_A|libero_spatial_object_t6_r0,success_train,bob,fiper_sweep_eternal,instance_A,libero_spatial_object_t6_r0,libero_spatial_object,6,object,success,109,0,108,/media/rootalkhatib/My Passport/reda_ws/asynchvla_ws/stage9_libero_pro_risk_data/campaigns/fiper_sweep_eternal/instance_A/fiper_receding_samples.jsonl
bob|fiper_sweep_eternal|instance_A|libero_spatial_object_t6_r1,success_train,bob,fiper_sweep_eternal,instance_A,libero_spatial_object_t6_r1,libero_spatial_object,6,object,success,102,0,101,/media/rootalkhatib/My Passport/reda_ws/asynchvla_ws/stage9_libero_pro_risk_data/campaigns/fiper_sweep_eternal/instance_A/fiper_receding_samples.jsonl
bob|fiper_sweep_eternal|instance_A|libero_spatial_object_t6_r10,success_test_id,bob,fiper_sweep_eternal,instance_A,libero_spatial_object_t6_r10,libero_spatial_object,6,object,success,99,0,98,/media/rootalkhatib/My Passport/reda_ws/asynchvla_ws/stage9_libero_pro_risk_data/campaigns/fiper_sweep_eternal/instance_A/fiper_receding_samples.jsonl
bob|fiper_sweep_eternal|instance_A|libero_spatial_object_t6_r11,success_train,bob,fiper_sweep_eternal,instance_A,libero_spatial_object_t6_r11,libero_spatial_object,6,object,success,106,0,105,/media/rootalkhatib/My Passport/reda_ws/asynchvla_ws/stage9_libero_pro_risk_data/campaigns/fiper_sweep_eternal/instance_A/fiper_receding_samples.jsonl
bob|fiper_sweep_eternal|instance_A|libero_spatial_object_t6_r12,success_train,bob,fiper_sweep_eternal,instance_A,libero_spatial_object_t6_r12,libero_spatial_object,6,object,success,103,0,102,/media/rootalkhatib/My Passport/reda_ws/asynchvla_ws/stage9_libero_pro_risk_data/campaigns/fiper_sweep_eternal/instance_A/fiper_receding_samples.jsonl
bob|fiper_sweep_eternal|instance_A|libero_spatial_object_t6_r13,success_calib,bob,fiper_sweep_eternal,instance_A,libero_spatial_object_t6_r13,libero_spatial_object,6,object,success,96,0,95,/media/rootalkhatib/My Passport/reda_ws/asynchvla_ws/stage9_libero_pro_risk_data/campaigns/fiper_sweep_eternal/instance_A/fiper_receding_samples.jsonl
bob|fiper_sweep_eternal|instance_A|libero_spatial_object_t6_r14,success_train,bob,fiper_sweep_eternal,instance_A,libero_spatial_object_t6_r14,libero_spatial_object,6,object,success,111,0,110,/media/rootalkhatib/My Passport/reda_ws/asynchvla_ws/stage9_libero_pro_risk_data/campaigns/fiper_sweep_eternal/instance_A/fiper_receding_samples.jsonl
bob|fiper_sweep_eternal|instance_A|libero_spatial_object_t6_r15,success_train,bob,fiper_sweep_eternal,instance_A,libero_spatial_object_t6_r15,libero_spatial_object,6,object,success,103,0,102,/media/rootalkhatib/My Passport/reda_ws/asynchvla_ws/stage9_libero_pro_risk_data/campaigns/fiper_sweep_eternal/instance_A/fiper_receding_samples.jsonl
bob|fiper_sweep_eternal|instance_A|libero_spatial_object_t6_r16,success_test_id,bob,fiper_sweep_eternal,instance_A,libero_spatial_object_t6_r16,libero_spatial_object,6,object,success,93,0,92,/media/rootalkhatib/My Passport/reda_ws/asynchvla_ws/stage9_libero_pro_risk_data/campaigns/fiper_sweep_eternal/instance_A/fiper_receding_samples.jsonl
bob|fiper_sweep_eternal|instance_A|libero_spatial_object_t6_r17,success_calib,bob,fiper_sweep_eternal,instance_A,libero_spatial_object_t6_r17,libero_spatial_object,6,object,success,91,0,90,/media/rootalkhatib/My Passport/reda_ws/asynchvla_ws/stage9_libero_pro_risk_data/campaigns/fiper_sweep_eternal/instance_A/fiper_receding_samples.jsonl
bob|fiper_sweep_eternal|instance_A|libero_spatial_object_t6_r18,success_train,bob,fiper_sweep_eternal,instance_A,libero_spatial_object_t6_r18,libero_spatial_object,6,object,success,112,0,111,/media/rootalkhatib/My Passport/reda_ws/asynchvla_ws/stage9_libero_pro_risk_data/campaigns/fiper_sweep_eternal/instance_A/fiper_receding_samples.jsonl
bob|fiper_sweep_eternal|instance_A|libero_spatial_object_t6_r19,success_train,bob,fiper_sweep_eternal,instance_A,libero_spatial_object_t6_r19,libero_spatial_object,6,object,success,104,0,103,/media/rootalkhatib/My Passport/reda_ws/asynchvla_ws/stage9_libero_pro_risk_data/campaigns/fiper_sweep_eternal/instance_A/fiper_receding_samples.jsonl
bob|fiper_sweep_eternal|instance_A|libero_spatial_object_t6_r2,success_train,bob,fiper_sweep_eternal,instance_A,libero_spatial_object_t6_r2,libero_spatial_object,6,object,success,104,0,103,/media/rootalkhatib/My Passport/reda_ws/asynchvla_ws/stage9_libero_pro_risk_data/campaigns/fiper_sweep_eternal/instance_A/fiper_receding_samples.jsonl
bob|fiper_sweep_eternal|instance_A|libero_spatial_object_t6_r20,success_train,bob,fiper_sweep_eternal,instance_A,libero_spatial_object_t6_r20,libero_spatial_object,6,object,success,107,0,106,/media/rootalkhatib/My Passport/reda_ws/asynchvla_ws/stage9_libero_pro_risk_data/campaigns/fiper_sweep_eternal/instance_A/fiper_receding_samples.jsonl
bob|fiper_sweep_eternal|instance_A|libero_spatial_object_t6_r21,success_train,bob,fiper_sweep_eternal,instance_A,libero_spatial_object_t6_r21,libero_spatial_object,6,object,success,108,0,107,/media/rootalkhatib/My Passport/reda_ws/asynchvla_ws/stage9_libero_pro_risk_data/campaigns/fiper_sweep_eternal/instance_A/fiper_receding_samples.jsonl
bob|fiper_sweep_eternal|instance_A|libero_spatial_object_t6_r22,success_train,bob,fiper_sweep_eternal,instance_A,libero_spatial_object_t6_r22,libero_spatial_object,6,object,success,100,0,99,/media/rootalkhatib/My Passport/reda_ws/asynchvla_ws/stage9_libero_pro_risk_data/campaigns/fiper_sweep_eternal/instance_A/fiper_receding_samples.jsonl
bob|fiper_sweep_eternal|instance_A|libero_spatial_object_t6_r23,success_calib,bob,fiper_sweep_eternal,instance_A,libero_spatial_object_t6_r23,libero_spatial_object,6,object,success,108,0,107,/media/rootalkhatib/My Passport/reda_ws/asynchvla_ws/stage9_libero_pro_risk_data/campaigns/fiper_sweep_eternal/instance_A/fiper_receding_samples.jsonl
bob|fiper_sweep_eternal|instance_A|libero_spatial_object_t6_r24,success_calib,bob,fiper_sweep_eternal,instance_A,libero_spatial_object_t6_r24,libero_spatial_object,6,object,success,100,0,99,/media/rootalkhatib/My Passport/reda_ws/asynchvla_ws/stage9_libero_pro_risk_data/campaigns/fiper_sweep_eternal/instance_A/fiper_receding_samples.jsonl
bob|fiper_sweep_eternal|instance_A|libero_spatial_object_t6_r25,success_train,bob,fiper_sweep_eternal,instance_A,libero_spatial_object_t6_r25,libero_spatial_object,6,object,success,109,0,108,/media/rootalkhatib/My Passport/reda_ws/asynchvla_ws/stage9_libero_pro_risk_data/campaigns/fiper_sweep_eternal/instance_A/fiper_receding_samples.jsonl
bob|fiper_sweep_eternal|instance_A|libero_spatial_object_t6_r26,success_train,bob,fiper_sweep_eternal,instance_A,libero_spatial_object_t6_r26,libero_spatial_object,6,object,success,103,0,102,/media/rootalkhatib/My Passport/reda_ws/asynchvla_ws/stage9_libero_pro_risk_data/campaigns/fiper_sweep_eternal/instance_A/fiper_receding_samples.jsonl
bob|fiper_sweep_eternal|instance_A|libero_spatial_object_t6_r27,success_calib,bob,fiper_sweep_eternal,instance_A,libero_spatial_object_t6_r27,libero_spatial_object,6,object,success,101,0,100,/media/rootalkhatib/My Passport/reda_ws/asynchvla_ws/stage9_libero_pro_risk_data/campaigns/fiper_sweep_eternal/instance_A/fiper_receding_samples.jsonl
bob|fiper_sweep_eternal|instance_A|libero_spatial_object_t6_r28,success_train,bob,fiper_sweep_eternal,instance_A,libero_spatial_object_t6_r28,libero_spatial_object,6,object,success,102,0,101,/media/rootalkhatib/My Passport/reda_ws/asynchvla_ws/stage9_libero_pro_risk_data/campaigns/fiper_sweep_eternal/instance_A/fiper_receding_samples.jsonl
bob|fiper_sweep_eternal|instance_A|libero_spatial_object_t6_r29,success_calib,bob,fiper_sweep_eternal,instance_A,libero_spatial_object_t6_r29,libero_spatial_object,6,object,success,103,0,102,/media/rootalkhatib/My Passport/reda_ws/asynchvla_ws/stage9_libero_pro_risk_data/campaigns/fiper_sweep_eternal/instance_A/fiper_receding_samples.jsonl
bob|fiper_sweep_eternal|instance_A|libero_spatial_object_t6_r3,success_train,bob,fiper_sweep_eternal,instance_A,libero_spatial_object_t6_r3,libero_spatial_object,6,object,success,97,0,96,/media/rootalkhatib/My Passport/reda_ws/asynchvla_ws/stage9_libero_pro_risk_data/campaigns/fiper_sweep_eternal/instance_A/fiper_receding_samples.jsonl
bob|fiper_sweep_eternal|instance_A|libero_spatial_object_t6_r30,success_test_id,bob,fiper_sweep_eternal,instance_A,libero_spatial_object_t6_r30,libero_spatial_object,6,object,success,106,0,105,/media/rootalkhatib/My Passport/reda_ws/asynchvla_ws/stage9_libero_pro_risk_data/campaigns/fiper_sweep_eternal/instance_A/fiper_receding_samples.jsonl
bob|fiper_sweep_eternal|instance_A|libero_spatial_object_t6_r31,success_train,bob,fiper_sweep_eternal,instance_A,libero_spatial_object_t6_r31,libero_spatial_object,6,object,success,98,0,97,/media/rootalkhatib/My Passport/reda_ws/asynchvla_ws/stage9_libero_pro_risk_data/campaigns/fiper_sweep_eternal/instance_A/fiper_receding_samples.jsonl
bob|fiper_sweep_eternal|instance_A|libero_spatial_object_t6_r32,success_train,bob,fiper_sweep_eternal,instance_A,libero_spatial_object_t6_r32,libero_spatial_object,6,object,success,102,0,101,/media/rootalkhatib/My Passport/reda_ws/asynchvla_ws/stage9_libero_pro_risk_data/campaigns/fiper_sweep_eternal/instance_A/fiper_receding_samples.jsonl
bob|fiper_sweep_eternal|instance_A|libero_spatial_object_t6_r33,success_train,bob,fiper_sweep_eternal,instance_A,libero_spatial_object_t6_r33,libero_spatial_object,6,object,success,110,0,109,/media/rootalkhatib/My Passport/reda_ws/asynchvla_ws/stage9_libero_pro_risk_data/campaigns/fiper_sweep_eternal/instance_A/fiper_receding_samples.jsonl
bob|fiper_sweep_eternal|instance_A|libero_spatial_object_t6_r34,success_train,bob,fiper_sweep_eternal,instance_A,libero_spatial_object_t6_r34,libero_spatial_object,6,object,success,100,0,99,/media/rootalkhatib/My Passport/reda_ws/asynchvla_ws/stage9_libero_pro_risk_data/campaigns/fiper_sweep_eternal/instance_A/fiper_receding_samples.jsonl
bob|fiper_sweep_eternal|instance_A|libero_spatial_object_t6_r35,success_test_id,bob,fiper_sweep_eternal,instance_A,libero_spatial_object_t6_r35,libero_spatial_object,6,object,success,103,0,102,/media/rootalkhatib/My Passport/reda_ws/asynchvla_ws/stage9_libero_pro_risk_data/campaigns/fiper_sweep_eternal/instance_A/fiper_receding_samples.jsonl
bob|fiper_sweep_eternal|instance_A|libero_spatial_object_t6_r36,success_train,bob,fiper_sweep_eternal,instance_A,libero_spatial_object_t6_r36,libero_spatial_object,6,object,success,100,0,99,/media/rootalkhatib/My Passport/reda_ws/asynchvla_ws/stage9_libero_pro_risk_data/campaigns/fiper_sweep_eternal/instance_A/fiper_receding_samples.jsonl
bob|fiper_sweep_eternal|instance_A|libero_spatial_object_t6_r37,success_train,bob,fiper_sweep_eternal,instance_A,libero_spatial_object_t6_r37,libero_spatial_object,6,object,success,109,0,108,/media/rootalkhatib/My Passport/reda_ws/asynchvla_ws/stage9_libero_pro_risk_data/campaigns/fiper_sweep_eternal/instance_A/fiper_receding_samples.jsonl
bob|fiper_sweep_eternal|instance_A|libero_spatial_object_t6_r4,success_train,bob,fiper_sweep_eternal,instance_A,libero_spatial_object_t6_r4,libero_spatial_object,6,object,success,100,0,99,/media/rootalkhatib/My Passport/reda_ws/asynchvla_ws/stage9_libero_pro_risk_data/campaigns/fiper_sweep_eternal/instance_A/fiper_receding_samples.jsonl
bob|fiper_sweep_eternal|instance_A|libero_spatial_object_t6_r5,success_train,bob,fiper_sweep_eternal,instance_A,libero_spatial_object_t6_r5,libero_spatial_object,6,object,success,108,0,107,/media/rootalkhatib/My Passport/reda_ws/asynchvla_ws/stage9_libero_pro_risk_data/campaigns/fiper_sweep_eternal/instance_A/fiper_receding_samples.jsonl
bob|fiper_sweep_eternal|instance_A|libero_spatial_object_t6_r6,success_train,bob,fiper_sweep_eternal,instance_A,libero_spatial_object_t6_r6,libero_spatial_object,6,object,success,111,0,110,/media/rootalkhatib/My Passport/reda_ws/asynchvla_ws/stage9_libero_pro_risk_data/campaigns/fiper_sweep_eternal/instance_A/fiper_receding_samples.jsonl
bob|fiper_sweep_eternal|instance_A|libero_spatial_object_t6_r7,success_train,bob,fiper_sweep_eternal,instance_A,libero_spatial_object_t6_r7,libero_spatial_object,6,object,success,100,0,99,/media/rootalkhatib/My Passport/reda_ws/asynchvla_ws/stage9_libero_pro_risk_data/campaigns/fiper_sweep_eternal/instance_A/fiper_receding_samples.jsonl
bob|fiper_sweep_eternal|instance_A|libero_spatial_object_t6_r8,success_test_id,bob,fiper_sweep_eternal,instance_A,libero_spatial_object_t6_r8,libero_spatial_object,6,object,success,106,0,105,/media/rootalkhatib/My Passport/reda_ws/asynchvla_ws/stage9_libero_pro_risk_data/campaigns/fiper_sweep_eternal/instance_A/fiper_receding_samples.jsonl
bob|fiper_sweep_eternal|instance_A|libero_spatial_object_t6_r9,success_train,bob,fiper_sweep_eternal,instance_A,libero_spatial_object_t6_r9,libero_spatial_object,6,object,success,101,0,100,/media/rootalkhatib/My Passport/reda_ws/asynchvla_ws/stage9_libero_pro_risk_data/campaigns/fiper_sweep_eternal/instance_A/fiper_receding_samples.jsonl
bob|fiper_sweep_eternal|instance_A|libero_spatial_object_t7_r0,success_train,bob,fiper_sweep_eternal,instance_A,libero_spatial_object_t7_r0,libero_spatial_object,7,object,success,178,0,177,/media/rootalkhatib/My Passport/reda_ws/asynchvla_ws/stage9_libero_pro_risk_data/campaigns/fiper_sweep_eternal/instance_A/fiper_receding_samples.jsonl
bob|fiper_sweep_eternal|instance_A|libero_spatial_object_t7_r1,success_train,bob,fiper_sweep_eternal,instance_A,libero_spatial_object_t7_r1,libero_spatial_object,7,object,success,126,0,125,/media/rootalkhatib/My Passport/reda_ws/asynchvla_ws/stage9_libero_pro_risk_data/campaigns/fiper_sweep_eternal/instance_A/fiper_receding_samples.jsonl
bob|fiper_sweep_eternal|instance_A|libero_spatial_object_t7_r10,failure_eval_all,bob,fiper_sweep_eternal,instance_A,libero_spatial_object_t7_r10,libero_spatial_object,7,object,failure_or_timeout,300,0,299,/media/rootalkhatib/My Passport/reda_ws/asynchvla_ws/stage9_libero_pro_risk_data/campaigns/fiper_sweep_eternal/instance_A/fiper_receding_samples.jsonl
bob|fiper_sweep_eternal|instance_A|libero_spatial_object_t7_r11,success_train,bob,fiper_sweep_eternal,instance_A,libero_spatial_object_t7_r11,libero_spatial_object,7,object,success,142,0,141,/media/rootalkhatib/My Passport/reda_ws/asynchvla_ws/stage9_libero_pro_risk_data/campaigns/fiper_sweep_eternal/instance_A/fiper_receding_samples.jsonl
bob|fiper_sweep_eternal|instance_A|libero_spatial_object_t7_r12,success_train,bob,fiper_sweep_eternal,instance_A,libero_spatial_object_t7_r12,libero_spatial_object,7,object,success,131,0,130,/media/rootalkhatib/My Passport/reda_ws/asynchvla_ws/stage9_libero_pro_risk_data/campaigns/fiper_sweep_eternal/instance_A/fiper_receding_samples.jsonl
bob|fiper_sweep_eternal|instance_A|libero_spatial_object_t7_r13,success_train,bob,fiper_sweep_eternal,instance_A,libero_spatial_object_t7_r13,libero_spatial_object,7,object,success,155,0,154,/media/rootalkhatib/My Passport/reda_ws/asynchvla_ws/stage9_libero_pro_risk_data/campaigns/fiper_sweep_eternal/instance_A/fiper_receding_samples.jsonl
bob|fiper_sweep_eternal|instance_A|libero_spatial_object_t7_r14,success_train,bob,fiper_sweep_eternal,instance_A,libero_spatial_object_t7_r14,libero_spatial_object,7,object,success,147,0,146,/media/rootalkhatib/My Passport/reda_ws/asynchvla_ws/stage9_libero_pro_risk_data/campaigns/fiper_sweep_eternal/instance_A/fiper_receding_samples.jsonl
bob|fiper_sweep_eternal|instance_A|libero_spatial_object_t7_r15,success_test_id,bob,fiper_sweep_eternal,instance_A,libero_spatial_object_t7_r15,libero_spatial_object,7,object,success,167,0,166,/media/rootalkhatib/My Passport/reda_ws/asynchvla_ws/stage9_libero_pro_risk_data/campaigns/fiper_sweep_eternal/instance_A/fiper_receding_samples.jsonl
bob|fiper_sweep_eternal|instance_A|libero_spatial_object_t7_r16,success_calib,bob,fiper_sweep_eternal,instance_A,libero_spatial_object_t7_r16,libero_spatial_object,7,object,success,127,0,126,/media/rootalkhatib/My Passport/reda_ws/asynchvla_ws/stage9_libero_pro_risk_data/campaigns/fiper_sweep_eternal/instance_A/fiper_receding_samples.jsonl
bob|fiper_sweep_eternal|instance_A|libero_spatial_object_t7_r17,success_train,bob,fiper_sweep_eternal,instance_A,libero_spatial_object_t7_r17,libero_spatial_object,7,object,success,205,0,204,/media/rootalkhatib/My Passport/reda_ws/asynchvla_ws/stage9_libero_pro_risk_data/campaigns/fiper_sweep_eternal/instance_A/fiper_receding_samples.jsonl
bob|fiper_sweep_eternal|instance_A|libero_spatial_object_t7_r18,success_calib,bob,fiper_sweep_eternal,instance_A,libero_spatial_object_t7_r18,libero_spatial_object,7,object,success,254,0,253,/media/rootalkhatib/My Passport/reda_ws/asynchvla_ws/stage9_libero_pro_risk_data/campaigns/fiper_sweep_eternal/instance_A/fiper_receding_samples.jsonl
bob|fiper_sweep_eternal|instance_A|libero_spatial_object_t7_r19,success_train,bob,fiper_sweep_eternal,instance_A,libero_spatial_object_t7_r19,libero_spatial_object,7,object,success,151,0,150,/media/rootalkhatib/My Passport/reda_ws/asynchvla_ws/stage9_libero_pro_risk_data/campaigns/fiper_sweep_eternal/instance_A/fiper_receding_samples.jsonl
bob|fiper_sweep_eternal|instance_A|libero_spatial_object_t7_r2,success_test_id,bob,fiper_sweep_eternal,instance_A,libero_spatial_object_t7_r2,libero_spatial_object,7,object,success,124,0,123,/media/rootalkhatib/My Passport/reda_ws/asynchvla_ws/stage9_libero_pro_risk_data/campaigns/fiper_sweep_eternal/instance_A/fiper_receding_samples.jsonl
bob|fiper_sweep_eternal|instance_A|libero_spatial_object_t7_r20,success_train,bob,fiper_sweep_eternal,instance_A,libero_spatial_object_t7_r20,libero_spatial_object,7,object,success,140,0,139,/media/rootalkhatib/My Passport/reda_ws/asynchvla_ws/stage9_libero_pro_risk_data/campaigns/fiper_sweep_eternal/instance_A/fiper_receding_samples.jsonl
bob|fiper_sweep_eternal|instance_A|libero_spatial_object_t7_r21,success_train,bob,fiper_sweep_eternal,instance_A,libero_spatial_object_t7_r21,libero_spatial_object,7,object,success,117,0,116,/media/rootalkhatib/My Passport/reda_ws/asynchvla_ws/stage9_libero_pro_risk_data/campaigns/fiper_sweep_eternal/instance_A/fiper_receding_samples.jsonl
bob|fiper_sweep_eternal|instance_A|libero_spatial_object_t7_r22,success_test_id,bob,fiper_sweep_eternal,instance_A,libero_spatial_object_t7_r22,libero_spatial_object,7,object,success,136,0,135,/media/rootalkhatib/My Passport/reda_ws/asynchvla_ws/stage9_libero_pro_risk_data/campaigns/fiper_sweep_eternal/instance_A/fiper_receding_samples.jsonl
bob|fiper_sweep_eternal|instance_A|libero_spatial_object_t7_r23,success_train,bob,fiper_sweep_eternal,instance_A,libero_spatial_object_t7_r23,libero_spatial_object,7,object,success,140,0,139,/media/rootalkhatib/My Passport/reda_ws/asynchvla_ws/stage9_libero_pro_risk_data/campaigns/fiper_sweep_eternal/instance_A/fiper_receding_samples.jsonl
bob|fiper_sweep_eternal|instance_A|libero_spatial_object_t7_r24,success_train,bob,fiper_sweep_eternal,instance_A,libero_spatial_object_t7_r24,libero_spatial_object,7,object,success,219,0,218,/media/rootalkhatib/My Passport/reda_ws/asynchvla_ws/stage9_libero_pro_risk_data/campaigns/fiper_sweep_eternal/instance_A/fiper_receding_samples.jsonl
bob|fiper_sweep_eternal|instance_A|libero_spatial_object_t7_r25,success_train,bob,fiper_sweep_eternal,instance_A,libero_spatial_object_t7_r25,libero_spatial_object,7,object,success,132,0,131,/media/rootalkhatib/My Passport/reda_ws/asynchvla_ws/stage9_libero_pro_risk_data/campaigns/fiper_sweep_eternal/instance_A/fiper_receding_samples.jsonl
bob|fiper_sweep_eternal|instance_A|libero_spatial_object_t7_r26,success_train,bob,fiper_sweep_eternal,instance_A,libero_spatial_object_t7_r26,libero_spatial_object,7,object,success,139,0,138,/media/rootalkhatib/My Passport/reda_ws/asynchvla_ws/stage9_libero_pro_risk_data/campaigns/fiper_sweep_eternal/instance_A/fiper_receding_samples.jsonl
bob|fiper_sweep_eternal|instance_A|libero_spatial_object_t7_r27,success_train,bob,fiper_sweep_eternal,instance_A,libero_spatial_object_t7_r27,libero_spatial_object,7,object,success,138,0,137,/media/rootalkhatib/My Passport/reda_ws/asynchvla_ws/stage9_libero_pro_risk_data/campaigns/fiper_sweep_eternal/instance_A/fiper_receding_samples.jsonl
bob|fiper_sweep_eternal|instance_A|libero_spatial_object_t7_r28,success_train,bob,fiper_sweep_eternal,instance_A,libero_spatial_object_t7_r28,libero_spatial_object,7,object,success,153,0,152,/media/rootalkhatib/My Passport/reda_ws/asynchvla_ws/stage9_libero_pro_risk_data/campaigns/fiper_sweep_eternal/instance_A/fiper_receding_samples.jsonl
bob|fiper_sweep_eternal|instance_A|libero_spatial_object_t7_r29,success_train,bob,fiper_sweep_eternal,instance_A,libero_spatial_object_t7_r29,libero_spatial_object,7,object,success,135,0,134,/media/rootalkhatib/My Passport/reda_ws/asynchvla_ws/stage9_libero_pro_risk_data/campaigns/fiper_sweep_eternal/instance_A/fiper_receding_samples.jsonl
bob|fiper_sweep_eternal|instance_A|libero_spatial_object_t7_r3,success_train,bob,fiper_sweep_eternal,instance_A,libero_spatial_object_t7_r3,libero_spatial_object,7,object,success,134,0,133,/media/rootalkhatib/My Passport/reda_ws/asynchvla_ws/stage9_libero_pro_risk_data/campaigns/fiper_sweep_eternal/instance_A/fiper_receding_samples.jsonl
bob|fiper_sweep_eternal|instance_A|libero_spatial_object_t7_r30,success_train,bob,fiper_sweep_eternal,instance_A,libero_spatial_object_t7_r30,libero_spatial_object,7,object,success,127,0,126,/media/rootalkhatib/My Passport/reda_ws/asynchvla_ws/stage9_libero_pro_risk_data/campaigns/fiper_sweep_eternal/instance_A/fiper_receding_samples.jsonl
bob|fiper_sweep_eternal|instance_A|libero_spatial_object_t7_r31,success_train,bob,fiper_sweep_eternal,instance_A,libero_spatial_object_t7_r31,libero_spatial_object,7,object,success,135,0,134,/media/rootalkhatib/My Passport/reda_ws/asynchvla_ws/stage9_libero_pro_risk_data/campaigns/fiper_sweep_eternal/instance_A/fiper_receding_samples.jsonl
bob|fiper_sweep_eternal|instance_A|libero_spatial_object_t7_r32,success_calib,bob,fiper_sweep_eternal,instance_A,libero_spatial_object_t7_r32,libero_spatial_object,7,object,success,182,0,181,/media/rootalkhatib/My Passport/reda_ws/asynchvla_ws/stage9_libero_pro_risk_data/campaigns/fiper_sweep_eternal/instance_A/fiper_receding_samples.jsonl
bob|fiper_sweep_eternal|instance_A|libero_spatial_object_t7_r33,success_train,bob,fiper_sweep_eternal,instance_A,libero_spatial_object_t7_r33,libero_spatial_object,7,object,success,130,0,129,/media/rootalkhatib/My Passport/reda_ws/asynchvla_ws/stage9_libero_pro_risk_data/campaigns/fiper_sweep_eternal/instance_A/fiper_receding_samples.jsonl
bob|fiper_sweep_eternal|instance_A|libero_spatial_object_t7_r34,success_calib,bob,fiper_sweep_eternal,instance_A,libero_spatial_object_t7_r34,libero_spatial_object,7,object,success,153,0,152,/media/rootalkhatib/My Passport/reda_ws/asynchvla_ws/stage9_libero_pro_risk_data/campaigns/fiper_sweep_eternal/instance_A/fiper_receding_samples.jsonl
bob|fiper_sweep_eternal|instance_A|libero_spatial_object_t7_r35,success_train,bob,fiper_sweep_eternal,instance_A,libero_spatial_object_t7_r35,libero_spatial_object,7,object,success,120,0,119,/media/rootalkhatib/My Passport/reda_ws/asynchvla_ws/stage9_libero_pro_risk_data/campaigns/fiper_sweep_eternal/instance_A/fiper_receding_samples.jsonl
bob|fiper_sweep_eternal|instance_A|libero_spatial_object_t7_r36,success_test_id,bob,fiper_sweep_eternal,instance_A,libero_spatial_object_t7_r36,libero_spatial_object,7,object,success,129,0,128,/media/rootalkhatib/My Passport/reda_ws/asynchvla_ws/stage9_libero_pro_risk_data/campaigns/fiper_sweep_eternal/instance_A/fiper_receding_samples.jsonl
bob|fiper_sweep_eternal|instance_A|libero_spatial_object_t7_r37,success_train,bob,fiper_sweep_eternal,instance_A,libero_spatial_object_t7_r37,libero_spatial_object,7,object,success,146,0,145,/media/rootalkhatib/My Passport/reda_ws/asynchvla_ws/stage9_libero_pro_risk_data/campaigns/fiper_sweep_eternal/instance_A/fiper_receding_samples.jsonl
bob|fiper_sweep_eternal|instance_A|libero_spatial_object_t7_r4,success_test_id,bob,fiper_sweep_eternal,instance_A,libero_spatial_object_t7_r4,libero_spatial_object,7,object,success,130,0,129,/media/rootalkhatib/My Passport/reda_ws/asynchvla_ws/stage9_libero_pro_risk_data/campaigns/fiper_sweep_eternal/instance_A/fiper_receding_samples.jsonl
bob|fiper_sweep_eternal|instance_A|libero_spatial_object_t7_r5,success_train,bob,fiper_sweep_eternal,instance_A,libero_spatial_object_t7_r5,libero_spatial_object,7,object,success,145,0,144,/media/rootalkhatib/My Passport/reda_ws/asynchvla_ws/stage9_libero_pro_risk_data/campaigns/fiper_sweep_eternal/instance_A/fiper_receding_samples.jsonl
bob|fiper_sweep_eternal|instance_A|libero_spatial_object_t7_r6,success_calib,bob,fiper_sweep_eternal,instance_A,libero_spatial_object_t7_r6,libero_spatial_object,7,object,success,161,0,160,/media/rootalkhatib/My Passport/reda_ws/asynchvla_ws/stage9_libero_pro_risk_data/campaigns/fiper_sweep_eternal/instance_A/fiper_receding_samples.jsonl
bob|fiper_sweep_eternal|instance_A|libero_spatial_object_t7_r7,success_train,bob,fiper_sweep_eternal,instance_A,libero_spatial_object_t7_r7,libero_spatial_object,7,object,success,168,0,167,/media/rootalkhatib/My Passport/reda_ws/asynchvla_ws/stage9_libero_pro_risk_data/campaigns/fiper_sweep_eternal/instance_A/fiper_receding_samples.jsonl
bob|fiper_sweep_eternal|instance_A|libero_spatial_object_t7_r8,success_calib,bob,fiper_sweep_eternal,instance_A,libero_spatial_object_t7_r8,libero_spatial_object,7,object,success,203,0,202,/media/rootalkhatib/My Passport/reda_ws/asynchvla_ws/stage9_libero_pro_risk_data/campaigns/fiper_sweep_eternal/instance_A/fiper_receding_samples.jsonl
bob|fiper_sweep_eternal|instance_A|libero_spatial_object_t7_r9,success_train,bob,fiper_sweep_eternal,instance_A,libero_spatial_object_t7_r9,libero_spatial_object,7,object,success,170,0,169,/media/rootalkhatib/My Passport/reda_ws/asynchvla_ws/stage9_libero_pro_risk_data/campaigns/fiper_sweep_eternal/instance_A/fiper_receding_samples.jsonl
bob|fiper_sweep_eternal|instance_A|libero_spatial_object_t8_r0,success_train,bob,fiper_sweep_eternal,instance_A,libero_spatial_object_t8_r0,libero_spatial_object,8,object,success,89,0,88,/media/rootalkhatib/My Passport/reda_ws/asynchvla_ws/stage9_libero_pro_risk_data/campaigns/fiper_sweep_eternal/instance_A/fiper_receding_samples.jsonl
bob|fiper_sweep_eternal|instance_A|libero_spatial_object_t8_r1,success_train,bob,fiper_sweep_eternal,instance_A,libero_spatial_object_t8_r1,libero_spatial_object,8,object,success,92,0,91,/media/rootalkhatib/My Passport/reda_ws/asynchvla_ws/stage9_libero_pro_risk_data/campaigns/fiper_sweep_eternal/instance_A/fiper_receding_samples.jsonl
bob|fiper_sweep_eternal|instance_A|libero_spatial_object_t8_r10,success_train,bob,fiper_sweep_eternal,instance_A,libero_spatial_object_t8_r10,libero_spatial_object,8,object,success,89,0,88,/media/rootalkhatib/My Passport/reda_ws/asynchvla_ws/stage9_libero_pro_risk_data/campaigns/fiper_sweep_eternal/instance_A/fiper_receding_samples.jsonl
bob|fiper_sweep_eternal|instance_A|libero_spatial_object_t8_r11,success_train,bob,fiper_sweep_eternal,instance_A,libero_spatial_object_t8_r11,libero_spatial_object,8,object,success,91,0,90,/media/rootalkhatib/My Passport/reda_ws/asynchvla_ws/stage9_libero_pro_risk_data/campaigns/fiper_sweep_eternal/instance_A/fiper_receding_samples.jsonl
bob|fiper_sweep_eternal|instance_A|libero_spatial_object_t8_r12,success_train,bob,fiper_sweep_eternal,instance_A,libero_spatial_object_t8_r12,libero_spatial_object,8,object,success,83,0,82,/media/rootalkhatib/My Passport/reda_ws/asynchvla_ws/stage9_libero_pro_risk_data/campaigns/fiper_sweep_eternal/instance_A/fiper_receding_samples.jsonl
bob|fiper_sweep_eternal|instance_A|libero_spatial_object_t8_r13,success_test_id,bob,fiper_sweep_eternal,instance_A,libero_spatial_object_t8_r13,libero_spatial_object,8,object,success,81,0,80,/media/rootalkhatib/My Passport/reda_ws/asynchvla_ws/stage9_libero_pro_risk_data/campaigns/fiper_sweep_eternal/instance_A/fiper_receding_samples.jsonl
bob|fiper_sweep_eternal|instance_A|libero_spatial_object_t8_r14,success_train,bob,fiper_sweep_eternal,instance_A,libero_spatial_object_t8_r14,libero_spatial_object,8,object,success,90,0,89,/media/rootalkhatib/My Passport/reda_ws/asynchvla_ws/stage9_libero_pro_risk_data/campaigns/fiper_sweep_eternal/instance_A/fiper_receding_samples.jsonl
bob|fiper_sweep_eternal|instance_A|libero_spatial_object_t8_r15,success_calib,bob,fiper_sweep_eternal,instance_A,libero_spatial_object_t8_r15,libero_spatial_object,8,object,success,84,0,83,/media/rootalkhatib/My Passport/reda_ws/asynchvla_ws/stage9_libero_pro_risk_data/campaigns/fiper_sweep_eternal/instance_A/fiper_receding_samples.jsonl
bob|fiper_sweep_eternal|instance_A|libero_spatial_object_t8_r16,success_train,bob,fiper_sweep_eternal,instance_A,libero_spatial_object_t8_r16,libero_spatial_object,8,object,success,95,0,94,/media/rootalkhatib/My Passport/reda_ws/asynchvla_ws/stage9_libero_pro_risk_data/campaigns/fiper_sweep_eternal/instance_A/fiper_receding_samples.jsonl
bob|fiper_sweep_eternal|instance_A|libero_spatial_object_t8_r17,success_train,bob,fiper_sweep_eternal,instance_A,libero_spatial_object_t8_r17,libero_spatial_object,8,object,success,85,0,84,/media/rootalkhatib/My Passport/reda_ws/asynchvla_ws/stage9_libero_pro_risk_data/campaigns/fiper_sweep_eternal/instance_A/fiper_receding_samples.jsonl
bob|fiper_sweep_eternal|instance_A|libero_spatial_object_t8_r18,success_train,bob,fiper_sweep_eternal,instance_A,libero_spatial_object_t8_r18,libero_spatial_object,8,object,success,85,0,84,/media/rootalkhatib/My Passport/reda_ws/asynchvla_ws/stage9_libero_pro_risk_data/campaigns/fiper_sweep_eternal/instance_A/fiper_receding_samples.jsonl
bob|fiper_sweep_eternal|instance_A|libero_spatial_object_t8_r19,success_train,bob,fiper_sweep_eternal,instance_A,libero_spatial_object_t8_r19,libero_spatial_object,8,object,success,91,0,90,/media/rootalkhatib/My Passport/reda_ws/asynchvla_ws/stage9_libero_pro_risk_data/campaigns/fiper_sweep_eternal/instance_A/fiper_receding_samples.jsonl
bob|fiper_sweep_eternal|instance_A|libero_spatial_object_t8_r2,success_calib,bob,fiper_sweep_eternal,instance_A,libero_spatial_object_t8_r2,libero_spatial_object,8,object,success,90,0,89,/media/rootalkhatib/My Passport/reda_ws/asynchvla_ws/stage9_libero_pro_risk_data/campaigns/fiper_sweep_eternal/instance_A/fiper_receding_samples.jsonl
bob|fiper_sweep_eternal|instance_A|libero_spatial_object_t8_r20,success_train,bob,fiper_sweep_eternal,instance_A,libero_spatial_object_t8_r20,libero_spatial_object,8,object,success,86,0,85,/media/rootalkhatib/My Passport/reda_ws/asynchvla_ws/stage9_libero_pro_risk_data/campaigns/fiper_sweep_eternal/instance_A/fiper_receding_samples.jsonl
bob|fiper_sweep_eternal|instance_A|libero_spatial_object_t8_r21,success_train,bob,fiper_sweep_eternal,instance_A,libero_spatial_object_t8_r21,libero_spatial_object,8,object,success,91,0,90,/media/rootalkhatib/My Passport/reda_ws/asynchvla_ws/stage9_libero_pro_risk_data/campaigns/fiper_sweep_eternal/instance_A/fiper_receding_samples.jsonl
bob|fiper_sweep_eternal|instance_A|libero_spatial_object_t8_r22,success_train,bob,fiper_sweep_eternal,instance_A,libero_spatial_object_t8_r22,libero_spatial_object,8,object,success,87,0,86,/media/rootalkhatib/My Passport/reda_ws/asynchvla_ws/stage9_libero_pro_risk_data/campaigns/fiper_sweep_eternal/instance_A/fiper_receding_samples.jsonl
bob|fiper_sweep_eternal|instance_A|libero_spatial_object_t8_r23,success_train,bob,fiper_sweep_eternal,instance_A,libero_spatial_object_t8_r23,libero_spatial_object,8,object,success,93,0,92,/media/rootalkhatib/My Passport/reda_ws/asynchvla_ws/stage9_libero_pro_risk_data/campaigns/fiper_sweep_eternal/instance_A/fiper_receding_samples.jsonl
bob|fiper_sweep_eternal|instance_A|libero_spatial_object_t8_r24,success_train,bob,fiper_sweep_eternal,instance_A,libero_spatial_object_t8_r24,libero_spatial_object,8,object,success,91,0,90,/media/rootalkhatib/My Passport/reda_ws/asynchvla_ws/stage9_libero_pro_risk_data/campaigns/fiper_sweep_eternal/instance_A/fiper_receding_samples.jsonl
bob|fiper_sweep_eternal|instance_A|libero_spatial_object_t8_r25,success_train,bob,fiper_sweep_eternal,instance_A,libero_spatial_object_t8_r25,libero_spatial_object,8,object,success,91,0,90,/media/rootalkhatib/My Passport/reda_ws/asynchvla_ws/stage9_libero_pro_risk_data/campaigns/fiper_sweep_eternal/instance_A/fiper_receding_samples.jsonl
bob|fiper_sweep_eternal|instance_A|libero_spatial_object_t8_r26,success_train,bob,fiper_sweep_eternal,instance_A,libero_spatial_object_t8_r26,libero_spatial_object,8,object,success,86,0,85,/media/rootalkhatib/My Passport/reda_ws/asynchvla_ws/stage9_libero_pro_risk_data/campaigns/fiper_sweep_eternal/instance_A/fiper_receding_samples.jsonl
bob|fiper_sweep_eternal|instance_A|libero_spatial_object_t8_r27,success_train,bob,fiper_sweep_eternal,instance_A,libero_spatial_object_t8_r27,libero_spatial_object,8,object,success,85,0,84,/media/rootalkhatib/My Passport/reda_ws/asynchvla_ws/stage9_libero_pro_risk_data/campaigns/fiper_sweep_eternal/instance_A/fiper_receding_samples.jsonl
bob|fiper_sweep_eternal|instance_A|libero_spatial_object_t8_r28,success_test_id,bob,fiper_sweep_eternal,instance_A,libero_spatial_object_t8_r28,libero_spatial_object,8,object,success,88,0,87,/media/rootalkhatib/My Passport/reda_ws/asynchvla_ws/stage9_libero_pro_risk_data/campaigns/fiper_sweep_eternal/instance_A/fiper_receding_samples.jsonl
bob|fiper_sweep_eternal|instance_A|libero_spatial_object_t8_r29,success_test_id,bob,fiper_sweep_eternal,instance_A,libero_spatial_object_t8_r29,libero_spatial_object,8,object,success,96,0,95,/media/rootalkhatib/My Passport/reda_ws/asynchvla_ws/stage9_libero_pro_risk_data/campaigns/fiper_sweep_eternal/instance_A/fiper_receding_samples.jsonl
bob|fiper_sweep_eternal|instance_A|libero_spatial_object_t8_r3,success_train,bob,fiper_sweep_eternal,instance_A,libero_spatial_object_t8_r3,libero_spatial_object,8,object,success,93,0,92,/media/rootalkhatib/My Passport/reda_ws/asynchvla_ws/stage9_libero_pro_risk_data/campaigns/fiper_sweep_eternal/instance_A/fiper_receding_samples.jsonl
bob|fiper_sweep_eternal|instance_A|libero_spatial_object_t8_r30,success_train,bob,fiper_sweep_eternal,instance_A,libero_spatial_object_t8_r30,libero_spatial_object,8,object,success,92,0,91,/media/rootalkhatib/My Passport/reda_ws/asynchvla_ws/stage9_libero_pro_risk_data/campaigns/fiper_sweep_eternal/instance_A/fiper_receding_samples.jsonl
bob|fiper_sweep_eternal|instance_A|libero_spatial_object_t8_r31,success_train,bob,fiper_sweep_eternal,instance_A,libero_spatial_object_t8_r31,libero_spatial_object,8,object,success,93,0,92,/media/rootalkhatib/My Passport/reda_ws/asynchvla_ws/stage9_libero_pro_risk_data/campaigns/fiper_sweep_eternal/instance_A/fiper_receding_samples.jsonl
bob|fiper_sweep_eternal|instance_A|libero_spatial_object_t8_r32,success_train,bob,fiper_sweep_eternal,instance_A,libero_spatial_object_t8_r32,libero_spatial_object,8,object,success,88,0,87,/media/rootalkhatib/My Passport/reda_ws/asynchvla_ws/stage9_libero_pro_risk_data/campaigns/fiper_sweep_eternal/instance_A/fiper_receding_samples.jsonl
bob|fiper_sweep_eternal|instance_A|libero_spatial_object_t8_r33,success_calib,bob,fiper_sweep_eternal,instance_A,libero_spatial_object_t8_r33,libero_spatial_object,8,object,success,98,0,97,/media/rootalkhatib/My Passport/reda_ws/asynchvla_ws/stage9_libero_pro_risk_data/campaigns/fiper_sweep_eternal/instance_A/fiper_receding_samples.jsonl
bob|fiper_sweep_eternal|instance_A|libero_spatial_object_t8_r34,success_calib,bob,fiper_sweep_eternal,instance_A,libero_spatial_object_t8_r34,libero_spatial_object,8,object,success,87,0,86,/media/rootalkhatib/My Passport/reda_ws/asynchvla_ws/stage9_libero_pro_risk_data/campaigns/fiper_sweep_eternal/instance_A/fiper_receding_samples.jsonl
bob|fiper_sweep_eternal|instance_A|libero_spatial_object_t8_r35,success_test_id,bob,fiper_sweep_eternal,instance_A,libero_spatial_object_t8_r35,libero_spatial_object,8,object,success,84,0,83,/media/rootalkhatib/My Passport/reda_ws/asynchvla_ws/stage9_libero_pro_risk_data/campaigns/fiper_sweep_eternal/instance_A/fiper_receding_samples.jsonl
bob|fiper_sweep_eternal|instance_A|libero_spatial_object_t8_r36,success_train,bob,fiper_sweep_eternal,instance_A,libero_spatial_object_t8_r36,libero_spatial_object,8,object,success,92,0,91,/media/rootalkhatib/My Passport/reda_ws/asynchvla_ws/stage9_libero_pro_risk_data/campaigns/fiper_sweep_eternal/instance_A/fiper_receding_samples.jsonl
bob|fiper_sweep_eternal|instance_A|libero_spatial_object_t8_r4,failure_eval_all,bob,fiper_sweep_eternal,instance_A,libero_spatial_object_t8_r4,libero_spatial_object,8,object,failure_or_timeout,300,0,299,/media/rootalkhatib/My Passport/reda_ws/asynchvla_ws/stage9_libero_pro_risk_data/campaigns/fiper_sweep_eternal/instance_A/fiper_receding_samples.jsonl
bob|fiper_sweep_eternal|instance_A|libero_spatial_object_t8_r5,success_train,bob,fiper_sweep_eternal,instance_A,libero_spatial_object_t8_r5,libero_spatial_object,8,object,success,89,0,88,/media/rootalkhatib/My Passport/reda_ws/asynchvla_ws/stage9_libero_pro_risk_data/campaigns/fiper_sweep_eternal/instance_A/fiper_receding_samples.jsonl
bob|fiper_sweep_eternal|instance_A|libero_spatial_object_t8_r6,success_test_id,bob,fiper_sweep_eternal,instance_A,libero_spatial_object_t8_r6,libero_spatial_object,8,object,success,86,0,85,/media/rootalkhatib/My Passport/reda_ws/asynchvla_ws/stage9_libero_pro_risk_data/campaigns/fiper_sweep_eternal/instance_A/fiper_receding_samples.jsonl
bob|fiper_sweep_eternal|instance_A|libero_spatial_object_t8_r7,success_train,bob,fiper_sweep_eternal,instance_A,libero_spatial_object_t8_r7,libero_spatial_object,8,object,success,83,0,82,/media/rootalkhatib/My Passport/reda_ws/asynchvla_ws/stage9_libero_pro_risk_data/campaigns/fiper_sweep_eternal/instance_A/fiper_receding_samples.jsonl
bob|fiper_sweep_eternal|instance_A|libero_spatial_object_t8_r8,success_calib,bob,fiper_sweep_eternal,instance_A,libero_spatial_object_t8_r8,libero_spatial_object,8,object,success,91,0,90,/media/rootalkhatib/My Passport/reda_ws/asynchvla_ws/stage9_libero_pro_risk_data/campaigns/fiper_sweep_eternal/instance_A/fiper_receding_samples.jsonl
bob|fiper_sweep_eternal|instance_A|libero_spatial_object_t8_r9,success_test_id,bob,fiper_sweep_eternal,instance_A,libero_spatial_object_t8_r9,libero_spatial_object,8,object,success,87,0,86,/media/rootalkhatib/My Passport/reda_ws/asynchvla_ws/stage9_libero_pro_risk_data/campaigns/fiper_sweep_eternal/instance_A/fiper_receding_samples.jsonl
bob|fiper_sweep_eternal|instance_A|libero_spatial_object_t9_r0,success_train,bob,fiper_sweep_eternal,instance_A,libero_spatial_object_t9_r0,libero_spatial_object,9,object,success,110,0,109,/media/rootalkhatib/My Passport/reda_ws/asynchvla_ws/stage9_libero_pro_risk_data/campaigns/fiper_sweep_eternal/instance_A/fiper_receding_samples.jsonl
bob|fiper_sweep_eternal|instance_A|libero_spatial_object_t9_r1,success_calib,bob,fiper_sweep_eternal,instance_A,libero_spatial_object_t9_r1,libero_spatial_object,9,object,success,124,0,123,/media/rootalkhatib/My Passport/reda_ws/asynchvla_ws/stage9_libero_pro_risk_data/campaigns/fiper_sweep_eternal/instance_A/fiper_receding_samples.jsonl
bob|fiper_sweep_eternal|instance_A|libero_spatial_object_t9_r10,success_calib,bob,fiper_sweep_eternal,instance_A,libero_spatial_object_t9_r10,libero_spatial_object,9,object,success,114,0,113,/media/rootalkhatib/My Passport/reda_ws/asynchvla_ws/stage9_libero_pro_risk_data/campaigns/fiper_sweep_eternal/instance_A/fiper_receding_samples.jsonl
bob|fiper_sweep_eternal|instance_A|libero_spatial_object_t9_r11,failure_eval_all,bob,fiper_sweep_eternal,instance_A,libero_spatial_object_t9_r11,libero_spatial_object,9,object,failure_or_timeout,300,0,299,/media/rootalkhatib/My Passport/reda_ws/asynchvla_ws/stage9_libero_pro_risk_data/campaigns/fiper_sweep_eternal/instance_A/fiper_receding_samples.jsonl
bob|fiper_sweep_eternal|instance_A|libero_spatial_object_t9_r12,success_train,bob,fiper_sweep_eternal,instance_A,libero_spatial_object_t9_r12,libero_spatial_object,9,object,success,112,0,111,/media/rootalkhatib/My Passport/reda_ws/asynchvla_ws/stage9_libero_pro_risk_data/campaigns/fiper_sweep_eternal/instance_A/fiper_receding_samples.jsonl
bob|fiper_sweep_eternal|instance_A|libero_spatial_object_t9_r13,success_test_id,bob,fiper_sweep_eternal,instance_A,libero_spatial_object_t9_r13,libero_spatial_object,9,object,success,110,0,109,/media/rootalkhatib/My Passport/reda_ws/asynchvla_ws/stage9_libero_pro_risk_data/campaigns/fiper_sweep_eternal/instance_A/fiper_receding_samples.jsonl
bob|fiper_sweep_eternal|instance_A|libero_spatial_object_t9_r14,success_test_id,bob,fiper_sweep_eternal,instance_A,libero_spatial_object_t9_r14,libero_spatial_object,9,object,success,108,0,107,/media/rootalkhatib/My Passport/reda_ws/asynchvla_ws/stage9_libero_pro_risk_data/campaigns/fiper_sweep_eternal/instance_A/fiper_receding_samples.jsonl
bob|fiper_sweep_eternal|instance_A|libero_spatial_object_t9_r15,success_train,bob,fiper_sweep_eternal,instance_A,libero_spatial_object_t9_r15,libero_spatial_object,9,object,success,115,0,114,/media/rootalkhatib/My Passport/reda_ws/asynchvla_ws/stage9_libero_pro_risk_data/campaigns/fiper_sweep_eternal/instance_A/fiper_receding_samples.jsonl
bob|fiper_sweep_eternal|instance_A|libero_spatial_object_t9_r16,success_train,bob,fiper_sweep_eternal,instance_A,libero_spatial_object_t9_r16,libero_spatial_object,9,object,success,105,0,104,/media/rootalkhatib/My Passport/reda_ws/asynchvla_ws/stage9_libero_pro_risk_data/campaigns/fiper_sweep_eternal/instance_A/fiper_receding_samples.jsonl
bob|fiper_sweep_eternal|instance_A|libero_spatial_object_t9_r17,success_train,bob,fiper_sweep_eternal,instance_A,libero_spatial_object_t9_r17,libero_spatial_object,9,object,success,112,0,111,/media/rootalkhatib/My Passport/reda_ws/asynchvla_ws/stage9_libero_pro_risk_data/campaigns/fiper_sweep_eternal/instance_A/fiper_receding_samples.jsonl
bob|fiper_sweep_eternal|instance_A|libero_spatial_object_t9_r18,success_calib,bob,fiper_sweep_eternal,instance_A,libero_spatial_object_t9_r18,libero_spatial_object,9,object,success,112,0,111,/media/rootalkhatib/My Passport/reda_ws/asynchvla_ws/stage9_libero_pro_risk_data/campaigns/fiper_sweep_eternal/instance_A/fiper_receding_samples.jsonl
bob|fiper_sweep_eternal|instance_A|libero_spatial_object_t9_r19,success_test_id,bob,fiper_sweep_eternal,instance_A,libero_spatial_object_t9_r19,libero_spatial_object,9,object,success,117,0,116,/media/rootalkhatib/My Passport/reda_ws/asynchvla_ws/stage9_libero_pro_risk_data/campaigns/fiper_sweep_eternal/instance_A/fiper_receding_samples.jsonl
bob|fiper_sweep_eternal|instance_A|libero_spatial_object_t9_r2,success_train,bob,fiper_sweep_eternal,instance_A,libero_spatial_object_t9_r2,libero_spatial_object,9,object,success,114,0,113,/media/rootalkhatib/My Passport/reda_ws/asynchvla_ws/stage9_libero_pro_risk_data/campaigns/fiper_sweep_eternal/instance_A/fiper_receding_samples.jsonl
bob|fiper_sweep_eternal|instance_A|libero_spatial_object_t9_r20,success_train,bob,fiper_sweep_eternal,instance_A,libero_spatial_object_t9_r20,libero_spatial_object,9,object,success,104,0,103,/media/rootalkhatib/My Passport/reda_ws/asynchvla_ws/stage9_libero_pro_risk_data/campaigns/fiper_sweep_eternal/instance_A/fiper_receding_samples.jsonl
bob|fiper_sweep_eternal|instance_A|libero_spatial_object_t9_r21,success_train,bob,fiper_sweep_eternal,instance_A,libero_spatial_object_t9_r21,libero_spatial_object,9,object,success,120,0,119,/media/rootalkhatib/My Passport/reda_ws/asynchvla_ws/stage9_libero_pro_risk_data/campaigns/fiper_sweep_eternal/instance_A/fiper_receding_samples.jsonl
bob|fiper_sweep_eternal|instance_A|libero_spatial_object_t9_r22,success_train,bob,fiper_sweep_eternal,instance_A,libero_spatial_object_t9_r22,libero_spatial_object,9,object,success,112,0,111,/media/rootalkhatib/My Passport/reda_ws/asynchvla_ws/stage9_libero_pro_risk_data/campaigns/fiper_sweep_eternal/instance_A/fiper_receding_samples.jsonl
bob|fiper_sweep_eternal|instance_A|libero_spatial_object_t9_r23,success_train,bob,fiper_sweep_eternal,instance_A,libero_spatial_object_t9_r23,libero_spatial_object,9,object,success,107,0,106,/media/rootalkhatib/My Passport/reda_ws/asynchvla_ws/stage9_libero_pro_risk_data/campaigns/fiper_sweep_eternal/instance_A/fiper_receding_samples.jsonl
bob|fiper_sweep_eternal|instance_A|libero_spatial_object_t9_r24,success_calib,bob,fiper_sweep_eternal,instance_A,libero_spatial_object_t9_r24,libero_spatial_object,9,object,success,121,0,120,/media/rootalkhatib/My Passport/reda_ws/asynchvla_ws/stage9_libero_pro_risk_data/campaigns/fiper_sweep_eternal/instance_A/fiper_receding_samples.jsonl
bob|fiper_sweep_eternal|instance_A|libero_spatial_object_t9_r25,success_train,bob,fiper_sweep_eternal,instance_A,libero_spatial_object_t9_r25,libero_spatial_object,9,object,success,117,0,116,/media/rootalkhatib/My Passport/reda_ws/asynchvla_ws/stage9_libero_pro_risk_data/campaigns/fiper_sweep_eternal/instance_A/fiper_receding_samples.jsonl
bob|fiper_sweep_eternal|instance_A|libero_spatial_object_t9_r26,success_train,bob,fiper_sweep_eternal,instance_A,libero_spatial_object_t9_r26,libero_spatial_object,9,object,success,111,0,110,/media/rootalkhatib/My Passport/reda_ws/asynchvla_ws/stage9_libero_pro_risk_data/campaigns/fiper_sweep_eternal/instance_A/fiper_receding_samples.jsonl
bob|fiper_sweep_eternal|instance_A|libero_spatial_object_t9_r27,success_train,bob,fiper_sweep_eternal,instance_A,libero_spatial_object_t9_r27,libero_spatial_object,9,object,success,117,0,116,/media/rootalkhatib/My Passport/reda_ws/asynchvla_ws/stage9_libero_pro_risk_data/campaigns/fiper_sweep_eternal/instance_A/fiper_receding_samples.jsonl
bob|fiper_sweep_eternal|instance_A|libero_spatial_object_t9_r28,success_train,bob,fiper_sweep_eternal,instance_A,libero_spatial_object_t9_r28,libero_spatial_object,9,object,success,124,0,123,/media/rootalkhatib/My Passport/reda_ws/asynchvla_ws/stage9_libero_pro_risk_data/campaigns/fiper_sweep_eternal/instance_A/fiper_receding_samples.jsonl
bob|fiper_sweep_eternal|instance_A|libero_spatial_object_t9_r29,success_train,bob,fiper_sweep_eternal,instance_A,libero_spatial_object_t9_r29,libero_spatial_object,9,object,success,120,0,119,/media/rootalkhatib/My Passport/reda_ws/asynchvla_ws/stage9_libero_pro_risk_data/campaigns/fiper_sweep_eternal/instance_A/fiper_receding_samples.jsonl
bob|fiper_sweep_eternal|instance_A|libero_spatial_object_t9_r3,success_test_id,bob,fiper_sweep_eternal,instance_A,libero_spatial_object_t9_r3,libero_spatial_object,9,object,success,117,0,116,/media/rootalkhatib/My Passport/reda_ws/asynchvla_ws/stage9_libero_pro_risk_data/campaigns/fiper_sweep_eternal/instance_A/fiper_receding_samples.jsonl
bob|fiper_sweep_eternal|instance_A|libero_spatial_object_t9_r30,success_calib,bob,fiper_sweep_eternal,instance_A,libero_spatial_object_t9_r30,libero_spatial_object,9,object,success,112,0,111,/media/rootalkhatib/My Passport/reda_ws/asynchvla_ws/stage9_libero_pro_risk_data/campaigns/fiper_sweep_eternal/instance_A/fiper_receding_samples.jsonl
bob|fiper_sweep_eternal|instance_A|libero_spatial_object_t9_r31,success_train,bob,fiper_sweep_eternal,instance_A,libero_spatial_object_t9_r31,libero_spatial_object,9,object,success,104,0,103,/media/rootalkhatib/My Passport/reda_ws/asynchvla_ws/stage9_libero_pro_risk_data/campaigns/fiper_sweep_eternal/instance_A/fiper_receding_samples.jsonl
bob|fiper_sweep_eternal|instance_A|libero_spatial_object_t9_r32,success_train,bob,fiper_sweep_eternal,instance_A,libero_spatial_object_t9_r32,libero_spatial_object,9,object,success,109,0,108,/media/rootalkhatib/My Passport/reda_ws/asynchvla_ws/stage9_libero_pro_risk_data/campaigns/fiper_sweep_eternal/instance_A/fiper_receding_samples.jsonl
bob|fiper_sweep_eternal|instance_A|libero_spatial_object_t9_r33,success_train,bob,fiper_sweep_eternal,instance_A,libero_spatial_object_t9_r33,libero_spatial_object,9,object,success,107,0,106,/media/rootalkhatib/My Passport/reda_ws/asynchvla_ws/stage9_libero_pro_risk_data/campaigns/fiper_sweep_eternal/instance_A/fiper_receding_samples.jsonl
bob|fiper_sweep_eternal|instance_A|libero_spatial_object_t9_r34,success_test_id,bob,fiper_sweep_eternal,instance_A,libero_spatial_object_t9_r34,libero_spatial_object,9,object,success,106,0,105,/media/rootalkhatib/My Passport/reda_ws/asynchvla_ws/stage9_libero_pro_risk_data/campaigns/fiper_sweep_eternal/instance_A/fiper_receding_samples.jsonl
bob|fiper_sweep_eternal|instance_A|libero_spatial_object_t9_r35,success_train,bob,fiper_sweep_eternal,instance_A,libero_spatial_object_t9_r35,libero_spatial_object,9,object,success,110,0,109,/media/rootalkhatib/My Passport/reda_ws/asynchvla_ws/stage9_libero_pro_risk_data/campaigns/fiper_sweep_eternal/instance_A/fiper_receding_samples.jsonl
bob|fiper_sweep_eternal|instance_A|libero_spatial_object_t9_r36,success_train,bob,fiper_sweep_eternal,instance_A,libero_spatial_object_t9_r36,libero_spatial_object,9,object,success,117,0,116,/media/rootalkhatib/My Passport/reda_ws/asynchvla_ws/stage9_libero_pro_risk_data/campaigns/fiper_sweep_eternal/instance_A/fiper_receding_samples.jsonl
bob|fiper_sweep_eternal|instance_A|libero_spatial_object_t9_r4,success_train,bob,fiper_sweep_eternal,instance_A,libero_spatial_object_t9_r4,libero_spatial_object,9,object,success,114,0,113,/media/rootalkhatib/My Passport/reda_ws/asynchvla_ws/stage9_libero_pro_risk_data/campaigns/fiper_sweep_eternal/instance_A/fiper_receding_samples.jsonl
bob|fiper_sweep_eternal|instance_A|libero_spatial_object_t9_r5,success_train,bob,fiper_sweep_eternal,instance_A,libero_spatial_object_t9_r5,libero_spatial_object,9,object,success,118,0,117,/media/rootalkhatib/My Passport/reda_ws/asynchvla_ws/stage9_libero_pro_risk_data/campaigns/fiper_sweep_eternal/instance_A/fiper_receding_samples.jsonl
bob|fiper_sweep_eternal|instance_A|libero_spatial_object_t9_r6,success_train,bob,fiper_sweep_eternal,instance_A,libero_spatial_object_t9_r6,libero_spatial_object,9,object,success,113,0,112,/media/rootalkhatib/My Passport/reda_ws/asynchvla_ws/stage9_libero_pro_risk_data/campaigns/fiper_sweep_eternal/instance_A/fiper_receding_samples.jsonl
bob|fiper_sweep_eternal|instance_A|libero_spatial_object_t9_r7,success_train,bob,fiper_sweep_eternal,instance_A,libero_spatial_object_t9_r7,libero_spatial_object,9,object,success,109,0,108,/media/rootalkhatib/My Passport/reda_ws/asynchvla_ws/stage9_libero_pro_risk_data/campaigns/fiper_sweep_eternal/instance_A/fiper_receding_samples.jsonl
bob|fiper_sweep_eternal|instance_A|libero_spatial_object_t9_r8,success_train,bob,fiper_sweep_eternal,instance_A,libero_spatial_object_t9_r8,libero_spatial_object,9,object,success,121,0,120,/media/rootalkhatib/My Passport/reda_ws/asynchvla_ws/stage9_libero_pro_risk_data/campaigns/fiper_sweep_eternal/instance_A/fiper_receding_samples.jsonl
bob|fiper_sweep_eternal|instance_A|libero_spatial_object_t9_r9,success_test_id,bob,fiper_sweep_eternal,instance_A,libero_spatial_object_t9_r9,libero_spatial_object,9,object,success,118,0,117,/media/rootalkhatib/My Passport/reda_ws/asynchvla_ws/stage9_libero_pro_risk_data/campaigns/fiper_sweep_eternal/instance_A/fiper_receding_samples.jsonl
bob|fiper_sweep_eternal|instance_B|libero_goal_env_t0_r0,success_train,bob,fiper_sweep_eternal,instance_B,libero_goal_env_t0_r0,libero_goal_env,0,env,success,299,0,298,/media/rootalkhatib/My Passport/reda_ws/asynchvla_ws/stage9_libero_pro_risk_data/campaigns/fiper_sweep_eternal/instance_B/fiper_receding_samples.jsonl
bob|fiper_sweep_eternal|instance_B|libero_goal_env_t0_r1,failure_eval_all,bob,fiper_sweep_eternal,instance_B,libero_goal_env_t0_r1,libero_goal_env,0,env,failure_or_timeout,300,0,299,/media/rootalkhatib/My Passport/reda_ws/asynchvla_ws/stage9_libero_pro_risk_data/campaigns/fiper_sweep_eternal/instance_B/fiper_receding_samples.jsonl
bob|fiper_sweep_eternal|instance_B|libero_goal_env_t0_r10,success_train,bob,fiper_sweep_eternal,instance_B,libero_goal_env_t0_r10,libero_goal_env,0,env,success,232,0,231,/media/rootalkhatib/My Passport/reda_ws/asynchvla_ws/stage9_libero_pro_risk_data/campaigns/fiper_sweep_eternal/instance_B/fiper_receding_samples.jsonl
bob|fiper_sweep_eternal|instance_B|libero_goal_env_t0_r11,success_test_id,bob,fiper_sweep_eternal,instance_B,libero_goal_env_t0_r11,libero_goal_env,0,env,success,136,0,135,/media/rootalkhatib/My Passport/reda_ws/asynchvla_ws/stage9_libero_pro_risk_data/campaigns/fiper_sweep_eternal/instance_B/fiper_receding_samples.jsonl
bob|fiper_sweep_eternal|instance_B|libero_goal_env_t0_r12,success_train,bob,fiper_sweep_eternal,instance_B,libero_goal_env_t0_r12,libero_goal_env,0,env,success,136,0,135,/media/rootalkhatib/My Passport/reda_ws/asynchvla_ws/stage9_libero_pro_risk_data/campaigns/fiper_sweep_eternal/instance_B/fiper_receding_samples.jsonl
bob|fiper_sweep_eternal|instance_B|libero_goal_env_t0_r13,success_test_id,bob,fiper_sweep_eternal,instance_B,libero_goal_env_t0_r13,libero_goal_env,0,env,success,298,0,297,/media/rootalkhatib/My Passport/reda_ws/asynchvla_ws/stage9_libero_pro_risk_data/campaigns/fiper_sweep_eternal/instance_B/fiper_receding_samples.jsonl
bob|fiper_sweep_eternal|instance_B|libero_goal_env_t0_r14,success_train,bob,fiper_sweep_eternal,instance_B,libero_goal_env_t0_r14,libero_goal_env,0,env,success,128,0,127,/media/rootalkhatib/My Passport/reda_ws/asynchvla_ws/stage9_libero_pro_risk_data/campaigns/fiper_sweep_eternal/instance_B/fiper_receding_samples.jsonl
bob|fiper_sweep_eternal|instance_B|libero_goal_env_t0_r15,success_train,bob,fiper_sweep_eternal,instance_B,libero_goal_env_t0_r15,libero_goal_env,0,env,success,110,0,109,/media/rootalkhatib/My Passport/reda_ws/asynchvla_ws/stage9_libero_pro_risk_data/campaigns/fiper_sweep_eternal/instance_B/fiper_receding_samples.jsonl
bob|fiper_sweep_eternal|instance_B|libero_goal_env_t0_r16,success_train,bob,fiper_sweep_eternal,instance_B,libero_goal_env_t0_r16,libero_goal_env,0,env,success,119,0,118,/media/rootalkhatib/My Passport/reda_ws/asynchvla_ws/stage9_libero_pro_risk_data/campaigns/fiper_sweep_eternal/instance_B/fiper_receding_samples.jsonl
bob|fiper_sweep_eternal|instance_B|libero_goal_env_t0_r17,success_train,bob,fiper_sweep_eternal,instance_B,libero_goal_env_t0_r17,libero_goal_env,0,env,success,174,0,173,/media/rootalkhatib/My Passport/reda_ws/asynchvla_ws/stage9_libero_pro_risk_data/campaigns/fiper_sweep_eternal/instance_B/fiper_receding_samples.jsonl
bob|fiper_sweep_eternal|instance_B|libero_goal_env_t0_r18,success_train,bob,fiper_sweep_eternal,instance_B,libero_goal_env_t0_r18,libero_goal_env,0,env,success,135,0,134,/media/rootalkhatib/My Passport/reda_ws/asynchvla_ws/stage9_libero_pro_risk_data/campaigns/fiper_sweep_eternal/instance_B/fiper_receding_samples.jsonl
bob|fiper_sweep_eternal|instance_B|libero_goal_env_t0_r19,success_train,bob,fiper_sweep_eternal,instance_B,libero_goal_env_t0_r19,libero_goal_env,0,env,success,140,0,139,/media/rootalkhatib/My Passport/reda_ws/asynchvla_ws/stage9_libero_pro_risk_data/campaigns/fiper_sweep_eternal/instance_B/fiper_receding_samples.jsonl
bob|fiper_sweep_eternal|instance_B|libero_goal_env_t0_r2,success_test_id,bob,fiper_sweep_eternal,instance_B,libero_goal_env_t0_r2,libero_goal_env,0,env,success,123,0,122,/media/rootalkhatib/My Passport/reda_ws/asynchvla_ws/stage9_libero_pro_risk_data/campaigns/fiper_sweep_eternal/instance_B/fiper_receding_samples.jsonl
bob|fiper_sweep_eternal|instance_B|libero_goal_env_t0_r20,success_train,bob,fiper_sweep_eternal,instance_B,libero_goal_env_t0_r20,libero_goal_env,0,env,success,176,0,175,/media/rootalkhatib/My Passport/reda_ws/asynchvla_ws/stage9_libero_pro_risk_data/campaigns/fiper_sweep_eternal/instance_B/fiper_receding_samples.jsonl
bob|fiper_sweep_eternal|instance_B|libero_goal_env_t0_r21,failure_eval_all,bob,fiper_sweep_eternal,instance_B,libero_goal_env_t0_r21,libero_goal_env,0,env,failure_or_timeout,300,0,299,/media/rootalkhatib/My Passport/reda_ws/asynchvla_ws/stage9_libero_pro_risk_data/campaigns/fiper_sweep_eternal/instance_B/fiper_receding_samples.jsonl
bob|fiper_sweep_eternal|instance_B|libero_goal_env_t0_r22,success_calib,bob,fiper_sweep_eternal,instance_B,libero_goal_env_t0_r22,libero_goal_env,0,env,success,105,0,104,/media/rootalkhatib/My Passport/reda_ws/asynchvla_ws/stage9_libero_pro_risk_data/campaigns/fiper_sweep_eternal/instance_B/fiper_receding_samples.jsonl
bob|fiper_sweep_eternal|instance_B|libero_goal_env_t0_r23,success_calib,bob,fiper_sweep_eternal,instance_B,libero_goal_env_t0_r23,libero_goal_env,0,env,success,143,0,142,/media/rootalkhatib/My Passport/reda_ws/asynchvla_ws/stage9_libero_pro_risk_data/campaigns/fiper_sweep_eternal/instance_B/fiper_receding_samples.jsonl
bob|fiper_sweep_eternal|instance_B|libero_goal_env_t0_r24,success_train,bob,fiper_sweep_eternal,instance_B,libero_goal_env_t0_r24,libero_goal_env,0,env,success,169,0,168,/media/rootalkhatib/My Passport/reda_ws/asynchvla_ws/stage9_libero_pro_risk_data/campaigns/fiper_sweep_eternal/instance_B/fiper_receding_samples.jsonl
bob|fiper_sweep_eternal|instance_B|libero_goal_env_t0_r25,success_train,bob,fiper_sweep_eternal,instance_B,libero_goal_env_t0_r25,libero_goal_env,0,env,success,170,0,169,/media/rootalkhatib/My Passport/reda_ws/asynchvla_ws/stage9_libero_pro_risk_data/campaigns/fiper_sweep_eternal/instance_B/fiper_receding_samples.jsonl
bob|fiper_sweep_eternal|instance_B|libero_goal_env_t0_r26,failure_eval_all,bob,fiper_sweep_eternal,instance_B,libero_goal_env_t0_r26,libero_goal_env,0,env,failure_or_timeout,300,0,299,/media/rootalkhatib/My Passport/reda_ws/asynchvla_ws/stage9_libero_pro_risk_data/campaigns/fiper_sweep_eternal/instance_B/fiper_receding_samples.jsonl
bob|fiper_sweep_eternal|instance_B|libero_goal_env_t0_r27,failure_eval_all,bob,fiper_sweep_eternal,instance_B,libero_goal_env_t0_r27,libero_goal_env,0,env,failure_or_timeout,300,0,299,/media/rootalkhatib/My Passport/reda_ws/asynchvla_ws/stage9_libero_pro_risk_data/campaigns/fiper_sweep_eternal/instance_B/fiper_receding_samples.jsonl
bob|fiper_sweep_eternal|instance_B|libero_goal_env_t0_r28,failure_eval_all,bob,fiper_sweep_eternal,instance_B,libero_goal_env_t0_r28,libero_goal_env,0,env,failure_or_timeout,300,0,299,/media/rootalkhatib/My Passport/reda_ws/asynchvla_ws/stage9_libero_pro_risk_data/campaigns/fiper_sweep_eternal/instance_B/fiper_receding_samples.jsonl
bob|fiper_sweep_eternal|instance_B|libero_goal_env_t0_r29,failure_eval_all,bob,fiper_sweep_eternal,instance_B,libero_goal_env_t0_r29,libero_goal_env,0,env,failure_or_timeout,300,0,299,/media/rootalkhatib/My Passport/reda_ws/asynchvla_ws/stage9_libero_pro_risk_data/campaigns/fiper_sweep_eternal/instance_B/fiper_receding_samples.jsonl
bob|fiper_sweep_eternal|instance_B|libero_goal_env_t0_r3,success_calib,bob,fiper_sweep_eternal,instance_B,libero_goal_env_t0_r3,libero_goal_env,0,env,success,148,0,147,/media/rootalkhatib/My Passport/reda_ws/asynchvla_ws/stage9_libero_pro_risk_data/campaigns/fiper_sweep_eternal/instance_B/fiper_receding_samples.jsonl
bob|fiper_sweep_eternal|instance_B|libero_goal_env_t0_r30,success_calib,bob,fiper_sweep_eternal,instance_B,libero_goal_env_t0_r30,libero_goal_env,0,env,success,120,0,119,/media/rootalkhatib/My Passport/reda_ws/asynchvla_ws/stage9_libero_pro_risk_data/campaigns/fiper_sweep_eternal/instance_B/fiper_receding_samples.jsonl
bob|fiper_sweep_eternal|instance_B|libero_goal_env_t0_r31,failure_eval_all,bob,fiper_sweep_eternal,instance_B,libero_goal_env_t0_r31,libero_goal_env,0,env,failure_or_timeout,300,0,299,/media/rootalkhatib/My Passport/reda_ws/asynchvla_ws/stage9_libero_pro_risk_data/campaigns/fiper_sweep_eternal/instance_B/fiper_receding_samples.jsonl
bob|fiper_sweep_eternal|instance_B|libero_goal_env_t0_r32,success_train,bob,fiper_sweep_eternal,instance_B,libero_goal_env_t0_r32,libero_goal_env,0,env,success,165,0,164,/media/rootalkhatib/My Passport/reda_ws/asynchvla_ws/stage9_libero_pro_risk_data/campaigns/fiper_sweep_eternal/instance_B/fiper_receding_samples.jsonl
bob|fiper_sweep_eternal|instance_B|libero_goal_env_t0_r33,success_train,bob,fiper_sweep_eternal,instance_B,libero_goal_env_t0_r33,libero_goal_env,0,env,success,126,0,125,/media/rootalkhatib/My Passport/reda_ws/asynchvla_ws/stage9_libero_pro_risk_data/campaigns/fiper_sweep_eternal/instance_B/fiper_receding_samples.jsonl
bob|fiper_sweep_eternal|instance_B|libero_goal_env_t0_r34,failure_eval_all,bob,fiper_sweep_eternal,instance_B,libero_goal_env_t0_r34,libero_goal_env,0,env,failure_or_timeout,300,0,299,/media/rootalkhatib/My Passport/reda_ws/asynchvla_ws/stage9_libero_pro_risk_data/campaigns/fiper_sweep_eternal/instance_B/fiper_receding_samples.jsonl
bob|fiper_sweep_eternal|instance_B|libero_goal_env_t0_r35,failure_eval_all,bob,fiper_sweep_eternal,instance_B,libero_goal_env_t0_r35,libero_goal_env,0,env,failure_or_timeout,300,0,299,/media/rootalkhatib/My Passport/reda_ws/asynchvla_ws/stage9_libero_pro_risk_data/campaigns/fiper_sweep_eternal/instance_B/fiper_receding_samples.jsonl
bob|fiper_sweep_eternal|instance_B|libero_goal_env_t0_r36,success_train,bob,fiper_sweep_eternal,instance_B,libero_goal_env_t0_r36,libero_goal_env,0,env,success,118,0,117,/media/rootalkhatib/My Passport/reda_ws/asynchvla_ws/stage9_libero_pro_risk_data/campaigns/fiper_sweep_eternal/instance_B/fiper_receding_samples.jsonl
bob|fiper_sweep_eternal|instance_B|libero_goal_env_t0_r37,success_test_id,bob,fiper_sweep_eternal,instance_B,libero_goal_env_t0_r37,libero_goal_env,0,env,success,118,0,117,/media/rootalkhatib/My Passport/reda_ws/asynchvla_ws/stage9_libero_pro_risk_data/campaigns/fiper_sweep_eternal/instance_B/fiper_receding_samples.jsonl
bob|fiper_sweep_eternal|instance_B|libero_goal_env_t0_r4,success_train,bob,fiper_sweep_eternal,instance_B,libero_goal_env_t0_r4,libero_goal_env,0,env,success,111,0,110,/media/rootalkhatib/My Passport/reda_ws/asynchvla_ws/stage9_libero_pro_risk_data/campaigns/fiper_sweep_eternal/instance_B/fiper_receding_samples.jsonl
bob|fiper_sweep_eternal|instance_B|libero_goal_env_t0_r5,failure_eval_all,bob,fiper_sweep_eternal,instance_B,libero_goal_env_t0_r5,libero_goal_env,0,env,failure_or_timeout,300,0,299,/media/rootalkhatib/My Passport/reda_ws/asynchvla_ws/stage9_libero_pro_risk_data/campaigns/fiper_sweep_eternal/instance_B/fiper_receding_samples.jsonl
bob|fiper_sweep_eternal|instance_B|libero_goal_env_t0_r6,success_train,bob,fiper_sweep_eternal,instance_B,libero_goal_env_t0_r6,libero_goal_env,0,env,success,195,0,194,/media/rootalkhatib/My Passport/reda_ws/asynchvla_ws/stage9_libero_pro_risk_data/campaigns/fiper_sweep_eternal/instance_B/fiper_receding_samples.jsonl
bob|fiper_sweep_eternal|instance_B|libero_goal_env_t0_r7,success_train,bob,fiper_sweep_eternal,instance_B,libero_goal_env_t0_r7,libero_goal_env,0,env,success,156,0,155,/media/rootalkhatib/My Passport/reda_ws/asynchvla_ws/stage9_libero_pro_risk_data/campaigns/fiper_sweep_eternal/instance_B/fiper_receding_samples.jsonl
bob|fiper_sweep_eternal|instance_B|libero_goal_env_t0_r8,success_train,bob,fiper_sweep_eternal,instance_B,libero_goal_env_t0_r8,libero_goal_env,0,env,success,240,0,239,/media/rootalkhatib/My Passport/reda_ws/asynchvla_ws/stage9_libero_pro_risk_data/campaigns/fiper_sweep_eternal/instance_B/fiper_receding_samples.jsonl
bob|fiper_sweep_eternal|instance_B|libero_goal_env_t0_r9,success_train,bob,fiper_sweep_eternal,instance_B,libero_goal_env_t0_r9,libero_goal_env,0,env,success,148,0,147,/media/rootalkhatib/My Passport/reda_ws/asynchvla_ws/stage9_libero_pro_risk_data/campaigns/fiper_sweep_eternal/instance_B/fiper_receding_samples.jsonl
bob|fiper_sweep_eternal|instance_B|libero_goal_env_t1_r0,success_train,bob,fiper_sweep_eternal,instance_B,libero_goal_env_t1_r0,libero_goal_env,1,env,success,79,0,78,/media/rootalkhatib/My Passport/reda_ws/asynchvla_ws/stage9_libero_pro_risk_data/campaigns/fiper_sweep_eternal/instance_B/fiper_receding_samples.jsonl
bob|fiper_sweep_eternal|instance_B|libero_goal_env_t1_r1,failure_eval_all,bob,fiper_sweep_eternal,instance_B,libero_goal_env_t1_r1,libero_goal_env,1,env,failure_or_timeout,300,0,299,/media/rootalkhatib/My Passport/reda_ws/asynchvla_ws/stage9_libero_pro_risk_data/campaigns/fiper_sweep_eternal/instance_B/fiper_receding_samples.jsonl
bob|fiper_sweep_eternal|instance_B|libero_goal_env_t1_r10,success_train,bob,fiper_sweep_eternal,instance_B,libero_goal_env_t1_r10,libero_goal_env,1,env,success,82,0,81,/media/rootalkhatib/My Passport/reda_ws/asynchvla_ws/stage9_libero_pro_risk_data/campaigns/fiper_sweep_eternal/instance_B/fiper_receding_samples.jsonl
bob|fiper_sweep_eternal|instance_B|libero_goal_env_t1_r11,success_train,bob,fiper_sweep_eternal,instance_B,libero_goal_env_t1_r11,libero_goal_env,1,env,success,89,0,88,/media/rootalkhatib/My Passport/reda_ws/asynchvla_ws/stage9_libero_pro_risk_data/campaigns/fiper_sweep_eternal/instance_B/fiper_receding_samples.jsonl
bob|fiper_sweep_eternal|instance_B|libero_goal_env_t1_r12,success_test_id,bob,fiper_sweep_eternal,instance_B,libero_goal_env_t1_r12,libero_goal_env,1,env,success,83,0,82,/media/rootalkhatib/My Passport/reda_ws/asynchvla_ws/stage9_libero_pro_risk_data/campaigns/fiper_sweep_eternal/instance_B/fiper_receding_samples.jsonl
bob|fiper_sweep_eternal|instance_B|libero_goal_env_t1_r13,success_train,bob,fiper_sweep_eternal,instance_B,libero_goal_env_t1_r13,libero_goal_env,1,env,success,86,0,85,/media/rootalkhatib/My Passport/reda_ws/asynchvla_ws/stage9_libero_pro_risk_data/campaigns/fiper_sweep_eternal/instance_B/fiper_receding_samples.jsonl
bob|fiper_sweep_eternal|instance_B|libero_goal_env_t1_r14,success_train,bob,fiper_sweep_eternal,instance_B,libero_goal_env_t1_r14,libero_goal_env,1,env,success,82,0,81,/media/rootalkhatib/My Passport/reda_ws/asynchvla_ws/stage9_libero_pro_risk_data/campaigns/fiper_sweep_eternal/instance_B/fiper_receding_samples.jsonl
bob|fiper_sweep_eternal|instance_B|libero_goal_env_t1_r15,success_test_id,bob,fiper_sweep_eternal,instance_B,libero_goal_env_t1_r15,libero_goal_env,1,env,success,83,0,82,/media/rootalkhatib/My Passport/reda_ws/asynchvla_ws/stage9_libero_pro_risk_data/campaigns/fiper_sweep_eternal/instance_B/fiper_receding_samples.jsonl
bob|fiper_sweep_eternal|instance_B|libero_goal_env_t1_r16,success_test_id,bob,fiper_sweep_eternal,instance_B,libero_goal_env_t1_r16,libero_goal_env,1,env,success,85,0,84,/media/rootalkhatib/My Passport/reda_ws/asynchvla_ws/stage9_libero_pro_risk_data/campaigns/fiper_sweep_eternal/instance_B/fiper_receding_samples.jsonl
bob|fiper_sweep_eternal|instance_B|libero_goal_env_t1_r17,success_calib,bob,fiper_sweep_eternal,instance_B,libero_goal_env_t1_r17,libero_goal_env,1,env,success,82,0,81,/media/rootalkhatib/My Passport/reda_ws/asynchvla_ws/stage9_libero_pro_risk_data/campaigns/fiper_sweep_eternal/instance_B/fiper_receding_samples.jsonl
bob|fiper_sweep_eternal|instance_B|libero_goal_env_t1_r18,success_train,bob,fiper_sweep_eternal,instance_B,libero_goal_env_t1_r18,libero_goal_env,1,env,success,83,0,82,/media/rootalkhatib/My Passport/reda_ws/asynchvla_ws/stage9_libero_pro_risk_data/campaigns/fiper_sweep_eternal/instance_B/fiper_receding_samples.jsonl
bob|fiper_sweep_eternal|instance_B|libero_goal_env_t1_r19,success_train,bob,fiper_sweep_eternal,instance_B,libero_goal_env_t1_r19,libero_goal_env,1,env,success,87,0,86,/media/rootalkhatib/My Passport/reda_ws/asynchvla_ws/stage9_libero_pro_risk_data/campaigns/fiper_sweep_eternal/instance_B/fiper_receding_samples.jsonl
bob|fiper_sweep_eternal|instance_B|libero_goal_env_t1_r2,success_train,bob,fiper_sweep_eternal,instance_B,libero_goal_env_t1_r2,libero_goal_env,1,env,success,82,0,81,/media/rootalkhatib/My Passport/reda_ws/asynchvla_ws/stage9_libero_pro_risk_data/campaigns/fiper_sweep_eternal/instance_B/fiper_receding_samples.jsonl
bob|fiper_sweep_eternal|instance_B|libero_goal_env_t1_r20,success_calib,bob,fiper_sweep_eternal,instance_B,libero_goal_env_t1_r20,libero_goal_env,1,env,success,86,0,85,/media/rootalkhatib/My Passport/reda_ws/asynchvla_ws/stage9_libero_pro_risk_data/campaigns/fiper_sweep_eternal/instance_B/fiper_receding_samples.jsonl
bob|fiper_sweep_eternal|instance_B|libero_goal_env_t1_r21,success_train,bob,fiper_sweep_eternal,instance_B,libero_goal_env_t1_r21,libero_goal_env,1,env,success,85,0,84,/media/rootalkhatib/My Passport/reda_ws/asynchvla_ws/stage9_libero_pro_risk_data/campaigns/fiper_sweep_eternal/instance_B/fiper_receding_samples.jsonl
bob|fiper_sweep_eternal|instance_B|libero_goal_env_t1_r22,success_train,bob,fiper_sweep_eternal,instance_B,libero_goal_env_t1_r22,libero_goal_env,1,env,success,83,0,82,/media/rootalkhatib/My Passport/reda_ws/asynchvla_ws/stage9_libero_pro_risk_data/campaigns/fiper_sweep_eternal/instance_B/fiper_receding_samples.jsonl
bob|fiper_sweep_eternal|instance_B|libero_goal_env_t1_r23,success_test_id,bob,fiper_sweep_eternal,instance_B,libero_goal_env_t1_r23,libero_goal_env,1,env,success,86,0,85,/media/rootalkhatib/My Passport/reda_ws/asynchvla_ws/stage9_libero_pro_risk_data/campaigns/fiper_sweep_eternal/instance_B/fiper_receding_samples.jsonl
bob|fiper_sweep_eternal|instance_B|libero_goal_env_t1_r24,failure_eval_all,bob,fiper_sweep_eternal,instance_B,libero_goal_env_t1_r24,libero_goal_env,1,env,failure_or_timeout,300,0,299,/media/rootalkhatib/My Passport/reda_ws/asynchvla_ws/stage9_libero_pro_risk_data/campaigns/fiper_sweep_eternal/instance_B/fiper_receding_samples.jsonl
bob|fiper_sweep_eternal|instance_B|libero_goal_env_t1_r25,success_train,bob,fiper_sweep_eternal,instance_B,libero_goal_env_t1_r25,libero_goal_env,1,env,success,88,0,87,/media/rootalkhatib/My Passport/reda_ws/asynchvla_ws/stage9_libero_pro_risk_data/campaigns/fiper_sweep_eternal/instance_B/fiper_receding_samples.jsonl
bob|fiper_sweep_eternal|instance_B|libero_goal_env_t1_r26,success_train,bob,fiper_sweep_eternal,instance_B,libero_goal_env_t1_r26,libero_goal_env,1,env,success,78,0,77,/media/rootalkhatib/My Passport/reda_ws/asynchvla_ws/stage9_libero_pro_risk_data/campaigns/fiper_sweep_eternal/instance_B/fiper_receding_samples.jsonl
bob|fiper_sweep_eternal|instance_B|libero_goal_env_t1_r27,success_train,bob,fiper_sweep_eternal,instance_B,libero_goal_env_t1_r27,libero_goal_env,1,env,success,86,0,85,/media/rootalkhatib/My Passport/reda_ws/asynchvla_ws/stage9_libero_pro_risk_data/campaigns/fiper_sweep_eternal/instance_B/fiper_receding_samples.jsonl
bob|fiper_sweep_eternal|instance_B|libero_goal_env_t1_r28,success_train,bob,fiper_sweep_eternal,instance_B,libero_goal_env_t1_r28,libero_goal_env,1,env,success,81,0,80,/media/rootalkhatib/My Passport/reda_ws/asynchvla_ws/stage9_libero_pro_risk_data/campaigns/fiper_sweep_eternal/instance_B/fiper_receding_samples.jsonl
bob|fiper_sweep_eternal|instance_B|libero_goal_env_t1_r29,success_calib,bob,fiper_sweep_eternal,instance_B,libero_goal_env_t1_r29,libero_goal_env,1,env,success,83,0,82,/media/rootalkhatib/My Passport/reda_ws/asynchvla_ws/stage9_libero_pro_risk_data/campaigns/fiper_sweep_eternal/instance_B/fiper_receding_samples.jsonl
bob|fiper_sweep_eternal|instance_B|libero_goal_env_t1_r3,success_test_id,bob,fiper_sweep_eternal,instance_B,libero_goal_env_t1_r3,libero_goal_env,1,env,success,81,0,80,/media/rootalkhatib/My Passport/reda_ws/asynchvla_ws/stage9_libero_pro_risk_data/campaigns/fiper_sweep_eternal/instance_B/fiper_receding_samples.jsonl
bob|fiper_sweep_eternal|instance_B|libero_goal_env_t1_r30,success_train,bob,fiper_sweep_eternal,instance_B,libero_goal_env_t1_r30,libero_goal_env,1,env,success,80,0,79,/media/rootalkhatib/My Passport/reda_ws/asynchvla_ws/stage9_libero_pro_risk_data/campaigns/fiper_sweep_eternal/instance_B/fiper_receding_samples.jsonl
bob|fiper_sweep_eternal|instance_B|libero_goal_env_t1_r31,success_calib,bob,fiper_sweep_eternal,instance_B,libero_goal_env_t1_r31,libero_goal_env,1,env,success,85,0,84,/media/rootalkhatib/My Passport/reda_ws/asynchvla_ws/stage9_libero_pro_risk_data/campaigns/fiper_sweep_eternal/instance_B/fiper_receding_samples.jsonl
bob|fiper_sweep_eternal|instance_B|libero_goal_env_t1_r32,success_train,bob,fiper_sweep_eternal,instance_B,libero_goal_env_t1_r32,libero_goal_env,1,env,success,82,0,81,/media/rootalkhatib/My Passport/reda_ws/asynchvla_ws/stage9_libero_pro_risk_data/campaigns/fiper_sweep_eternal/instance_B/fiper_receding_samples.jsonl
bob|fiper_sweep_eternal|instance_B|libero_goal_env_t1_r33,success_train,bob,fiper_sweep_eternal,instance_B,libero_goal_env_t1_r33,libero_goal_env,1,env,success,87,0,86,/media/rootalkhatib/My Passport/reda_ws/asynchvla_ws/stage9_libero_pro_risk_data/campaigns/fiper_sweep_eternal/instance_B/fiper_receding_samples.jsonl
bob|fiper_sweep_eternal|instance_B|libero_goal_env_t1_r34,success_test_id,bob,fiper_sweep_eternal,instance_B,libero_goal_env_t1_r34,libero_goal_env,1,env,success,79,0,78,/media/rootalkhatib/My Passport/reda_ws/asynchvla_ws/stage9_libero_pro_risk_data/campaigns/fiper_sweep_eternal/instance_B/fiper_receding_samples.jsonl
bob|fiper_sweep_eternal|instance_B|libero_goal_env_t1_r35,failure_eval_all,bob,fiper_sweep_eternal,instance_B,libero_goal_env_t1_r35,libero_goal_env,1,env,failure_or_timeout,300,0,299,/media/rootalkhatib/My Passport/reda_ws/asynchvla_ws/stage9_libero_pro_risk_data/campaigns/fiper_sweep_eternal/instance_B/fiper_receding_samples.jsonl
bob|fiper_sweep_eternal|instance_B|libero_goal_env_t1_r36,success_train,bob,fiper_sweep_eternal,instance_B,libero_goal_env_t1_r36,libero_goal_env,1,env,success,78,0,77,/media/rootalkhatib/My Passport/reda_ws/asynchvla_ws/stage9_libero_pro_risk_data/campaigns/fiper_sweep_eternal/instance_B/fiper_receding_samples.jsonl
bob|fiper_sweep_eternal|instance_B|libero_goal_env_t1_r37,success_train,bob,fiper_sweep_eternal,instance_B,libero_goal_env_t1_r37,libero_goal_env,1,env,success,80,0,79,/media/rootalkhatib/My Passport/reda_ws/asynchvla_ws/stage9_libero_pro_risk_data/campaigns/fiper_sweep_eternal/instance_B/fiper_receding_samples.jsonl
bob|fiper_sweep_eternal|instance_B|libero_goal_env_t1_r4,success_train,bob,fiper_sweep_eternal,instance_B,libero_goal_env_t1_r4,libero_goal_env,1,env,success,81,0,80,/media/rootalkhatib/My Passport/reda_ws/asynchvla_ws/stage9_libero_pro_risk_data/campaigns/fiper_sweep_eternal/instance_B/fiper_receding_samples.jsonl
bob|fiper_sweep_eternal|instance_B|libero_goal_env_t1_r5,success_train,bob,fiper_sweep_eternal,instance_B,libero_goal_env_t1_r5,libero_goal_env,1,env,success,88,0,87,/media/rootalkhatib/My Passport/reda_ws/asynchvla_ws/stage9_libero_pro_risk_data/campaigns/fiper_sweep_eternal/instance_B/fiper_receding_samples.jsonl
bob|fiper_sweep_eternal|instance_B|libero_goal_env_t1_r6,success_calib,bob,fiper_sweep_eternal,instance_B,libero_goal_env_t1_r6,libero_goal_env,1,env,success,86,0,85,/media/rootalkhatib/My Passport/reda_ws/asynchvla_ws/stage9_libero_pro_risk_data/campaigns/fiper_sweep_eternal/instance_B/fiper_receding_samples.jsonl
bob|fiper_sweep_eternal|instance_B|libero_goal_env_t1_r7,success_train,bob,fiper_sweep_eternal,instance_B,libero_goal_env_t1_r7,libero_goal_env,1,env,success,79,0,78,/media/rootalkhatib/My Passport/reda_ws/asynchvla_ws/stage9_libero_pro_risk_data/campaigns/fiper_sweep_eternal/instance_B/fiper_receding_samples.jsonl
bob|fiper_sweep_eternal|instance_B|libero_goal_env_t1_r8,success_train,bob,fiper_sweep_eternal,instance_B,libero_goal_env_t1_r8,libero_goal_env,1,env,success,77,0,76,/media/rootalkhatib/My Passport/reda_ws/asynchvla_ws/stage9_libero_pro_risk_data/campaigns/fiper_sweep_eternal/instance_B/fiper_receding_samples.jsonl
bob|fiper_sweep_eternal|instance_B|libero_goal_env_t1_r9,success_train,bob,fiper_sweep_eternal,instance_B,libero_goal_env_t1_r9,libero_goal_env,1,env,success,87,0,86,/media/rootalkhatib/My Passport/reda_ws/asynchvla_ws/stage9_libero_pro_risk_data/campaigns/fiper_sweep_eternal/instance_B/fiper_receding_samples.jsonl
bob|fiper_sweep_eternal|instance_B|libero_goal_env_t2_r0,success_train,bob,fiper_sweep_eternal,instance_B,libero_goal_env_t2_r0,libero_goal_env,2,env,success,144,0,143,/media/rootalkhatib/My Passport/reda_ws/asynchvla_ws/stage9_libero_pro_risk_data/campaigns/fiper_sweep_eternal/instance_B/fiper_receding_samples.jsonl
bob|fiper_sweep_eternal|instance_B|libero_goal_env_t2_r1,success_train,bob,fiper_sweep_eternal,instance_B,libero_goal_env_t2_r1,libero_goal_env,2,env,success,97,0,96,/media/rootalkhatib/My Passport/reda_ws/asynchvla_ws/stage9_libero_pro_risk_data/campaigns/fiper_sweep_eternal/instance_B/fiper_receding_samples.jsonl
bob|fiper_sweep_eternal|instance_B|libero_goal_env_t2_r10,failure_eval_all,bob,fiper_sweep_eternal,instance_B,libero_goal_env_t2_r10,libero_goal_env,2,env,failure_or_timeout,300,0,299,/media/rootalkhatib/My Passport/reda_ws/asynchvla_ws/stage9_libero_pro_risk_data/campaigns/fiper_sweep_eternal/instance_B/fiper_receding_samples.jsonl
bob|fiper_sweep_eternal|instance_B|libero_goal_env_t2_r11,success_calib,bob,fiper_sweep_eternal,instance_B,libero_goal_env_t2_r11,libero_goal_env,2,env,success,94,0,93,/media/rootalkhatib/My Passport/reda_ws/asynchvla_ws/stage9_libero_pro_risk_data/campaigns/fiper_sweep_eternal/instance_B/fiper_receding_samples.jsonl
bob|fiper_sweep_eternal|instance_B|libero_goal_env_t2_r12,failure_eval_all,bob,fiper_sweep_eternal,instance_B,libero_goal_env_t2_r12,libero_goal_env,2,env,failure_or_timeout,300,0,299,/media/rootalkhatib/My Passport/reda_ws/asynchvla_ws/stage9_libero_pro_risk_data/campaigns/fiper_sweep_eternal/instance_B/fiper_receding_samples.jsonl
bob|fiper_sweep_eternal|instance_B|libero_goal_env_t2_r13,success_calib,bob,fiper_sweep_eternal,instance_B,libero_goal_env_t2_r13,libero_goal_env,2,env,success,100,0,99,/media/rootalkhatib/My Passport/reda_ws/asynchvla_ws/stage9_libero_pro_risk_data/campaigns/fiper_sweep_eternal/instance_B/fiper_receding_samples.jsonl
bob|fiper_sweep_eternal|instance_B|libero_goal_env_t2_r14,success_train,bob,fiper_sweep_eternal,instance_B,libero_goal_env_t2_r14,libero_goal_env,2,env,success,80,0,79,/media/rootalkhatib/My Passport/reda_ws/asynchvla_ws/stage9_libero_pro_risk_data/campaigns/fiper_sweep_eternal/instance_B/fiper_receding_samples.jsonl
bob|fiper_sweep_eternal|instance_B|libero_goal_env_t2_r15,success_calib,bob,fiper_sweep_eternal,instance_B,libero_goal_env_t2_r15,libero_goal_env,2,env,success,86,0,85,/media/rootalkhatib/My Passport/reda_ws/asynchvla_ws/stage9_libero_pro_risk_data/campaigns/fiper_sweep_eternal/instance_B/fiper_receding_samples.jsonl
bob|fiper_sweep_eternal|instance_B|libero_goal_env_t2_r16,success_train,bob,fiper_sweep_eternal,instance_B,libero_goal_env_t2_r16,libero_goal_env,2,env,success,85,0,84,/media/rootalkhatib/My Passport/reda_ws/asynchvla_ws/stage9_libero_pro_risk_data/campaigns/fiper_sweep_eternal/instance_B/fiper_receding_samples.jsonl
bob|fiper_sweep_eternal|instance_B|libero_goal_env_t2_r17,success_train,bob,fiper_sweep_eternal,instance_B,libero_goal_env_t2_r17,libero_goal_env,2,env,success,94,0,93,/media/rootalkhatib/My Passport/reda_ws/asynchvla_ws/stage9_libero_pro_risk_data/campaigns/fiper_sweep_eternal/instance_B/fiper_receding_samples.jsonl
bob|fiper_sweep_eternal|instance_B|libero_goal_env_t2_r18,success_train,bob,fiper_sweep_eternal,instance_B,libero_goal_env_t2_r18,libero_goal_env,2,env,success,107,0,106,/media/rootalkhatib/My Passport/reda_ws/asynchvla_ws/stage9_libero_pro_risk_data/campaigns/fiper_sweep_eternal/instance_B/fiper_receding_samples.jsonl
bob|fiper_sweep_eternal|instance_B|libero_goal_env_t2_r19,success_train,bob,fiper_sweep_eternal,instance_B,libero_goal_env_t2_r19,libero_goal_env,2,env,success,79,0,78,/media/rootalkhatib/My Passport/reda_ws/asynchvla_ws/stage9_libero_pro_risk_data/campaigns/fiper_sweep_eternal/instance_B/fiper_receding_samples.jsonl
bob|fiper_sweep_eternal|instance_B|libero_goal_env_t2_r2,success_test_id,bob,fiper_sweep_eternal,instance_B,libero_goal_env_t2_r2,libero_goal_env,2,env,success,94,0,93,/media/rootalkhatib/My Passport/reda_ws/asynchvla_ws/stage9_libero_pro_risk_data/campaigns/fiper_sweep_eternal/instance_B/fiper_receding_samples.jsonl
bob|fiper_sweep_eternal|instance_B|libero_goal_env_t2_r20,success_calib,bob,fiper_sweep_eternal,instance_B,libero_goal_env_t2_r20,libero_goal_env,2,env,success,90,0,89,/media/rootalkhatib/My Passport/reda_ws/asynchvla_ws/stage9_libero_pro_risk_data/campaigns/fiper_sweep_eternal/instance_B/fiper_receding_samples.jsonl
bob|fiper_sweep_eternal|instance_B|libero_goal_env_t2_r21,success_train,bob,fiper_sweep_eternal,instance_B,libero_goal_env_t2_r21,libero_goal_env,2,env,success,91,0,90,/media/rootalkhatib/My Passport/reda_ws/asynchvla_ws/stage9_libero_pro_risk_data/campaigns/fiper_sweep_eternal/instance_B/fiper_receding_samples.jsonl
bob|fiper_sweep_eternal|instance_B|libero_goal_env_t2_r22,success_test_id,bob,fiper_sweep_eternal,instance_B,libero_goal_env_t2_r22,libero_goal_env,2,env,success,95,0,94,/media/rootalkhatib/My Passport/reda_ws/asynchvla_ws/stage9_libero_pro_risk_data/campaigns/fiper_sweep_eternal/instance_B/fiper_receding_samples.jsonl
bob|fiper_sweep_eternal|instance_B|libero_goal_env_t2_r23,success_calib,bob,fiper_sweep_eternal,instance_B,libero_goal_env_t2_r23,libero_goal_env,2,env,success,94,0,93,/media/rootalkhatib/My Passport/reda_ws/asynchvla_ws/stage9_libero_pro_risk_data/campaigns/fiper_sweep_eternal/instance_B/fiper_receding_samples.jsonl
bob|fiper_sweep_eternal|instance_B|libero_goal_env_t2_r24,success_train,bob,fiper_sweep_eternal,instance_B,libero_goal_env_t2_r24,libero_goal_env,2,env,success,87,0,86,/media/rootalkhatib/My Passport/reda_ws/asynchvla_ws/stage9_libero_pro_risk_data/campaigns/fiper_sweep_eternal/instance_B/fiper_receding_samples.jsonl
bob|fiper_sweep_eternal|instance_B|libero_goal_env_t2_r25,success_test_id,bob,fiper_sweep_eternal,instance_B,libero_goal_env_t2_r25,libero_goal_env,2,env,success,92,0,91,/media/rootalkhatib/My Passport/reda_ws/asynchvla_ws/stage9_libero_pro_risk_data/campaigns/fiper_sweep_eternal/instance_B/fiper_receding_samples.jsonl
bob|fiper_sweep_eternal|instance_B|libero_goal_env_t2_r26,success_train,bob,fiper_sweep_eternal,instance_B,libero_goal_env_t2_r26,libero_goal_env,2,env,success,97,0,96,/media/rootalkhatib/My Passport/reda_ws/asynchvla_ws/stage9_libero_pro_risk_data/campaigns/fiper_sweep_eternal/instance_B/fiper_receding_samples.jsonl
bob|fiper_sweep_eternal|instance_B|libero_goal_env_t2_r27,success_train,bob,fiper_sweep_eternal,instance_B,libero_goal_env_t2_r27,libero_goal_env,2,env,success,91,0,90,/media/rootalkhatib/My Passport/reda_ws/asynchvla_ws/stage9_libero_pro_risk_data/campaigns/fiper_sweep_eternal/instance_B/fiper_receding_samples.jsonl
bob|fiper_sweep_eternal|instance_B|libero_goal_env_t2_r28,success_test_id,bob,fiper_sweep_eternal,instance_B,libero_goal_env_t2_r28,libero_goal_env,2,env,success,108,0,107,/media/rootalkhatib/My Passport/reda_ws/asynchvla_ws/stage9_libero_pro_risk_data/campaigns/fiper_sweep_eternal/instance_B/fiper_receding_samples.jsonl
bob|fiper_sweep_eternal|instance_B|libero_goal_env_t2_r29,success_train,bob,fiper_sweep_eternal,instance_B,libero_goal_env_t2_r29,libero_goal_env,2,env,success,96,0,95,/media/rootalkhatib/My Passport/reda_ws/asynchvla_ws/stage9_libero_pro_risk_data/campaigns/fiper_sweep_eternal/instance_B/fiper_receding_samples.jsonl
bob|fiper_sweep_eternal|instance_B|libero_goal_env_t2_r3,success_train,bob,fiper_sweep_eternal,instance_B,libero_goal_env_t2_r3,libero_goal_env,2,env,success,85,0,84,/media/rootalkhatib/My Passport/reda_ws/asynchvla_ws/stage9_libero_pro_risk_data/campaigns/fiper_sweep_eternal/instance_B/fiper_receding_samples.jsonl
bob|fiper_sweep_eternal|instance_B|libero_goal_env_t2_r30,success_train,bob,fiper_sweep_eternal,instance_B,libero_goal_env_t2_r30,libero_goal_env,2,env,success,207,0,206,/media/rootalkhatib/My Passport/reda_ws/asynchvla_ws/stage9_libero_pro_risk_data/campaigns/fiper_sweep_eternal/instance_B/fiper_receding_samples.jsonl
bob|fiper_sweep_eternal|instance_B|libero_goal_env_t2_r31,failure_eval_all,bob,fiper_sweep_eternal,instance_B,libero_goal_env_t2_r31,libero_goal_env,2,env,failure_or_timeout,300,0,299,/media/rootalkhatib/My Passport/reda_ws/asynchvla_ws/stage9_libero_pro_risk_data/campaigns/fiper_sweep_eternal/instance_B/fiper_receding_samples.jsonl
bob|fiper_sweep_eternal|instance_B|libero_goal_env_t2_r32,success_train,bob,fiper_sweep_eternal,instance_B,libero_goal_env_t2_r32,libero_goal_env,2,env,success,81,0,80,/media/rootalkhatib/My Passport/reda_ws/asynchvla_ws/stage9_libero_pro_risk_data/campaigns/fiper_sweep_eternal/instance_B/fiper_receding_samples.jsonl
bob|fiper_sweep_eternal|instance_B|libero_goal_env_t2_r33,success_train,bob,fiper_sweep_eternal,instance_B,libero_goal_env_t2_r33,libero_goal_env,2,env,success,88,0,87,/media/rootalkhatib/My Passport/reda_ws/asynchvla_ws/stage9_libero_pro_risk_data/campaigns/fiper_sweep_eternal/instance_B/fiper_receding_samples.jsonl
bob|fiper_sweep_eternal|instance_B|libero_goal_env_t2_r34,success_train,bob,fiper_sweep_eternal,instance_B,libero_goal_env_t2_r34,libero_goal_env,2,env,success,94,0,93,/media/rootalkhatib/My Passport/reda_ws/asynchvla_ws/stage9_libero_pro_risk_data/campaigns/fiper_sweep_eternal/instance_B/fiper_receding_samples.jsonl
bob|fiper_sweep_eternal|instance_B|libero_goal_env_t2_r35,failure_eval_all,bob,fiper_sweep_eternal,instance_B,libero_goal_env_t2_r35,libero_goal_env,2,env,failure_or_timeout,300,0,299,/media/rootalkhatib/My Passport/reda_ws/asynchvla_ws/stage9_libero_pro_risk_data/campaigns/fiper_sweep_eternal/instance_B/fiper_receding_samples.jsonl
bob|fiper_sweep_eternal|instance_B|libero_goal_env_t2_r36,success_train,bob,fiper_sweep_eternal,instance_B,libero_goal_env_t2_r36,libero_goal_env,2,env,success,90,0,89,/media/rootalkhatib/My Passport/reda_ws/asynchvla_ws/stage9_libero_pro_risk_data/campaigns/fiper_sweep_eternal/instance_B/fiper_receding_samples.jsonl
bob|fiper_sweep_eternal|instance_B|libero_goal_env_t2_r37,success_train,bob,fiper_sweep_eternal,instance_B,libero_goal_env_t2_r37,libero_goal_env,2,env,success,104,0,103,/media/rootalkhatib/My Passport/reda_ws/asynchvla_ws/stage9_libero_pro_risk_data/campaigns/fiper_sweep_eternal/instance_B/fiper_receding_samples.jsonl
bob|fiper_sweep_eternal|instance_B|libero_goal_env_t2_r4,success_train,bob,fiper_sweep_eternal,instance_B,libero_goal_env_t2_r4,libero_goal_env,2,env,success,97,0,96,/media/rootalkhatib/My Passport/reda_ws/asynchvla_ws/stage9_libero_pro_risk_data/campaigns/fiper_sweep_eternal/instance_B/fiper_receding_samples.jsonl
bob|fiper_sweep_eternal|instance_B|libero_goal_env_t2_r5,success_train,bob,fiper_sweep_eternal,instance_B,libero_goal_env_t2_r5,libero_goal_env,2,env,success,85,0,84,/media/rootalkhatib/My Passport/reda_ws/asynchvla_ws/stage9_libero_pro_risk_data/campaigns/fiper_sweep_eternal/instance_B/fiper_receding_samples.jsonl
bob|fiper_sweep_eternal|instance_B|libero_goal_env_t2_r6,failure_eval_all,bob,fiper_sweep_eternal,instance_B,libero_goal_env_t2_r6,libero_goal_env,2,env,failure_or_timeout,300,0,299,/media/rootalkhatib/My Passport/reda_ws/asynchvla_ws/stage9_libero_pro_risk_data/campaigns/fiper_sweep_eternal/instance_B/fiper_receding_samples.jsonl
bob|fiper_sweep_eternal|instance_B|libero_goal_env_t2_r7,success_train,bob,fiper_sweep_eternal,instance_B,libero_goal_env_t2_r7,libero_goal_env,2,env,success,101,0,100,/media/rootalkhatib/My Passport/reda_ws/asynchvla_ws/stage9_libero_pro_risk_data/campaigns/fiper_sweep_eternal/instance_B/fiper_receding_samples.jsonl
bob|fiper_sweep_eternal|instance_B|libero_goal_env_t2_r8,success_train,bob,fiper_sweep_eternal,instance_B,libero_goal_env_t2_r8,libero_goal_env,2,env,success,98,0,97,/media/rootalkhatib/My Passport/reda_ws/asynchvla_ws/stage9_libero_pro_risk_data/campaigns/fiper_sweep_eternal/instance_B/fiper_receding_samples.jsonl
bob|fiper_sweep_eternal|instance_B|libero_goal_env_t2_r9,success_test_id,bob,fiper_sweep_eternal,instance_B,libero_goal_env_t2_r9,libero_goal_env,2,env,success,83,0,82,/media/rootalkhatib/My Passport/reda_ws/asynchvla_ws/stage9_libero_pro_risk_data/campaigns/fiper_sweep_eternal/instance_B/fiper_receding_samples.jsonl
bob|fiper_sweep_eternal|instance_B|libero_goal_env_t3_r0,success_train,bob,fiper_sweep_eternal,instance_B,libero_goal_env_t3_r0,libero_goal_env,3,env,success,198,0,197,/media/rootalkhatib/My Passport/reda_ws/asynchvla_ws/stage9_libero_pro_risk_data/campaigns/fiper_sweep_eternal/instance_B/fiper_receding_samples.jsonl
bob|fiper_sweep_eternal|instance_B|libero_goal_env_t3_r1,success_train,bob,fiper_sweep_eternal,instance_B,libero_goal_env_t3_r1,libero_goal_env,3,env,success,167,0,166,/media/rootalkhatib/My Passport/reda_ws/asynchvla_ws/stage9_libero_pro_risk_data/campaigns/fiper_sweep_eternal/instance_B/fiper_receding_samples.jsonl
bob|fiper_sweep_eternal|instance_B|libero_goal_env_t3_r10,success_train,bob,fiper_sweep_eternal,instance_B,libero_goal_env_t3_r10,libero_goal_env,3,env,success,201,0,200,/media/rootalkhatib/My Passport/reda_ws/asynchvla_ws/stage9_libero_pro_risk_data/campaigns/fiper_sweep_eternal/instance_B/fiper_receding_samples.jsonl
bob|fiper_sweep_eternal|instance_B|libero_goal_env_t3_r11,success_train,bob,fiper_sweep_eternal,instance_B,libero_goal_env_t3_r11,libero_goal_env,3,env,success,174,0,173,/media/rootalkhatib/My Passport/reda_ws/asynchvla_ws/stage9_libero_pro_risk_data/campaigns/fiper_sweep_eternal/instance_B/fiper_receding_samples.jsonl
bob|fiper_sweep_eternal|instance_B|libero_goal_env_t3_r12,success_train,bob,fiper_sweep_eternal,instance_B,libero_goal_env_t3_r12,libero_goal_env,3,env,success,180,0,179,/media/rootalkhatib/My Passport/reda_ws/asynchvla_ws/stage9_libero_pro_risk_data/campaigns/fiper_sweep_eternal/instance_B/fiper_receding_samples.jsonl
bob|fiper_sweep_eternal|instance_B|libero_goal_env_t3_r13,success_train,bob,fiper_sweep_eternal,instance_B,libero_goal_env_t3_r13,libero_goal_env,3,env,success,183,0,182,/media/rootalkhatib/My Passport/reda_ws/asynchvla_ws/stage9_libero_pro_risk_data/campaigns/fiper_sweep_eternal/instance_B/fiper_receding_samples.jsonl
bob|fiper_sweep_eternal|instance_B|libero_goal_env_t3_r14,success_train,bob,fiper_sweep_eternal,instance_B,libero_goal_env_t3_r14,libero_goal_env,3,env,success,193,0,192,/media/rootalkhatib/My Passport/reda_ws/asynchvla_ws/stage9_libero_pro_risk_data/campaigns/fiper_sweep_eternal/instance_B/fiper_receding_samples.jsonl
bob|fiper_sweep_eternal|instance_B|libero_goal_env_t3_r15,success_train,bob,fiper_sweep_eternal,instance_B,libero_goal_env_t3_r15,libero_goal_env,3,env,success,200,0,199,/media/rootalkhatib/My Passport/reda_ws/asynchvla_ws/stage9_libero_pro_risk_data/campaigns/fiper_sweep_eternal/instance_B/fiper_receding_samples.jsonl
bob|fiper_sweep_eternal|instance_B|libero_goal_env_t3_r16,success_train,bob,fiper_sweep_eternal,instance_B,libero_goal_env_t3_r16,libero_goal_env,3,env,success,197,0,196,/media/rootalkhatib/My Passport/reda_ws/asynchvla_ws/stage9_libero_pro_risk_data/campaigns/fiper_sweep_eternal/instance_B/fiper_receding_samples.jsonl
bob|fiper_sweep_eternal|instance_B|libero_goal_env_t3_r17,success_train,bob,fiper_sweep_eternal,instance_B,libero_goal_env_t3_r17,libero_goal_env,3,env,success,211,0,210,/media/rootalkhatib/My Passport/reda_ws/asynchvla_ws/stage9_libero_pro_risk_data/campaigns/fiper_sweep_eternal/instance_B/fiper_receding_samples.jsonl
bob|fiper_sweep_eternal|instance_B|libero_goal_env_t3_r18,success_train,bob,fiper_sweep_eternal,instance_B,libero_goal_env_t3_r18,libero_goal_env,3,env,success,175,0,174,/media/rootalkhatib/My Passport/reda_ws/asynchvla_ws/stage9_libero_pro_risk_data/campaigns/fiper_sweep_eternal/instance_B/fiper_receding_samples.jsonl
bob|fiper_sweep_eternal|instance_B|libero_goal_env_t3_r19,success_calib,bob,fiper_sweep_eternal,instance_B,libero_goal_env_t3_r19,libero_goal_env,3,env,success,187,0,186,/media/rootalkhatib/My Passport/reda_ws/asynchvla_ws/stage9_libero_pro_risk_data/campaigns/fiper_sweep_eternal/instance_B/fiper_receding_samples.jsonl
bob|fiper_sweep_eternal|instance_B|libero_goal_env_t3_r2,success_train,bob,fiper_sweep_eternal,instance_B,libero_goal_env_t3_r2,libero_goal_env,3,env,success,185,0,184,/media/rootalkhatib/My Passport/reda_ws/asynchvla_ws/stage9_libero_pro_risk_data/campaigns/fiper_sweep_eternal/instance_B/fiper_receding_samples.jsonl
bob|fiper_sweep_eternal|instance_B|libero_goal_env_t3_r20,failure_eval_all,bob,fiper_sweep_eternal,instance_B,libero_goal_env_t3_r20,libero_goal_env,3,env,failure_or_timeout,300,0,299,/media/rootalkhatib/My Passport/reda_ws/asynchvla_ws/stage9_libero_pro_risk_data/campaigns/fiper_sweep_eternal/instance_B/fiper_receding_samples.jsonl
bob|fiper_sweep_eternal|instance_B|libero_goal_env_t3_r21,success_train,bob,fiper_sweep_eternal,instance_B,libero_goal_env_t3_r21,libero_goal_env,3,env,success,173,0,172,/media/rootalkhatib/My Passport/reda_ws/asynchvla_ws/stage9_libero_pro_risk_data/campaigns/fiper_sweep_eternal/instance_B/fiper_receding_samples.jsonl
bob|fiper_sweep_eternal|instance_B|libero_goal_env_t3_r22,success_test_id,bob,fiper_sweep_eternal,instance_B,libero_goal_env_t3_r22,libero_goal_env,3,env,success,176,0,175,/media/rootalkhatib/My Passport/reda_ws/asynchvla_ws/stage9_libero_pro_risk_data/campaigns/fiper_sweep_eternal/instance_B/fiper_receding_samples.jsonl
bob|fiper_sweep_eternal|instance_B|libero_goal_env_t3_r23,success_calib,bob,fiper_sweep_eternal,instance_B,libero_goal_env_t3_r23,libero_goal_env,3,env,success,189,0,188,/media/rootalkhatib/My Passport/reda_ws/asynchvla_ws/stage9_libero_pro_risk_data/campaigns/fiper_sweep_eternal/instance_B/fiper_receding_samples.jsonl
bob|fiper_sweep_eternal|instance_B|libero_goal_env_t3_r24,success_train,bob,fiper_sweep_eternal,instance_B,libero_goal_env_t3_r24,libero_goal_env,3,env,success,181,0,180,/media/rootalkhatib/My Passport/reda_ws/asynchvla_ws/stage9_libero_pro_risk_data/campaigns/fiper_sweep_eternal/instance_B/fiper_receding_samples.jsonl
bob|fiper_sweep_eternal|instance_B|libero_goal_env_t3_r25,failure_eval_all,bob,fiper_sweep_eternal,instance_B,libero_goal_env_t3_r25,libero_goal_env,3,env,failure_or_timeout,300,0,299,/media/rootalkhatib/My Passport/reda_ws/asynchvla_ws/stage9_libero_pro_risk_data/campaigns/fiper_sweep_eternal/instance_B/fiper_receding_samples.jsonl
bob|fiper_sweep_eternal|instance_B|libero_goal_env_t3_r26,success_test_id,bob,fiper_sweep_eternal,instance_B,libero_goal_env_t3_r26,libero_goal_env,3,env,success,178,0,177,/media/rootalkhatib/My Passport/reda_ws/asynchvla_ws/stage9_libero_pro_risk_data/campaigns/fiper_sweep_eternal/instance_B/fiper_receding_samples.jsonl
bob|fiper_sweep_eternal|instance_B|libero_goal_env_t3_r27,success_train,bob,fiper_sweep_eternal,instance_B,libero_goal_env_t3_r27,libero_goal_env,3,env,success,185,0,184,/media/rootalkhatib/My Passport/reda_ws/asynchvla_ws/stage9_libero_pro_risk_data/campaigns/fiper_sweep_eternal/instance_B/fiper_receding_samples.jsonl
bob|fiper_sweep_eternal|instance_B|libero_goal_env_t3_r28,success_calib,bob,fiper_sweep_eternal,instance_B,libero_goal_env_t3_r28,libero_goal_env,3,env,success,174,0,173,/media/rootalkhatib/My Passport/reda_ws/asynchvla_ws/stage9_libero_pro_risk_data/campaigns/fiper_sweep_eternal/instance_B/fiper_receding_samples.jsonl
bob|fiper_sweep_eternal|instance_B|libero_goal_env_t3_r29,success_train,bob,fiper_sweep_eternal,instance_B,libero_goal_env_t3_r29,libero_goal_env,3,env,success,175,0,174,/media/rootalkhatib/My Passport/reda_ws/asynchvla_ws/stage9_libero_pro_risk_data/campaigns/fiper_sweep_eternal/instance_B/fiper_receding_samples.jsonl
bob|fiper_sweep_eternal|instance_B|libero_goal_env_t3_r3,success_train,bob,fiper_sweep_eternal,instance_B,libero_goal_env_t3_r3,libero_goal_env,3,env,success,184,0,183,/media/rootalkhatib/My Passport/reda_ws/asynchvla_ws/stage9_libero_pro_risk_data/campaigns/fiper_sweep_eternal/instance_B/fiper_receding_samples.jsonl
bob|fiper_sweep_eternal|instance_B|libero_goal_env_t3_r30,failure_eval_all,bob,fiper_sweep_eternal,instance_B,libero_goal_env_t3_r30,libero_goal_env,3,env,failure_or_timeout,300,0,299,/media/rootalkhatib/My Passport/reda_ws/asynchvla_ws/stage9_libero_pro_risk_data/campaigns/fiper_sweep_eternal/instance_B/fiper_receding_samples.jsonl
bob|fiper_sweep_eternal|instance_B|libero_goal_env_t3_r31,success_train,bob,fiper_sweep_eternal,instance_B,libero_goal_env_t3_r31,libero_goal_env,3,env,success,187,0,186,/media/rootalkhatib/My Passport/reda_ws/asynchvla_ws/stage9_libero_pro_risk_data/campaigns/fiper_sweep_eternal/instance_B/fiper_receding_samples.jsonl
bob|fiper_sweep_eternal|instance_B|libero_goal_env_t3_r32,success_calib,bob,fiper_sweep_eternal,instance_B,libero_goal_env_t3_r32,libero_goal_env,3,env,success,193,0,192,/media/rootalkhatib/My Passport/reda_ws/asynchvla_ws/stage9_libero_pro_risk_data/campaigns/fiper_sweep_eternal/instance_B/fiper_receding_samples.jsonl
bob|fiper_sweep_eternal|instance_B|libero_goal_env_t3_r33,success_train,bob,fiper_sweep_eternal,instance_B,libero_goal_env_t3_r33,libero_goal_env,3,env,success,181,0,180,/media/rootalkhatib/My Passport/reda_ws/asynchvla_ws/stage9_libero_pro_risk_data/campaigns/fiper_sweep_eternal/instance_B/fiper_receding_samples.jsonl
bob|fiper_sweep_eternal|instance_B|libero_goal_env_t3_r34,success_calib,bob,fiper_sweep_eternal,instance_B,libero_goal_env_t3_r34,libero_goal_env,3,env,success,173,0,172,/media/rootalkhatib/My Passport/reda_ws/asynchvla_ws/stage9_libero_pro_risk_data/campaigns/fiper_sweep_eternal/instance_B/fiper_receding_samples.jsonl
bob|fiper_sweep_eternal|instance_B|libero_goal_env_t3_r35,success_train,bob,fiper_sweep_eternal,instance_B,libero_goal_env_t3_r35,libero_goal_env,3,env,success,176,0,175,/media/rootalkhatib/My Passport/reda_ws/asynchvla_ws/stage9_libero_pro_risk_data/campaigns/fiper_sweep_eternal/instance_B/fiper_receding_samples.jsonl
bob|fiper_sweep_eternal|instance_B|libero_goal_env_t3_r36,failure_eval_all,bob,fiper_sweep_eternal,instance_B,libero_goal_env_t3_r36,libero_goal_env,3,env,failure_or_timeout,300,0,299,/media/rootalkhatib/My Passport/reda_ws/asynchvla_ws/stage9_libero_pro_risk_data/campaigns/fiper_sweep_eternal/instance_B/fiper_receding_samples.jsonl
bob|fiper_sweep_eternal|instance_B|libero_goal_env_t3_r37,success_train,bob,fiper_sweep_eternal,instance_B,libero_goal_env_t3_r37,libero_goal_env,3,env,success,183,0,182,/media/rootalkhatib/My Passport/reda_ws/asynchvla_ws/stage9_libero_pro_risk_data/campaigns/fiper_sweep_eternal/instance_B/fiper_receding_samples.jsonl
bob|fiper_sweep_eternal|instance_B|libero_goal_env_t3_r4,success_test_id,bob,fiper_sweep_eternal,instance_B,libero_goal_env_t3_r4,libero_goal_env,3,env,success,182,0,181,/media/rootalkhatib/My Passport/reda_ws/asynchvla_ws/stage9_libero_pro_risk_data/campaigns/fiper_sweep_eternal/instance_B/fiper_receding_samples.jsonl
bob|fiper_sweep_eternal|instance_B|libero_goal_env_t3_r5,success_test_id,bob,fiper_sweep_eternal,instance_B,libero_goal_env_t3_r5,libero_goal_env,3,env,success,180,0,179,/media/rootalkhatib/My Passport/reda_ws/asynchvla_ws/stage9_libero_pro_risk_data/campaigns/fiper_sweep_eternal/instance_B/fiper_receding_samples.jsonl
bob|fiper_sweep_eternal|instance_B|libero_goal_env_t3_r6,success_train,bob,fiper_sweep_eternal,instance_B,libero_goal_env_t3_r6,libero_goal_env,3,env,success,172,0,171,/media/rootalkhatib/My Passport/reda_ws/asynchvla_ws/stage9_libero_pro_risk_data/campaigns/fiper_sweep_eternal/instance_B/fiper_receding_samples.jsonl
bob|fiper_sweep_eternal|instance_B|libero_goal_env_t3_r7,success_train,bob,fiper_sweep_eternal,instance_B,libero_goal_env_t3_r7,libero_goal_env,3,env,success,178,0,177,/media/rootalkhatib/My Passport/reda_ws/asynchvla_ws/stage9_libero_pro_risk_data/campaigns/fiper_sweep_eternal/instance_B/fiper_receding_samples.jsonl
bob|fiper_sweep_eternal|instance_B|libero_goal_env_t3_r8,success_test_id,bob,fiper_sweep_eternal,instance_B,libero_goal_env_t3_r8,libero_goal_env,3,env,success,171,0,170,/media/rootalkhatib/My Passport/reda_ws/asynchvla_ws/stage9_libero_pro_risk_data/campaigns/fiper_sweep_eternal/instance_B/fiper_receding_samples.jsonl
bob|fiper_sweep_eternal|instance_B|libero_goal_env_t3_r9,success_train,bob,fiper_sweep_eternal,instance_B,libero_goal_env_t3_r9,libero_goal_env,3,env,success,172,0,171,/media/rootalkhatib/My Passport/reda_ws/asynchvla_ws/stage9_libero_pro_risk_data/campaigns/fiper_sweep_eternal/instance_B/fiper_receding_samples.jsonl
bob|fiper_sweep_eternal|instance_B|libero_goal_env_t4_r0,success_train,bob,fiper_sweep_eternal,instance_B,libero_goal_env_t4_r0,libero_goal_env,4,env,success,94,0,93,/media/rootalkhatib/My Passport/reda_ws/asynchvla_ws/stage9_libero_pro_risk_data/campaigns/fiper_sweep_eternal/instance_B/fiper_receding_samples.jsonl
bob|fiper_sweep_eternal|instance_B|libero_goal_env_t4_r1,success_train,bob,fiper_sweep_eternal,instance_B,libero_goal_env_t4_r1,libero_goal_env,4,env,success,82,0,81,/media/rootalkhatib/My Passport/reda_ws/asynchvla_ws/stage9_libero_pro_risk_data/campaigns/fiper_sweep_eternal/instance_B/fiper_receding_samples.jsonl
bob|fiper_sweep_eternal|instance_B|libero_goal_env_t4_r10,success_train,bob,fiper_sweep_eternal,instance_B,libero_goal_env_t4_r10,libero_goal_env,4,env,success,86,0,85,/media/rootalkhatib/My Passport/reda_ws/asynchvla_ws/stage9_libero_pro_risk_data/campaigns/fiper_sweep_eternal/instance_B/fiper_receding_samples.jsonl
bob|fiper_sweep_eternal|instance_B|libero_goal_env_t4_r11,success_train,bob,fiper_sweep_eternal,instance_B,libero_goal_env_t4_r11,libero_goal_env,4,env,success,88,0,87,/media/rootalkhatib/My Passport/reda_ws/asynchvla_ws/stage9_libero_pro_risk_data/campaigns/fiper_sweep_eternal/instance_B/fiper_receding_samples.jsonl
bob|fiper_sweep_eternal|instance_B|libero_goal_env_t4_r12,success_train,bob,fiper_sweep_eternal,instance_B,libero_goal_env_t4_r12,libero_goal_env,4,env,success,83,0,82,/media/rootalkhatib/My Passport/reda_ws/asynchvla_ws/stage9_libero_pro_risk_data/campaigns/fiper_sweep_eternal/instance_B/fiper_receding_samples.jsonl
bob|fiper_sweep_eternal|instance_B|libero_goal_env_t4_r13,success_train,bob,fiper_sweep_eternal,instance_B,libero_goal_env_t4_r13,libero_goal_env,4,env,success,84,0,83,/media/rootalkhatib/My Passport/reda_ws/asynchvla_ws/stage9_libero_pro_risk_data/campaigns/fiper_sweep_eternal/instance_B/fiper_receding_samples.jsonl
bob|fiper_sweep_eternal|instance_B|libero_goal_env_t4_r14,success_train,bob,fiper_sweep_eternal,instance_B,libero_goal_env_t4_r14,libero_goal_env,4,env,success,82,0,81,/media/rootalkhatib/My Passport/reda_ws/asynchvla_ws/stage9_libero_pro_risk_data/campaigns/fiper_sweep_eternal/instance_B/fiper_receding_samples.jsonl
bob|fiper_sweep_eternal|instance_B|libero_goal_env_t4_r15,success_train,bob,fiper_sweep_eternal,instance_B,libero_goal_env_t4_r15,libero_goal_env,4,env,success,88,0,87,/media/rootalkhatib/My Passport/reda_ws/asynchvla_ws/stage9_libero_pro_risk_data/campaigns/fiper_sweep_eternal/instance_B/fiper_receding_samples.jsonl
bob|fiper_sweep_eternal|instance_B|libero_goal_env_t4_r16,success_test_id,bob,fiper_sweep_eternal,instance_B,libero_goal_env_t4_r16,libero_goal_env,4,env,success,80,0,79,/media/rootalkhatib/My Passport/reda_ws/asynchvla_ws/stage9_libero_pro_risk_data/campaigns/fiper_sweep_eternal/instance_B/fiper_receding_samples.jsonl
bob|fiper_sweep_eternal|instance_B|libero_goal_env_t4_r17,success_train,bob,fiper_sweep_eternal,instance_B,libero_goal_env_t4_r17,libero_goal_env,4,env,success,83,0,82,/media/rootalkhatib/My Passport/reda_ws/asynchvla_ws/stage9_libero_pro_risk_data/campaigns/fiper_sweep_eternal/instance_B/fiper_receding_samples.jsonl
bob|fiper_sweep_eternal|instance_B|libero_goal_env_t4_r18,success_train,bob,fiper_sweep_eternal,instance_B,libero_goal_env_t4_r18,libero_goal_env,4,env,success,89,0,88,/media/rootalkhatib/My Passport/reda_ws/asynchvla_ws/stage9_libero_pro_risk_data/campaigns/fiper_sweep_eternal/instance_B/fiper_receding_samples.jsonl
bob|fiper_sweep_eternal|instance_B|libero_goal_env_t4_r19,success_train,bob,fiper_sweep_eternal,instance_B,libero_goal_env_t4_r19,libero_goal_env,4,env,success,82,0,81,/media/rootalkhatib/My Passport/reda_ws/asynchvla_ws/stage9_libero_pro_risk_data/campaigns/fiper_sweep_eternal/instance_B/fiper_receding_samples.jsonl
bob|fiper_sweep_eternal|instance_B|libero_goal_env_t4_r2,success_calib,bob,fiper_sweep_eternal,instance_B,libero_goal_env_t4_r2,libero_goal_env,4,env,success,90,0,89,/media/rootalkhatib/My Passport/reda_ws/asynchvla_ws/stage9_libero_pro_risk_data/campaigns/fiper_sweep_eternal/instance_B/fiper_receding_samples.jsonl
bob|fiper_sweep_eternal|instance_B|libero_goal_env_t4_r20,success_train,bob,fiper_sweep_eternal,instance_B,libero_goal_env_t4_r20,libero_goal_env,4,env,success,81,0,80,/media/rootalkhatib/My Passport/reda_ws/asynchvla_ws/stage9_libero_pro_risk_data/campaigns/fiper_sweep_eternal/instance_B/fiper_receding_samples.jsonl
bob|fiper_sweep_eternal|instance_B|libero_goal_env_t4_r21,success_train,bob,fiper_sweep_eternal,instance_B,libero_goal_env_t4_r21,libero_goal_env,4,env,success,84,0,83,/media/rootalkhatib/My Passport/reda_ws/asynchvla_ws/stage9_libero_pro_risk_data/campaigns/fiper_sweep_eternal/instance_B/fiper_receding_samples.jsonl
bob|fiper_sweep_eternal|instance_B|libero_goal_env_t4_r22,success_train,bob,fiper_sweep_eternal,instance_B,libero_goal_env_t4_r22,libero_goal_env,4,env,success,83,0,82,/media/rootalkhatib/My Passport/reda_ws/asynchvla_ws/stage9_libero_pro_risk_data/campaigns/fiper_sweep_eternal/instance_B/fiper_receding_samples.jsonl
bob|fiper_sweep_eternal|instance_B|libero_goal_env_t4_r23,success_test_id,bob,fiper_sweep_eternal,instance_B,libero_goal_env_t4_r23,libero_goal_env,4,env,success,87,0,86,/media/rootalkhatib/My Passport/reda_ws/asynchvla_ws/stage9_libero_pro_risk_data/campaigns/fiper_sweep_eternal/instance_B/fiper_receding_samples.jsonl
bob|fiper_sweep_eternal|instance_B|libero_goal_env_t4_r24,success_calib,bob,fiper_sweep_eternal,instance_B,libero_goal_env_t4_r24,libero_goal_env,4,env,success,79,0,78,/media/rootalkhatib/My Passport/reda_ws/asynchvla_ws/stage9_libero_pro_risk_data/campaigns/fiper_sweep_eternal/instance_B/fiper_receding_samples.jsonl
bob|fiper_sweep_eternal|instance_B|libero_goal_env_t4_r25,success_train,bob,fiper_sweep_eternal,instance_B,libero_goal_env_t4_r25,libero_goal_env,4,env,success,88,0,87,/media/rootalkhatib/My Passport/reda_ws/asynchvla_ws/stage9_libero_pro_risk_data/campaigns/fiper_sweep_eternal/instance_B/fiper_receding_samples.jsonl
bob|fiper_sweep_eternal|instance_B|libero_goal_env_t4_r26,success_train,bob,fiper_sweep_eternal,instance_B,libero_goal_env_t4_r26,libero_goal_env,4,env,success,86,0,85,/media/rootalkhatib/My Passport/reda_ws/asynchvla_ws/stage9_libero_pro_risk_data/campaigns/fiper_sweep_eternal/instance_B/fiper_receding_samples.jsonl
bob|fiper_sweep_eternal|instance_B|libero_goal_env_t4_r27,success_train,bob,fiper_sweep_eternal,instance_B,libero_goal_env_t4_r27,libero_goal_env,4,env,success,84,0,83,/media/rootalkhatib/My Passport/reda_ws/asynchvla_ws/stage9_libero_pro_risk_data/campaigns/fiper_sweep_eternal/instance_B/fiper_receding_samples.jsonl
bob|fiper_sweep_eternal|instance_B|libero_goal_env_t4_r28,success_train,bob,fiper_sweep_eternal,instance_B,libero_goal_env_t4_r28,libero_goal_env,4,env,success,86,0,85,/media/rootalkhatib/My Passport/reda_ws/asynchvla_ws/stage9_libero_pro_risk_data/campaigns/fiper_sweep_eternal/instance_B/fiper_receding_samples.jsonl
bob|fiper_sweep_eternal|instance_B|libero_goal_env_t4_r29,success_train,bob,fiper_sweep_eternal,instance_B,libero_goal_env_t4_r29,libero_goal_env,4,env,success,89,0,88,/media/rootalkhatib/My Passport/reda_ws/asynchvla_ws/stage9_libero_pro_risk_data/campaigns/fiper_sweep_eternal/instance_B/fiper_receding_samples.jsonl
bob|fiper_sweep_eternal|instance_B|libero_goal_env_t4_r3,success_test_id,bob,fiper_sweep_eternal,instance_B,libero_goal_env_t4_r3,libero_goal_env,4,env,success,86,0,85,/media/rootalkhatib/My Passport/reda_ws/asynchvla_ws/stage9_libero_pro_risk_data/campaigns/fiper_sweep_eternal/instance_B/fiper_receding_samples.jsonl
bob|fiper_sweep_eternal|instance_B|libero_goal_env_t4_r30,success_test_id,bob,fiper_sweep_eternal,instance_B,libero_goal_env_t4_r30,libero_goal_env,4,env,success,87,0,86,/media/rootalkhatib/My Passport/reda_ws/asynchvla_ws/stage9_libero_pro_risk_data/campaigns/fiper_sweep_eternal/instance_B/fiper_receding_samples.jsonl
bob|fiper_sweep_eternal|instance_B|libero_goal_env_t4_r31,success_train,bob,fiper_sweep_eternal,instance_B,libero_goal_env_t4_r31,libero_goal_env,4,env,success,85,0,84,/media/rootalkhatib/My Passport/reda_ws/asynchvla_ws/stage9_libero_pro_risk_data/campaigns/fiper_sweep_eternal/instance_B/fiper_receding_samples.jsonl
bob|fiper_sweep_eternal|instance_B|libero_goal_env_t4_r32,success_train,bob,fiper_sweep_eternal,instance_B,libero_goal_env_t4_r32,libero_goal_env,4,env,success,84,0,83,/media/rootalkhatib/My Passport/reda_ws/asynchvla_ws/stage9_libero_pro_risk_data/campaigns/fiper_sweep_eternal/instance_B/fiper_receding_samples.jsonl
bob|fiper_sweep_eternal|instance_B|libero_goal_env_t4_r33,success_train,bob,fiper_sweep_eternal,instance_B,libero_goal_env_t4_r33,libero_goal_env,4,env,success,83,0,82,/media/rootalkhatib/My Passport/reda_ws/asynchvla_ws/stage9_libero_pro_risk_data/campaigns/fiper_sweep_eternal/instance_B/fiper_receding_samples.jsonl
bob|fiper_sweep_eternal|instance_B|libero_goal_env_t4_r34,success_train,bob,fiper_sweep_eternal,instance_B,libero_goal_env_t4_r34,libero_goal_env,4,env,success,82,0,81,/media/rootalkhatib/My Passport/reda_ws/asynchvla_ws/stage9_libero_pro_risk_data/campaigns/fiper_sweep_eternal/instance_B/fiper_receding_samples.jsonl
bob|fiper_sweep_eternal|instance_B|libero_goal_env_t4_r35,success_train,bob,fiper_sweep_eternal,instance_B,libero_goal_env_t4_r35,libero_goal_env,4,env,success,85,0,84,/media/rootalkhatib/My Passport/reda_ws/asynchvla_ws/stage9_libero_pro_risk_data/campaigns/fiper_sweep_eternal/instance_B/fiper_receding_samples.jsonl
bob|fiper_sweep_eternal|instance_B|libero_goal_env_t4_r36,success_train,bob,fiper_sweep_eternal,instance_B,libero_goal_env_t4_r36,libero_goal_env,4,env,success,85,0,84,/media/rootalkhatib/My Passport/reda_ws/asynchvla_ws/stage9_libero_pro_risk_data/campaigns/fiper_sweep_eternal/instance_B/fiper_receding_samples.jsonl
bob|fiper_sweep_eternal|instance_B|libero_goal_env_t4_r37,success_train,bob,fiper_sweep_eternal,instance_B,libero_goal_env_t4_r37,libero_goal_env,4,env,success,97,0,96,/media/rootalkhatib/My Passport/reda_ws/asynchvla_ws/stage9_libero_pro_risk_data/campaigns/fiper_sweep_eternal/instance_B/fiper_receding_samples.jsonl
bob|fiper_sweep_eternal|instance_B|libero_goal_env_t4_r4,success_train,bob,fiper_sweep_eternal,instance_B,libero_goal_env_t4_r4,libero_goal_env,4,env,success,81,0,80,/media/rootalkhatib/My Passport/reda_ws/asynchvla_ws/stage9_libero_pro_risk_data/campaigns/fiper_sweep_eternal/instance_B/fiper_receding_samples.jsonl
bob|fiper_sweep_eternal|instance_B|libero_goal_env_t4_r5,success_calib,bob,fiper_sweep_eternal,instance_B,libero_goal_env_t4_r5,libero_goal_env,4,env,success,79,0,78,/media/rootalkhatib/My Passport/reda_ws/asynchvla_ws/stage9_libero_pro_risk_data/campaigns/fiper_sweep_eternal/instance_B/fiper_receding_samples.jsonl
bob|fiper_sweep_eternal|instance_B|libero_goal_env_t4_r6,success_calib,bob,fiper_sweep_eternal,instance_B,libero_goal_env_t4_r6,libero_goal_env,4,env,success,86,0,85,/media/rootalkhatib/My Passport/reda_ws/asynchvla_ws/stage9_libero_pro_risk_data/campaigns/fiper_sweep_eternal/instance_B/fiper_receding_samples.jsonl
bob|fiper_sweep_eternal|instance_B|libero_goal_env_t4_r7,success_calib,bob,fiper_sweep_eternal,instance_B,libero_goal_env_t4_r7,libero_goal_env,4,env,success,86,0,85,/media/rootalkhatib/My Passport/reda_ws/asynchvla_ws/stage9_libero_pro_risk_data/campaigns/fiper_sweep_eternal/instance_B/fiper_receding_samples.jsonl
bob|fiper_sweep_eternal|instance_B|libero_goal_env_t4_r8,success_test_id,bob,fiper_sweep_eternal,instance_B,libero_goal_env_t4_r8,libero_goal_env,4,env,success,78,0,77,/media/rootalkhatib/My Passport/reda_ws/asynchvla_ws/stage9_libero_pro_risk_data/campaigns/fiper_sweep_eternal/instance_B/fiper_receding_samples.jsonl
bob|fiper_sweep_eternal|instance_B|libero_goal_env_t4_r9,success_calib,bob,fiper_sweep_eternal,instance_B,libero_goal_env_t4_r9,libero_goal_env,4,env,success,81,0,80,/media/rootalkhatib/My Passport/reda_ws/asynchvla_ws/stage9_libero_pro_risk_data/campaigns/fiper_sweep_eternal/instance_B/fiper_receding_samples.jsonl
bob|fiper_sweep_eternal|instance_B|libero_goal_env_t5_r0,success_calib,bob,fiper_sweep_eternal,instance_B,libero_goal_env_t5_r0,libero_goal_env,5,env,success,149,0,148,/media/rootalkhatib/My Passport/reda_ws/asynchvla_ws/stage9_libero_pro_risk_data/campaigns/fiper_sweep_eternal/instance_B/fiper_receding_samples.jsonl
bob|fiper_sweep_eternal|instance_B|libero_goal_env_t5_r1,success_train,bob,fiper_sweep_eternal,instance_B,libero_goal_env_t5_r1,libero_goal_env,5,env,success,131,0,130,/media/rootalkhatib/My Passport/reda_ws/asynchvla_ws/stage9_libero_pro_risk_data/campaigns/fiper_sweep_eternal/instance_B/fiper_receding_samples.jsonl
bob|fiper_sweep_eternal|instance_B|libero_goal_env_t5_r10,success_train,bob,fiper_sweep_eternal,instance_B,libero_goal_env_t5_r10,libero_goal_env,5,env,success,129,0,128,/media/rootalkhatib/My Passport/reda_ws/asynchvla_ws/stage9_libero_pro_risk_data/campaigns/fiper_sweep_eternal/instance_B/fiper_receding_samples.jsonl
bob|fiper_sweep_eternal|instance_B|libero_goal_env_t5_r11,success_train,bob,fiper_sweep_eternal,instance_B,libero_goal_env_t5_r11,libero_goal_env,5,env,success,111,0,110,/media/rootalkhatib/My Passport/reda_ws/asynchvla_ws/stage9_libero_pro_risk_data/campaigns/fiper_sweep_eternal/instance_B/fiper_receding_samples.jsonl
bob|fiper_sweep_eternal|instance_B|libero_goal_env_t5_r12,success_train,bob,fiper_sweep_eternal,instance_B,libero_goal_env_t5_r12,libero_goal_env,5,env,success,116,0,115,/media/rootalkhatib/My Passport/reda_ws/asynchvla_ws/stage9_libero_pro_risk_data/campaigns/fiper_sweep_eternal/instance_B/fiper_receding_samples.jsonl
bob|fiper_sweep_eternal|instance_B|libero_goal_env_t5_r13,success_train,bob,fiper_sweep_eternal,instance_B,libero_goal_env_t5_r13,libero_goal_env,5,env,success,136,0,135,/media/rootalkhatib/My Passport/reda_ws/asynchvla_ws/stage9_libero_pro_risk_data/campaigns/fiper_sweep_eternal/instance_B/fiper_receding_samples.jsonl
bob|fiper_sweep_eternal|instance_B|libero_goal_env_t5_r14,success_train,bob,fiper_sweep_eternal,instance_B,libero_goal_env_t5_r14,libero_goal_env,5,env,success,110,0,109,/media/rootalkhatib/My Passport/reda_ws/asynchvla_ws/stage9_libero_pro_risk_data/campaigns/fiper_sweep_eternal/instance_B/fiper_receding_samples.jsonl
bob|fiper_sweep_eternal|instance_B|libero_goal_env_t5_r15,success_train,bob,fiper_sweep_eternal,instance_B,libero_goal_env_t5_r15,libero_goal_env,5,env,success,147,0,146,/media/rootalkhatib/My Passport/reda_ws/asynchvla_ws/stage9_libero_pro_risk_data/campaigns/fiper_sweep_eternal/instance_B/fiper_receding_samples.jsonl
bob|fiper_sweep_eternal|instance_B|libero_goal_env_t5_r16,success_train,bob,fiper_sweep_eternal,instance_B,libero_goal_env_t5_r16,libero_goal_env,5,env,success,131,0,130,/media/rootalkhatib/My Passport/reda_ws/asynchvla_ws/stage9_libero_pro_risk_data/campaigns/fiper_sweep_eternal/instance_B/fiper_receding_samples.jsonl
bob|fiper_sweep_eternal|instance_B|libero_goal_env_t5_r17,success_train,bob,fiper_sweep_eternal,instance_B,libero_goal_env_t5_r17,libero_goal_env,5,env,success,117,0,116,/media/rootalkhatib/My Passport/reda_ws/asynchvla_ws/stage9_libero_pro_risk_data/campaigns/fiper_sweep_eternal/instance_B/fiper_receding_samples.jsonl
bob|fiper_sweep_eternal|instance_B|libero_goal_env_t5_r18,success_test_id,bob,fiper_sweep_eternal,instance_B,libero_goal_env_t5_r18,libero_goal_env,5,env,success,131,0,130,/media/rootalkhatib/My Passport/reda_ws/asynchvla_ws/stage9_libero_pro_risk_data/campaigns/fiper_sweep_eternal/instance_B/fiper_receding_samples.jsonl
bob|fiper_sweep_eternal|instance_B|libero_goal_env_t5_r19,success_calib,bob,fiper_sweep_eternal,instance_B,libero_goal_env_t5_r19,libero_goal_env,5,env,success,129,0,128,/media/rootalkhatib/My Passport/reda_ws/asynchvla_ws/stage9_libero_pro_risk_data/campaigns/fiper_sweep_eternal/instance_B/fiper_receding_samples.jsonl
bob|fiper_sweep_eternal|instance_B|libero_goal_env_t5_r2,success_test_id,bob,fiper_sweep_eternal,instance_B,libero_goal_env_t5_r2,libero_goal_env,5,env,success,143,0,142,/media/rootalkhatib/My Passport/reda_ws/asynchvla_ws/stage9_libero_pro_risk_data/campaigns/fiper_sweep_eternal/instance_B/fiper_receding_samples.jsonl
bob|fiper_sweep_eternal|instance_B|libero_goal_env_t5_r20,success_train,bob,fiper_sweep_eternal,instance_B,libero_goal_env_t5_r20,libero_goal_env,5,env,success,133,0,132,/media/rootalkhatib/My Passport/reda_ws/asynchvla_ws/stage9_libero_pro_risk_data/campaigns/fiper_sweep_eternal/instance_B/fiper_receding_samples.jsonl
bob|fiper_sweep_eternal|instance_B|libero_goal_env_t5_r21,success_train,bob,fiper_sweep_eternal,instance_B,libero_goal_env_t5_r21,libero_goal_env,5,env,success,114,0,113,/media/rootalkhatib/My Passport/reda_ws/asynchvla_ws/stage9_libero_pro_risk_data/campaigns/fiper_sweep_eternal/instance_B/fiper_receding_samples.jsonl
bob|fiper_sweep_eternal|instance_B|libero_goal_env_t5_r22,success_train,bob,fiper_sweep_eternal,instance_B,libero_goal_env_t5_r22,libero_goal_env,5,env,success,196,0,195,/media/rootalkhatib/My Passport/reda_ws/asynchvla_ws/stage9_libero_pro_risk_data/campaigns/fiper_sweep_eternal/instance_B/fiper_receding_samples.jsonl
bob|fiper_sweep_eternal|instance_B|libero_goal_env_t5_r23,failure_eval_all,bob,fiper_sweep_eternal,instance_B,libero_goal_env_t5_r23,libero_goal_env,5,env,failure_or_timeout,300,0,299,/media/rootalkhatib/My Passport/reda_ws/asynchvla_ws/stage9_libero_pro_risk_data/campaigns/fiper_sweep_eternal/instance_B/fiper_receding_samples.jsonl
bob|fiper_sweep_eternal|instance_B|libero_goal_env_t5_r24,success_train,bob,fiper_sweep_eternal,instance_B,libero_goal_env_t5_r24,libero_goal_env,5,env,success,133,0,132,/media/rootalkhatib/My Passport/reda_ws/asynchvla_ws/stage9_libero_pro_risk_data/campaigns/fiper_sweep_eternal/instance_B/fiper_receding_samples.jsonl
bob|fiper_sweep_eternal|instance_B|libero_goal_env_t5_r25,success_train,bob,fiper_sweep_eternal,instance_B,libero_goal_env_t5_r25,libero_goal_env,5,env,success,116,0,115,/media/rootalkhatib/My Passport/reda_ws/asynchvla_ws/stage9_libero_pro_risk_data/campaigns/fiper_sweep_eternal/instance_B/fiper_receding_samples.jsonl
bob|fiper_sweep_eternal|instance_B|libero_goal_env_t5_r26,success_train,bob,fiper_sweep_eternal,instance_B,libero_goal_env_t5_r26,libero_goal_env,5,env,success,132,0,131,/media/rootalkhatib/My Passport/reda_ws/asynchvla_ws/stage9_libero_pro_risk_data/campaigns/fiper_sweep_eternal/instance_B/fiper_receding_samples.jsonl
bob|fiper_sweep_eternal|instance_B|libero_goal_env_t5_r27,success_train,bob,fiper_sweep_eternal,instance_B,libero_goal_env_t5_r27,libero_goal_env,5,env,success,115,0,114,/media/rootalkhatib/My Passport/reda_ws/asynchvla_ws/stage9_libero_pro_risk_data/campaigns/fiper_sweep_eternal/instance_B/fiper_receding_samples.jsonl
bob|fiper_sweep_eternal|instance_B|libero_goal_env_t5_r28,success_train,bob,fiper_sweep_eternal,instance_B,libero_goal_env_t5_r28,libero_goal_env,5,env,success,121,0,120,/media/rootalkhatib/My Passport/reda_ws/asynchvla_ws/stage9_libero_pro_risk_data/campaigns/fiper_sweep_eternal/instance_B/fiper_receding_samples.jsonl
bob|fiper_sweep_eternal|instance_B|libero_goal_env_t5_r29,success_calib,bob,fiper_sweep_eternal,instance_B,libero_goal_env_t5_r29,libero_goal_env,5,env,success,144,0,143,/media/rootalkhatib/My Passport/reda_ws/asynchvla_ws/stage9_libero_pro_risk_data/campaigns/fiper_sweep_eternal/instance_B/fiper_receding_samples.jsonl
bob|fiper_sweep_eternal|instance_B|libero_goal_env_t5_r3,success_train,bob,fiper_sweep_eternal,instance_B,libero_goal_env_t5_r3,libero_goal_env,5,env,success,142,0,141,/media/rootalkhatib/My Passport/reda_ws/asynchvla_ws/stage9_libero_pro_risk_data/campaigns/fiper_sweep_eternal/instance_B/fiper_receding_samples.jsonl
bob|fiper_sweep_eternal|instance_B|libero_goal_env_t5_r30,success_calib,bob,fiper_sweep_eternal,instance_B,libero_goal_env_t5_r30,libero_goal_env,5,env,success,139,0,138,/media/rootalkhatib/My Passport/reda_ws/asynchvla_ws/stage9_libero_pro_risk_data/campaigns/fiper_sweep_eternal/instance_B/fiper_receding_samples.jsonl
bob|fiper_sweep_eternal|instance_B|libero_goal_env_t5_r31,success_test_id,bob,fiper_sweep_eternal,instance_B,libero_goal_env_t5_r31,libero_goal_env,5,env,success,124,0,123,/media/rootalkhatib/My Passport/reda_ws/asynchvla_ws/stage9_libero_pro_risk_data/campaigns/fiper_sweep_eternal/instance_B/fiper_receding_samples.jsonl
bob|fiper_sweep_eternal|instance_B|libero_goal_env_t5_r32,success_calib,bob,fiper_sweep_eternal,instance_B,libero_goal_env_t5_r32,libero_goal_env,5,env,success,146,0,145,/media/rootalkhatib/My Passport/reda_ws/asynchvla_ws/stage9_libero_pro_risk_data/campaigns/fiper_sweep_eternal/instance_B/fiper_receding_samples.jsonl
bob|fiper_sweep_eternal|instance_B|libero_goal_env_t5_r33,success_train,bob,fiper_sweep_eternal,instance_B,libero_goal_env_t5_r33,libero_goal_env,5,env,success,153,0,152,/media/rootalkhatib/My Passport/reda_ws/asynchvla_ws/stage9_libero_pro_risk_data/campaigns/fiper_sweep_eternal/instance_B/fiper_receding_samples.jsonl
bob|fiper_sweep_eternal|instance_B|libero_goal_env_t5_r34,success_train,bob,fiper_sweep_eternal,instance_B,libero_goal_env_t5_r34,libero_goal_env,5,env,success,159,0,158,/media/rootalkhatib/My Passport/reda_ws/asynchvla_ws/stage9_libero_pro_risk_data/campaigns/fiper_sweep_eternal/instance_B/fiper_receding_samples.jsonl
bob|fiper_sweep_eternal|instance_B|libero_goal_env_t5_r35,success_test_id,bob,fiper_sweep_eternal,instance_B,libero_goal_env_t5_r35,libero_goal_env,5,env,success,137,0,136,/media/rootalkhatib/My Passport/reda_ws/asynchvla_ws/stage9_libero_pro_risk_data/campaigns/fiper_sweep_eternal/instance_B/fiper_receding_samples.jsonl
bob|fiper_sweep_eternal|instance_B|libero_goal_env_t5_r36,success_train,bob,fiper_sweep_eternal,instance_B,libero_goal_env_t5_r36,libero_goal_env,5,env,success,126,0,125,/media/rootalkhatib/My Passport/reda_ws/asynchvla_ws/stage9_libero_pro_risk_data/campaigns/fiper_sweep_eternal/instance_B/fiper_receding_samples.jsonl
bob|fiper_sweep_eternal|instance_B|libero_goal_env_t5_r37,success_calib,bob,fiper_sweep_eternal,instance_B,libero_goal_env_t5_r37,libero_goal_env,5,env,success,143,0,142,/media/rootalkhatib/My Passport/reda_ws/asynchvla_ws/stage9_libero_pro_risk_data/campaigns/fiper_sweep_eternal/instance_B/fiper_receding_samples.jsonl
bob|fiper_sweep_eternal|instance_B|libero_goal_env_t5_r4,success_train,bob,fiper_sweep_eternal,instance_B,libero_goal_env_t5_r4,libero_goal_env,5,env,success,139,0,138,/media/rootalkhatib/My Passport/reda_ws/asynchvla_ws/stage9_libero_pro_risk_data/campaigns/fiper_sweep_eternal/instance_B/fiper_receding_samples.jsonl
bob|fiper_sweep_eternal|instance_B|libero_goal_env_t5_r5,success_train,bob,fiper_sweep_eternal,instance_B,libero_goal_env_t5_r5,libero_goal_env,5,env,success,145,0,144,/media/rootalkhatib/My Passport/reda_ws/asynchvla_ws/stage9_libero_pro_risk_data/campaigns/fiper_sweep_eternal/instance_B/fiper_receding_samples.jsonl
bob|fiper_sweep_eternal|instance_B|libero_goal_env_t5_r6,success_train,bob,fiper_sweep_eternal,instance_B,libero_goal_env_t5_r6,libero_goal_env,5,env,success,123,0,122,/media/rootalkhatib/My Passport/reda_ws/asynchvla_ws/stage9_libero_pro_risk_data/campaigns/fiper_sweep_eternal/instance_B/fiper_receding_samples.jsonl
bob|fiper_sweep_eternal|instance_B|libero_goal_env_t5_r7,success_train,bob,fiper_sweep_eternal,instance_B,libero_goal_env_t5_r7,libero_goal_env,5,env,success,117,0,116,/media/rootalkhatib/My Passport/reda_ws/asynchvla_ws/stage9_libero_pro_risk_data/campaigns/fiper_sweep_eternal/instance_B/fiper_receding_samples.jsonl
bob|fiper_sweep_eternal|instance_B|libero_goal_env_t5_r8,success_test_id,bob,fiper_sweep_eternal,instance_B,libero_goal_env_t5_r8,libero_goal_env,5,env,success,167,0,166,/media/rootalkhatib/My Passport/reda_ws/asynchvla_ws/stage9_libero_pro_risk_data/campaigns/fiper_sweep_eternal/instance_B/fiper_receding_samples.jsonl
bob|fiper_sweep_eternal|instance_B|libero_goal_env_t5_r9,success_train,bob,fiper_sweep_eternal,instance_B,libero_goal_env_t5_r9,libero_goal_env,5,env,success,147,0,146,/media/rootalkhatib/My Passport/reda_ws/asynchvla_ws/stage9_libero_pro_risk_data/campaigns/fiper_sweep_eternal/instance_B/fiper_receding_samples.jsonl
bob|fiper_sweep_eternal|instance_B|libero_goal_env_t6_r0,success_test_id,bob,fiper_sweep_eternal,instance_B,libero_goal_env_t6_r0,libero_goal_env,6,env,success,91,0,90,/media/rootalkhatib/My Passport/reda_ws/asynchvla_ws/stage9_libero_pro_risk_data/campaigns/fiper_sweep_eternal/instance_B/fiper_receding_samples.jsonl
bob|fiper_sweep_eternal|instance_B|libero_goal_env_t6_r1,success_train,bob,fiper_sweep_eternal,instance_B,libero_goal_env_t6_r1,libero_goal_env,6,env,success,92,0,91,/media/rootalkhatib/My Passport/reda_ws/asynchvla_ws/stage9_libero_pro_risk_data/campaigns/fiper_sweep_eternal/instance_B/fiper_receding_samples.jsonl
bob|fiper_sweep_eternal|instance_B|libero_goal_env_t6_r10,success_train,bob,fiper_sweep_eternal,instance_B,libero_goal_env_t6_r10,libero_goal_env,6,env,success,90,0,89,/media/rootalkhatib/My Passport/reda_ws/asynchvla_ws/stage9_libero_pro_risk_data/campaigns/fiper_sweep_eternal/instance_B/fiper_receding_samples.jsonl
bob|fiper_sweep_eternal|instance_B|libero_goal_env_t6_r11,success_train,bob,fiper_sweep_eternal,instance_B,libero_goal_env_t6_r11,libero_goal_env,6,env,success,86,0,85,/media/rootalkhatib/My Passport/reda_ws/asynchvla_ws/stage9_libero_pro_risk_data/campaigns/fiper_sweep_eternal/instance_B/fiper_receding_samples.jsonl
bob|fiper_sweep_eternal|instance_B|libero_goal_env_t6_r12,success_train,bob,fiper_sweep_eternal,instance_B,libero_goal_env_t6_r12,libero_goal_env,6,env,success,87,0,86,/media/rootalkhatib/My Passport/reda_ws/asynchvla_ws/stage9_libero_pro_risk_data/campaigns/fiper_sweep_eternal/instance_B/fiper_receding_samples.jsonl
bob|fiper_sweep_eternal|instance_B|libero_goal_env_t6_r13,success_train,bob,fiper_sweep_eternal,instance_B,libero_goal_env_t6_r13,libero_goal_env,6,env,success,82,0,81,/media/rootalkhatib/My Passport/reda_ws/asynchvla_ws/stage9_libero_pro_risk_data/campaigns/fiper_sweep_eternal/instance_B/fiper_receding_samples.jsonl
bob|fiper_sweep_eternal|instance_B|libero_goal_env_t6_r14,success_train,bob,fiper_sweep_eternal,instance_B,libero_goal_env_t6_r14,libero_goal_env,6,env,success,89,0,88,/media/rootalkhatib/My Passport/reda_ws/asynchvla_ws/stage9_libero_pro_risk_data/campaigns/fiper_sweep_eternal/instance_B/fiper_receding_samples.jsonl
bob|fiper_sweep_eternal|instance_B|libero_goal_env_t6_r15,success_calib,bob,fiper_sweep_eternal,instance_B,libero_goal_env_t6_r15,libero_goal_env,6,env,success,85,0,84,/media/rootalkhatib/My Passport/reda_ws/asynchvla_ws/stage9_libero_pro_risk_data/campaigns/fiper_sweep_eternal/instance_B/fiper_receding_samples.jsonl
bob|fiper_sweep_eternal|instance_B|libero_goal_env_t6_r16,success_train,bob,fiper_sweep_eternal,instance_B,libero_goal_env_t6_r16,libero_goal_env,6,env,success,89,0,88,/media/rootalkhatib/My Passport/reda_ws/asynchvla_ws/stage9_libero_pro_risk_data/campaigns/fiper_sweep_eternal/instance_B/fiper_receding_samples.jsonl
bob|fiper_sweep_eternal|instance_B|libero_goal_env_t6_r17,success_train,bob,fiper_sweep_eternal,instance_B,libero_goal_env_t6_r17,libero_goal_env,6,env,success,111,0,110,/media/rootalkhatib/My Passport/reda_ws/asynchvla_ws/stage9_libero_pro_risk_data/campaigns/fiper_sweep_eternal/instance_B/fiper_receding_samples.jsonl
bob|fiper_sweep_eternal|instance_B|libero_goal_env_t6_r18,success_test_id,bob,fiper_sweep_eternal,instance_B,libero_goal_env_t6_r18,libero_goal_env,6,env,success,84,0,83,/media/rootalkhatib/My Passport/reda_ws/asynchvla_ws/stage9_libero_pro_risk_data/campaigns/fiper_sweep_eternal/instance_B/fiper_receding_samples.jsonl
bob|fiper_sweep_eternal|instance_B|libero_goal_env_t6_r19,success_train,bob,fiper_sweep_eternal,instance_B,libero_goal_env_t6_r19,libero_goal_env,6,env,success,130,0,129,/media/rootalkhatib/My Passport/reda_ws/asynchvla_ws/stage9_libero_pro_risk_data/campaigns/fiper_sweep_eternal/instance_B/fiper_receding_samples.jsonl
bob|fiper_sweep_eternal|instance_B|libero_goal_env_t6_r2,success_calib,bob,fiper_sweep_eternal,instance_B,libero_goal_env_t6_r2,libero_goal_env,6,env,success,97,0,96,/media/rootalkhatib/My Passport/reda_ws/asynchvla_ws/stage9_libero_pro_risk_data/campaigns/fiper_sweep_eternal/instance_B/fiper_receding_samples.jsonl
bob|fiper_sweep_eternal|instance_B|libero_goal_env_t6_r20,success_train,bob,fiper_sweep_eternal,instance_B,libero_goal_env_t6_r20,libero_goal_env,6,env,success,83,0,82,/media/rootalkhatib/My Passport/reda_ws/asynchvla_ws/stage9_libero_pro_risk_data/campaigns/fiper_sweep_eternal/instance_B/fiper_receding_samples.jsonl
bob|fiper_sweep_eternal|instance_B|libero_goal_env_t6_r21,success_calib,bob,fiper_sweep_eternal,instance_B,libero_goal_env_t6_r21,libero_goal_env,6,env,success,95,0,94,/media/rootalkhatib/My Passport/reda_ws/asynchvla_ws/stage9_libero_pro_risk_data/campaigns/fiper_sweep_eternal/instance_B/fiper_receding_samples.jsonl
bob|fiper_sweep_eternal|instance_B|libero_goal_env_t6_r22,success_test_id,bob,fiper_sweep_eternal,instance_B,libero_goal_env_t6_r22,libero_goal_env,6,env,success,100,0,99,/media/rootalkhatib/My Passport/reda_ws/asynchvla_ws/stage9_libero_pro_risk_data/campaigns/fiper_sweep_eternal/instance_B/fiper_receding_samples.jsonl
bob|fiper_sweep_eternal|instance_B|libero_goal_env_t6_r23,success_train,bob,fiper_sweep_eternal,instance_B,libero_goal_env_t6_r23,libero_goal_env,6,env,success,94,0,93,/media/rootalkhatib/My Passport/reda_ws/asynchvla_ws/stage9_libero_pro_risk_data/campaigns/fiper_sweep_eternal/instance_B/fiper_receding_samples.jsonl
bob|fiper_sweep_eternal|instance_B|libero_goal_env_t6_r24,success_train,bob,fiper_sweep_eternal,instance_B,libero_goal_env_t6_r24,libero_goal_env,6,env,success,89,0,88,/media/rootalkhatib/My Passport/reda_ws/asynchvla_ws/stage9_libero_pro_risk_data/campaigns/fiper_sweep_eternal/instance_B/fiper_receding_samples.jsonl
bob|fiper_sweep_eternal|instance_B|libero_goal_env_t6_r25,success_train,bob,fiper_sweep_eternal,instance_B,libero_goal_env_t6_r25,libero_goal_env,6,env,success,86,0,85,/media/rootalkhatib/My Passport/reda_ws/asynchvla_ws/stage9_libero_pro_risk_data/campaigns/fiper_sweep_eternal/instance_B/fiper_receding_samples.jsonl
bob|fiper_sweep_eternal|instance_B|libero_goal_env_t6_r26,success_calib,bob,fiper_sweep_eternal,instance_B,libero_goal_env_t6_r26,libero_goal_env,6,env,success,101,0,100,/media/rootalkhatib/My Passport/reda_ws/asynchvla_ws/stage9_libero_pro_risk_data/campaigns/fiper_sweep_eternal/instance_B/fiper_receding_samples.jsonl
bob|fiper_sweep_eternal|instance_B|libero_goal_env_t6_r27,success_test_id,bob,fiper_sweep_eternal,instance_B,libero_goal_env_t6_r27,libero_goal_env,6,env,success,86,0,85,/media/rootalkhatib/My Passport/reda_ws/asynchvla_ws/stage9_libero_pro_risk_data/campaigns/fiper_sweep_eternal/instance_B/fiper_receding_samples.jsonl
bob|fiper_sweep_eternal|instance_B|libero_goal_env_t6_r28,success_train,bob,fiper_sweep_eternal,instance_B,libero_goal_env_t6_r28,libero_goal_env,6,env,success,84,0,83,/media/rootalkhatib/My Passport/reda_ws/asynchvla_ws/stage9_libero_pro_risk_data/campaigns/fiper_sweep_eternal/instance_B/fiper_receding_samples.jsonl
bob|fiper_sweep_eternal|instance_B|libero_goal_env_t6_r29,success_calib,bob,fiper_sweep_eternal,instance_B,libero_goal_env_t6_r29,libero_goal_env,6,env,success,94,0,93,/media/rootalkhatib/My Passport/reda_ws/asynchvla_ws/stage9_libero_pro_risk_data/campaigns/fiper_sweep_eternal/instance_B/fiper_receding_samples.jsonl
bob|fiper_sweep_eternal|instance_B|libero_goal_env_t6_r3,success_train,bob,fiper_sweep_eternal,instance_B,libero_goal_env_t6_r3,libero_goal_env,6,env,success,85,0,84,/media/rootalkhatib/My Passport/reda_ws/asynchvla_ws/stage9_libero_pro_risk_data/campaigns/fiper_sweep_eternal/instance_B/fiper_receding_samples.jsonl
bob|fiper_sweep_eternal|instance_B|libero_goal_env_t6_r30,success_train,bob,fiper_sweep_eternal,instance_B,libero_goal_env_t6_r30,libero_goal_env,6,env,success,96,0,95,/media/rootalkhatib/My Passport/reda_ws/asynchvla_ws/stage9_libero_pro_risk_data/campaigns/fiper_sweep_eternal/instance_B/fiper_receding_samples.jsonl
bob|fiper_sweep_eternal|instance_B|libero_goal_env_t6_r31,success_train,bob,fiper_sweep_eternal,instance_B,libero_goal_env_t6_r31,libero_goal_env,6,env,success,91,0,90,/media/rootalkhatib/My Passport/reda_ws/asynchvla_ws/stage9_libero_pro_risk_data/campaigns/fiper_sweep_eternal/instance_B/fiper_receding_samples.jsonl
bob|fiper_sweep_eternal|instance_B|libero_goal_env_t6_r32,success_train,bob,fiper_sweep_eternal,instance_B,libero_goal_env_t6_r32,libero_goal_env,6,env,success,84,0,83,/media/rootalkhatib/My Passport/reda_ws/asynchvla_ws/stage9_libero_pro_risk_data/campaigns/fiper_sweep_eternal/instance_B/fiper_receding_samples.jsonl
bob|fiper_sweep_eternal|instance_B|libero_goal_env_t6_r33,success_train,bob,fiper_sweep_eternal,instance_B,libero_goal_env_t6_r33,libero_goal_env,6,env,success,87,0,86,/media/rootalkhatib/My Passport/reda_ws/asynchvla_ws/stage9_libero_pro_risk_data/campaigns/fiper_sweep_eternal/instance_B/fiper_receding_samples.jsonl
bob|fiper_sweep_eternal|instance_B|libero_goal_env_t6_r34,success_train,bob,fiper_sweep_eternal,instance_B,libero_goal_env_t6_r34,libero_goal_env,6,env,success,81,0,80,/media/rootalkhatib/My Passport/reda_ws/asynchvla_ws/stage9_libero_pro_risk_data/campaigns/fiper_sweep_eternal/instance_B/fiper_receding_samples.jsonl
bob|fiper_sweep_eternal|instance_B|libero_goal_env_t6_r35,success_train,bob,fiper_sweep_eternal,instance_B,libero_goal_env_t6_r35,libero_goal_env,6,env,success,83,0,82,/media/rootalkhatib/My Passport/reda_ws/asynchvla_ws/stage9_libero_pro_risk_data/campaigns/fiper_sweep_eternal/instance_B/fiper_receding_samples.jsonl
bob|fiper_sweep_eternal|instance_B|libero_goal_env_t6_r36,success_train,bob,fiper_sweep_eternal,instance_B,libero_goal_env_t6_r36,libero_goal_env,6,env,success,85,0,84,/media/rootalkhatib/My Passport/reda_ws/asynchvla_ws/stage9_libero_pro_risk_data/campaigns/fiper_sweep_eternal/instance_B/fiper_receding_samples.jsonl
bob|fiper_sweep_eternal|instance_B|libero_goal_env_t6_r37,success_train,bob,fiper_sweep_eternal,instance_B,libero_goal_env_t6_r37,libero_goal_env,6,env,success,86,0,85,/media/rootalkhatib/My Passport/reda_ws/asynchvla_ws/stage9_libero_pro_risk_data/campaigns/fiper_sweep_eternal/instance_B/fiper_receding_samples.jsonl
bob|fiper_sweep_eternal|instance_B|libero_goal_env_t6_r4,success_train,bob,fiper_sweep_eternal,instance_B,libero_goal_env_t6_r4,libero_goal_env,6,env,success,89,0,88,/media/rootalkhatib/My Passport/reda_ws/asynchvla_ws/stage9_libero_pro_risk_data/campaigns/fiper_sweep_eternal/instance_B/fiper_receding_samples.jsonl
bob|fiper_sweep_eternal|instance_B|libero_goal_env_t6_r5,success_calib,bob,fiper_sweep_eternal,instance_B,libero_goal_env_t6_r5,libero_goal_env,6,env,success,87,0,86,/media/rootalkhatib/My Passport/reda_ws/asynchvla_ws/stage9_libero_pro_risk_data/campaigns/fiper_sweep_eternal/instance_B/fiper_receding_samples.jsonl
bob|fiper_sweep_eternal|instance_B|libero_goal_env_t6_r6,success_train,bob,fiper_sweep_eternal,instance_B,libero_goal_env_t6_r6,libero_goal_env,6,env,success,83,0,82,/media/rootalkhatib/My Passport/reda_ws/asynchvla_ws/stage9_libero_pro_risk_data/campaigns/fiper_sweep_eternal/instance_B/fiper_receding_samples.jsonl
bob|fiper_sweep_eternal|instance_B|libero_goal_env_t6_r7,success_train,bob,fiper_sweep_eternal,instance_B,libero_goal_env_t6_r7,libero_goal_env,6,env,success,90,0,89,/media/rootalkhatib/My Passport/reda_ws/asynchvla_ws/stage9_libero_pro_risk_data/campaigns/fiper_sweep_eternal/instance_B/fiper_receding_samples.jsonl
bob|fiper_sweep_eternal|instance_B|libero_goal_env_t6_r8,success_train,bob,fiper_sweep_eternal,instance_B,libero_goal_env_t6_r8,libero_goal_env,6,env,success,85,0,84,/media/rootalkhatib/My Passport/reda_ws/asynchvla_ws/stage9_libero_pro_risk_data/campaigns/fiper_sweep_eternal/instance_B/fiper_receding_samples.jsonl
bob|fiper_sweep_eternal|instance_B|libero_goal_env_t6_r9,success_test_id,bob,fiper_sweep_eternal,instance_B,libero_goal_env_t6_r9,libero_goal_env,6,env,success,90,0,89,/media/rootalkhatib/My Passport/reda_ws/asynchvla_ws/stage9_libero_pro_risk_data/campaigns/fiper_sweep_eternal/instance_B/fiper_receding_samples.jsonl
bob|fiper_sweep_eternal|instance_B|libero_goal_env_t7_r0,success_train,bob,fiper_sweep_eternal,instance_B,libero_goal_env_t7_r0,libero_goal_env,7,env,success,86,0,85,/media/rootalkhatib/My Passport/reda_ws/asynchvla_ws/stage9_libero_pro_risk_data/campaigns/fiper_sweep_eternal/instance_B/fiper_receding_samples.jsonl
bob|fiper_sweep_eternal|instance_B|libero_goal_env_t7_r1,success_train,bob,fiper_sweep_eternal,instance_B,libero_goal_env_t7_r1,libero_goal_env,7,env,success,74,0,73,/media/rootalkhatib/My Passport/reda_ws/asynchvla_ws/stage9_libero_pro_risk_data/campaigns/fiper_sweep_eternal/instance_B/fiper_receding_samples.jsonl
bob|fiper_sweep_eternal|instance_B|libero_goal_env_t7_r10,success_train,bob,fiper_sweep_eternal,instance_B,libero_goal_env_t7_r10,libero_goal_env,7,env,success,76,0,75,/media/rootalkhatib/My Passport/reda_ws/asynchvla_ws/stage9_libero_pro_risk_data/campaigns/fiper_sweep_eternal/instance_B/fiper_receding_samples.jsonl
bob|fiper_sweep_eternal|instance_B|libero_goal_env_t7_r11,success_test_id,bob,fiper_sweep_eternal,instance_B,libero_goal_env_t7_r11,libero_goal_env,7,env,success,74,0,73,/media/rootalkhatib/My Passport/reda_ws/asynchvla_ws/stage9_libero_pro_risk_data/campaigns/fiper_sweep_eternal/instance_B/fiper_receding_samples.jsonl
bob|fiper_sweep_eternal|instance_B|libero_goal_env_t7_r12,success_train,bob,fiper_sweep_eternal,instance_B,libero_goal_env_t7_r12,libero_goal_env,7,env,success,67,0,66,/media/rootalkhatib/My Passport/reda_ws/asynchvla_ws/stage9_libero_pro_risk_data/campaigns/fiper_sweep_eternal/instance_B/fiper_receding_samples.jsonl
bob|fiper_sweep_eternal|instance_B|libero_goal_env_t7_r13,success_train,bob,fiper_sweep_eternal,instance_B,libero_goal_env_t7_r13,libero_goal_env,7,env,success,72,0,71,/media/rootalkhatib/My Passport/reda_ws/asynchvla_ws/stage9_libero_pro_risk_data/campaigns/fiper_sweep_eternal/instance_B/fiper_receding_samples.jsonl
bob|fiper_sweep_eternal|instance_B|libero_goal_env_t7_r14,success_train,bob,fiper_sweep_eternal,instance_B,libero_goal_env_t7_r14,libero_goal_env,7,env,success,68,0,67,/media/rootalkhatib/My Passport/reda_ws/asynchvla_ws/stage9_libero_pro_risk_data/campaigns/fiper_sweep_eternal/instance_B/fiper_receding_samples.jsonl
bob|fiper_sweep_eternal|instance_B|libero_goal_env_t7_r15,success_train,bob,fiper_sweep_eternal,instance_B,libero_goal_env_t7_r15,libero_goal_env,7,env,success,77,0,76,/media/rootalkhatib/My Passport/reda_ws/asynchvla_ws/stage9_libero_pro_risk_data/campaigns/fiper_sweep_eternal/instance_B/fiper_receding_samples.jsonl
bob|fiper_sweep_eternal|instance_B|libero_goal_env_t7_r16,success_train,bob,fiper_sweep_eternal,instance_B,libero_goal_env_t7_r16,libero_goal_env,7,env,success,71,0,70,/media/rootalkhatib/My Passport/reda_ws/asynchvla_ws/stage9_libero_pro_risk_data/campaigns/fiper_sweep_eternal/instance_B/fiper_receding_samples.jsonl
bob|fiper_sweep_eternal|instance_B|libero_goal_env_t7_r17,success_train,bob,fiper_sweep_eternal,instance_B,libero_goal_env_t7_r17,libero_goal_env,7,env,success,71,0,70,/media/rootalkhatib/My Passport/reda_ws/asynchvla_ws/stage9_libero_pro_risk_data/campaigns/fiper_sweep_eternal/instance_B/fiper_receding_samples.jsonl
bob|fiper_sweep_eternal|instance_B|libero_goal_env_t7_r18,success_train,bob,fiper_sweep_eternal,instance_B,libero_goal_env_t7_r18,libero_goal_env,7,env,success,68,0,67,/media/rootalkhatib/My Passport/reda_ws/asynchvla_ws/stage9_libero_pro_risk_data/campaigns/fiper_sweep_eternal/instance_B/fiper_receding_samples.jsonl
bob|fiper_sweep_eternal|instance_B|libero_goal_env_t7_r19,success_train,bob,fiper_sweep_eternal,instance_B,libero_goal_env_t7_r19,libero_goal_env,7,env,success,69,0,68,/media/rootalkhatib/My Passport/reda_ws/asynchvla_ws/stage9_libero_pro_risk_data/campaigns/fiper_sweep_eternal/instance_B/fiper_receding_samples.jsonl
bob|fiper_sweep_eternal|instance_B|libero_goal_env_t7_r2,success_calib,bob,fiper_sweep_eternal,instance_B,libero_goal_env_t7_r2,libero_goal_env,7,env,success,75,0,74,/media/rootalkhatib/My Passport/reda_ws/asynchvla_ws/stage9_libero_pro_risk_data/campaigns/fiper_sweep_eternal/instance_B/fiper_receding_samples.jsonl
bob|fiper_sweep_eternal|instance_B|libero_goal_env_t7_r20,success_train,bob,fiper_sweep_eternal,instance_B,libero_goal_env_t7_r20,libero_goal_env,7,env,success,70,0,69,/media/rootalkhatib/My Passport/reda_ws/asynchvla_ws/stage9_libero_pro_risk_data/campaigns/fiper_sweep_eternal/instance_B/fiper_receding_samples.jsonl
bob|fiper_sweep_eternal|instance_B|libero_goal_env_t7_r21,success_test_id,bob,fiper_sweep_eternal,instance_B,libero_goal_env_t7_r21,libero_goal_env,7,env,success,67,0,66,/media/rootalkhatib/My Passport/reda_ws/asynchvla_ws/stage9_libero_pro_risk_data/campaigns/fiper_sweep_eternal/instance_B/fiper_receding_samples.jsonl
bob|fiper_sweep_eternal|instance_B|libero_goal_env_t7_r22,success_test_id,bob,fiper_sweep_eternal,instance_B,libero_goal_env_t7_r22,libero_goal_env,7,env,success,66,0,65,/media/rootalkhatib/My Passport/reda_ws/asynchvla_ws/stage9_libero_pro_risk_data/campaigns/fiper_sweep_eternal/instance_B/fiper_receding_samples.jsonl
bob|fiper_sweep_eternal|instance_B|libero_goal_env_t7_r23,success_train,bob,fiper_sweep_eternal,instance_B,libero_goal_env_t7_r23,libero_goal_env,7,env,success,72,0,71,/media/rootalkhatib/My Passport/reda_ws/asynchvla_ws/stage9_libero_pro_risk_data/campaigns/fiper_sweep_eternal/instance_B/fiper_receding_samples.jsonl
bob|fiper_sweep_eternal|instance_B|libero_goal_env_t7_r24,success_train,bob,fiper_sweep_eternal,instance_B,libero_goal_env_t7_r24,libero_goal_env,7,env,success,71,0,70,/media/rootalkhatib/My Passport/reda_ws/asynchvla_ws/stage9_libero_pro_risk_data/campaigns/fiper_sweep_eternal/instance_B/fiper_receding_samples.jsonl
bob|fiper_sweep_eternal|instance_B|libero_goal_env_t7_r25,success_calib,bob,fiper_sweep_eternal,instance_B,libero_goal_env_t7_r25,libero_goal_env,7,env,success,72,0,71,/media/rootalkhatib/My Passport/reda_ws/asynchvla_ws/stage9_libero_pro_risk_data/campaigns/fiper_sweep_eternal/instance_B/fiper_receding_samples.jsonl
bob|fiper_sweep_eternal|instance_B|libero_goal_env_t7_r26,success_train,bob,fiper_sweep_eternal,instance_B,libero_goal_env_t7_r26,libero_goal_env,7,env,success,70,0,69,/media/rootalkhatib/My Passport/reda_ws/asynchvla_ws/stage9_libero_pro_risk_data/campaigns/fiper_sweep_eternal/instance_B/fiper_receding_samples.jsonl
bob|fiper_sweep_eternal|instance_B|libero_goal_env_t7_r27,success_train,bob,fiper_sweep_eternal,instance_B,libero_goal_env_t7_r27,libero_goal_env,7,env,success,69,0,68,/media/rootalkhatib/My Passport/reda_ws/asynchvla_ws/stage9_libero_pro_risk_data/campaigns/fiper_sweep_eternal/instance_B/fiper_receding_samples.jsonl
bob|fiper_sweep_eternal|instance_B|libero_goal_env_t7_r28,success_train,bob,fiper_sweep_eternal,instance_B,libero_goal_env_t7_r28,libero_goal_env,7,env,success,77,0,76,/media/rootalkhatib/My Passport/reda_ws/asynchvla_ws/stage9_libero_pro_risk_data/campaigns/fiper_sweep_eternal/instance_B/fiper_receding_samples.jsonl
bob|fiper_sweep_eternal|instance_B|libero_goal_env_t7_r29,success_test_id,bob,fiper_sweep_eternal,instance_B,libero_goal_env_t7_r29,libero_goal_env,7,env,success,66,0,65,/media/rootalkhatib/My Passport/reda_ws/asynchvla_ws/stage9_libero_pro_risk_data/campaigns/fiper_sweep_eternal/instance_B/fiper_receding_samples.jsonl
bob|fiper_sweep_eternal|instance_B|libero_goal_env_t7_r3,success_train,bob,fiper_sweep_eternal,instance_B,libero_goal_env_t7_r3,libero_goal_env,7,env,success,69,0,68,/media/rootalkhatib/My Passport/reda_ws/asynchvla_ws/stage9_libero_pro_risk_data/campaigns/fiper_sweep_eternal/instance_B/fiper_receding_samples.jsonl
bob|fiper_sweep_eternal|instance_B|libero_goal_env_t7_r30,success_calib,bob,fiper_sweep_eternal,instance_B,libero_goal_env_t7_r30,libero_goal_env,7,env,success,69,0,68,/media/rootalkhatib/My Passport/reda_ws/asynchvla_ws/stage9_libero_pro_risk_data/campaigns/fiper_sweep_eternal/instance_B/fiper_receding_samples.jsonl
bob|fiper_sweep_eternal|instance_B|libero_goal_env_t7_r31,success_train,bob,fiper_sweep_eternal,instance_B,libero_goal_env_t7_r31,libero_goal_env,7,env,success,68,0,67,/media/rootalkhatib/My Passport/reda_ws/asynchvla_ws/stage9_libero_pro_risk_data/campaigns/fiper_sweep_eternal/instance_B/fiper_receding_samples.jsonl
bob|fiper_sweep_eternal|instance_B|libero_goal_env_t7_r32,success_train,bob,fiper_sweep_eternal,instance_B,libero_goal_env_t7_r32,libero_goal_env,7,env,success,68,0,67,/media/rootalkhatib/My Passport/reda_ws/asynchvla_ws/stage9_libero_pro_risk_data/campaigns/fiper_sweep_eternal/instance_B/fiper_receding_samples.jsonl
bob|fiper_sweep_eternal|instance_B|libero_goal_env_t7_r33,success_train,bob,fiper_sweep_eternal,instance_B,libero_goal_env_t7_r33,libero_goal_env,7,env,success,68,0,67,/media/rootalkhatib/My Passport/reda_ws/asynchvla_ws/stage9_libero_pro_risk_data/campaigns/fiper_sweep_eternal/instance_B/fiper_receding_samples.jsonl
bob|fiper_sweep_eternal|instance_B|libero_goal_env_t7_r34,success_test_id,bob,fiper_sweep_eternal,instance_B,libero_goal_env_t7_r34,libero_goal_env,7,env,success,67,0,66,/media/rootalkhatib/My Passport/reda_ws/asynchvla_ws/stage9_libero_pro_risk_data/campaigns/fiper_sweep_eternal/instance_B/fiper_receding_samples.jsonl
bob|fiper_sweep_eternal|instance_B|libero_goal_env_t7_r35,success_train,bob,fiper_sweep_eternal,instance_B,libero_goal_env_t7_r35,libero_goal_env,7,env,success,70,0,69,/media/rootalkhatib/My Passport/reda_ws/asynchvla_ws/stage9_libero_pro_risk_data/campaigns/fiper_sweep_eternal/instance_B/fiper_receding_samples.jsonl
bob|fiper_sweep_eternal|instance_B|libero_goal_env_t7_r36,success_calib,bob,fiper_sweep_eternal,instance_B,libero_goal_env_t7_r36,libero_goal_env,7,env,success,73,0,72,/media/rootalkhatib/My Passport/reda_ws/asynchvla_ws/stage9_libero_pro_risk_data/campaigns/fiper_sweep_eternal/instance_B/fiper_receding_samples.jsonl
bob|fiper_sweep_eternal|instance_B|libero_goal_env_t7_r37,success_calib,bob,fiper_sweep_eternal,instance_B,libero_goal_env_t7_r37,libero_goal_env,7,env,success,66,0,65,/media/rootalkhatib/My Passport/reda_ws/asynchvla_ws/stage9_libero_pro_risk_data/campaigns/fiper_sweep_eternal/instance_B/fiper_receding_samples.jsonl
bob|fiper_sweep_eternal|instance_B|libero_goal_env_t7_r4,success_calib,bob,fiper_sweep_eternal,instance_B,libero_goal_env_t7_r4,libero_goal_env,7,env,success,70,0,69,/media/rootalkhatib/My Passport/reda_ws/asynchvla_ws/stage9_libero_pro_risk_data/campaigns/fiper_sweep_eternal/instance_B/fiper_receding_samples.jsonl
bob|fiper_sweep_eternal|instance_B|libero_goal_env_t7_r5,success_train,bob,fiper_sweep_eternal,instance_B,libero_goal_env_t7_r5,libero_goal_env,7,env,success,77,0,76,/media/rootalkhatib/My Passport/reda_ws/asynchvla_ws/stage9_libero_pro_risk_data/campaigns/fiper_sweep_eternal/instance_B/fiper_receding_samples.jsonl
bob|fiper_sweep_eternal|instance_B|libero_goal_env_t7_r6,success_train,bob,fiper_sweep_eternal,instance_B,libero_goal_env_t7_r6,libero_goal_env,7,env,success,68,0,67,/media/rootalkhatib/My Passport/reda_ws/asynchvla_ws/stage9_libero_pro_risk_data/campaigns/fiper_sweep_eternal/instance_B/fiper_receding_samples.jsonl
bob|fiper_sweep_eternal|instance_B|libero_goal_env_t7_r7,success_train,bob,fiper_sweep_eternal,instance_B,libero_goal_env_t7_r7,libero_goal_env,7,env,success,69,0,68,/media/rootalkhatib/My Passport/reda_ws/asynchvla_ws/stage9_libero_pro_risk_data/campaigns/fiper_sweep_eternal/instance_B/fiper_receding_samples.jsonl
bob|fiper_sweep_eternal|instance_B|libero_goal_env_t7_r8,success_train,bob,fiper_sweep_eternal,instance_B,libero_goal_env_t7_r8,libero_goal_env,7,env,success,74,0,73,/media/rootalkhatib/My Passport/reda_ws/asynchvla_ws/stage9_libero_pro_risk_data/campaigns/fiper_sweep_eternal/instance_B/fiper_receding_samples.jsonl
bob|fiper_sweep_eternal|instance_B|libero_goal_env_t7_r9,success_train,bob,fiper_sweep_eternal,instance_B,libero_goal_env_t7_r9,libero_goal_env,7,env,success,68,0,67,/media/rootalkhatib/My Passport/reda_ws/asynchvla_ws/stage9_libero_pro_risk_data/campaigns/fiper_sweep_eternal/instance_B/fiper_receding_samples.jsonl
bob|fiper_sweep_eternal|instance_B|libero_goal_env_t8_r0,success_train,bob,fiper_sweep_eternal,instance_B,libero_goal_env_t8_r0,libero_goal_env,8,env,success,78,0,77,/media/rootalkhatib/My Passport/reda_ws/asynchvla_ws/stage9_libero_pro_risk_data/campaigns/fiper_sweep_eternal/instance_B/fiper_receding_samples.jsonl
bob|fiper_sweep_eternal|instance_B|libero_goal_env_t8_r1,success_train,bob,fiper_sweep_eternal,instance_B,libero_goal_env_t8_r1,libero_goal_env,8,env,success,114,0,113,/media/rootalkhatib/My Passport/reda_ws/asynchvla_ws/stage9_libero_pro_risk_data/campaigns/fiper_sweep_eternal/instance_B/fiper_receding_samples.jsonl
bob|fiper_sweep_eternal|instance_B|libero_goal_env_t8_r10,success_train,bob,fiper_sweep_eternal,instance_B,libero_goal_env_t8_r10,libero_goal_env,8,env,success,84,0,83,/media/rootalkhatib/My Passport/reda_ws/asynchvla_ws/stage9_libero_pro_risk_data/campaigns/fiper_sweep_eternal/instance_B/fiper_receding_samples.jsonl
bob|fiper_sweep_eternal|instance_B|libero_goal_env_t8_r11,success_calib,bob,fiper_sweep_eternal,instance_B,libero_goal_env_t8_r11,libero_goal_env,8,env,success,78,0,77,/media/rootalkhatib/My Passport/reda_ws/asynchvla_ws/stage9_libero_pro_risk_data/campaigns/fiper_sweep_eternal/instance_B/fiper_receding_samples.jsonl
bob|fiper_sweep_eternal|instance_B|libero_goal_env_t8_r12,success_train,bob,fiper_sweep_eternal,instance_B,libero_goal_env_t8_r12,libero_goal_env,8,env,success,79,0,78,/media/rootalkhatib/My Passport/reda_ws/asynchvla_ws/stage9_libero_pro_risk_data/campaigns/fiper_sweep_eternal/instance_B/fiper_receding_samples.jsonl
bob|fiper_sweep_eternal|instance_B|libero_goal_env_t8_r13,success_train,bob,fiper_sweep_eternal,instance_B,libero_goal_env_t8_r13,libero_goal_env,8,env,success,81,0,80,/media/rootalkhatib/My Passport/reda_ws/asynchvla_ws/stage9_libero_pro_risk_data/campaigns/fiper_sweep_eternal/instance_B/fiper_receding_samples.jsonl
bob|fiper_sweep_eternal|instance_B|libero_goal_env_t8_r14,success_train,bob,fiper_sweep_eternal,instance_B,libero_goal_env_t8_r14,libero_goal_env,8,env,success,73,0,72,/media/rootalkhatib/My Passport/reda_ws/asynchvla_ws/stage9_libero_pro_risk_data/campaigns/fiper_sweep_eternal/instance_B/fiper_receding_samples.jsonl
bob|fiper_sweep_eternal|instance_B|libero_goal_env_t8_r15,success_calib,bob,fiper_sweep_eternal,instance_B,libero_goal_env_t8_r15,libero_goal_env,8,env,success,79,0,78,/media/rootalkhatib/My Passport/reda_ws/asynchvla_ws/stage9_libero_pro_risk_data/campaigns/fiper_sweep_eternal/instance_B/fiper_receding_samples.jsonl
bob|fiper_sweep_eternal|instance_B|libero_goal_env_t8_r16,failure_eval_all,bob,fiper_sweep_eternal,instance_B,libero_goal_env_t8_r16,libero_goal_env,8,env,failure_or_timeout,300,0,299,/media/rootalkhatib/My Passport/reda_ws/asynchvla_ws/stage9_libero_pro_risk_data/campaigns/fiper_sweep_eternal/instance_B/fiper_receding_samples.jsonl
bob|fiper_sweep_eternal|instance_B|libero_goal_env_t8_r17,success_train,bob,fiper_sweep_eternal,instance_B,libero_goal_env_t8_r17,libero_goal_env,8,env,success,81,0,80,/media/rootalkhatib/My Passport/reda_ws/asynchvla_ws/stage9_libero_pro_risk_data/campaigns/fiper_sweep_eternal/instance_B/fiper_receding_samples.jsonl
bob|fiper_sweep_eternal|instance_B|libero_goal_env_t8_r18,success_train,bob,fiper_sweep_eternal,instance_B,libero_goal_env_t8_r18,libero_goal_env,8,env,success,80,0,79,/media/rootalkhatib/My Passport/reda_ws/asynchvla_ws/stage9_libero_pro_risk_data/campaigns/fiper_sweep_eternal/instance_B/fiper_receding_samples.jsonl
bob|fiper_sweep_eternal|instance_B|libero_goal_env_t8_r19,success_train,bob,fiper_sweep_eternal,instance_B,libero_goal_env_t8_r19,libero_goal_env,8,env,success,84,0,83,/media/rootalkhatib/My Passport/reda_ws/asynchvla_ws/stage9_libero_pro_risk_data/campaigns/fiper_sweep_eternal/instance_B/fiper_receding_samples.jsonl
bob|fiper_sweep_eternal|instance_B|libero_goal_env_t8_r2,success_train,bob,fiper_sweep_eternal,instance_B,libero_goal_env_t8_r2,libero_goal_env,8,env,success,76,0,75,/media/rootalkhatib/My Passport/reda_ws/asynchvla_ws/stage9_libero_pro_risk_data/campaigns/fiper_sweep_eternal/instance_B/fiper_receding_samples.jsonl
bob|fiper_sweep_eternal|instance_B|libero_goal_env_t8_r20,success_train,bob,fiper_sweep_eternal,instance_B,libero_goal_env_t8_r20,libero_goal_env,8,env,success,75,0,74,/media/rootalkhatib/My Passport/reda_ws/asynchvla_ws/stage9_libero_pro_risk_data/campaigns/fiper_sweep_eternal/instance_B/fiper_receding_samples.jsonl
bob|fiper_sweep_eternal|instance_B|libero_goal_env_t8_r21,success_train,bob,fiper_sweep_eternal,instance_B,libero_goal_env_t8_r21,libero_goal_env,8,env,success,71,0,70,/media/rootalkhatib/My Passport/reda_ws/asynchvla_ws/stage9_libero_pro_risk_data/campaigns/fiper_sweep_eternal/instance_B/fiper_receding_samples.jsonl
bob|fiper_sweep_eternal|instance_B|libero_goal_env_t8_r22,success_test_id,bob,fiper_sweep_eternal,instance_B,libero_goal_env_t8_r22,libero_goal_env,8,env,success,75,0,74,/media/rootalkhatib/My Passport/reda_ws/asynchvla_ws/stage9_libero_pro_risk_data/campaigns/fiper_sweep_eternal/instance_B/fiper_receding_samples.jsonl
bob|fiper_sweep_eternal|instance_B|libero_goal_env_t8_r23,success_calib,bob,fiper_sweep_eternal,instance_B,libero_goal_env_t8_r23,libero_goal_env,8,env,success,78,0,77,/media/rootalkhatib/My Passport/reda_ws/asynchvla_ws/stage9_libero_pro_risk_data/campaigns/fiper_sweep_eternal/instance_B/fiper_receding_samples.jsonl
bob|fiper_sweep_eternal|instance_B|libero_goal_env_t8_r24,success_train,bob,fiper_sweep_eternal,instance_B,libero_goal_env_t8_r24,libero_goal_env,8,env,success,87,0,86,/media/rootalkhatib/My Passport/reda_ws/asynchvla_ws/stage9_libero_pro_risk_data/campaigns/fiper_sweep_eternal/instance_B/fiper_receding_samples.jsonl
bob|fiper_sweep_eternal|instance_B|libero_goal_env_t8_r25,success_test_id,bob,fiper_sweep_eternal,instance_B,libero_goal_env_t8_r25,libero_goal_env,8,env,success,82,0,81,/media/rootalkhatib/My Passport/reda_ws/asynchvla_ws/stage9_libero_pro_risk_data/campaigns/fiper_sweep_eternal/instance_B/fiper_receding_samples.jsonl
bob|fiper_sweep_eternal|instance_B|libero_goal_env_t8_r26,success_test_id,bob,fiper_sweep_eternal,instance_B,libero_goal_env_t8_r26,libero_goal_env,8,env,success,77,0,76,/media/rootalkhatib/My Passport/reda_ws/asynchvla_ws/stage9_libero_pro_risk_data/campaigns/fiper_sweep_eternal/instance_B/fiper_receding_samples.jsonl
bob|fiper_sweep_eternal|instance_B|libero_goal_env_t8_r27,failure_eval_all,bob,fiper_sweep_eternal,instance_B,libero_goal_env_t8_r27,libero_goal_env,8,env,failure_or_timeout,300,0,299,/media/rootalkhatib/My Passport/reda_ws/asynchvla_ws/stage9_libero_pro_risk_data/campaigns/fiper_sweep_eternal/instance_B/fiper_receding_samples.jsonl
bob|fiper_sweep_eternal|instance_B|libero_goal_env_t8_r28,success_train,bob,fiper_sweep_eternal,instance_B,libero_goal_env_t8_r28,libero_goal_env,8,env,success,77,0,76,/media/rootalkhatib/My Passport/reda_ws/asynchvla_ws/stage9_libero_pro_risk_data/campaigns/fiper_sweep_eternal/instance_B/fiper_receding_samples.jsonl
bob|fiper_sweep_eternal|instance_B|libero_goal_env_t8_r29,success_test_id,bob,fiper_sweep_eternal,instance_B,libero_goal_env_t8_r29,libero_goal_env,8,env,success,77,0,76,/media/rootalkhatib/My Passport/reda_ws/asynchvla_ws/stage9_libero_pro_risk_data/campaigns/fiper_sweep_eternal/instance_B/fiper_receding_samples.jsonl
bob|fiper_sweep_eternal|instance_B|libero_goal_env_t8_r3,success_train,bob,fiper_sweep_eternal,instance_B,libero_goal_env_t8_r3,libero_goal_env,8,env,success,100,0,99,/media/rootalkhatib/My Passport/reda_ws/asynchvla_ws/stage9_libero_pro_risk_data/campaigns/fiper_sweep_eternal/instance_B/fiper_receding_samples.jsonl
bob|fiper_sweep_eternal|instance_B|libero_goal_env_t8_r30,success_test_id,bob,fiper_sweep_eternal,instance_B,libero_goal_env_t8_r30,libero_goal_env,8,env,success,83,0,82,/media/rootalkhatib/My Passport/reda_ws/asynchvla_ws/stage9_libero_pro_risk_data/campaigns/fiper_sweep_eternal/instance_B/fiper_receding_samples.jsonl
bob|fiper_sweep_eternal|instance_B|libero_goal_env_t8_r31,success_calib,bob,fiper_sweep_eternal,instance_B,libero_goal_env_t8_r31,libero_goal_env,8,env,success,80,0,79,/media/rootalkhatib/My Passport/reda_ws/asynchvla_ws/stage9_libero_pro_risk_data/campaigns/fiper_sweep_eternal/instance_B/fiper_receding_samples.jsonl
bob|fiper_sweep_eternal|instance_B|libero_goal_env_t8_r32,success_train,bob,fiper_sweep_eternal,instance_B,libero_goal_env_t8_r32,libero_goal_env,8,env,success,81,0,80,/media/rootalkhatib/My Passport/reda_ws/asynchvla_ws/stage9_libero_pro_risk_data/campaigns/fiper_sweep_eternal/instance_B/fiper_receding_samples.jsonl
bob|fiper_sweep_eternal|instance_B|libero_goal_env_t8_r33,success_train,bob,fiper_sweep_eternal,instance_B,libero_goal_env_t8_r33,libero_goal_env,8,env,success,76,0,75,/media/rootalkhatib/My Passport/reda_ws/asynchvla_ws/stage9_libero_pro_risk_data/campaigns/fiper_sweep_eternal/instance_B/fiper_receding_samples.jsonl
bob|fiper_sweep_eternal|instance_B|libero_goal_env_t8_r34,success_train,bob,fiper_sweep_eternal,instance_B,libero_goal_env_t8_r34,libero_goal_env,8,env,success,80,0,79,/media/rootalkhatib/My Passport/reda_ws/asynchvla_ws/stage9_libero_pro_risk_data/campaigns/fiper_sweep_eternal/instance_B/fiper_receding_samples.jsonl
bob|fiper_sweep_eternal|instance_B|libero_goal_env_t8_r35,success_train,bob,fiper_sweep_eternal,instance_B,libero_goal_env_t8_r35,libero_goal_env,8,env,success,68,0,67,/media/rootalkhatib/My Passport/reda_ws/asynchvla_ws/stage9_libero_pro_risk_data/campaigns/fiper_sweep_eternal/instance_B/fiper_receding_samples.jsonl
bob|fiper_sweep_eternal|instance_B|libero_goal_env_t8_r36,success_calib,bob,fiper_sweep_eternal,instance_B,libero_goal_env_t8_r36,libero_goal_env,8,env,success,74,0,73,/media/rootalkhatib/My Passport/reda_ws/asynchvla_ws/stage9_libero_pro_risk_data/campaigns/fiper_sweep_eternal/instance_B/fiper_receding_samples.jsonl
bob|fiper_sweep_eternal|instance_B|libero_goal_env_t8_r37,success_train,bob,fiper_sweep_eternal,instance_B,libero_goal_env_t8_r37,libero_goal_env,8,env,success,83,0,82,/media/rootalkhatib/My Passport/reda_ws/asynchvla_ws/stage9_libero_pro_risk_data/campaigns/fiper_sweep_eternal/instance_B/fiper_receding_samples.jsonl
bob|fiper_sweep_eternal|instance_B|libero_goal_env_t8_r4,success_train,bob,fiper_sweep_eternal,instance_B,libero_goal_env_t8_r4,libero_goal_env,8,env,success,78,0,77,/media/rootalkhatib/My Passport/reda_ws/asynchvla_ws/stage9_libero_pro_risk_data/campaigns/fiper_sweep_eternal/instance_B/fiper_receding_samples.jsonl
bob|fiper_sweep_eternal|instance_B|libero_goal_env_t8_r5,success_test_id,bob,fiper_sweep_eternal,instance_B,libero_goal_env_t8_r5,libero_goal_env,8,env,success,82,0,81,/media/rootalkhatib/My Passport/reda_ws/asynchvla_ws/stage9_libero_pro_risk_data/campaigns/fiper_sweep_eternal/instance_B/fiper_receding_samples.jsonl
bob|fiper_sweep_eternal|instance_B|libero_goal_env_t8_r6,success_train,bob,fiper_sweep_eternal,instance_B,libero_goal_env_t8_r6,libero_goal_env,8,env,success,72,0,71,/media/rootalkhatib/My Passport/reda_ws/asynchvla_ws/stage9_libero_pro_risk_data/campaigns/fiper_sweep_eternal/instance_B/fiper_receding_samples.jsonl
bob|fiper_sweep_eternal|instance_B|libero_goal_env_t8_r7,success_train,bob,fiper_sweep_eternal,instance_B,libero_goal_env_t8_r7,libero_goal_env,8,env,success,77,0,76,/media/rootalkhatib/My Passport/reda_ws/asynchvla_ws/stage9_libero_pro_risk_data/campaigns/fiper_sweep_eternal/instance_B/fiper_receding_samples.jsonl
bob|fiper_sweep_eternal|instance_B|libero_goal_env_t8_r8,success_train,bob,fiper_sweep_eternal,instance_B,libero_goal_env_t8_r8,libero_goal_env,8,env,success,78,0,77,/media/rootalkhatib/My Passport/reda_ws/asynchvla_ws/stage9_libero_pro_risk_data/campaigns/fiper_sweep_eternal/instance_B/fiper_receding_samples.jsonl
bob|fiper_sweep_eternal|instance_B|libero_goal_env_t8_r9,success_train,bob,fiper_sweep_eternal,instance_B,libero_goal_env_t8_r9,libero_goal_env,8,env,success,155,0,154,/media/rootalkhatib/My Passport/reda_ws/asynchvla_ws/stage9_libero_pro_risk_data/campaigns/fiper_sweep_eternal/instance_B/fiper_receding_samples.jsonl
bob|fiper_sweep_eternal|instance_B|libero_goal_env_t9_r0,success_train,bob,fiper_sweep_eternal,instance_B,libero_goal_env_t9_r0,libero_goal_env,9,env,success,147,0,146,/media/rootalkhatib/My Passport/reda_ws/asynchvla_ws/stage9_libero_pro_risk_data/campaigns/fiper_sweep_eternal/instance_B/fiper_receding_samples.jsonl
bob|fiper_sweep_eternal|instance_B|libero_goal_env_t9_r1,success_train,bob,fiper_sweep_eternal,instance_B,libero_goal_env_t9_r1,libero_goal_env,9,env,success,139,0,138,/media/rootalkhatib/My Passport/reda_ws/asynchvla_ws/stage9_libero_pro_risk_data/campaigns/fiper_sweep_eternal/instance_B/fiper_receding_samples.jsonl
bob|fiper_sweep_eternal|instance_B|libero_goal_env_t9_r10,success_train,bob,fiper_sweep_eternal,instance_B,libero_goal_env_t9_r10,libero_goal_env,9,env,success,126,0,125,/media/rootalkhatib/My Passport/reda_ws/asynchvla_ws/stage9_libero_pro_risk_data/campaigns/fiper_sweep_eternal/instance_B/fiper_receding_samples.jsonl
bob|fiper_sweep_eternal|instance_B|libero_goal_env_t9_r11,success_train,bob,fiper_sweep_eternal,instance_B,libero_goal_env_t9_r11,libero_goal_env,9,env,success,126,0,125,/media/rootalkhatib/My Passport/reda_ws/asynchvla_ws/stage9_libero_pro_risk_data/campaigns/fiper_sweep_eternal/instance_B/fiper_receding_samples.jsonl
bob|fiper_sweep_eternal|instance_B|libero_goal_env_t9_r12,success_calib,bob,fiper_sweep_eternal,instance_B,libero_goal_env_t9_r12,libero_goal_env,9,env,success,114,0,113,/media/rootalkhatib/My Passport/reda_ws/asynchvla_ws/stage9_libero_pro_risk_data/campaigns/fiper_sweep_eternal/instance_B/fiper_receding_samples.jsonl
bob|fiper_sweep_eternal|instance_B|libero_goal_env_t9_r13,success_calib,bob,fiper_sweep_eternal,instance_B,libero_goal_env_t9_r13,libero_goal_env,9,env,success,126,0,125,/media/rootalkhatib/My Passport/reda_ws/asynchvla_ws/stage9_libero_pro_risk_data/campaigns/fiper_sweep_eternal/instance_B/fiper_receding_samples.jsonl
bob|fiper_sweep_eternal|instance_B|libero_goal_env_t9_r14,success_train,bob,fiper_sweep_eternal,instance_B,libero_goal_env_t9_r14,libero_goal_env,9,env,success,143,0,142,/media/rootalkhatib/My Passport/reda_ws/asynchvla_ws/stage9_libero_pro_risk_data/campaigns/fiper_sweep_eternal/instance_B/fiper_receding_samples.jsonl
bob|fiper_sweep_eternal|instance_B|libero_goal_env_t9_r15,success_train,bob,fiper_sweep_eternal,instance_B,libero_goal_env_t9_r15,libero_goal_env,9,env,success,112,0,111,/media/rootalkhatib/My Passport/reda_ws/asynchvla_ws/stage9_libero_pro_risk_data/campaigns/fiper_sweep_eternal/instance_B/fiper_receding_samples.jsonl
bob|fiper_sweep_eternal|instance_B|libero_goal_env_t9_r16,failure_eval_all,bob,fiper_sweep_eternal,instance_B,libero_goal_env_t9_r16,libero_goal_env,9,env,failure_or_timeout,300,0,299,/media/rootalkhatib/My Passport/reda_ws/asynchvla_ws/stage9_libero_pro_risk_data/campaigns/fiper_sweep_eternal/instance_B/fiper_receding_samples.jsonl
bob|fiper_sweep_eternal|instance_B|libero_goal_env_t9_r17,success_train,bob,fiper_sweep_eternal,instance_B,libero_goal_env_t9_r17,libero_goal_env,9,env,success,133,0,132,/media/rootalkhatib/My Passport/reda_ws/asynchvla_ws/stage9_libero_pro_risk_data/campaigns/fiper_sweep_eternal/instance_B/fiper_receding_samples.jsonl
bob|fiper_sweep_eternal|instance_B|libero_goal_env_t9_r18,success_calib,bob,fiper_sweep_eternal,instance_B,libero_goal_env_t9_r18,libero_goal_env,9,env,success,151,0,150,/media/rootalkhatib/My Passport/reda_ws/asynchvla_ws/stage9_libero_pro_risk_data/campaigns/fiper_sweep_eternal/instance_B/fiper_receding_samples.jsonl
bob|fiper_sweep_eternal|instance_B|libero_goal_env_t9_r19,success_test_id,bob,fiper_sweep_eternal,instance_B,libero_goal_env_t9_r19,libero_goal_env,9,env,success,145,0,144,/media/rootalkhatib/My Passport/reda_ws/asynchvla_ws/stage9_libero_pro_risk_data/campaigns/fiper_sweep_eternal/instance_B/fiper_receding_samples.jsonl
bob|fiper_sweep_eternal|instance_B|libero_goal_env_t9_r2,success_train,bob,fiper_sweep_eternal,instance_B,libero_goal_env_t9_r2,libero_goal_env,9,env,success,139,0,138,/media/rootalkhatib/My Passport/reda_ws/asynchvla_ws/stage9_libero_pro_risk_data/campaigns/fiper_sweep_eternal/instance_B/fiper_receding_samples.jsonl
bob|fiper_sweep_eternal|instance_B|libero_goal_env_t9_r20,success_train,bob,fiper_sweep_eternal,instance_B,libero_goal_env_t9_r20,libero_goal_env,9,env,success,124,0,123,/media/rootalkhatib/My Passport/reda_ws/asynchvla_ws/stage9_libero_pro_risk_data/campaigns/fiper_sweep_eternal/instance_B/fiper_receding_samples.jsonl
bob|fiper_sweep_eternal|instance_B|libero_goal_env_t9_r21,success_train,bob,fiper_sweep_eternal,instance_B,libero_goal_env_t9_r21,libero_goal_env,9,env,success,142,0,141,/media/rootalkhatib/My Passport/reda_ws/asynchvla_ws/stage9_libero_pro_risk_data/campaigns/fiper_sweep_eternal/instance_B/fiper_receding_samples.jsonl
bob|fiper_sweep_eternal|instance_B|libero_goal_env_t9_r22,success_calib,bob,fiper_sweep_eternal,instance_B,libero_goal_env_t9_r22,libero_goal_env,9,env,success,121,0,120,/media/rootalkhatib/My Passport/reda_ws/asynchvla_ws/stage9_libero_pro_risk_data/campaigns/fiper_sweep_eternal/instance_B/fiper_receding_samples.jsonl
bob|fiper_sweep_eternal|instance_B|libero_goal_env_t9_r23,success_test_id,bob,fiper_sweep_eternal,instance_B,libero_goal_env_t9_r23,libero_goal_env,9,env,success,130,0,129,/media/rootalkhatib/My Passport/reda_ws/asynchvla_ws/stage9_libero_pro_risk_data/campaigns/fiper_sweep_eternal/instance_B/fiper_receding_samples.jsonl
bob|fiper_sweep_eternal|instance_B|libero_goal_env_t9_r24,success_test_id,bob,fiper_sweep_eternal,instance_B,libero_goal_env_t9_r24,libero_goal_env,9,env,success,141,0,140,/media/rootalkhatib/My Passport/reda_ws/asynchvla_ws/stage9_libero_pro_risk_data/campaigns/fiper_sweep_eternal/instance_B/fiper_receding_samples.jsonl
bob|fiper_sweep_eternal|instance_B|libero_goal_env_t9_r25,success_train,bob,fiper_sweep_eternal,instance_B,libero_goal_env_t9_r25,libero_goal_env,9,env,success,149,0,148,/media/rootalkhatib/My Passport/reda_ws/asynchvla_ws/stage9_libero_pro_risk_data/campaigns/fiper_sweep_eternal/instance_B/fiper_receding_samples.jsonl
bob|fiper_sweep_eternal|instance_B|libero_goal_env_t9_r26,success_train,bob,fiper_sweep_eternal,instance_B,libero_goal_env_t9_r26,libero_goal_env,9,env,success,133,0,132,/media/rootalkhatib/My Passport/reda_ws/asynchvla_ws/stage9_libero_pro_risk_data/campaigns/fiper_sweep_eternal/instance_B/fiper_receding_samples.jsonl
bob|fiper_sweep_eternal|instance_B|libero_goal_env_t9_r27,success_calib,bob,fiper_sweep_eternal,instance_B,libero_goal_env_t9_r27,libero_goal_env,9,env,success,134,0,133,/media/rootalkhatib/My Passport/reda_ws/asynchvla_ws/stage9_libero_pro_risk_data/campaigns/fiper_sweep_eternal/instance_B/fiper_receding_samples.jsonl
bob|fiper_sweep_eternal|instance_B|libero_goal_env_t9_r28,success_train,bob,fiper_sweep_eternal,instance_B,libero_goal_env_t9_r28,libero_goal_env,9,env,success,141,0,140,/media/rootalkhatib/My Passport/reda_ws/asynchvla_ws/stage9_libero_pro_risk_data/campaigns/fiper_sweep_eternal/instance_B/fiper_receding_samples.jsonl
bob|fiper_sweep_eternal|instance_B|libero_goal_env_t9_r29,success_test_id,bob,fiper_sweep_eternal,instance_B,libero_goal_env_t9_r29,libero_goal_env,9,env,success,119,0,118,/media/rootalkhatib/My Passport/reda_ws/asynchvla_ws/stage9_libero_pro_risk_data/campaigns/fiper_sweep_eternal/instance_B/fiper_receding_samples.jsonl
bob|fiper_sweep_eternal|instance_B|libero_goal_env_t9_r3,success_test_id,bob,fiper_sweep_eternal,instance_B,libero_goal_env_t9_r3,libero_goal_env,9,env,success,128,0,127,/media/rootalkhatib/My Passport/reda_ws/asynchvla_ws/stage9_libero_pro_risk_data/campaigns/fiper_sweep_eternal/instance_B/fiper_receding_samples.jsonl
bob|fiper_sweep_eternal|instance_B|libero_goal_env_t9_r30,success_train,bob,fiper_sweep_eternal,instance_B,libero_goal_env_t9_r30,libero_goal_env,9,env,success,127,0,126,/media/rootalkhatib/My Passport/reda_ws/asynchvla_ws/stage9_libero_pro_risk_data/campaigns/fiper_sweep_eternal/instance_B/fiper_receding_samples.jsonl
bob|fiper_sweep_eternal|instance_B|libero_goal_env_t9_r31,success_train,bob,fiper_sweep_eternal,instance_B,libero_goal_env_t9_r31,libero_goal_env,9,env,success,118,0,117,/media/rootalkhatib/My Passport/reda_ws/asynchvla_ws/stage9_libero_pro_risk_data/campaigns/fiper_sweep_eternal/instance_B/fiper_receding_samples.jsonl
bob|fiper_sweep_eternal|instance_B|libero_goal_env_t9_r32,success_train,bob,fiper_sweep_eternal,instance_B,libero_goal_env_t9_r32,libero_goal_env,9,env,success,134,0,133,/media/rootalkhatib/My Passport/reda_ws/asynchvla_ws/stage9_libero_pro_risk_data/campaigns/fiper_sweep_eternal/instance_B/fiper_receding_samples.jsonl
bob|fiper_sweep_eternal|instance_B|libero_goal_env_t9_r33,success_train,bob,fiper_sweep_eternal,instance_B,libero_goal_env_t9_r33,libero_goal_env,9,env,success,123,0,122,/media/rootalkhatib/My Passport/reda_ws/asynchvla_ws/stage9_libero_pro_risk_data/campaigns/fiper_sweep_eternal/instance_B/fiper_receding_samples.jsonl
bob|fiper_sweep_eternal|instance_B|libero_goal_env_t9_r34,success_train,bob,fiper_sweep_eternal,instance_B,libero_goal_env_t9_r34,libero_goal_env,9,env,success,129,0,128,/media/rootalkhatib/My Passport/reda_ws/asynchvla_ws/stage9_libero_pro_risk_data/campaigns/fiper_sweep_eternal/instance_B/fiper_receding_samples.jsonl
bob|fiper_sweep_eternal|instance_B|libero_goal_env_t9_r35,success_train,bob,fiper_sweep_eternal,instance_B,libero_goal_env_t9_r35,libero_goal_env,9,env,success,137,0,136,/media/rootalkhatib/My Passport/reda_ws/asynchvla_ws/stage9_libero_pro_risk_data/campaigns/fiper_sweep_eternal/instance_B/fiper_receding_samples.jsonl
bob|fiper_sweep_eternal|instance_B|libero_goal_env_t9_r36,success_train,bob,fiper_sweep_eternal,instance_B,libero_goal_env_t9_r36,libero_goal_env,9,env,success,144,0,143,/media/rootalkhatib/My Passport/reda_ws/asynchvla_ws/stage9_libero_pro_risk_data/campaigns/fiper_sweep_eternal/instance_B/fiper_receding_samples.jsonl
bob|fiper_sweep_eternal|instance_B|libero_goal_env_t9_r37,success_train,bob,fiper_sweep_eternal,instance_B,libero_goal_env_t9_r37,libero_goal_env,9,env,success,126,0,125,/media/rootalkhatib/My Passport/reda_ws/asynchvla_ws/stage9_libero_pro_risk_data/campaigns/fiper_sweep_eternal/instance_B/fiper_receding_samples.jsonl
bob|fiper_sweep_eternal|instance_B|libero_goal_env_t9_r4,success_test_id,bob,fiper_sweep_eternal,instance_B,libero_goal_env_t9_r4,libero_goal_env,9,env,success,131,0,130,/media/rootalkhatib/My Passport/reda_ws/asynchvla_ws/stage9_libero_pro_risk_data/campaigns/fiper_sweep_eternal/instance_B/fiper_receding_samples.jsonl
bob|fiper_sweep_eternal|instance_B|libero_goal_env_t9_r5,success_train,bob,fiper_sweep_eternal,instance_B,libero_goal_env_t9_r5,libero_goal_env,9,env,success,121,0,120,/media/rootalkhatib/My Passport/reda_ws/asynchvla_ws/stage9_libero_pro_risk_data/campaigns/fiper_sweep_eternal/instance_B/fiper_receding_samples.jsonl
bob|fiper_sweep_eternal|instance_B|libero_goal_env_t9_r6,failure_eval_all,bob,fiper_sweep_eternal,instance_B,libero_goal_env_t9_r6,libero_goal_env,9,env,failure_or_timeout,300,0,299,/media/rootalkhatib/My Passport/reda_ws/asynchvla_ws/stage9_libero_pro_risk_data/campaigns/fiper_sweep_eternal/instance_B/fiper_receding_samples.jsonl
bob|fiper_sweep_eternal|instance_B|libero_goal_env_t9_r7,success_train,bob,fiper_sweep_eternal,instance_B,libero_goal_env_t9_r7,libero_goal_env,9,env,success,129,0,128,/media/rootalkhatib/My Passport/reda_ws/asynchvla_ws/stage9_libero_pro_risk_data/campaigns/fiper_sweep_eternal/instance_B/fiper_receding_samples.jsonl
bob|fiper_sweep_eternal|instance_B|libero_goal_env_t9_r8,success_train,bob,fiper_sweep_eternal,instance_B,libero_goal_env_t9_r8,libero_goal_env,9,env,success,150,0,149,/media/rootalkhatib/My Passport/reda_ws/asynchvla_ws/stage9_libero_pro_risk_data/campaigns/fiper_sweep_eternal/instance_B/fiper_receding_samples.jsonl
bob|fiper_sweep_eternal|instance_B|libero_goal_env_t9_r9,success_train,bob,fiper_sweep_eternal,instance_B,libero_goal_env_t9_r9,libero_goal_env,9,env,success,117,0,116,/media/rootalkhatib/My Passport/reda_ws/asynchvla_ws/stage9_libero_pro_risk_data/campaigns/fiper_sweep_eternal/instance_B/fiper_receding_samples.jsonl
bob|fiper_sweep_eternal|instance_B|libero_object_env_t0_r0,success_train,bob,fiper_sweep_eternal,instance_B,libero_object_env_t0_r0,libero_object_env,0,object,success,169,0,168,/media/rootalkhatib/My Passport/reda_ws/asynchvla_ws/stage9_libero_pro_risk_data/campaigns/fiper_sweep_eternal/instance_B/fiper_receding_samples.jsonl
bob|fiper_sweep_eternal|instance_B|libero_object_env_t0_r1,failure_eval_all,bob,fiper_sweep_eternal,instance_B,libero_object_env_t0_r1,libero_object_env,0,object,failure_or_timeout,300,0,299,/media/rootalkhatib/My Passport/reda_ws/asynchvla_ws/stage9_libero_pro_risk_data/campaigns/fiper_sweep_eternal/instance_B/fiper_receding_samples.jsonl
bob|fiper_sweep_eternal|instance_B|libero_object_env_t0_r10,failure_eval_all,bob,fiper_sweep_eternal,instance_B,libero_object_env_t0_r10,libero_object_env,0,object,failure_or_timeout,300,0,299,/media/rootalkhatib/My Passport/reda_ws/asynchvla_ws/stage9_libero_pro_risk_data/campaigns/fiper_sweep_eternal/instance_B/fiper_receding_samples.jsonl
bob|fiper_sweep_eternal|instance_B|libero_object_env_t0_r11,failure_eval_all,bob,fiper_sweep_eternal,instance_B,libero_object_env_t0_r11,libero_object_env,0,object,failure_or_timeout,300,0,299,/media/rootalkhatib/My Passport/reda_ws/asynchvla_ws/stage9_libero_pro_risk_data/campaigns/fiper_sweep_eternal/instance_B/fiper_receding_samples.jsonl
bob|fiper_sweep_eternal|instance_B|libero_object_env_t0_r12,success_calib,bob,fiper_sweep_eternal,instance_B,libero_object_env_t0_r12,libero_object_env,0,object,success,152,0,151,/media/rootalkhatib/My Passport/reda_ws/asynchvla_ws/stage9_libero_pro_risk_data/campaigns/fiper_sweep_eternal/instance_B/fiper_receding_samples.jsonl
bob|fiper_sweep_eternal|instance_B|libero_object_env_t0_r13,success_train,bob,fiper_sweep_eternal,instance_B,libero_object_env_t0_r13,libero_object_env,0,object,success,242,0,241,/media/rootalkhatib/My Passport/reda_ws/asynchvla_ws/stage9_libero_pro_risk_data/campaigns/fiper_sweep_eternal/instance_B/fiper_receding_samples.jsonl
bob|fiper_sweep_eternal|instance_B|libero_object_env_t0_r14,success_calib,bob,fiper_sweep_eternal,instance_B,libero_object_env_t0_r14,libero_object_env,0,object,success,206,0,205,/media/rootalkhatib/My Passport/reda_ws/asynchvla_ws/stage9_libero_pro_risk_data/campaigns/fiper_sweep_eternal/instance_B/fiper_receding_samples.jsonl
bob|fiper_sweep_eternal|instance_B|libero_object_env_t0_r15,success_train,bob,fiper_sweep_eternal,instance_B,libero_object_env_t0_r15,libero_object_env,0,object,success,200,0,199,/media/rootalkhatib/My Passport/reda_ws/asynchvla_ws/stage9_libero_pro_risk_data/campaigns/fiper_sweep_eternal/instance_B/fiper_receding_samples.jsonl
bob|fiper_sweep_eternal|instance_B|libero_object_env_t0_r16,success_train,bob,fiper_sweep_eternal,instance_B,libero_object_env_t0_r16,libero_object_env,0,object,success,177,0,176,/media/rootalkhatib/My Passport/reda_ws/asynchvla_ws/stage9_libero_pro_risk_data/campaigns/fiper_sweep_eternal/instance_B/fiper_receding_samples.jsonl
bob|fiper_sweep_eternal|instance_B|libero_object_env_t0_r17,success_calib,bob,fiper_sweep_eternal,instance_B,libero_object_env_t0_r17,libero_object_env,0,object,success,165,0,164,/media/rootalkhatib/My Passport/reda_ws/asynchvla_ws/stage9_libero_pro_risk_data/campaigns/fiper_sweep_eternal/instance_B/fiper_receding_samples.jsonl
bob|fiper_sweep_eternal|instance_B|libero_object_env_t0_r18,failure_eval_all,bob,fiper_sweep_eternal,instance_B,libero_object_env_t0_r18,libero_object_env,0,object,failure_or_timeout,300,0,299,/media/rootalkhatib/My Passport/reda_ws/asynchvla_ws/stage9_libero_pro_risk_data/campaigns/fiper_sweep_eternal/instance_B/fiper_receding_samples.jsonl
bob|fiper_sweep_eternal|instance_B|libero_object_env_t0_r19,success_train,bob,fiper_sweep_eternal,instance_B,libero_object_env_t0_r19,libero_object_env,0,object,success,200,0,199,/media/rootalkhatib/My Passport/reda_ws/asynchvla_ws/stage9_libero_pro_risk_data/campaigns/fiper_sweep_eternal/instance_B/fiper_receding_samples.jsonl
bob|fiper_sweep_eternal|instance_B|libero_object_env_t0_r2,success_calib,bob,fiper_sweep_eternal,instance_B,libero_object_env_t0_r2,libero_object_env,0,object,success,147,0,146,/media/rootalkhatib/My Passport/reda_ws/asynchvla_ws/stage9_libero_pro_risk_data/campaigns/fiper_sweep_eternal/instance_B/fiper_receding_samples.jsonl
bob|fiper_sweep_eternal|instance_B|libero_object_env_t0_r20,success_test_id,bob,fiper_sweep_eternal,instance_B,libero_object_env_t0_r20,libero_object_env,0,object,success,212,0,211,/media/rootalkhatib/My Passport/reda_ws/asynchvla_ws/stage9_libero_pro_risk_data/campaigns/fiper_sweep_eternal/instance_B/fiper_receding_samples.jsonl
bob|fiper_sweep_eternal|instance_B|libero_object_env_t0_r21,success_train,bob,fiper_sweep_eternal,instance_B,libero_object_env_t0_r21,libero_object_env,0,object,success,227,0,226,/media/rootalkhatib/My Passport/reda_ws/asynchvla_ws/stage9_libero_pro_risk_data/campaigns/fiper_sweep_eternal/instance_B/fiper_receding_samples.jsonl
bob|fiper_sweep_eternal|instance_B|libero_object_env_t0_r22,success_test_id,bob,fiper_sweep_eternal,instance_B,libero_object_env_t0_r22,libero_object_env,0,object,success,203,0,202,/media/rootalkhatib/My Passport/reda_ws/asynchvla_ws/stage9_libero_pro_risk_data/campaigns/fiper_sweep_eternal/instance_B/fiper_receding_samples.jsonl
bob|fiper_sweep_eternal|instance_B|libero_object_env_t0_r23,success_train,bob,fiper_sweep_eternal,instance_B,libero_object_env_t0_r23,libero_object_env,0,object,success,145,0,144,/media/rootalkhatib/My Passport/reda_ws/asynchvla_ws/stage9_libero_pro_risk_data/campaigns/fiper_sweep_eternal/instance_B/fiper_receding_samples.jsonl
bob|fiper_sweep_eternal|instance_B|libero_object_env_t0_r24,failure_eval_all,bob,fiper_sweep_eternal,instance_B,libero_object_env_t0_r24,libero_object_env,0,object,failure_or_timeout,300,0,299,/media/rootalkhatib/My Passport/reda_ws/asynchvla_ws/stage9_libero_pro_risk_data/campaigns/fiper_sweep_eternal/instance_B/fiper_receding_samples.jsonl
bob|fiper_sweep_eternal|instance_B|libero_object_env_t0_r25,success_train,bob,fiper_sweep_eternal,instance_B,libero_object_env_t0_r25,libero_object_env,0,object,success,145,0,144,/media/rootalkhatib/My Passport/reda_ws/asynchvla_ws/stage9_libero_pro_risk_data/campaigns/fiper_sweep_eternal/instance_B/fiper_receding_samples.jsonl
bob|fiper_sweep_eternal|instance_B|libero_object_env_t0_r26,failure_eval_all,bob,fiper_sweep_eternal,instance_B,libero_object_env_t0_r26,libero_object_env,0,object,failure_or_timeout,300,0,299,/media/rootalkhatib/My Passport/reda_ws/asynchvla_ws/stage9_libero_pro_risk_data/campaigns/fiper_sweep_eternal/instance_B/fiper_receding_samples.jsonl
bob|fiper_sweep_eternal|instance_B|libero_object_env_t0_r27,success_train,bob,fiper_sweep_eternal,instance_B,libero_object_env_t0_r27,libero_object_env,0,object,success,178,0,177,/media/rootalkhatib/My Passport/reda_ws/asynchvla_ws/stage9_libero_pro_risk_data/campaigns/fiper_sweep_eternal/instance_B/fiper_receding_samples.jsonl
bob|fiper_sweep_eternal|instance_B|libero_object_env_t0_r28,success_test_id,bob,fiper_sweep_eternal,instance_B,libero_object_env_t0_r28,libero_object_env,0,object,success,278,0,277,/media/rootalkhatib/My Passport/reda_ws/asynchvla_ws/stage9_libero_pro_risk_data/campaigns/fiper_sweep_eternal/instance_B/fiper_receding_samples.jsonl
bob|fiper_sweep_eternal|instance_B|libero_object_env_t0_r29,success_train,bob,fiper_sweep_eternal,instance_B,libero_object_env_t0_r29,libero_object_env,0,object,success,166,0,165,/media/rootalkhatib/My Passport/reda_ws/asynchvla_ws/stage9_libero_pro_risk_data/campaigns/fiper_sweep_eternal/instance_B/fiper_receding_samples.jsonl
bob|fiper_sweep_eternal|instance_B|libero_object_env_t0_r3,success_train,bob,fiper_sweep_eternal,instance_B,libero_object_env_t0_r3,libero_object_env,0,object,success,177,0,176,/media/rootalkhatib/My Passport/reda_ws/asynchvla_ws/stage9_libero_pro_risk_data/campaigns/fiper_sweep_eternal/instance_B/fiper_receding_samples.jsonl
bob|fiper_sweep_eternal|instance_B|libero_object_env_t0_r30,success_train,bob,fiper_sweep_eternal,instance_B,libero_object_env_t0_r30,libero_object_env,0,object,success,130,0,129,/media/rootalkhatib/My Passport/reda_ws/asynchvla_ws/stage9_libero_pro_risk_data/campaigns/fiper_sweep_eternal/instance_B/fiper_receding_samples.jsonl
bob|fiper_sweep_eternal|instance_B|libero_object_env_t0_r31,failure_eval_all,bob,fiper_sweep_eternal,instance_B,libero_object_env_t0_r31,libero_object_env,0,object,failure_or_timeout,300,0,299,/media/rootalkhatib/My Passport/reda_ws/asynchvla_ws/stage9_libero_pro_risk_data/campaigns/fiper_sweep_eternal/instance_B/fiper_receding_samples.jsonl
bob|fiper_sweep_eternal|instance_B|libero_object_env_t0_r32,success_train,bob,fiper_sweep_eternal,instance_B,libero_object_env_t0_r32,libero_object_env,0,object,success,138,0,137,/media/rootalkhatib/My Passport/reda_ws/asynchvla_ws/stage9_libero_pro_risk_data/campaigns/fiper_sweep_eternal/instance_B/fiper_receding_samples.jsonl
bob|fiper_sweep_eternal|instance_B|libero_object_env_t0_r33,success_train,bob,fiper_sweep_eternal,instance_B,libero_object_env_t0_r33,libero_object_env,0,object,success,152,0,151,/media/rootalkhatib/My Passport/reda_ws/asynchvla_ws/stage9_libero_pro_risk_data/campaigns/fiper_sweep_eternal/instance_B/fiper_receding_samples.jsonl
bob|fiper_sweep_eternal|instance_B|libero_object_env_t0_r34,success_train,bob,fiper_sweep_eternal,instance_B,libero_object_env_t0_r34,libero_object_env,0,object,success,163,0,162,/media/rootalkhatib/My Passport/reda_ws/asynchvla_ws/stage9_libero_pro_risk_data/campaigns/fiper_sweep_eternal/instance_B/fiper_receding_samples.jsonl
bob|fiper_sweep_eternal|instance_B|libero_object_env_t0_r35,success_train,bob,fiper_sweep_eternal,instance_B,libero_object_env_t0_r35,libero_object_env,0,object,success,141,0,140,/media/rootalkhatib/My Passport/reda_ws/asynchvla_ws/stage9_libero_pro_risk_data/campaigns/fiper_sweep_eternal/instance_B/fiper_receding_samples.jsonl
bob|fiper_sweep_eternal|instance_B|libero_object_env_t0_r36,success_test_id,bob,fiper_sweep_eternal,instance_B,libero_object_env_t0_r36,libero_object_env,0,object,success,222,0,221,/media/rootalkhatib/My Passport/reda_ws/asynchvla_ws/stage9_libero_pro_risk_data/campaigns/fiper_sweep_eternal/instance_B/fiper_receding_samples.jsonl
bob|fiper_sweep_eternal|instance_B|libero_object_env_t0_r37,failure_eval_all,bob,fiper_sweep_eternal,instance_B,libero_object_env_t0_r37,libero_object_env,0,object,failure_or_timeout,300,0,299,/media/rootalkhatib/My Passport/reda_ws/asynchvla_ws/stage9_libero_pro_risk_data/campaigns/fiper_sweep_eternal/instance_B/fiper_receding_samples.jsonl
bob|fiper_sweep_eternal|instance_B|libero_object_env_t0_r4,success_train,bob,fiper_sweep_eternal,instance_B,libero_object_env_t0_r4,libero_object_env,0,object,success,148,0,147,/media/rootalkhatib/My Passport/reda_ws/asynchvla_ws/stage9_libero_pro_risk_data/campaigns/fiper_sweep_eternal/instance_B/fiper_receding_samples.jsonl
bob|fiper_sweep_eternal|instance_B|libero_object_env_t0_r5,failure_eval_all,bob,fiper_sweep_eternal,instance_B,libero_object_env_t0_r5,libero_object_env,0,object,failure_or_timeout,300,0,299,/media/rootalkhatib/My Passport/reda_ws/asynchvla_ws/stage9_libero_pro_risk_data/campaigns/fiper_sweep_eternal/instance_B/fiper_receding_samples.jsonl
bob|fiper_sweep_eternal|instance_B|libero_object_env_t0_r6,failure_eval_all,bob,fiper_sweep_eternal,instance_B,libero_object_env_t0_r6,libero_object_env,0,object,failure_or_timeout,300,0,299,/media/rootalkhatib/My Passport/reda_ws/asynchvla_ws/stage9_libero_pro_risk_data/campaigns/fiper_sweep_eternal/instance_B/fiper_receding_samples.jsonl
bob|fiper_sweep_eternal|instance_B|libero_object_env_t0_r7,success_train,bob,fiper_sweep_eternal,instance_B,libero_object_env_t0_r7,libero_object_env,0,object,success,173,0,172,/media/rootalkhatib/My Passport/reda_ws/asynchvla_ws/stage9_libero_pro_risk_data/campaigns/fiper_sweep_eternal/instance_B/fiper_receding_samples.jsonl
bob|fiper_sweep_eternal|instance_B|libero_object_env_t0_r8,success_train,bob,fiper_sweep_eternal,instance_B,libero_object_env_t0_r8,libero_object_env,0,object,success,183,0,182,/media/rootalkhatib/My Passport/reda_ws/asynchvla_ws/stage9_libero_pro_risk_data/campaigns/fiper_sweep_eternal/instance_B/fiper_receding_samples.jsonl
bob|fiper_sweep_eternal|instance_B|libero_object_env_t0_r9,failure_eval_all,bob,fiper_sweep_eternal,instance_B,libero_object_env_t0_r9,libero_object_env,0,object,failure_or_timeout,300,0,299,/media/rootalkhatib/My Passport/reda_ws/asynchvla_ws/stage9_libero_pro_risk_data/campaigns/fiper_sweep_eternal/instance_B/fiper_receding_samples.jsonl
bob|fiper_sweep_eternal|instance_B|libero_object_env_t1_r0,success_test_id,bob,fiper_sweep_eternal,instance_B,libero_object_env_t1_r0,libero_object_env,1,object,success,136,0,135,/media/rootalkhatib/My Passport/reda_ws/asynchvla_ws/stage9_libero_pro_risk_data/campaigns/fiper_sweep_eternal/instance_B/fiper_receding_samples.jsonl
bob|fiper_sweep_eternal|instance_B|libero_object_env_t1_r1,success_calib,bob,fiper_sweep_eternal,instance_B,libero_object_env_t1_r1,libero_object_env,1,object,success,148,0,147,/media/rootalkhatib/My Passport/reda_ws/asynchvla_ws/stage9_libero_pro_risk_data/campaigns/fiper_sweep_eternal/instance_B/fiper_receding_samples.jsonl
bob|fiper_sweep_eternal|instance_B|libero_object_env_t1_r10,success_train,bob,fiper_sweep_eternal,instance_B,libero_object_env_t1_r10,libero_object_env,1,object,success,138,0,137,/media/rootalkhatib/My Passport/reda_ws/asynchvla_ws/stage9_libero_pro_risk_data/campaigns/fiper_sweep_eternal/instance_B/fiper_receding_samples.jsonl
bob|fiper_sweep_eternal|instance_B|libero_object_env_t1_r11,success_train,bob,fiper_sweep_eternal,instance_B,libero_object_env_t1_r11,libero_object_env,1,object,success,160,0,159,/media/rootalkhatib/My Passport/reda_ws/asynchvla_ws/stage9_libero_pro_risk_data/campaigns/fiper_sweep_eternal/instance_B/fiper_receding_samples.jsonl
bob|fiper_sweep_eternal|instance_B|libero_object_env_t1_r12,failure_eval_all,bob,fiper_sweep_eternal,instance_B,libero_object_env_t1_r12,libero_object_env,1,object,failure_or_timeout,300,0,299,/media/rootalkhatib/My Passport/reda_ws/asynchvla_ws/stage9_libero_pro_risk_data/campaigns/fiper_sweep_eternal/instance_B/fiper_receding_samples.jsonl
bob|fiper_sweep_eternal|instance_B|libero_object_env_t1_r13,success_calib,bob,fiper_sweep_eternal,instance_B,libero_object_env_t1_r13,libero_object_env,1,object,success,155,0,154,/media/rootalkhatib/My Passport/reda_ws/asynchvla_ws/stage9_libero_pro_risk_data/campaigns/fiper_sweep_eternal/instance_B/fiper_receding_samples.jsonl
bob|fiper_sweep_eternal|instance_B|libero_object_env_t1_r14,success_train,bob,fiper_sweep_eternal,instance_B,libero_object_env_t1_r14,libero_object_env,1,object,success,249,0,248,/media/rootalkhatib/My Passport/reda_ws/asynchvla_ws/stage9_libero_pro_risk_data/campaigns/fiper_sweep_eternal/instance_B/fiper_receding_samples.jsonl
bob|fiper_sweep_eternal|instance_B|libero_object_env_t1_r15,success_train,bob,fiper_sweep_eternal,instance_B,libero_object_env_t1_r15,libero_object_env,1,object,success,290,0,289,/media/rootalkhatib/My Passport/reda_ws/asynchvla_ws/stage9_libero_pro_risk_data/campaigns/fiper_sweep_eternal/instance_B/fiper_receding_samples.jsonl
bob|fiper_sweep_eternal|instance_B|libero_object_env_t1_r16,failure_eval_all,bob,fiper_sweep_eternal,instance_B,libero_object_env_t1_r16,libero_object_env,1,object,failure_or_timeout,300,0,299,/media/rootalkhatib/My Passport/reda_ws/asynchvla_ws/stage9_libero_pro_risk_data/campaigns/fiper_sweep_eternal/instance_B/fiper_receding_samples.jsonl
bob|fiper_sweep_eternal|instance_B|libero_object_env_t1_r17,success_train,bob,fiper_sweep_eternal,instance_B,libero_object_env_t1_r17,libero_object_env,1,object,success,129,0,128,/media/rootalkhatib/My Passport/reda_ws/asynchvla_ws/stage9_libero_pro_risk_data/campaigns/fiper_sweep_eternal/instance_B/fiper_receding_samples.jsonl
bob|fiper_sweep_eternal|instance_B|libero_object_env_t1_r18,success_train,bob,fiper_sweep_eternal,instance_B,libero_object_env_t1_r18,libero_object_env,1,object,success,150,0,149,/media/rootalkhatib/My Passport/reda_ws/asynchvla_ws/stage9_libero_pro_risk_data/campaigns/fiper_sweep_eternal/instance_B/fiper_receding_samples.jsonl
bob|fiper_sweep_eternal|instance_B|libero_object_env_t1_r19,success_train,bob,fiper_sweep_eternal,instance_B,libero_object_env_t1_r19,libero_object_env,1,object,success,262,0,261,/media/rootalkhatib/My Passport/reda_ws/asynchvla_ws/stage9_libero_pro_risk_data/campaigns/fiper_sweep_eternal/instance_B/fiper_receding_samples.jsonl
bob|fiper_sweep_eternal|instance_B|libero_object_env_t1_r2,success_train,bob,fiper_sweep_eternal,instance_B,libero_object_env_t1_r2,libero_object_env,1,object,success,216,0,215,/media/rootalkhatib/My Passport/reda_ws/asynchvla_ws/stage9_libero_pro_risk_data/campaigns/fiper_sweep_eternal/instance_B/fiper_receding_samples.jsonl
bob|fiper_sweep_eternal|instance_B|libero_object_env_t1_r20,failure_eval_all,bob,fiper_sweep_eternal,instance_B,libero_object_env_t1_r20,libero_object_env,1,object,failure_or_timeout,300,0,299,/media/rootalkhatib/My Passport/reda_ws/asynchvla_ws/stage9_libero_pro_risk_data/campaigns/fiper_sweep_eternal/instance_B/fiper_receding_samples.jsonl
bob|fiper_sweep_eternal|instance_B|libero_object_env_t1_r21,success_train,bob,fiper_sweep_eternal,instance_B,libero_object_env_t1_r21,libero_object_env,1,object,success,134,0,133,/media/rootalkhatib/My Passport/reda_ws/asynchvla_ws/stage9_libero_pro_risk_data/campaigns/fiper_sweep_eternal/instance_B/fiper_receding_samples.jsonl
bob|fiper_sweep_eternal|instance_B|libero_object_env_t1_r22,success_train,bob,fiper_sweep_eternal,instance_B,libero_object_env_t1_r22,libero_object_env,1,object,success,266,0,265,/media/rootalkhatib/My Passport/reda_ws/asynchvla_ws/stage9_libero_pro_risk_data/campaigns/fiper_sweep_eternal/instance_B/fiper_receding_samples.jsonl
bob|fiper_sweep_eternal|instance_B|libero_object_env_t1_r23,success_train,bob,fiper_sweep_eternal,instance_B,libero_object_env_t1_r23,libero_object_env,1,object,success,198,0,197,/media/rootalkhatib/My Passport/reda_ws/asynchvla_ws/stage9_libero_pro_risk_data/campaigns/fiper_sweep_eternal/instance_B/fiper_receding_samples.jsonl
bob|fiper_sweep_eternal|instance_B|libero_object_env_t1_r24,failure_eval_all,bob,fiper_sweep_eternal,instance_B,libero_object_env_t1_r24,libero_object_env,1,object,failure_or_timeout,300,0,299,/media/rootalkhatib/My Passport/reda_ws/asynchvla_ws/stage9_libero_pro_risk_data/campaigns/fiper_sweep_eternal/instance_B/fiper_receding_samples.jsonl
bob|fiper_sweep_eternal|instance_B|libero_object_env_t1_r25,failure_eval_all,bob,fiper_sweep_eternal,instance_B,libero_object_env_t1_r25,libero_object_env,1,object,failure_or_timeout,300,0,299,/media/rootalkhatib/My Passport/reda_ws/asynchvla_ws/stage9_libero_pro_risk_data/campaigns/fiper_sweep_eternal/instance_B/fiper_receding_samples.jsonl
bob|fiper_sweep_eternal|instance_B|libero_object_env_t1_r26,success_test_id,bob,fiper_sweep_eternal,instance_B,libero_object_env_t1_r26,libero_object_env,1,object,success,168,0,167,/media/rootalkhatib/My Passport/reda_ws/asynchvla_ws/stage9_libero_pro_risk_data/campaigns/fiper_sweep_eternal/instance_B/fiper_receding_samples.jsonl
bob|fiper_sweep_eternal|instance_B|libero_object_env_t1_r27,success_test_id,bob,fiper_sweep_eternal,instance_B,libero_object_env_t1_r27,libero_object_env,1,object,success,234,0,233,/media/rootalkhatib/My Passport/reda_ws/asynchvla_ws/stage9_libero_pro_risk_data/campaigns/fiper_sweep_eternal/instance_B/fiper_receding_samples.jsonl
bob|fiper_sweep_eternal|instance_B|libero_object_env_t1_r28,failure_eval_all,bob,fiper_sweep_eternal,instance_B,libero_object_env_t1_r28,libero_object_env,1,object,failure_or_timeout,300,0,299,/media/rootalkhatib/My Passport/reda_ws/asynchvla_ws/stage9_libero_pro_risk_data/campaigns/fiper_sweep_eternal/instance_B/fiper_receding_samples.jsonl
bob|fiper_sweep_eternal|instance_B|libero_object_env_t1_r29,failure_eval_all,bob,fiper_sweep_eternal,instance_B,libero_object_env_t1_r29,libero_object_env,1,object,failure_or_timeout,300,0,299,/media/rootalkhatib/My Passport/reda_ws/asynchvla_ws/stage9_libero_pro_risk_data/campaigns/fiper_sweep_eternal/instance_B/fiper_receding_samples.jsonl
bob|fiper_sweep_eternal|instance_B|libero_object_env_t1_r3,success_train,bob,fiper_sweep_eternal,instance_B,libero_object_env_t1_r3,libero_object_env,1,object,success,154,0,153,/media/rootalkhatib/My Passport/reda_ws/asynchvla_ws/stage9_libero_pro_risk_data/campaigns/fiper_sweep_eternal/instance_B/fiper_receding_samples.jsonl
bob|fiper_sweep_eternal|instance_B|libero_object_env_t1_r30,success_train,bob,fiper_sweep_eternal,instance_B,libero_object_env_t1_r30,libero_object_env,1,object,success,229,0,228,/media/rootalkhatib/My Passport/reda_ws/asynchvla_ws/stage9_libero_pro_risk_data/campaigns/fiper_sweep_eternal/instance_B/fiper_receding_samples.jsonl
bob|fiper_sweep_eternal|instance_B|libero_object_env_t1_r31,success_train,bob,fiper_sweep_eternal,instance_B,libero_object_env_t1_r31,libero_object_env,1,object,success,246,0,245,/media/rootalkhatib/My Passport/reda_ws/asynchvla_ws/stage9_libero_pro_risk_data/campaigns/fiper_sweep_eternal/instance_B/fiper_receding_samples.jsonl
bob|fiper_sweep_eternal|instance_B|libero_object_env_t1_r32,success_train,bob,fiper_sweep_eternal,instance_B,libero_object_env_t1_r32,libero_object_env,1,object,success,170,0,169,/media/rootalkhatib/My Passport/reda_ws/asynchvla_ws/stage9_libero_pro_risk_data/campaigns/fiper_sweep_eternal/instance_B/fiper_receding_samples.jsonl
bob|fiper_sweep_eternal|instance_B|libero_object_env_t1_r33,success_train,bob,fiper_sweep_eternal,instance_B,libero_object_env_t1_r33,libero_object_env,1,object,success,131,0,130,/media/rootalkhatib/My Passport/reda_ws/asynchvla_ws/stage9_libero_pro_risk_data/campaigns/fiper_sweep_eternal/instance_B/fiper_receding_samples.jsonl
bob|fiper_sweep_eternal|instance_B|libero_object_env_t1_r34,failure_eval_all,bob,fiper_sweep_eternal,instance_B,libero_object_env_t1_r34,libero_object_env,1,object,failure_or_timeout,300,0,299,/media/rootalkhatib/My Passport/reda_ws/asynchvla_ws/stage9_libero_pro_risk_data/campaigns/fiper_sweep_eternal/instance_B/fiper_receding_samples.jsonl
bob|fiper_sweep_eternal|instance_B|libero_object_env_t1_r35,failure_eval_all,bob,fiper_sweep_eternal,instance_B,libero_object_env_t1_r35,libero_object_env,1,object,failure_or_timeout,300,0,299,/media/rootalkhatib/My Passport/reda_ws/asynchvla_ws/stage9_libero_pro_risk_data/campaigns/fiper_sweep_eternal/instance_B/fiper_receding_samples.jsonl
bob|fiper_sweep_eternal|instance_B|libero_object_env_t1_r36,failure_eval_all,bob,fiper_sweep_eternal,instance_B,libero_object_env_t1_r36,libero_object_env,1,object,failure_or_timeout,300,0,299,/media/rootalkhatib/My Passport/reda_ws/asynchvla_ws/stage9_libero_pro_risk_data/campaigns/fiper_sweep_eternal/instance_B/fiper_receding_samples.jsonl
bob|fiper_sweep_eternal|instance_B|libero_object_env_t1_r37,success_test_id,bob,fiper_sweep_eternal,instance_B,libero_object_env_t1_r37,libero_object_env,1,object,success,281,0,280,/media/rootalkhatib/My Passport/reda_ws/asynchvla_ws/stage9_libero_pro_risk_data/campaigns/fiper_sweep_eternal/instance_B/fiper_receding_samples.jsonl
bob|fiper_sweep_eternal|instance_B|libero_object_env_t1_r4,failure_eval_all,bob,fiper_sweep_eternal,instance_B,libero_object_env_t1_r4,libero_object_env,1,object,failure_or_timeout,300,0,299,/media/rootalkhatib/My Passport/reda_ws/asynchvla_ws/stage9_libero_pro_risk_data/campaigns/fiper_sweep_eternal/instance_B/fiper_receding_samples.jsonl
bob|fiper_sweep_eternal|instance_B|libero_object_env_t1_r5,success_calib,bob,fiper_sweep_eternal,instance_B,libero_object_env_t1_r5,libero_object_env,1,object,success,143,0,142,/media/rootalkhatib/My Passport/reda_ws/asynchvla_ws/stage9_libero_pro_risk_data/campaigns/fiper_sweep_eternal/instance_B/fiper_receding_samples.jsonl
bob|fiper_sweep_eternal|instance_B|libero_object_env_t1_r6,success_train,bob,fiper_sweep_eternal,instance_B,libero_object_env_t1_r6,libero_object_env,1,object,success,282,0,281,/media/rootalkhatib/My Passport/reda_ws/asynchvla_ws/stage9_libero_pro_risk_data/campaigns/fiper_sweep_eternal/instance_B/fiper_receding_samples.jsonl
bob|fiper_sweep_eternal|instance_B|libero_object_env_t1_r7,success_train,bob,fiper_sweep_eternal,instance_B,libero_object_env_t1_r7,libero_object_env,1,object,success,198,0,197,/media/rootalkhatib/My Passport/reda_ws/asynchvla_ws/stage9_libero_pro_risk_data/campaigns/fiper_sweep_eternal/instance_B/fiper_receding_samples.jsonl
bob|fiper_sweep_eternal|instance_B|libero_object_env_t1_r8,failure_eval_all,bob,fiper_sweep_eternal,instance_B,libero_object_env_t1_r8,libero_object_env,1,object,failure_or_timeout,300,0,299,/media/rootalkhatib/My Passport/reda_ws/asynchvla_ws/stage9_libero_pro_risk_data/campaigns/fiper_sweep_eternal/instance_B/fiper_receding_samples.jsonl
bob|fiper_sweep_eternal|instance_B|libero_object_env_t1_r9,success_calib,bob,fiper_sweep_eternal,instance_B,libero_object_env_t1_r9,libero_object_env,1,object,success,171,0,170,/media/rootalkhatib/My Passport/reda_ws/asynchvla_ws/stage9_libero_pro_risk_data/campaigns/fiper_sweep_eternal/instance_B/fiper_receding_samples.jsonl
bob|fiper_sweep_eternal|instance_B|libero_object_env_t2_r0,success_test_id,bob,fiper_sweep_eternal,instance_B,libero_object_env_t2_r0,libero_object_env,2,object,success,161,0,160,/media/rootalkhatib/My Passport/reda_ws/asynchvla_ws/stage9_libero_pro_risk_data/campaigns/fiper_sweep_eternal/instance_B/fiper_receding_samples.jsonl
bob|fiper_sweep_eternal|instance_B|libero_object_env_t2_r1,success_test_id,bob,fiper_sweep_eternal,instance_B,libero_object_env_t2_r1,libero_object_env,2,object,success,157,0,156,/media/rootalkhatib/My Passport/reda_ws/asynchvla_ws/stage9_libero_pro_risk_data/campaigns/fiper_sweep_eternal/instance_B/fiper_receding_samples.jsonl
bob|fiper_sweep_eternal|instance_B|libero_object_env_t2_r10,success_train,bob,fiper_sweep_eternal,instance_B,libero_object_env_t2_r10,libero_object_env,2,object,success,161,0,160,/media/rootalkhatib/My Passport/reda_ws/asynchvla_ws/stage9_libero_pro_risk_data/campaigns/fiper_sweep_eternal/instance_B/fiper_receding_samples.jsonl
bob|fiper_sweep_eternal|instance_B|libero_object_env_t2_r11,success_calib,bob,fiper_sweep_eternal,instance_B,libero_object_env_t2_r11,libero_object_env,2,object,success,164,0,163,/media/rootalkhatib/My Passport/reda_ws/asynchvla_ws/stage9_libero_pro_risk_data/campaigns/fiper_sweep_eternal/instance_B/fiper_receding_samples.jsonl
bob|fiper_sweep_eternal|instance_B|libero_object_env_t2_r12,success_train,bob,fiper_sweep_eternal,instance_B,libero_object_env_t2_r12,libero_object_env,2,object,success,105,0,104,/media/rootalkhatib/My Passport/reda_ws/asynchvla_ws/stage9_libero_pro_risk_data/campaigns/fiper_sweep_eternal/instance_B/fiper_receding_samples.jsonl
bob|fiper_sweep_eternal|instance_B|libero_object_env_t2_r13,failure_eval_all,bob,fiper_sweep_eternal,instance_B,libero_object_env_t2_r13,libero_object_env,2,object,failure_or_timeout,300,0,299,/media/rootalkhatib/My Passport/reda_ws/asynchvla_ws/stage9_libero_pro_risk_data/campaigns/fiper_sweep_eternal/instance_B/fiper_receding_samples.jsonl
bob|fiper_sweep_eternal|instance_B|libero_object_env_t2_r14,success_train,bob,fiper_sweep_eternal,instance_B,libero_object_env_t2_r14,libero_object_env,2,object,success,165,0,164,/media/rootalkhatib/My Passport/reda_ws/asynchvla_ws/stage9_libero_pro_risk_data/campaigns/fiper_sweep_eternal/instance_B/fiper_receding_samples.jsonl
bob|fiper_sweep_eternal|instance_B|libero_object_env_t2_r15,success_train,bob,fiper_sweep_eternal,instance_B,libero_object_env_t2_r15,libero_object_env,2,object,success,179,0,178,/media/rootalkhatib/My Passport/reda_ws/asynchvla_ws/stage9_libero_pro_risk_data/campaigns/fiper_sweep_eternal/instance_B/fiper_receding_samples.jsonl
bob|fiper_sweep_eternal|instance_B|libero_object_env_t2_r16,success_train,bob,fiper_sweep_eternal,instance_B,libero_object_env_t2_r16,libero_object_env,2,object,success,163,0,162,/media/rootalkhatib/My Passport/reda_ws/asynchvla_ws/stage9_libero_pro_risk_data/campaigns/fiper_sweep_eternal/instance_B/fiper_receding_samples.jsonl
bob|fiper_sweep_eternal|instance_B|libero_object_env_t2_r17,success_test_id,bob,fiper_sweep_eternal,instance_B,libero_object_env_t2_r17,libero_object_env,2,object,success,157,0,156,/media/rootalkhatib/My Passport/reda_ws/asynchvla_ws/stage9_libero_pro_risk_data/campaigns/fiper_sweep_eternal/instance_B/fiper_receding_samples.jsonl
bob|fiper_sweep_eternal|instance_B|libero_object_env_t2_r18,success_train,bob,fiper_sweep_eternal,instance_B,libero_object_env_t2_r18,libero_object_env,2,object,success,112,0,111,/media/rootalkhatib/My Passport/reda_ws/asynchvla_ws/stage9_libero_pro_risk_data/campaigns/fiper_sweep_eternal/instance_B/fiper_receding_samples.jsonl
bob|fiper_sweep_eternal|instance_B|libero_object_env_t2_r19,success_train,bob,fiper_sweep_eternal,instance_B,libero_object_env_t2_r19,libero_object_env,2,object,success,171,0,170,/media/rootalkhatib/My Passport/reda_ws/asynchvla_ws/stage9_libero_pro_risk_data/campaigns/fiper_sweep_eternal/instance_B/fiper_receding_samples.jsonl
bob|fiper_sweep_eternal|instance_B|libero_object_env_t2_r2,success_train,bob,fiper_sweep_eternal,instance_B,libero_object_env_t2_r2,libero_object_env,2,object,success,164,0,163,/media/rootalkhatib/My Passport/reda_ws/asynchvla_ws/stage9_libero_pro_risk_data/campaigns/fiper_sweep_eternal/instance_B/fiper_receding_samples.jsonl
bob|fiper_sweep_eternal|instance_B|libero_object_env_t2_r20,success_test_id,bob,fiper_sweep_eternal,instance_B,libero_object_env_t2_r20,libero_object_env,2,object,success,176,0,175,/media/rootalkhatib/My Passport/reda_ws/asynchvla_ws/stage9_libero_pro_risk_data/campaigns/fiper_sweep_eternal/instance_B/fiper_receding_samples.jsonl
bob|fiper_sweep_eternal|instance_B|libero_object_env_t2_r21,success_train,bob,fiper_sweep_eternal,instance_B,libero_object_env_t2_r21,libero_object_env,2,object,success,165,0,164,/media/rootalkhatib/My Passport/reda_ws/asynchvla_ws/stage9_libero_pro_risk_data/campaigns/fiper_sweep_eternal/instance_B/fiper_receding_samples.jsonl
bob|fiper_sweep_eternal|instance_B|libero_object_env_t2_r22,success_train,bob,fiper_sweep_eternal,instance_B,libero_object_env_t2_r22,libero_object_env,2,object,success,103,0,102,/media/rootalkhatib/My Passport/reda_ws/asynchvla_ws/stage9_libero_pro_risk_data/campaigns/fiper_sweep_eternal/instance_B/fiper_receding_samples.jsonl
bob|fiper_sweep_eternal|instance_B|libero_object_env_t2_r23,success_train,bob,fiper_sweep_eternal,instance_B,libero_object_env_t2_r23,libero_object_env,2,object,success,172,0,171,/media/rootalkhatib/My Passport/reda_ws/asynchvla_ws/stage9_libero_pro_risk_data/campaigns/fiper_sweep_eternal/instance_B/fiper_receding_samples.jsonl
bob|fiper_sweep_eternal|instance_B|libero_object_env_t2_r24,success_test_id,bob,fiper_sweep_eternal,instance_B,libero_object_env_t2_r24,libero_object_env,2,object,success,109,0,108,/media/rootalkhatib/My Passport/reda_ws/asynchvla_ws/stage9_libero_pro_risk_data/campaigns/fiper_sweep_eternal/instance_B/fiper_receding_samples.jsonl
bob|fiper_sweep_eternal|instance_B|libero_object_env_t2_r25,success_train,bob,fiper_sweep_eternal,instance_B,libero_object_env_t2_r25,libero_object_env,2,object,success,169,0,168,/media/rootalkhatib/My Passport/reda_ws/asynchvla_ws/stage9_libero_pro_risk_data/campaigns/fiper_sweep_eternal/instance_B/fiper_receding_samples.jsonl
bob|fiper_sweep_eternal|instance_B|libero_object_env_t2_r26,success_train,bob,fiper_sweep_eternal,instance_B,libero_object_env_t2_r26,libero_object_env,2,object,success,105,0,104,/media/rootalkhatib/My Passport/reda_ws/asynchvla_ws/stage9_libero_pro_risk_data/campaigns/fiper_sweep_eternal/instance_B/fiper_receding_samples.jsonl
bob|fiper_sweep_eternal|instance_B|libero_object_env_t2_r27,success_train,bob,fiper_sweep_eternal,instance_B,libero_object_env_t2_r27,libero_object_env,2,object,success,158,0,157,/media/rootalkhatib/My Passport/reda_ws/asynchvla_ws/stage9_libero_pro_risk_data/campaigns/fiper_sweep_eternal/instance_B/fiper_receding_samples.jsonl
bob|fiper_sweep_eternal|instance_B|libero_object_env_t2_r28,success_train,bob,fiper_sweep_eternal,instance_B,libero_object_env_t2_r28,libero_object_env,2,object,success,115,0,114,/media/rootalkhatib/My Passport/reda_ws/asynchvla_ws/stage9_libero_pro_risk_data/campaigns/fiper_sweep_eternal/instance_B/fiper_receding_samples.jsonl
bob|fiper_sweep_eternal|instance_B|libero_object_env_t2_r29,success_train,bob,fiper_sweep_eternal,instance_B,libero_object_env_t2_r29,libero_object_env,2,object,success,175,0,174,/media/rootalkhatib/My Passport/reda_ws/asynchvla_ws/stage9_libero_pro_risk_data/campaigns/fiper_sweep_eternal/instance_B/fiper_receding_samples.jsonl
bob|fiper_sweep_eternal|instance_B|libero_object_env_t2_r3,failure_eval_all,bob,fiper_sweep_eternal,instance_B,libero_object_env_t2_r3,libero_object_env,2,object,failure_or_timeout,300,0,299,/media/rootalkhatib/My Passport/reda_ws/asynchvla_ws/stage9_libero_pro_risk_data/campaigns/fiper_sweep_eternal/instance_B/fiper_receding_samples.jsonl
bob|fiper_sweep_eternal|instance_B|libero_object_env_t2_r30,success_train,bob,fiper_sweep_eternal,instance_B,libero_object_env_t2_r30,libero_object_env,2,object,success,148,0,147,/media/rootalkhatib/My Passport/reda_ws/asynchvla_ws/stage9_libero_pro_risk_data/campaigns/fiper_sweep_eternal/instance_B/fiper_receding_samples.jsonl
bob|fiper_sweep_eternal|instance_B|libero_object_env_t2_r31,success_train,bob,fiper_sweep_eternal,instance_B,libero_object_env_t2_r31,libero_object_env,2,object,success,119,0,118,/media/rootalkhatib/My Passport/reda_ws/asynchvla_ws/stage9_libero_pro_risk_data/campaigns/fiper_sweep_eternal/instance_B/fiper_receding_samples.jsonl
bob|fiper_sweep_eternal|instance_B|libero_object_env_t2_r32,success_train,bob,fiper_sweep_eternal,instance_B,libero_object_env_t2_r32,libero_object_env,2,object,success,114,0,113,/media/rootalkhatib/My Passport/reda_ws/asynchvla_ws/stage9_libero_pro_risk_data/campaigns/fiper_sweep_eternal/instance_B/fiper_receding_samples.jsonl
bob|fiper_sweep_eternal|instance_B|libero_object_env_t2_r33,success_train,bob,fiper_sweep_eternal,instance_B,libero_object_env_t2_r33,libero_object_env,2,object,success,174,0,173,/media/rootalkhatib/My Passport/reda_ws/asynchvla_ws/stage9_libero_pro_risk_data/campaigns/fiper_sweep_eternal/instance_B/fiper_receding_samples.jsonl
bob|fiper_sweep_eternal|instance_B|libero_object_env_t2_r34,success_train,bob,fiper_sweep_eternal,instance_B,libero_object_env_t2_r34,libero_object_env,2,object,success,166,0,165,/media/rootalkhatib/My Passport/reda_ws/asynchvla_ws/stage9_libero_pro_risk_data/campaigns/fiper_sweep_eternal/instance_B/fiper_receding_samples.jsonl
bob|fiper_sweep_eternal|instance_B|libero_object_env_t2_r35,success_calib,bob,fiper_sweep_eternal,instance_B,libero_object_env_t2_r35,libero_object_env,2,object,success,166,0,165,/media/rootalkhatib/My Passport/reda_ws/asynchvla_ws/stage9_libero_pro_risk_data/campaigns/fiper_sweep_eternal/instance_B/fiper_receding_samples.jsonl
bob|fiper_sweep_eternal|instance_B|libero_object_env_t2_r36,success_calib,bob,fiper_sweep_eternal,instance_B,libero_object_env_t2_r36,libero_object_env,2,object,success,106,0,105,/media/rootalkhatib/My Passport/reda_ws/asynchvla_ws/stage9_libero_pro_risk_data/campaigns/fiper_sweep_eternal/instance_B/fiper_receding_samples.jsonl
bob|fiper_sweep_eternal|instance_B|libero_object_env_t2_r37,success_calib,bob,fiper_sweep_eternal,instance_B,libero_object_env_t2_r37,libero_object_env,2,object,success,162,0,161,/media/rootalkhatib/My Passport/reda_ws/asynchvla_ws/stage9_libero_pro_risk_data/campaigns/fiper_sweep_eternal/instance_B/fiper_receding_samples.jsonl
bob|fiper_sweep_eternal|instance_B|libero_object_env_t2_r4,success_train,bob,fiper_sweep_eternal,instance_B,libero_object_env_t2_r4,libero_object_env,2,object,success,168,0,167,/media/rootalkhatib/My Passport/reda_ws/asynchvla_ws/stage9_libero_pro_risk_data/campaigns/fiper_sweep_eternal/instance_B/fiper_receding_samples.jsonl
bob|fiper_sweep_eternal|instance_B|libero_object_env_t2_r5,success_train,bob,fiper_sweep_eternal,instance_B,libero_object_env_t2_r5,libero_object_env,2,object,success,159,0,158,/media/rootalkhatib/My Passport/reda_ws/asynchvla_ws/stage9_libero_pro_risk_data/campaigns/fiper_sweep_eternal/instance_B/fiper_receding_samples.jsonl
bob|fiper_sweep_eternal|instance_B|libero_object_env_t2_r6,success_calib,bob,fiper_sweep_eternal,instance_B,libero_object_env_t2_r6,libero_object_env,2,object,success,101,0,100,/media/rootalkhatib/My Passport/reda_ws/asynchvla_ws/stage9_libero_pro_risk_data/campaigns/fiper_sweep_eternal/instance_B/fiper_receding_samples.jsonl
bob|fiper_sweep_eternal|instance_B|libero_object_env_t2_r7,success_train,bob,fiper_sweep_eternal,instance_B,libero_object_env_t2_r7,libero_object_env,2,object,success,242,0,241,/media/rootalkhatib/My Passport/reda_ws/asynchvla_ws/stage9_libero_pro_risk_data/campaigns/fiper_sweep_eternal/instance_B/fiper_receding_samples.jsonl
bob|fiper_sweep_eternal|instance_B|libero_object_env_t2_r8,success_train,bob,fiper_sweep_eternal,instance_B,libero_object_env_t2_r8,libero_object_env,2,object,success,162,0,161,/media/rootalkhatib/My Passport/reda_ws/asynchvla_ws/stage9_libero_pro_risk_data/campaigns/fiper_sweep_eternal/instance_B/fiper_receding_samples.jsonl
bob|fiper_sweep_eternal|instance_B|libero_object_env_t2_r9,success_test_id,bob,fiper_sweep_eternal,instance_B,libero_object_env_t2_r9,libero_object_env,2,object,success,106,0,105,/media/rootalkhatib/My Passport/reda_ws/asynchvla_ws/stage9_libero_pro_risk_data/campaigns/fiper_sweep_eternal/instance_B/fiper_receding_samples.jsonl
bob|fiper_sweep_eternal|instance_B|libero_object_env_t3_r0,success_train,bob,fiper_sweep_eternal,instance_B,libero_object_env_t3_r0,libero_object_env,3,object,success,141,0,140,/media/rootalkhatib/My Passport/reda_ws/asynchvla_ws/stage9_libero_pro_risk_data/campaigns/fiper_sweep_eternal/instance_B/fiper_receding_samples.jsonl
bob|fiper_sweep_eternal|instance_B|libero_object_env_t3_r1,success_train,bob,fiper_sweep_eternal,instance_B,libero_object_env_t3_r1,libero_object_env,3,object,success,137,0,136,/media/rootalkhatib/My Passport/reda_ws/asynchvla_ws/stage9_libero_pro_risk_data/campaigns/fiper_sweep_eternal/instance_B/fiper_receding_samples.jsonl
bob|fiper_sweep_eternal|instance_B|libero_object_env_t3_r10,success_test_id,bob,fiper_sweep_eternal,instance_B,libero_object_env_t3_r10,libero_object_env,3,object,success,141,0,140,/media/rootalkhatib/My Passport/reda_ws/asynchvla_ws/stage9_libero_pro_risk_data/campaigns/fiper_sweep_eternal/instance_B/fiper_receding_samples.jsonl
bob|fiper_sweep_eternal|instance_B|libero_object_env_t3_r11,success_train,bob,fiper_sweep_eternal,instance_B,libero_object_env_t3_r11,libero_object_env,3,object,success,142,0,141,/media/rootalkhatib/My Passport/reda_ws/asynchvla_ws/stage9_libero_pro_risk_data/campaigns/fiper_sweep_eternal/instance_B/fiper_receding_samples.jsonl
bob|fiper_sweep_eternal|instance_B|libero_object_env_t3_r12,failure_eval_all,bob,fiper_sweep_eternal,instance_B,libero_object_env_t3_r12,libero_object_env,3,object,failure_or_timeout,300,0,299,/media/rootalkhatib/My Passport/reda_ws/asynchvla_ws/stage9_libero_pro_risk_data/campaigns/fiper_sweep_eternal/instance_B/fiper_receding_samples.jsonl
bob|fiper_sweep_eternal|instance_B|libero_object_env_t3_r13,success_train,bob,fiper_sweep_eternal,instance_B,libero_object_env_t3_r13,libero_object_env,3,object,success,146,0,145,/media/rootalkhatib/My Passport/reda_ws/asynchvla_ws/stage9_libero_pro_risk_data/campaigns/fiper_sweep_eternal/instance_B/fiper_receding_samples.jsonl
bob|fiper_sweep_eternal|instance_B|libero_object_env_t3_r14,success_train,bob,fiper_sweep_eternal,instance_B,libero_object_env_t3_r14,libero_object_env,3,object,success,189,0,188,/media/rootalkhatib/My Passport/reda_ws/asynchvla_ws/stage9_libero_pro_risk_data/campaigns/fiper_sweep_eternal/instance_B/fiper_receding_samples.jsonl
bob|fiper_sweep_eternal|instance_B|libero_object_env_t3_r15,success_train,bob,fiper_sweep_eternal,instance_B,libero_object_env_t3_r15,libero_object_env,3,object,success,163,0,162,/media/rootalkhatib/My Passport/reda_ws/asynchvla_ws/stage9_libero_pro_risk_data/campaigns/fiper_sweep_eternal/instance_B/fiper_receding_samples.jsonl
bob|fiper_sweep_eternal|instance_B|libero_object_env_t3_r16,success_train,bob,fiper_sweep_eternal,instance_B,libero_object_env_t3_r16,libero_object_env,3,object,success,137,0,136,/media/rootalkhatib/My Passport/reda_ws/asynchvla_ws/stage9_libero_pro_risk_data/campaigns/fiper_sweep_eternal/instance_B/fiper_receding_samples.jsonl
bob|fiper_sweep_eternal|instance_B|libero_object_env_t3_r17,success_train,bob,fiper_sweep_eternal,instance_B,libero_object_env_t3_r17,libero_object_env,3,object,success,220,0,219,/media/rootalkhatib/My Passport/reda_ws/asynchvla_ws/stage9_libero_pro_risk_data/campaigns/fiper_sweep_eternal/instance_B/fiper_receding_samples.jsonl
bob|fiper_sweep_eternal|instance_B|libero_object_env_t3_r18,success_train,bob,fiper_sweep_eternal,instance_B,libero_object_env_t3_r18,libero_object_env,3,object,success,138,0,137,/media/rootalkhatib/My Passport/reda_ws/asynchvla_ws/stage9_libero_pro_risk_data/campaigns/fiper_sweep_eternal/instance_B/fiper_receding_samples.jsonl
bob|fiper_sweep_eternal|instance_B|libero_object_env_t3_r19,success_train,bob,fiper_sweep_eternal,instance_B,libero_object_env_t3_r19,libero_object_env,3,object,success,208,0,207,/media/rootalkhatib/My Passport/reda_ws/asynchvla_ws/stage9_libero_pro_risk_data/campaigns/fiper_sweep_eternal/instance_B/fiper_receding_samples.jsonl
bob|fiper_sweep_eternal|instance_B|libero_object_env_t3_r2,success_calib,bob,fiper_sweep_eternal,instance_B,libero_object_env_t3_r2,libero_object_env,3,object,success,129,0,128,/media/rootalkhatib/My Passport/reda_ws/asynchvla_ws/stage9_libero_pro_risk_data/campaigns/fiper_sweep_eternal/instance_B/fiper_receding_samples.jsonl
bob|fiper_sweep_eternal|instance_B|libero_object_env_t3_r20,success_calib,bob,fiper_sweep_eternal,instance_B,libero_object_env_t3_r20,libero_object_env,3,object,success,179,0,178,/media/rootalkhatib/My Passport/reda_ws/asynchvla_ws/stage9_libero_pro_risk_data/campaigns/fiper_sweep_eternal/instance_B/fiper_receding_samples.jsonl
bob|fiper_sweep_eternal|instance_B|libero_object_env_t3_r21,success_train,bob,fiper_sweep_eternal,instance_B,libero_object_env_t3_r21,libero_object_env,3,object,success,130,0,129,/media/rootalkhatib/My Passport/reda_ws/asynchvla_ws/stage9_libero_pro_risk_data/campaigns/fiper_sweep_eternal/instance_B/fiper_receding_samples.jsonl
bob|fiper_sweep_eternal|instance_B|libero_object_env_t3_r22,success_train,bob,fiper_sweep_eternal,instance_B,libero_object_env_t3_r22,libero_object_env,3,object,success,213,0,212,/media/rootalkhatib/My Passport/reda_ws/asynchvla_ws/stage9_libero_pro_risk_data/campaigns/fiper_sweep_eternal/instance_B/fiper_receding_samples.jsonl
bob|fiper_sweep_eternal|instance_B|libero_object_env_t3_r23,success_train,bob,fiper_sweep_eternal,instance_B,libero_object_env_t3_r23,libero_object_env,3,object,success,157,0,156,/media/rootalkhatib/My Passport/reda_ws/asynchvla_ws/stage9_libero_pro_risk_data/campaigns/fiper_sweep_eternal/instance_B/fiper_receding_samples.jsonl
bob|fiper_sweep_eternal|instance_B|libero_object_env_t3_r24,success_train,bob,fiper_sweep_eternal,instance_B,libero_object_env_t3_r24,libero_object_env,3,object,success,138,0,137,/media/rootalkhatib/My Passport/reda_ws/asynchvla_ws/stage9_libero_pro_risk_data/campaigns/fiper_sweep_eternal/instance_B/fiper_receding_samples.jsonl
bob|fiper_sweep_eternal|instance_B|libero_object_env_t3_r25,success_train,bob,fiper_sweep_eternal,instance_B,libero_object_env_t3_r25,libero_object_env,3,object,success,131,0,130,/media/rootalkhatib/My Passport/reda_ws/asynchvla_ws/stage9_libero_pro_risk_data/campaigns/fiper_sweep_eternal/instance_B/fiper_receding_samples.jsonl
bob|fiper_sweep_eternal|instance_B|libero_object_env_t3_r26,success_train,bob,fiper_sweep_eternal,instance_B,libero_object_env_t3_r26,libero_object_env,3,object,success,169,0,168,/media/rootalkhatib/My Passport/reda_ws/asynchvla_ws/stage9_libero_pro_risk_data/campaigns/fiper_sweep_eternal/instance_B/fiper_receding_samples.jsonl
bob|fiper_sweep_eternal|instance_B|libero_object_env_t3_r27,success_train,bob,fiper_sweep_eternal,instance_B,libero_object_env_t3_r27,libero_object_env,3,object,success,139,0,138,/media/rootalkhatib/My Passport/reda_ws/asynchvla_ws/stage9_libero_pro_risk_data/campaigns/fiper_sweep_eternal/instance_B/fiper_receding_samples.jsonl
bob|fiper_sweep_eternal|instance_B|libero_object_env_t3_r28,success_train,bob,fiper_sweep_eternal,instance_B,libero_object_env_t3_r28,libero_object_env,3,object,success,274,0,273,/media/rootalkhatib/My Passport/reda_ws/asynchvla_ws/stage9_libero_pro_risk_data/campaigns/fiper_sweep_eternal/instance_B/fiper_receding_samples.jsonl
bob|fiper_sweep_eternal|instance_B|libero_object_env_t3_r29,success_test_id,bob,fiper_sweep_eternal,instance_B,libero_object_env_t3_r29,libero_object_env,3,object,success,149,0,148,/media/rootalkhatib/My Passport/reda_ws/asynchvla_ws/stage9_libero_pro_risk_data/campaigns/fiper_sweep_eternal/instance_B/fiper_receding_samples.jsonl
bob|fiper_sweep_eternal|instance_B|libero_object_env_t3_r3,success_train,bob,fiper_sweep_eternal,instance_B,libero_object_env_t3_r3,libero_object_env,3,object,success,169,0,168,/media/rootalkhatib/My Passport/reda_ws/asynchvla_ws/stage9_libero_pro_risk_data/campaigns/fiper_sweep_eternal/instance_B/fiper_receding_samples.jsonl
bob|fiper_sweep_eternal|instance_B|libero_object_env_t3_r30,success_train,bob,fiper_sweep_eternal,instance_B,libero_object_env_t3_r30,libero_object_env,3,object,success,170,0,169,/media/rootalkhatib/My Passport/reda_ws/asynchvla_ws/stage9_libero_pro_risk_data/campaigns/fiper_sweep_eternal/instance_B/fiper_receding_samples.jsonl
bob|fiper_sweep_eternal|instance_B|libero_object_env_t3_r31,success_train,bob,fiper_sweep_eternal,instance_B,libero_object_env_t3_r31,libero_object_env,3,object,success,153,0,152,/media/rootalkhatib/My Passport/reda_ws/asynchvla_ws/stage9_libero_pro_risk_data/campaigns/fiper_sweep_eternal/instance_B/fiper_receding_samples.jsonl
bob|fiper_sweep_eternal|instance_B|libero_object_env_t3_r32,success_test_id,bob,fiper_sweep_eternal,instance_B,libero_object_env_t3_r32,libero_object_env,3,object,success,131,0,130,/media/rootalkhatib/My Passport/reda_ws/asynchvla_ws/stage9_libero_pro_risk_data/campaigns/fiper_sweep_eternal/instance_B/fiper_receding_samples.jsonl
bob|fiper_sweep_eternal|instance_B|libero_object_env_t3_r33,success_calib,bob,fiper_sweep_eternal,instance_B,libero_object_env_t3_r33,libero_object_env,3,object,success,140,0,139,/media/rootalkhatib/My Passport/reda_ws/asynchvla_ws/stage9_libero_pro_risk_data/campaigns/fiper_sweep_eternal/instance_B/fiper_receding_samples.jsonl
bob|fiper_sweep_eternal|instance_B|libero_object_env_t3_r34,success_calib,bob,fiper_sweep_eternal,instance_B,libero_object_env_t3_r34,libero_object_env,3,object,success,147,0,146,/media/rootalkhatib/My Passport/reda_ws/asynchvla_ws/stage9_libero_pro_risk_data/campaigns/fiper_sweep_eternal/instance_B/fiper_receding_samples.jsonl
bob|fiper_sweep_eternal|instance_B|libero_object_env_t3_r35,failure_eval_all,bob,fiper_sweep_eternal,instance_B,libero_object_env_t3_r35,libero_object_env,3,object,failure_or_timeout,300,0,299,/media/rootalkhatib/My Passport/reda_ws/asynchvla_ws/stage9_libero_pro_risk_data/campaigns/fiper_sweep_eternal/instance_B/fiper_receding_samples.jsonl
bob|fiper_sweep_eternal|instance_B|libero_object_env_t3_r36,success_train,bob,fiper_sweep_eternal,instance_B,libero_object_env_t3_r36,libero_object_env,3,object,success,140,0,139,/media/rootalkhatib/My Passport/reda_ws/asynchvla_ws/stage9_libero_pro_risk_data/campaigns/fiper_sweep_eternal/instance_B/fiper_receding_samples.jsonl
bob|fiper_sweep_eternal|instance_B|libero_object_env_t3_r37,success_train,bob,fiper_sweep_eternal,instance_B,libero_object_env_t3_r37,libero_object_env,3,object,success,149,0,148,/media/rootalkhatib/My Passport/reda_ws/asynchvla_ws/stage9_libero_pro_risk_data/campaigns/fiper_sweep_eternal/instance_B/fiper_receding_samples.jsonl
bob|fiper_sweep_eternal|instance_B|libero_object_env_t3_r4,success_test_id,bob,fiper_sweep_eternal,instance_B,libero_object_env_t3_r4,libero_object_env,3,object,success,192,0,191,/media/rootalkhatib/My Passport/reda_ws/asynchvla_ws/stage9_libero_pro_risk_data/campaigns/fiper_sweep_eternal/instance_B/fiper_receding_samples.jsonl
bob|fiper_sweep_eternal|instance_B|libero_object_env_t3_r5,success_test_id,bob,fiper_sweep_eternal,instance_B,libero_object_env_t3_r5,libero_object_env,3,object,success,157,0,156,/media/rootalkhatib/My Passport/reda_ws/asynchvla_ws/stage9_libero_pro_risk_data/campaigns/fiper_sweep_eternal/instance_B/fiper_receding_samples.jsonl
bob|fiper_sweep_eternal|instance_B|libero_object_env_t3_r6,success_test_id,bob,fiper_sweep_eternal,instance_B,libero_object_env_t3_r6,libero_object_env,3,object,success,136,0,135,/media/rootalkhatib/My Passport/reda_ws/asynchvla_ws/stage9_libero_pro_risk_data/campaigns/fiper_sweep_eternal/instance_B/fiper_receding_samples.jsonl
bob|fiper_sweep_eternal|instance_B|libero_object_env_t3_r7,success_train,bob,fiper_sweep_eternal,instance_B,libero_object_env_t3_r7,libero_object_env,3,object,success,126,0,125,/media/rootalkhatib/My Passport/reda_ws/asynchvla_ws/stage9_libero_pro_risk_data/campaigns/fiper_sweep_eternal/instance_B/fiper_receding_samples.jsonl
bob|fiper_sweep_eternal|instance_B|libero_object_env_t3_r8,success_calib,bob,fiper_sweep_eternal,instance_B,libero_object_env_t3_r8,libero_object_env,3,object,success,133,0,132,/media/rootalkhatib/My Passport/reda_ws/asynchvla_ws/stage9_libero_pro_risk_data/campaigns/fiper_sweep_eternal/instance_B/fiper_receding_samples.jsonl
bob|fiper_sweep_eternal|instance_B|libero_object_env_t3_r9,success_train,bob,fiper_sweep_eternal,instance_B,libero_object_env_t3_r9,libero_object_env,3,object,success,221,0,220,/media/rootalkhatib/My Passport/reda_ws/asynchvla_ws/stage9_libero_pro_risk_data/campaigns/fiper_sweep_eternal/instance_B/fiper_receding_samples.jsonl
bob|fiper_sweep_eternal|instance_B|libero_object_env_t4_r0,success_train,bob,fiper_sweep_eternal,instance_B,libero_object_env_t4_r0,libero_object_env,4,object,success,139,0,138,/media/rootalkhatib/My Passport/reda_ws/asynchvla_ws/stage9_libero_pro_risk_data/campaigns/fiper_sweep_eternal/instance_B/fiper_receding_samples.jsonl
bob|fiper_sweep_eternal|instance_B|libero_object_env_t4_r1,success_train,bob,fiper_sweep_eternal,instance_B,libero_object_env_t4_r1,libero_object_env,4,object,success,136,0,135,/media/rootalkhatib/My Passport/reda_ws/asynchvla_ws/stage9_libero_pro_risk_data/campaigns/fiper_sweep_eternal/instance_B/fiper_receding_samples.jsonl
bob|fiper_sweep_eternal|instance_B|libero_object_env_t4_r10,success_train,bob,fiper_sweep_eternal,instance_B,libero_object_env_t4_r10,libero_object_env,4,object,success,166,0,165,/media/rootalkhatib/My Passport/reda_ws/asynchvla_ws/stage9_libero_pro_risk_data/campaigns/fiper_sweep_eternal/instance_B/fiper_receding_samples.jsonl
bob|fiper_sweep_eternal|instance_B|libero_object_env_t4_r11,success_calib,bob,fiper_sweep_eternal,instance_B,libero_object_env_t4_r11,libero_object_env,4,object,success,136,0,135,/media/rootalkhatib/My Passport/reda_ws/asynchvla_ws/stage9_libero_pro_risk_data/campaigns/fiper_sweep_eternal/instance_B/fiper_receding_samples.jsonl
bob|fiper_sweep_eternal|instance_B|libero_object_env_t4_r12,success_train,bob,fiper_sweep_eternal,instance_B,libero_object_env_t4_r12,libero_object_env,4,object,success,130,0,129,/media/rootalkhatib/My Passport/reda_ws/asynchvla_ws/stage9_libero_pro_risk_data/campaigns/fiper_sweep_eternal/instance_B/fiper_receding_samples.jsonl
bob|fiper_sweep_eternal|instance_B|libero_object_env_t4_r13,success_train,bob,fiper_sweep_eternal,instance_B,libero_object_env_t4_r13,libero_object_env,4,object,success,139,0,138,/media/rootalkhatib/My Passport/reda_ws/asynchvla_ws/stage9_libero_pro_risk_data/campaigns/fiper_sweep_eternal/instance_B/fiper_receding_samples.jsonl
bob|fiper_sweep_eternal|instance_B|libero_object_env_t4_r14,success_train,bob,fiper_sweep_eternal,instance_B,libero_object_env_t4_r14,libero_object_env,4,object,success,146,0,145,/media/rootalkhatib/My Passport/reda_ws/asynchvla_ws/stage9_libero_pro_risk_data/campaigns/fiper_sweep_eternal/instance_B/fiper_receding_samples.jsonl
bob|fiper_sweep_eternal|instance_B|libero_object_env_t4_r15,success_calib,bob,fiper_sweep_eternal,instance_B,libero_object_env_t4_r15,libero_object_env,4,object,success,178,0,177,/media/rootalkhatib/My Passport/reda_ws/asynchvla_ws/stage9_libero_pro_risk_data/campaigns/fiper_sweep_eternal/instance_B/fiper_receding_samples.jsonl
bob|fiper_sweep_eternal|instance_B|libero_object_env_t4_r16,success_calib,bob,fiper_sweep_eternal,instance_B,libero_object_env_t4_r16,libero_object_env,4,object,success,143,0,142,/media/rootalkhatib/My Passport/reda_ws/asynchvla_ws/stage9_libero_pro_risk_data/campaigns/fiper_sweep_eternal/instance_B/fiper_receding_samples.jsonl
bob|fiper_sweep_eternal|instance_B|libero_object_env_t4_r17,success_train,bob,fiper_sweep_eternal,instance_B,libero_object_env_t4_r17,libero_object_env,4,object,success,149,0,148,/media/rootalkhatib/My Passport/reda_ws/asynchvla_ws/stage9_libero_pro_risk_data/campaigns/fiper_sweep_eternal/instance_B/fiper_receding_samples.jsonl
bob|fiper_sweep_eternal|instance_B|libero_object_env_t4_r18,success_train,bob,fiper_sweep_eternal,instance_B,libero_object_env_t4_r18,libero_object_env,4,object,success,146,0,145,/media/rootalkhatib/My Passport/reda_ws/asynchvla_ws/stage9_libero_pro_risk_data/campaigns/fiper_sweep_eternal/instance_B/fiper_receding_samples.jsonl
bob|fiper_sweep_eternal|instance_B|libero_object_env_t4_r19,failure_eval_all,bob,fiper_sweep_eternal,instance_B,libero_object_env_t4_r19,libero_object_env,4,object,failure_or_timeout,300,0,299,/media/rootalkhatib/My Passport/reda_ws/asynchvla_ws/stage9_libero_pro_risk_data/campaigns/fiper_sweep_eternal/instance_B/fiper_receding_samples.jsonl
bob|fiper_sweep_eternal|instance_B|libero_object_env_t4_r2,success_calib,bob,fiper_sweep_eternal,instance_B,libero_object_env_t4_r2,libero_object_env,4,object,success,148,0,147,/media/rootalkhatib/My Passport/reda_ws/asynchvla_ws/stage9_libero_pro_risk_data/campaigns/fiper_sweep_eternal/instance_B/fiper_receding_samples.jsonl
bob|fiper_sweep_eternal|instance_B|libero_object_env_t4_r20,success_train,bob,fiper_sweep_eternal,instance_B,libero_object_env_t4_r20,libero_object_env,4,object,success,140,0,139,/media/rootalkhatib/My Passport/reda_ws/asynchvla_ws/stage9_libero_pro_risk_data/campaigns/fiper_sweep_eternal/instance_B/fiper_receding_samples.jsonl
bob|fiper_sweep_eternal|instance_B|libero_object_env_t4_r21,success_test_id,bob,fiper_sweep_eternal,instance_B,libero_object_env_t4_r21,libero_object_env,4,object,success,145,0,144,/media/rootalkhatib/My Passport/reda_ws/asynchvla_ws/stage9_libero_pro_risk_data/campaigns/fiper_sweep_eternal/instance_B/fiper_receding_samples.jsonl
bob|fiper_sweep_eternal|instance_B|libero_object_env_t4_r22,success_calib,bob,fiper_sweep_eternal,instance_B,libero_object_env_t4_r22,libero_object_env,4,object,success,133,0,132,/media/rootalkhatib/My Passport/reda_ws/asynchvla_ws/stage9_libero_pro_risk_data/campaigns/fiper_sweep_eternal/instance_B/fiper_receding_samples.jsonl
bob|fiper_sweep_eternal|instance_B|libero_object_env_t4_r23,success_train,bob,fiper_sweep_eternal,instance_B,libero_object_env_t4_r23,libero_object_env,4,object,success,143,0,142,/media/rootalkhatib/My Passport/reda_ws/asynchvla_ws/stage9_libero_pro_risk_data/campaigns/fiper_sweep_eternal/instance_B/fiper_receding_samples.jsonl
bob|fiper_sweep_eternal|instance_B|libero_object_env_t4_r24,success_train,bob,fiper_sweep_eternal,instance_B,libero_object_env_t4_r24,libero_object_env,4,object,success,163,0,162,/media/rootalkhatib/My Passport/reda_ws/asynchvla_ws/stage9_libero_pro_risk_data/campaigns/fiper_sweep_eternal/instance_B/fiper_receding_samples.jsonl
bob|fiper_sweep_eternal|instance_B|libero_object_env_t4_r25,success_train,bob,fiper_sweep_eternal,instance_B,libero_object_env_t4_r25,libero_object_env,4,object,success,142,0,141,/media/rootalkhatib/My Passport/reda_ws/asynchvla_ws/stage9_libero_pro_risk_data/campaigns/fiper_sweep_eternal/instance_B/fiper_receding_samples.jsonl
bob|fiper_sweep_eternal|instance_B|libero_object_env_t4_r26,success_train,bob,fiper_sweep_eternal,instance_B,libero_object_env_t4_r26,libero_object_env,4,object,success,141,0,140,/media/rootalkhatib/My Passport/reda_ws/asynchvla_ws/stage9_libero_pro_risk_data/campaigns/fiper_sweep_eternal/instance_B/fiper_receding_samples.jsonl
bob|fiper_sweep_eternal|instance_B|libero_object_env_t4_r27,success_test_id,bob,fiper_sweep_eternal,instance_B,libero_object_env_t4_r27,libero_object_env,4,object,success,138,0,137,/media/rootalkhatib/My Passport/reda_ws/asynchvla_ws/stage9_libero_pro_risk_data/campaigns/fiper_sweep_eternal/instance_B/fiper_receding_samples.jsonl
bob|fiper_sweep_eternal|instance_B|libero_object_env_t4_r28,success_test_id,bob,fiper_sweep_eternal,instance_B,libero_object_env_t4_r28,libero_object_env,4,object,success,193,0,192,/media/rootalkhatib/My Passport/reda_ws/asynchvla_ws/stage9_libero_pro_risk_data/campaigns/fiper_sweep_eternal/instance_B/fiper_receding_samples.jsonl
bob|fiper_sweep_eternal|instance_B|libero_object_env_t4_r29,success_train,bob,fiper_sweep_eternal,instance_B,libero_object_env_t4_r29,libero_object_env,4,object,success,139,0,138,/media/rootalkhatib/My Passport/reda_ws/asynchvla_ws/stage9_libero_pro_risk_data/campaigns/fiper_sweep_eternal/instance_B/fiper_receding_samples.jsonl
bob|fiper_sweep_eternal|instance_B|libero_object_env_t4_r3,success_train,bob,fiper_sweep_eternal,instance_B,libero_object_env_t4_r3,libero_object_env,4,object,success,152,0,151,/media/rootalkhatib/My Passport/reda_ws/asynchvla_ws/stage9_libero_pro_risk_data/campaigns/fiper_sweep_eternal/instance_B/fiper_receding_samples.jsonl
bob|fiper_sweep_eternal|instance_B|libero_object_env_t4_r30,success_train,bob,fiper_sweep_eternal,instance_B,libero_object_env_t4_r30,libero_object_env,4,object,success,152,0,151,/media/rootalkhatib/My Passport/reda_ws/asynchvla_ws/stage9_libero_pro_risk_data/campaigns/fiper_sweep_eternal/instance_B/fiper_receding_samples.jsonl
bob|fiper_sweep_eternal|instance_B|libero_object_env_t4_r31,success_train,bob,fiper_sweep_eternal,instance_B,libero_object_env_t4_r31,libero_object_env,4,object,success,136,0,135,/media/rootalkhatib/My Passport/reda_ws/asynchvla_ws/stage9_libero_pro_risk_data/campaigns/fiper_sweep_eternal/instance_B/fiper_receding_samples.jsonl
bob|fiper_sweep_eternal|instance_B|libero_object_env_t4_r32,success_train,bob,fiper_sweep_eternal,instance_B,libero_object_env_t4_r32,libero_object_env,4,object,success,143,0,142,/media/rootalkhatib/My Passport/reda_ws/asynchvla_ws/stage9_libero_pro_risk_data/campaigns/fiper_sweep_eternal/instance_B/fiper_receding_samples.jsonl
bob|fiper_sweep_eternal|instance_B|libero_object_env_t4_r33,success_train,bob,fiper_sweep_eternal,instance_B,libero_object_env_t4_r33,libero_object_env,4,object,success,144,0,143,/media/rootalkhatib/My Passport/reda_ws/asynchvla_ws/stage9_libero_pro_risk_data/campaigns/fiper_sweep_eternal/instance_B/fiper_receding_samples.jsonl
bob|fiper_sweep_eternal|instance_B|libero_object_env_t4_r34,success_train,bob,fiper_sweep_eternal,instance_B,libero_object_env_t4_r34,libero_object_env,4,object,success,199,0,198,/media/rootalkhatib/My Passport/reda_ws/asynchvla_ws/stage9_libero_pro_risk_data/campaigns/fiper_sweep_eternal/instance_B/fiper_receding_samples.jsonl
bob|fiper_sweep_eternal|instance_B|libero_object_env_t4_r35,success_test_id,bob,fiper_sweep_eternal,instance_B,libero_object_env_t4_r35,libero_object_env,4,object,success,141,0,140,/media/rootalkhatib/My Passport/reda_ws/asynchvla_ws/stage9_libero_pro_risk_data/campaigns/fiper_sweep_eternal/instance_B/fiper_receding_samples.jsonl
bob|fiper_sweep_eternal|instance_B|libero_object_env_t4_r36,success_train,bob,fiper_sweep_eternal,instance_B,libero_object_env_t4_r36,libero_object_env,4,object,success,152,0,151,/media/rootalkhatib/My Passport/reda_ws/asynchvla_ws/stage9_libero_pro_risk_data/campaigns/fiper_sweep_eternal/instance_B/fiper_receding_samples.jsonl
bob|fiper_sweep_eternal|instance_B|libero_object_env_t4_r37,success_train,bob,fiper_sweep_eternal,instance_B,libero_object_env_t4_r37,libero_object_env,4,object,success,148,0,147,/media/rootalkhatib/My Passport/reda_ws/asynchvla_ws/stage9_libero_pro_risk_data/campaigns/fiper_sweep_eternal/instance_B/fiper_receding_samples.jsonl
bob|fiper_sweep_eternal|instance_B|libero_object_env_t4_r4,success_calib,bob,fiper_sweep_eternal,instance_B,libero_object_env_t4_r4,libero_object_env,4,object,success,161,0,160,/media/rootalkhatib/My Passport/reda_ws/asynchvla_ws/stage9_libero_pro_risk_data/campaigns/fiper_sweep_eternal/instance_B/fiper_receding_samples.jsonl
bob|fiper_sweep_eternal|instance_B|libero_object_env_t4_r5,success_train,bob,fiper_sweep_eternal,instance_B,libero_object_env_t4_r5,libero_object_env,4,object,success,146,0,145,/media/rootalkhatib/My Passport/reda_ws/asynchvla_ws/stage9_libero_pro_risk_data/campaigns/fiper_sweep_eternal/instance_B/fiper_receding_samples.jsonl
bob|fiper_sweep_eternal|instance_B|libero_object_env_t4_r6,success_test_id,bob,fiper_sweep_eternal,instance_B,libero_object_env_t4_r6,libero_object_env,4,object,success,136,0,135,/media/rootalkhatib/My Passport/reda_ws/asynchvla_ws/stage9_libero_pro_risk_data/campaigns/fiper_sweep_eternal/instance_B/fiper_receding_samples.jsonl
bob|fiper_sweep_eternal|instance_B|libero_object_env_t4_r7,success_train,bob,fiper_sweep_eternal,instance_B,libero_object_env_t4_r7,libero_object_env,4,object,success,195,0,194,/media/rootalkhatib/My Passport/reda_ws/asynchvla_ws/stage9_libero_pro_risk_data/campaigns/fiper_sweep_eternal/instance_B/fiper_receding_samples.jsonl
bob|fiper_sweep_eternal|instance_B|libero_object_env_t4_r8,success_train,bob,fiper_sweep_eternal,instance_B,libero_object_env_t4_r8,libero_object_env,4,object,success,148,0,147,/media/rootalkhatib/My Passport/reda_ws/asynchvla_ws/stage9_libero_pro_risk_data/campaigns/fiper_sweep_eternal/instance_B/fiper_receding_samples.jsonl
bob|fiper_sweep_eternal|instance_B|libero_object_env_t4_r9,success_train,bob,fiper_sweep_eternal,instance_B,libero_object_env_t4_r9,libero_object_env,4,object,success,170,0,169,/media/rootalkhatib/My Passport/reda_ws/asynchvla_ws/stage9_libero_pro_risk_data/campaigns/fiper_sweep_eternal/instance_B/fiper_receding_samples.jsonl
bob|fiper_sweep_eternal|instance_B|libero_object_env_t5_r0,success_train,bob,fiper_sweep_eternal,instance_B,libero_object_env_t5_r0,libero_object_env,5,object,success,125,0,124,/media/rootalkhatib/My Passport/reda_ws/asynchvla_ws/stage9_libero_pro_risk_data/campaigns/fiper_sweep_eternal/instance_B/fiper_receding_samples.jsonl
bob|fiper_sweep_eternal|instance_B|libero_object_env_t5_r1,success_train,bob,fiper_sweep_eternal,instance_B,libero_object_env_t5_r1,libero_object_env,5,object,success,118,0,117,/media/rootalkhatib/My Passport/reda_ws/asynchvla_ws/stage9_libero_pro_risk_data/campaigns/fiper_sweep_eternal/instance_B/fiper_receding_samples.jsonl
bob|fiper_sweep_eternal|instance_B|libero_object_env_t5_r10,success_train,bob,fiper_sweep_eternal,instance_B,libero_object_env_t5_r10,libero_object_env,5,object,success,139,0,138,/media/rootalkhatib/My Passport/reda_ws/asynchvla_ws/stage9_libero_pro_risk_data/campaigns/fiper_sweep_eternal/instance_B/fiper_receding_samples.jsonl
bob|fiper_sweep_eternal|instance_B|libero_object_env_t5_r11,success_train,bob,fiper_sweep_eternal,instance_B,libero_object_env_t5_r11,libero_object_env,5,object,success,127,0,126,/media/rootalkhatib/My Passport/reda_ws/asynchvla_ws/stage9_libero_pro_risk_data/campaigns/fiper_sweep_eternal/instance_B/fiper_receding_samples.jsonl
bob|fiper_sweep_eternal|instance_B|libero_object_env_t5_r12,success_train,bob,fiper_sweep_eternal,instance_B,libero_object_env_t5_r12,libero_object_env,5,object,success,144,0,143,/media/rootalkhatib/My Passport/reda_ws/asynchvla_ws/stage9_libero_pro_risk_data/campaigns/fiper_sweep_eternal/instance_B/fiper_receding_samples.jsonl
bob|fiper_sweep_eternal|instance_B|libero_object_env_t5_r13,success_calib,bob,fiper_sweep_eternal,instance_B,libero_object_env_t5_r13,libero_object_env,5,object,success,138,0,137,/media/rootalkhatib/My Passport/reda_ws/asynchvla_ws/stage9_libero_pro_risk_data/campaigns/fiper_sweep_eternal/instance_B/fiper_receding_samples.jsonl
bob|fiper_sweep_eternal|instance_B|libero_object_env_t5_r14,success_test_id,bob,fiper_sweep_eternal,instance_B,libero_object_env_t5_r14,libero_object_env,5,object,success,136,0,135,/media/rootalkhatib/My Passport/reda_ws/asynchvla_ws/stage9_libero_pro_risk_data/campaigns/fiper_sweep_eternal/instance_B/fiper_receding_samples.jsonl
bob|fiper_sweep_eternal|instance_B|libero_object_env_t5_r15,success_train,bob,fiper_sweep_eternal,instance_B,libero_object_env_t5_r15,libero_object_env,5,object,success,130,0,129,/media/rootalkhatib/My Passport/reda_ws/asynchvla_ws/stage9_libero_pro_risk_data/campaigns/fiper_sweep_eternal/instance_B/fiper_receding_samples.jsonl
bob|fiper_sweep_eternal|instance_B|libero_object_env_t5_r16,success_train,bob,fiper_sweep_eternal,instance_B,libero_object_env_t5_r16,libero_object_env,5,object,success,128,0,127,/media/rootalkhatib/My Passport/reda_ws/asynchvla_ws/stage9_libero_pro_risk_data/campaigns/fiper_sweep_eternal/instance_B/fiper_receding_samples.jsonl
bob|fiper_sweep_eternal|instance_B|libero_object_env_t5_r17,success_calib,bob,fiper_sweep_eternal,instance_B,libero_object_env_t5_r17,libero_object_env,5,object,success,119,0,118,/media/rootalkhatib/My Passport/reda_ws/asynchvla_ws/stage9_libero_pro_risk_data/campaigns/fiper_sweep_eternal/instance_B/fiper_receding_samples.jsonl
bob|fiper_sweep_eternal|instance_B|libero_object_env_t5_r18,success_train,bob,fiper_sweep_eternal,instance_B,libero_object_env_t5_r18,libero_object_env,5,object,success,136,0,135,/media/rootalkhatib/My Passport/reda_ws/asynchvla_ws/stage9_libero_pro_risk_data/campaigns/fiper_sweep_eternal/instance_B/fiper_receding_samples.jsonl
bob|fiper_sweep_eternal|instance_B|libero_object_env_t5_r19,success_train,bob,fiper_sweep_eternal,instance_B,libero_object_env_t5_r19,libero_object_env,5,object,success,127,0,126,/media/rootalkhatib/My Passport/reda_ws/asynchvla_ws/stage9_libero_pro_risk_data/campaigns/fiper_sweep_eternal/instance_B/fiper_receding_samples.jsonl
bob|fiper_sweep_eternal|instance_B|libero_object_env_t5_r2,success_train,bob,fiper_sweep_eternal,instance_B,libero_object_env_t5_r2,libero_object_env,5,object,success,147,0,146,/media/rootalkhatib/My Passport/reda_ws/asynchvla_ws/stage9_libero_pro_risk_data/campaigns/fiper_sweep_eternal/instance_B/fiper_receding_samples.jsonl
bob|fiper_sweep_eternal|instance_B|libero_object_env_t5_r20,success_train,bob,fiper_sweep_eternal,instance_B,libero_object_env_t5_r20,libero_object_env,5,object,success,128,0,127,/media/rootalkhatib/My Passport/reda_ws/asynchvla_ws/stage9_libero_pro_risk_data/campaigns/fiper_sweep_eternal/instance_B/fiper_receding_samples.jsonl
bob|fiper_sweep_eternal|instance_B|libero_object_env_t5_r21,success_train,bob,fiper_sweep_eternal,instance_B,libero_object_env_t5_r21,libero_object_env,5,object,success,135,0,134,/media/rootalkhatib/My Passport/reda_ws/asynchvla_ws/stage9_libero_pro_risk_data/campaigns/fiper_sweep_eternal/instance_B/fiper_receding_samples.jsonl
bob|fiper_sweep_eternal|instance_B|libero_object_env_t5_r22,success_test_id,bob,fiper_sweep_eternal,instance_B,libero_object_env_t5_r22,libero_object_env,5,object,success,131,0,130,/media/rootalkhatib/My Passport/reda_ws/asynchvla_ws/stage9_libero_pro_risk_data/campaigns/fiper_sweep_eternal/instance_B/fiper_receding_samples.jsonl
bob|fiper_sweep_eternal|instance_B|libero_object_env_t5_r23,success_test_id,bob,fiper_sweep_eternal,instance_B,libero_object_env_t5_r23,libero_object_env,5,object,success,128,0,127,/media/rootalkhatib/My Passport/reda_ws/asynchvla_ws/stage9_libero_pro_risk_data/campaigns/fiper_sweep_eternal/instance_B/fiper_receding_samples.jsonl
bob|fiper_sweep_eternal|instance_B|libero_object_env_t5_r24,success_train,bob,fiper_sweep_eternal,instance_B,libero_object_env_t5_r24,libero_object_env,5,object,success,125,0,124,/media/rootalkhatib/My Passport/reda_ws/asynchvla_ws/stage9_libero_pro_risk_data/campaigns/fiper_sweep_eternal/instance_B/fiper_receding_samples.jsonl
bob|fiper_sweep_eternal|instance_B|libero_object_env_t5_r25,success_calib,bob,fiper_sweep_eternal,instance_B,libero_object_env_t5_r25,libero_object_env,5,object,success,126,0,125,/media/rootalkhatib/My Passport/reda_ws/asynchvla_ws/stage9_libero_pro_risk_data/campaigns/fiper_sweep_eternal/instance_B/fiper_receding_samples.jsonl
bob|fiper_sweep_eternal|instance_B|libero_object_env_t5_r26,success_train,bob,fiper_sweep_eternal,instance_B,libero_object_env_t5_r26,libero_object_env,5,object,success,132,0,131,/media/rootalkhatib/My Passport/reda_ws/asynchvla_ws/stage9_libero_pro_risk_data/campaigns/fiper_sweep_eternal/instance_B/fiper_receding_samples.jsonl
bob|fiper_sweep_eternal|instance_B|libero_object_env_t5_r27,success_calib,bob,fiper_sweep_eternal,instance_B,libero_object_env_t5_r27,libero_object_env,5,object,success,166,0,165,/media/rootalkhatib/My Passport/reda_ws/asynchvla_ws/stage9_libero_pro_risk_data/campaigns/fiper_sweep_eternal/instance_B/fiper_receding_samples.jsonl
bob|fiper_sweep_eternal|instance_B|libero_object_env_t5_r28,success_train,bob,fiper_sweep_eternal,instance_B,libero_object_env_t5_r28,libero_object_env,5,object,success,124,0,123,/media/rootalkhatib/My Passport/reda_ws/asynchvla_ws/stage9_libero_pro_risk_data/campaigns/fiper_sweep_eternal/instance_B/fiper_receding_samples.jsonl
bob|fiper_sweep_eternal|instance_B|libero_object_env_t5_r29,success_train,bob,fiper_sweep_eternal,instance_B,libero_object_env_t5_r29,libero_object_env,5,object,success,115,0,114,/media/rootalkhatib/My Passport/reda_ws/asynchvla_ws/stage9_libero_pro_risk_data/campaigns/fiper_sweep_eternal/instance_B/fiper_receding_samples.jsonl
bob|fiper_sweep_eternal|instance_B|libero_object_env_t5_r3,success_train,bob,fiper_sweep_eternal,instance_B,libero_object_env_t5_r3,libero_object_env,5,object,success,128,0,127,/media/rootalkhatib/My Passport/reda_ws/asynchvla_ws/stage9_libero_pro_risk_data/campaigns/fiper_sweep_eternal/instance_B/fiper_receding_samples.jsonl
bob|fiper_sweep_eternal|instance_B|libero_object_env_t5_r30,success_train,bob,fiper_sweep_eternal,instance_B,libero_object_env_t5_r30,libero_object_env,5,object,success,123,0,122,/media/rootalkhatib/My Passport/reda_ws/asynchvla_ws/stage9_libero_pro_risk_data/campaigns/fiper_sweep_eternal/instance_B/fiper_receding_samples.jsonl
bob|fiper_sweep_eternal|instance_B|libero_object_env_t5_r31,success_train,bob,fiper_sweep_eternal,instance_B,libero_object_env_t5_r31,libero_object_env,5,object,success,129,0,128,/media/rootalkhatib/My Passport/reda_ws/asynchvla_ws/stage9_libero_pro_risk_data/campaigns/fiper_sweep_eternal/instance_B/fiper_receding_samples.jsonl
bob|fiper_sweep_eternal|instance_B|libero_object_env_t5_r32,success_calib,bob,fiper_sweep_eternal,instance_B,libero_object_env_t5_r32,libero_object_env,5,object,success,122,0,121,/media/rootalkhatib/My Passport/reda_ws/asynchvla_ws/stage9_libero_pro_risk_data/campaigns/fiper_sweep_eternal/instance_B/fiper_receding_samples.jsonl
bob|fiper_sweep_eternal|instance_B|libero_object_env_t5_r33,success_train,bob,fiper_sweep_eternal,instance_B,libero_object_env_t5_r33,libero_object_env,5,object,success,131,0,130,/media/rootalkhatib/My Passport/reda_ws/asynchvla_ws/stage9_libero_pro_risk_data/campaigns/fiper_sweep_eternal/instance_B/fiper_receding_samples.jsonl
bob|fiper_sweep_eternal|instance_B|libero_object_env_t5_r34,success_train,bob,fiper_sweep_eternal,instance_B,libero_object_env_t5_r34,libero_object_env,5,object,success,134,0,133,/media/rootalkhatib/My Passport/reda_ws/asynchvla_ws/stage9_libero_pro_risk_data/campaigns/fiper_sweep_eternal/instance_B/fiper_receding_samples.jsonl
bob|fiper_sweep_eternal|instance_B|libero_object_env_t5_r35,success_train,bob,fiper_sweep_eternal,instance_B,libero_object_env_t5_r35,libero_object_env,5,object,success,137,0,136,/media/rootalkhatib/My Passport/reda_ws/asynchvla_ws/stage9_libero_pro_risk_data/campaigns/fiper_sweep_eternal/instance_B/fiper_receding_samples.jsonl
bob|fiper_sweep_eternal|instance_B|libero_object_env_t5_r36,success_train,bob,fiper_sweep_eternal,instance_B,libero_object_env_t5_r36,libero_object_env,5,object,success,169,0,168,/media/rootalkhatib/My Passport/reda_ws/asynchvla_ws/stage9_libero_pro_risk_data/campaigns/fiper_sweep_eternal/instance_B/fiper_receding_samples.jsonl
bob|fiper_sweep_eternal|instance_B|libero_object_env_t5_r37,success_calib,bob,fiper_sweep_eternal,instance_B,libero_object_env_t5_r37,libero_object_env,5,object,success,137,0,136,/media/rootalkhatib/My Passport/reda_ws/asynchvla_ws/stage9_libero_pro_risk_data/campaigns/fiper_sweep_eternal/instance_B/fiper_receding_samples.jsonl
bob|fiper_sweep_eternal|instance_B|libero_object_env_t5_r4,success_train,bob,fiper_sweep_eternal,instance_B,libero_object_env_t5_r4,libero_object_env,5,object,success,113,0,112,/media/rootalkhatib/My Passport/reda_ws/asynchvla_ws/stage9_libero_pro_risk_data/campaigns/fiper_sweep_eternal/instance_B/fiper_receding_samples.jsonl
bob|fiper_sweep_eternal|instance_B|libero_object_env_t5_r5,success_train,bob,fiper_sweep_eternal,instance_B,libero_object_env_t5_r5,libero_object_env,5,object,success,241,0,240,/media/rootalkhatib/My Passport/reda_ws/asynchvla_ws/stage9_libero_pro_risk_data/campaigns/fiper_sweep_eternal/instance_B/fiper_receding_samples.jsonl
bob|fiper_sweep_eternal|instance_B|libero_object_env_t5_r6,success_test_id,bob,fiper_sweep_eternal,instance_B,libero_object_env_t5_r6,libero_object_env,5,object,success,118,0,117,/media/rootalkhatib/My Passport/reda_ws/asynchvla_ws/stage9_libero_pro_risk_data/campaigns/fiper_sweep_eternal/instance_B/fiper_receding_samples.jsonl
bob|fiper_sweep_eternal|instance_B|libero_object_env_t5_r7,success_test_id,bob,fiper_sweep_eternal,instance_B,libero_object_env_t5_r7,libero_object_env,5,object,success,129,0,128,/media/rootalkhatib/My Passport/reda_ws/asynchvla_ws/stage9_libero_pro_risk_data/campaigns/fiper_sweep_eternal/instance_B/fiper_receding_samples.jsonl
bob|fiper_sweep_eternal|instance_B|libero_object_env_t5_r8,success_train,bob,fiper_sweep_eternal,instance_B,libero_object_env_t5_r8,libero_object_env,5,object,success,129,0,128,/media/rootalkhatib/My Passport/reda_ws/asynchvla_ws/stage9_libero_pro_risk_data/campaigns/fiper_sweep_eternal/instance_B/fiper_receding_samples.jsonl
bob|fiper_sweep_eternal|instance_B|libero_object_env_t5_r9,success_train,bob,fiper_sweep_eternal,instance_B,libero_object_env_t5_r9,libero_object_env,5,object,success,116,0,115,/media/rootalkhatib/My Passport/reda_ws/asynchvla_ws/stage9_libero_pro_risk_data/campaigns/fiper_sweep_eternal/instance_B/fiper_receding_samples.jsonl
bob|fiper_sweep_eternal|instance_B|libero_object_env_t6_r0,success_train,bob,fiper_sweep_eternal,instance_B,libero_object_env_t6_r0,libero_object_env,6,object,success,199,0,198,/media/rootalkhatib/My Passport/reda_ws/asynchvla_ws/stage9_libero_pro_risk_data/campaigns/fiper_sweep_eternal/instance_B/fiper_receding_samples.jsonl
bob|fiper_sweep_eternal|instance_B|libero_object_env_t6_r1,success_train,bob,fiper_sweep_eternal,instance_B,libero_object_env_t6_r1,libero_object_env,6,object,success,188,0,187,/media/rootalkhatib/My Passport/reda_ws/asynchvla_ws/stage9_libero_pro_risk_data/campaigns/fiper_sweep_eternal/instance_B/fiper_receding_samples.jsonl
bob|fiper_sweep_eternal|instance_B|libero_object_env_t6_r10,success_calib,bob,fiper_sweep_eternal,instance_B,libero_object_env_t6_r10,libero_object_env,6,object,success,207,0,206,/media/rootalkhatib/My Passport/reda_ws/asynchvla_ws/stage9_libero_pro_risk_data/campaigns/fiper_sweep_eternal/instance_B/fiper_receding_samples.jsonl
bob|fiper_sweep_eternal|instance_B|libero_object_env_t6_r11,success_calib,bob,fiper_sweep_eternal,instance_B,libero_object_env_t6_r11,libero_object_env,6,object,success,146,0,145,/media/rootalkhatib/My Passport/reda_ws/asynchvla_ws/stage9_libero_pro_risk_data/campaigns/fiper_sweep_eternal/instance_B/fiper_receding_samples.jsonl
bob|fiper_sweep_eternal|instance_B|libero_object_env_t6_r12,success_calib,bob,fiper_sweep_eternal,instance_B,libero_object_env_t6_r12,libero_object_env,6,object,success,194,0,193,/media/rootalkhatib/My Passport/reda_ws/asynchvla_ws/stage9_libero_pro_risk_data/campaigns/fiper_sweep_eternal/instance_B/fiper_receding_samples.jsonl
bob|fiper_sweep_eternal|instance_B|libero_object_env_t6_r13,failure_eval_all,bob,fiper_sweep_eternal,instance_B,libero_object_env_t6_r13,libero_object_env,6,object,failure_or_timeout,300,0,299,/media/rootalkhatib/My Passport/reda_ws/asynchvla_ws/stage9_libero_pro_risk_data/campaigns/fiper_sweep_eternal/instance_B/fiper_receding_samples.jsonl
bob|fiper_sweep_eternal|instance_B|libero_object_env_t6_r14,success_train,bob,fiper_sweep_eternal,instance_B,libero_object_env_t6_r14,libero_object_env,6,object,success,184,0,183,/media/rootalkhatib/My Passport/reda_ws/asynchvla_ws/stage9_libero_pro_risk_data/campaigns/fiper_sweep_eternal/instance_B/fiper_receding_samples.jsonl
bob|fiper_sweep_eternal|instance_B|libero_object_env_t6_r15,success_test_id,bob,fiper_sweep_eternal,instance_B,libero_object_env_t6_r15,libero_object_env,6,object,success,199,0,198,/media/rootalkhatib/My Passport/reda_ws/asynchvla_ws/stage9_libero_pro_risk_data/campaigns/fiper_sweep_eternal/instance_B/fiper_receding_samples.jsonl
bob|fiper_sweep_eternal|instance_B|libero_object_env_t6_r16,success_test_id,bob,fiper_sweep_eternal,instance_B,libero_object_env_t6_r16,libero_object_env,6,object,success,180,0,179,/media/rootalkhatib/My Passport/reda_ws/asynchvla_ws/stage9_libero_pro_risk_data/campaigns/fiper_sweep_eternal/instance_B/fiper_receding_samples.jsonl
bob|fiper_sweep_eternal|instance_B|libero_object_env_t6_r17,success_train,bob,fiper_sweep_eternal,instance_B,libero_object_env_t6_r17,libero_object_env,6,object,success,159,0,158,/media/rootalkhatib/My Passport/reda_ws/asynchvla_ws/stage9_libero_pro_risk_data/campaigns/fiper_sweep_eternal/instance_B/fiper_receding_samples.jsonl
bob|fiper_sweep_eternal|instance_B|libero_object_env_t6_r18,success_train,bob,fiper_sweep_eternal,instance_B,libero_object_env_t6_r18,libero_object_env,6,object,success,164,0,163,/media/rootalkhatib/My Passport/reda_ws/asynchvla_ws/stage9_libero_pro_risk_data/campaigns/fiper_sweep_eternal/instance_B/fiper_receding_samples.jsonl
bob|fiper_sweep_eternal|instance_B|libero_object_env_t6_r19,success_train,bob,fiper_sweep_eternal,instance_B,libero_object_env_t6_r19,libero_object_env,6,object,success,170,0,169,/media/rootalkhatib/My Passport/reda_ws/asynchvla_ws/stage9_libero_pro_risk_data/campaigns/fiper_sweep_eternal/instance_B/fiper_receding_samples.jsonl
bob|fiper_sweep_eternal|instance_B|libero_object_env_t6_r2,failure_eval_all,bob,fiper_sweep_eternal,instance_B,libero_object_env_t6_r2,libero_object_env,6,object,failure_or_timeout,300,0,299,/media/rootalkhatib/My Passport/reda_ws/asynchvla_ws/stage9_libero_pro_risk_data/campaigns/fiper_sweep_eternal/instance_B/fiper_receding_samples.jsonl
bob|fiper_sweep_eternal|instance_B|libero_object_env_t6_r20,success_train,bob,fiper_sweep_eternal,instance_B,libero_object_env_t6_r20,libero_object_env,6,object,success,193,0,192,/media/rootalkhatib/My Passport/reda_ws/asynchvla_ws/stage9_libero_pro_risk_data/campaigns/fiper_sweep_eternal/instance_B/fiper_receding_samples.jsonl
bob|fiper_sweep_eternal|instance_B|libero_object_env_t6_r21,success_train,bob,fiper_sweep_eternal,instance_B,libero_object_env_t6_r21,libero_object_env,6,object,success,176,0,175,/media/rootalkhatib/My Passport/reda_ws/asynchvla_ws/stage9_libero_pro_risk_data/campaigns/fiper_sweep_eternal/instance_B/fiper_receding_samples.jsonl
bob|fiper_sweep_eternal|instance_B|libero_object_env_t6_r22,success_train,bob,fiper_sweep_eternal,instance_B,libero_object_env_t6_r22,libero_object_env,6,object,success,147,0,146,/media/rootalkhatib/My Passport/reda_ws/asynchvla_ws/stage9_libero_pro_risk_data/campaigns/fiper_sweep_eternal/instance_B/fiper_receding_samples.jsonl
bob|fiper_sweep_eternal|instance_B|libero_object_env_t6_r23,success_train,bob,fiper_sweep_eternal,instance_B,libero_object_env_t6_r23,libero_object_env,6,object,success,155,0,154,/media/rootalkhatib/My Passport/reda_ws/asynchvla_ws/stage9_libero_pro_risk_data/campaigns/fiper_sweep_eternal/instance_B/fiper_receding_samples.jsonl
bob|fiper_sweep_eternal|instance_B|libero_object_env_t6_r24,success_train,bob,fiper_sweep_eternal,instance_B,libero_object_env_t6_r24,libero_object_env,6,object,success,175,0,174,/media/rootalkhatib/My Passport/reda_ws/asynchvla_ws/stage9_libero_pro_risk_data/campaigns/fiper_sweep_eternal/instance_B/fiper_receding_samples.jsonl
bob|fiper_sweep_eternal|instance_B|libero_object_env_t6_r25,success_calib,bob,fiper_sweep_eternal,instance_B,libero_object_env_t6_r25,libero_object_env,6,object,success,227,0,226,/media/rootalkhatib/My Passport/reda_ws/asynchvla_ws/stage9_libero_pro_risk_data/campaigns/fiper_sweep_eternal/instance_B/fiper_receding_samples.jsonl
bob|fiper_sweep_eternal|instance_B|libero_object_env_t6_r26,success_test_id,bob,fiper_sweep_eternal,instance_B,libero_object_env_t6_r26,libero_object_env,6,object,success,156,0,155,/media/rootalkhatib/My Passport/reda_ws/asynchvla_ws/stage9_libero_pro_risk_data/campaigns/fiper_sweep_eternal/instance_B/fiper_receding_samples.jsonl
bob|fiper_sweep_eternal|instance_B|libero_object_env_t6_r27,success_train,bob,fiper_sweep_eternal,instance_B,libero_object_env_t6_r27,libero_object_env,6,object,success,148,0,147,/media/rootalkhatib/My Passport/reda_ws/asynchvla_ws/stage9_libero_pro_risk_data/campaigns/fiper_sweep_eternal/instance_B/fiper_receding_samples.jsonl
bob|fiper_sweep_eternal|instance_B|libero_object_env_t6_r28,success_train,bob,fiper_sweep_eternal,instance_B,libero_object_env_t6_r28,libero_object_env,6,object,success,155,0,154,/media/rootalkhatib/My Passport/reda_ws/asynchvla_ws/stage9_libero_pro_risk_data/campaigns/fiper_sweep_eternal/instance_B/fiper_receding_samples.jsonl
bob|fiper_sweep_eternal|instance_B|libero_object_env_t6_r29,success_train,bob,fiper_sweep_eternal,instance_B,libero_object_env_t6_r29,libero_object_env,6,object,success,199,0,198,/media/rootalkhatib/My Passport/reda_ws/asynchvla_ws/stage9_libero_pro_risk_data/campaigns/fiper_sweep_eternal/instance_B/fiper_receding_samples.jsonl
bob|fiper_sweep_eternal|instance_B|libero_object_env_t6_r3,success_train,bob,fiper_sweep_eternal,instance_B,libero_object_env_t6_r3,libero_object_env,6,object,success,181,0,180,/media/rootalkhatib/My Passport/reda_ws/asynchvla_ws/stage9_libero_pro_risk_data/campaigns/fiper_sweep_eternal/instance_B/fiper_receding_samples.jsonl
bob|fiper_sweep_eternal|instance_B|libero_object_env_t6_r30,success_train,bob,fiper_sweep_eternal,instance_B,libero_object_env_t6_r30,libero_object_env,6,object,success,239,0,238,/media/rootalkhatib/My Passport/reda_ws/asynchvla_ws/stage9_libero_pro_risk_data/campaigns/fiper_sweep_eternal/instance_B/fiper_receding_samples.jsonl
bob|fiper_sweep_eternal|instance_B|libero_object_env_t6_r31,success_train,bob,fiper_sweep_eternal,instance_B,libero_object_env_t6_r31,libero_object_env,6,object,success,161,0,160,/media/rootalkhatib/My Passport/reda_ws/asynchvla_ws/stage9_libero_pro_risk_data/campaigns/fiper_sweep_eternal/instance_B/fiper_receding_samples.jsonl
bob|fiper_sweep_eternal|instance_B|libero_object_env_t6_r32,success_train,bob,fiper_sweep_eternal,instance_B,libero_object_env_t6_r32,libero_object_env,6,object,success,241,0,240,/media/rootalkhatib/My Passport/reda_ws/asynchvla_ws/stage9_libero_pro_risk_data/campaigns/fiper_sweep_eternal/instance_B/fiper_receding_samples.jsonl
bob|fiper_sweep_eternal|instance_B|libero_object_env_t6_r33,success_train,bob,fiper_sweep_eternal,instance_B,libero_object_env_t6_r33,libero_object_env,6,object,success,136,0,135,/media/rootalkhatib/My Passport/reda_ws/asynchvla_ws/stage9_libero_pro_risk_data/campaigns/fiper_sweep_eternal/instance_B/fiper_receding_samples.jsonl
bob|fiper_sweep_eternal|instance_B|libero_object_env_t6_r34,success_test_id,bob,fiper_sweep_eternal,instance_B,libero_object_env_t6_r34,libero_object_env,6,object,success,165,0,164,/media/rootalkhatib/My Passport/reda_ws/asynchvla_ws/stage9_libero_pro_risk_data/campaigns/fiper_sweep_eternal/instance_B/fiper_receding_samples.jsonl
bob|fiper_sweep_eternal|instance_B|libero_object_env_t6_r35,failure_eval_all,bob,fiper_sweep_eternal,instance_B,libero_object_env_t6_r35,libero_object_env,6,object,failure_or_timeout,300,0,299,/media/rootalkhatib/My Passport/reda_ws/asynchvla_ws/stage9_libero_pro_risk_data/campaigns/fiper_sweep_eternal/instance_B/fiper_receding_samples.jsonl
bob|fiper_sweep_eternal|instance_B|libero_object_env_t6_r36,success_test_id,bob,fiper_sweep_eternal,instance_B,libero_object_env_t6_r36,libero_object_env,6,object,success,225,0,224,/media/rootalkhatib/My Passport/reda_ws/asynchvla_ws/stage9_libero_pro_risk_data/campaigns/fiper_sweep_eternal/instance_B/fiper_receding_samples.jsonl
bob|fiper_sweep_eternal|instance_B|libero_object_env_t6_r37,success_calib,bob,fiper_sweep_eternal,instance_B,libero_object_env_t6_r37,libero_object_env,6,object,success,186,0,185,/media/rootalkhatib/My Passport/reda_ws/asynchvla_ws/stage9_libero_pro_risk_data/campaigns/fiper_sweep_eternal/instance_B/fiper_receding_samples.jsonl
bob|fiper_sweep_eternal|instance_B|libero_object_env_t6_r4,success_train,bob,fiper_sweep_eternal,instance_B,libero_object_env_t6_r4,libero_object_env,6,object,success,179,0,178,/media/rootalkhatib/My Passport/reda_ws/asynchvla_ws/stage9_libero_pro_risk_data/campaigns/fiper_sweep_eternal/instance_B/fiper_receding_samples.jsonl
bob|fiper_sweep_eternal|instance_B|libero_object_env_t6_r5,success_train,bob,fiper_sweep_eternal,instance_B,libero_object_env_t6_r5,libero_object_env,6,object,success,181,0,180,/media/rootalkhatib/My Passport/reda_ws/asynchvla_ws/stage9_libero_pro_risk_data/campaigns/fiper_sweep_eternal/instance_B/fiper_receding_samples.jsonl
bob|fiper_sweep_eternal|instance_B|libero_object_env_t6_r6,success_test_id,bob,fiper_sweep_eternal,instance_B,libero_object_env_t6_r6,libero_object_env,6,object,success,221,0,220,/media/rootalkhatib/My Passport/reda_ws/asynchvla_ws/stage9_libero_pro_risk_data/campaigns/fiper_sweep_eternal/instance_B/fiper_receding_samples.jsonl
bob|fiper_sweep_eternal|instance_B|libero_object_env_t6_r7,success_train,bob,fiper_sweep_eternal,instance_B,libero_object_env_t6_r7,libero_object_env,6,object,success,155,0,154,/media/rootalkhatib/My Passport/reda_ws/asynchvla_ws/stage9_libero_pro_risk_data/campaigns/fiper_sweep_eternal/instance_B/fiper_receding_samples.jsonl
bob|fiper_sweep_eternal|instance_B|libero_object_env_t6_r8,success_train,bob,fiper_sweep_eternal,instance_B,libero_object_env_t6_r8,libero_object_env,6,object,success,172,0,171,/media/rootalkhatib/My Passport/reda_ws/asynchvla_ws/stage9_libero_pro_risk_data/campaigns/fiper_sweep_eternal/instance_B/fiper_receding_samples.jsonl
bob|fiper_sweep_eternal|instance_B|libero_object_env_t6_r9,success_train,bob,fiper_sweep_eternal,instance_B,libero_object_env_t6_r9,libero_object_env,6,object,success,173,0,172,/media/rootalkhatib/My Passport/reda_ws/asynchvla_ws/stage9_libero_pro_risk_data/campaigns/fiper_sweep_eternal/instance_B/fiper_receding_samples.jsonl
bob|fiper_sweep_eternal|instance_B|libero_object_env_t7_r0,success_calib,bob,fiper_sweep_eternal,instance_B,libero_object_env_t7_r0,libero_object_env,7,object,success,127,0,126,/media/rootalkhatib/My Passport/reda_ws/asynchvla_ws/stage9_libero_pro_risk_data/campaigns/fiper_sweep_eternal/instance_B/fiper_receding_samples.jsonl
bob|fiper_sweep_eternal|instance_B|libero_object_env_t7_r1,success_calib,bob,fiper_sweep_eternal,instance_B,libero_object_env_t7_r1,libero_object_env,7,object,success,126,0,125,/media/rootalkhatib/My Passport/reda_ws/asynchvla_ws/stage9_libero_pro_risk_data/campaigns/fiper_sweep_eternal/instance_B/fiper_receding_samples.jsonl
bob|fiper_sweep_eternal|instance_B|libero_object_env_t7_r10,success_train,bob,fiper_sweep_eternal,instance_B,libero_object_env_t7_r10,libero_object_env,7,object,success,128,0,127,/media/rootalkhatib/My Passport/reda_ws/asynchvla_ws/stage9_libero_pro_risk_data/campaigns/fiper_sweep_eternal/instance_B/fiper_receding_samples.jsonl
bob|fiper_sweep_eternal|instance_B|libero_object_env_t7_r11,success_train,bob,fiper_sweep_eternal,instance_B,libero_object_env_t7_r11,libero_object_env,7,object,success,127,0,126,/media/rootalkhatib/My Passport/reda_ws/asynchvla_ws/stage9_libero_pro_risk_data/campaigns/fiper_sweep_eternal/instance_B/fiper_receding_samples.jsonl
bob|fiper_sweep_eternal|instance_B|libero_object_env_t7_r12,success_calib,bob,fiper_sweep_eternal,instance_B,libero_object_env_t7_r12,libero_object_env,7,object,success,124,0,123,/media/rootalkhatib/My Passport/reda_ws/asynchvla_ws/stage9_libero_pro_risk_data/campaigns/fiper_sweep_eternal/instance_B/fiper_receding_samples.jsonl
bob|fiper_sweep_eternal|instance_B|libero_object_env_t7_r13,success_train,bob,fiper_sweep_eternal,instance_B,libero_object_env_t7_r13,libero_object_env,7,object,success,134,0,133,/media/rootalkhatib/My Passport/reda_ws/asynchvla_ws/stage9_libero_pro_risk_data/campaigns/fiper_sweep_eternal/instance_B/fiper_receding_samples.jsonl
bob|fiper_sweep_eternal|instance_B|libero_object_env_t7_r14,success_calib,bob,fiper_sweep_eternal,instance_B,libero_object_env_t7_r14,libero_object_env,7,object,success,128,0,127,/media/rootalkhatib/My Passport/reda_ws/asynchvla_ws/stage9_libero_pro_risk_data/campaigns/fiper_sweep_eternal/instance_B/fiper_receding_samples.jsonl
bob|fiper_sweep_eternal|instance_B|libero_object_env_t7_r15,success_train,bob,fiper_sweep_eternal,instance_B,libero_object_env_t7_r15,libero_object_env,7,object,success,249,0,248,/media/rootalkhatib/My Passport/reda_ws/asynchvla_ws/stage9_libero_pro_risk_data/campaigns/fiper_sweep_eternal/instance_B/fiper_receding_samples.jsonl
bob|fiper_sweep_eternal|instance_B|libero_object_env_t7_r16,success_train,bob,fiper_sweep_eternal,instance_B,libero_object_env_t7_r16,libero_object_env,7,object,success,126,0,125,/media/rootalkhatib/My Passport/reda_ws/asynchvla_ws/stage9_libero_pro_risk_data/campaigns/fiper_sweep_eternal/instance_B/fiper_receding_samples.jsonl
bob|fiper_sweep_eternal|instance_B|libero_object_env_t7_r17,success_train,bob,fiper_sweep_eternal,instance_B,libero_object_env_t7_r17,libero_object_env,7,object,success,131,0,130,/media/rootalkhatib/My Passport/reda_ws/asynchvla_ws/stage9_libero_pro_risk_data/campaigns/fiper_sweep_eternal/instance_B/fiper_receding_samples.jsonl
bob|fiper_sweep_eternal|instance_B|libero_object_env_t7_r18,success_test_id,bob,fiper_sweep_eternal,instance_B,libero_object_env_t7_r18,libero_object_env,7,object,success,137,0,136,/media/rootalkhatib/My Passport/reda_ws/asynchvla_ws/stage9_libero_pro_risk_data/campaigns/fiper_sweep_eternal/instance_B/fiper_receding_samples.jsonl
bob|fiper_sweep_eternal|instance_B|libero_object_env_t7_r19,success_test_id,bob,fiper_sweep_eternal,instance_B,libero_object_env_t7_r19,libero_object_env,7,object,success,125,0,124,/media/rootalkhatib/My Passport/reda_ws/asynchvla_ws/stage9_libero_pro_risk_data/campaigns/fiper_sweep_eternal/instance_B/fiper_receding_samples.jsonl
bob|fiper_sweep_eternal|instance_B|libero_object_env_t7_r2,success_calib,bob,fiper_sweep_eternal,instance_B,libero_object_env_t7_r2,libero_object_env,7,object,success,138,0,137,/media/rootalkhatib/My Passport/reda_ws/asynchvla_ws/stage9_libero_pro_risk_data/campaigns/fiper_sweep_eternal/instance_B/fiper_receding_samples.jsonl
bob|fiper_sweep_eternal|instance_B|libero_object_env_t7_r20,success_train,bob,fiper_sweep_eternal,instance_B,libero_object_env_t7_r20,libero_object_env,7,object,success,124,0,123,/media/rootalkhatib/My Passport/reda_ws/asynchvla_ws/stage9_libero_pro_risk_data/campaigns/fiper_sweep_eternal/instance_B/fiper_receding_samples.jsonl
bob|fiper_sweep_eternal|instance_B|libero_object_env_t7_r21,success_train,bob,fiper_sweep_eternal,instance_B,libero_object_env_t7_r21,libero_object_env,7,object,success,139,0,138,/media/rootalkhatib/My Passport/reda_ws/asynchvla_ws/stage9_libero_pro_risk_data/campaigns/fiper_sweep_eternal/instance_B/fiper_receding_samples.jsonl
bob|fiper_sweep_eternal|instance_B|libero_object_env_t7_r22,success_train,bob,fiper_sweep_eternal,instance_B,libero_object_env_t7_r22,libero_object_env,7,object,success,130,0,129,/media/rootalkhatib/My Passport/reda_ws/asynchvla_ws/stage9_libero_pro_risk_data/campaigns/fiper_sweep_eternal/instance_B/fiper_receding_samples.jsonl
bob|fiper_sweep_eternal|instance_B|libero_object_env_t7_r23,success_train,bob,fiper_sweep_eternal,instance_B,libero_object_env_t7_r23,libero_object_env,7,object,success,124,0,123,/media/rootalkhatib/My Passport/reda_ws/asynchvla_ws/stage9_libero_pro_risk_data/campaigns/fiper_sweep_eternal/instance_B/fiper_receding_samples.jsonl
bob|fiper_sweep_eternal|instance_B|libero_object_env_t7_r24,success_train,bob,fiper_sweep_eternal,instance_B,libero_object_env_t7_r24,libero_object_env,7,object,success,133,0,132,/media/rootalkhatib/My Passport/reda_ws/asynchvla_ws/stage9_libero_pro_risk_data/campaigns/fiper_sweep_eternal/instance_B/fiper_receding_samples.jsonl
bob|fiper_sweep_eternal|instance_B|libero_object_env_t7_r25,success_train,bob,fiper_sweep_eternal,instance_B,libero_object_env_t7_r25,libero_object_env,7,object,success,128,0,127,/media/rootalkhatib/My Passport/reda_ws/asynchvla_ws/stage9_libero_pro_risk_data/campaigns/fiper_sweep_eternal/instance_B/fiper_receding_samples.jsonl
bob|fiper_sweep_eternal|instance_B|libero_object_env_t7_r26,success_train,bob,fiper_sweep_eternal,instance_B,libero_object_env_t7_r26,libero_object_env,7,object,success,130,0,129,/media/rootalkhatib/My Passport/reda_ws/asynchvla_ws/stage9_libero_pro_risk_data/campaigns/fiper_sweep_eternal/instance_B/fiper_receding_samples.jsonl
bob|fiper_sweep_eternal|instance_B|libero_object_env_t7_r27,success_train,bob,fiper_sweep_eternal,instance_B,libero_object_env_t7_r27,libero_object_env,7,object,success,131,0,130,/media/rootalkhatib/My Passport/reda_ws/asynchvla_ws/stage9_libero_pro_risk_data/campaigns/fiper_sweep_eternal/instance_B/fiper_receding_samples.jsonl
bob|fiper_sweep_eternal|instance_B|libero_object_env_t7_r28,success_train,bob,fiper_sweep_eternal,instance_B,libero_object_env_t7_r28,libero_object_env,7,object,success,129,0,128,/media/rootalkhatib/My Passport/reda_ws/asynchvla_ws/stage9_libero_pro_risk_data/campaigns/fiper_sweep_eternal/instance_B/fiper_receding_samples.jsonl
bob|fiper_sweep_eternal|instance_B|libero_object_env_t7_r29,success_train,bob,fiper_sweep_eternal,instance_B,libero_object_env_t7_r29,libero_object_env,7,object,success,126,0,125,/media/rootalkhatib/My Passport/reda_ws/asynchvla_ws/stage9_libero_pro_risk_data/campaigns/fiper_sweep_eternal/instance_B/fiper_receding_samples.jsonl
bob|fiper_sweep_eternal|instance_B|libero_object_env_t7_r3,success_train,bob,fiper_sweep_eternal,instance_B,libero_object_env_t7_r3,libero_object_env,7,object,success,126,0,125,/media/rootalkhatib/My Passport/reda_ws/asynchvla_ws/stage9_libero_pro_risk_data/campaigns/fiper_sweep_eternal/instance_B/fiper_receding_samples.jsonl
bob|fiper_sweep_eternal|instance_B|libero_object_env_t7_r30,success_train,bob,fiper_sweep_eternal,instance_B,libero_object_env_t7_r30,libero_object_env,7,object,success,126,0,125,/media/rootalkhatib/My Passport/reda_ws/asynchvla_ws/stage9_libero_pro_risk_data/campaigns/fiper_sweep_eternal/instance_B/fiper_receding_samples.jsonl
bob|fiper_sweep_eternal|instance_B|libero_object_env_t7_r31,success_test_id,bob,fiper_sweep_eternal,instance_B,libero_object_env_t7_r31,libero_object_env,7,object,success,174,0,173,/media/rootalkhatib/My Passport/reda_ws/asynchvla_ws/stage9_libero_pro_risk_data/campaigns/fiper_sweep_eternal/instance_B/fiper_receding_samples.jsonl
bob|fiper_sweep_eternal|instance_B|libero_object_env_t7_r32,success_train,bob,fiper_sweep_eternal,instance_B,libero_object_env_t7_r32,libero_object_env,7,object,success,122,0,121,/media/rootalkhatib/My Passport/reda_ws/asynchvla_ws/stage9_libero_pro_risk_data/campaigns/fiper_sweep_eternal/instance_B/fiper_receding_samples.jsonl
bob|fiper_sweep_eternal|instance_B|libero_object_env_t7_r33,success_test_id,bob,fiper_sweep_eternal,instance_B,libero_object_env_t7_r33,libero_object_env,7,object,success,135,0,134,/media/rootalkhatib/My Passport/reda_ws/asynchvla_ws/stage9_libero_pro_risk_data/campaigns/fiper_sweep_eternal/instance_B/fiper_receding_samples.jsonl
bob|fiper_sweep_eternal|instance_B|libero_object_env_t7_r34,success_calib,bob,fiper_sweep_eternal,instance_B,libero_object_env_t7_r34,libero_object_env,7,object,success,122,0,121,/media/rootalkhatib/My Passport/reda_ws/asynchvla_ws/stage9_libero_pro_risk_data/campaigns/fiper_sweep_eternal/instance_B/fiper_receding_samples.jsonl
bob|fiper_sweep_eternal|instance_B|libero_object_env_t7_r35,success_train,bob,fiper_sweep_eternal,instance_B,libero_object_env_t7_r35,libero_object_env,7,object,success,133,0,132,/media/rootalkhatib/My Passport/reda_ws/asynchvla_ws/stage9_libero_pro_risk_data/campaigns/fiper_sweep_eternal/instance_B/fiper_receding_samples.jsonl
bob|fiper_sweep_eternal|instance_B|libero_object_env_t7_r36,success_train,bob,fiper_sweep_eternal,instance_B,libero_object_env_t7_r36,libero_object_env,7,object,success,128,0,127,/media/rootalkhatib/My Passport/reda_ws/asynchvla_ws/stage9_libero_pro_risk_data/campaigns/fiper_sweep_eternal/instance_B/fiper_receding_samples.jsonl
bob|fiper_sweep_eternal|instance_B|libero_object_env_t7_r37,success_train,bob,fiper_sweep_eternal,instance_B,libero_object_env_t7_r37,libero_object_env,7,object,success,128,0,127,/media/rootalkhatib/My Passport/reda_ws/asynchvla_ws/stage9_libero_pro_risk_data/campaigns/fiper_sweep_eternal/instance_B/fiper_receding_samples.jsonl
bob|fiper_sweep_eternal|instance_B|libero_object_env_t7_r4,success_train,bob,fiper_sweep_eternal,instance_B,libero_object_env_t7_r4,libero_object_env,7,object,success,131,0,130,/media/rootalkhatib/My Passport/reda_ws/asynchvla_ws/stage9_libero_pro_risk_data/campaigns/fiper_sweep_eternal/instance_B/fiper_receding_samples.jsonl
bob|fiper_sweep_eternal|instance_B|libero_object_env_t7_r5,success_train,bob,fiper_sweep_eternal,instance_B,libero_object_env_t7_r5,libero_object_env,7,object,success,130,0,129,/media/rootalkhatib/My Passport/reda_ws/asynchvla_ws/stage9_libero_pro_risk_data/campaigns/fiper_sweep_eternal/instance_B/fiper_receding_samples.jsonl
bob|fiper_sweep_eternal|instance_B|libero_object_env_t7_r6,success_train,bob,fiper_sweep_eternal,instance_B,libero_object_env_t7_r6,libero_object_env,7,object,success,131,0,130,/media/rootalkhatib/My Passport/reda_ws/asynchvla_ws/stage9_libero_pro_risk_data/campaigns/fiper_sweep_eternal/instance_B/fiper_receding_samples.jsonl
bob|fiper_sweep_eternal|instance_B|libero_object_env_t7_r7,success_test_id,bob,fiper_sweep_eternal,instance_B,libero_object_env_t7_r7,libero_object_env,7,object,success,129,0,128,/media/rootalkhatib/My Passport/reda_ws/asynchvla_ws/stage9_libero_pro_risk_data/campaigns/fiper_sweep_eternal/instance_B/fiper_receding_samples.jsonl
bob|fiper_sweep_eternal|instance_B|libero_object_env_t7_r8,success_train,bob,fiper_sweep_eternal,instance_B,libero_object_env_t7_r8,libero_object_env,7,object,success,127,0,126,/media/rootalkhatib/My Passport/reda_ws/asynchvla_ws/stage9_libero_pro_risk_data/campaigns/fiper_sweep_eternal/instance_B/fiper_receding_samples.jsonl
bob|fiper_sweep_eternal|instance_B|libero_object_env_t7_r9,success_train,bob,fiper_sweep_eternal,instance_B,libero_object_env_t7_r9,libero_object_env,7,object,success,125,0,124,/media/rootalkhatib/My Passport/reda_ws/asynchvla_ws/stage9_libero_pro_risk_data/campaigns/fiper_sweep_eternal/instance_B/fiper_receding_samples.jsonl
bob|fiper_sweep_eternal|instance_B|libero_object_env_t8_r0,success_calib,bob,fiper_sweep_eternal,instance_B,libero_object_env_t8_r0,libero_object_env,8,object,success,153,0,152,/media/rootalkhatib/My Passport/reda_ws/asynchvla_ws/stage9_libero_pro_risk_data/campaigns/fiper_sweep_eternal/instance_B/fiper_receding_samples.jsonl
bob|fiper_sweep_eternal|instance_B|libero_object_env_t8_r1,success_train,bob,fiper_sweep_eternal,instance_B,libero_object_env_t8_r1,libero_object_env,8,object,success,157,0,156,/media/rootalkhatib/My Passport/reda_ws/asynchvla_ws/stage9_libero_pro_risk_data/campaigns/fiper_sweep_eternal/instance_B/fiper_receding_samples.jsonl
bob|fiper_sweep_eternal|instance_B|libero_object_env_t8_r10,success_calib,bob,fiper_sweep_eternal,instance_B,libero_object_env_t8_r10,libero_object_env,8,object,success,183,0,182,/media/rootalkhatib/My Passport/reda_ws/asynchvla_ws/stage9_libero_pro_risk_data/campaigns/fiper_sweep_eternal/instance_B/fiper_receding_samples.jsonl
bob|fiper_sweep_eternal|instance_B|libero_object_env_t8_r11,success_train,bob,fiper_sweep_eternal,instance_B,libero_object_env_t8_r11,libero_object_env,8,object,success,144,0,143,/media/rootalkhatib/My Passport/reda_ws/asynchvla_ws/stage9_libero_pro_risk_data/campaigns/fiper_sweep_eternal/instance_B/fiper_receding_samples.jsonl
bob|fiper_sweep_eternal|instance_B|libero_object_env_t8_r12,success_calib,bob,fiper_sweep_eternal,instance_B,libero_object_env_t8_r12,libero_object_env,8,object,success,144,0,143,/media/rootalkhatib/My Passport/reda_ws/asynchvla_ws/stage9_libero_pro_risk_data/campaigns/fiper_sweep_eternal/instance_B/fiper_receding_samples.jsonl
bob|fiper_sweep_eternal|instance_B|libero_object_env_t8_r13,success_train,bob,fiper_sweep_eternal,instance_B,libero_object_env_t8_r13,libero_object_env,8,object,success,156,0,155,/media/rootalkhatib/My Passport/reda_ws/asynchvla_ws/stage9_libero_pro_risk_data/campaigns/fiper_sweep_eternal/instance_B/fiper_receding_samples.jsonl
bob|fiper_sweep_eternal|instance_B|libero_object_env_t8_r14,success_train,bob,fiper_sweep_eternal,instance_B,libero_object_env_t8_r14,libero_object_env,8,object,success,159,0,158,/media/rootalkhatib/My Passport/reda_ws/asynchvla_ws/stage9_libero_pro_risk_data/campaigns/fiper_sweep_eternal/instance_B/fiper_receding_samples.jsonl
bob|fiper_sweep_eternal|instance_B|libero_object_env_t8_r15,success_train,bob,fiper_sweep_eternal,instance_B,libero_object_env_t8_r15,libero_object_env,8,object,success,155,0,154,/media/rootalkhatib/My Passport/reda_ws/asynchvla_ws/stage9_libero_pro_risk_data/campaigns/fiper_sweep_eternal/instance_B/fiper_receding_samples.jsonl
bob|fiper_sweep_eternal|instance_B|libero_object_env_t8_r16,success_train,bob,fiper_sweep_eternal,instance_B,libero_object_env_t8_r16,libero_object_env,8,object,success,144,0,143,/media/rootalkhatib/My Passport/reda_ws/asynchvla_ws/stage9_libero_pro_risk_data/campaigns/fiper_sweep_eternal/instance_B/fiper_receding_samples.jsonl
bob|fiper_sweep_eternal|instance_B|libero_object_env_t8_r17,success_train,bob,fiper_sweep_eternal,instance_B,libero_object_env_t8_r17,libero_object_env,8,object,success,156,0,155,/media/rootalkhatib/My Passport/reda_ws/asynchvla_ws/stage9_libero_pro_risk_data/campaigns/fiper_sweep_eternal/instance_B/fiper_receding_samples.jsonl
bob|fiper_sweep_eternal|instance_B|libero_object_env_t8_r18,success_calib,bob,fiper_sweep_eternal,instance_B,libero_object_env_t8_r18,libero_object_env,8,object,success,150,0,149,/media/rootalkhatib/My Passport/reda_ws/asynchvla_ws/stage9_libero_pro_risk_data/campaigns/fiper_sweep_eternal/instance_B/fiper_receding_samples.jsonl
bob|fiper_sweep_eternal|instance_B|libero_object_env_t8_r19,success_train,bob,fiper_sweep_eternal,instance_B,libero_object_env_t8_r19,libero_object_env,8,object,success,163,0,162,/media/rootalkhatib/My Passport/reda_ws/asynchvla_ws/stage9_libero_pro_risk_data/campaigns/fiper_sweep_eternal/instance_B/fiper_receding_samples.jsonl
bob|fiper_sweep_eternal|instance_B|libero_object_env_t8_r2,success_train,bob,fiper_sweep_eternal,instance_B,libero_object_env_t8_r2,libero_object_env,8,object,success,169,0,168,/media/rootalkhatib/My Passport/reda_ws/asynchvla_ws/stage9_libero_pro_risk_data/campaigns/fiper_sweep_eternal/instance_B/fiper_receding_samples.jsonl
bob|fiper_sweep_eternal|instance_B|libero_object_env_t8_r20,success_test_id,bob,fiper_sweep_eternal,instance_B,libero_object_env_t8_r20,libero_object_env,8,object,success,148,0,147,/media/rootalkhatib/My Passport/reda_ws/asynchvla_ws/stage9_libero_pro_risk_data/campaigns/fiper_sweep_eternal/instance_B/fiper_receding_samples.jsonl
bob|fiper_sweep_eternal|instance_B|libero_object_env_t8_r21,success_train,bob,fiper_sweep_eternal,instance_B,libero_object_env_t8_r21,libero_object_env,8,object,success,158,0,157,/media/rootalkhatib/My Passport/reda_ws/asynchvla_ws/stage9_libero_pro_risk_data/campaigns/fiper_sweep_eternal/instance_B/fiper_receding_samples.jsonl
bob|fiper_sweep_eternal|instance_B|libero_object_env_t8_r22,success_train,bob,fiper_sweep_eternal,instance_B,libero_object_env_t8_r22,libero_object_env,8,object,success,181,0,180,/media/rootalkhatib/My Passport/reda_ws/asynchvla_ws/stage9_libero_pro_risk_data/campaigns/fiper_sweep_eternal/instance_B/fiper_receding_samples.jsonl
bob|fiper_sweep_eternal|instance_B|libero_object_env_t8_r23,success_train,bob,fiper_sweep_eternal,instance_B,libero_object_env_t8_r23,libero_object_env,8,object,success,143,0,142,/media/rootalkhatib/My Passport/reda_ws/asynchvla_ws/stage9_libero_pro_risk_data/campaigns/fiper_sweep_eternal/instance_B/fiper_receding_samples.jsonl
bob|fiper_sweep_eternal|instance_B|libero_object_env_t8_r24,success_train,bob,fiper_sweep_eternal,instance_B,libero_object_env_t8_r24,libero_object_env,8,object,success,182,0,181,/media/rootalkhatib/My Passport/reda_ws/asynchvla_ws/stage9_libero_pro_risk_data/campaigns/fiper_sweep_eternal/instance_B/fiper_receding_samples.jsonl
bob|fiper_sweep_eternal|instance_B|libero_object_env_t8_r25,success_test_id,bob,fiper_sweep_eternal,instance_B,libero_object_env_t8_r25,libero_object_env,8,object,success,161,0,160,/media/rootalkhatib/My Passport/reda_ws/asynchvla_ws/stage9_libero_pro_risk_data/campaigns/fiper_sweep_eternal/instance_B/fiper_receding_samples.jsonl
bob|fiper_sweep_eternal|instance_B|libero_object_env_t8_r26,success_test_id,bob,fiper_sweep_eternal,instance_B,libero_object_env_t8_r26,libero_object_env,8,object,success,198,0,197,/media/rootalkhatib/My Passport/reda_ws/asynchvla_ws/stage9_libero_pro_risk_data/campaigns/fiper_sweep_eternal/instance_B/fiper_receding_samples.jsonl
bob|fiper_sweep_eternal|instance_B|libero_object_env_t8_r27,success_test_id,bob,fiper_sweep_eternal,instance_B,libero_object_env_t8_r27,libero_object_env,8,object,success,151,0,150,/media/rootalkhatib/My Passport/reda_ws/asynchvla_ws/stage9_libero_pro_risk_data/campaigns/fiper_sweep_eternal/instance_B/fiper_receding_samples.jsonl
bob|fiper_sweep_eternal|instance_B|libero_object_env_t8_r28,success_train,bob,fiper_sweep_eternal,instance_B,libero_object_env_t8_r28,libero_object_env,8,object,success,229,0,228,/media/rootalkhatib/My Passport/reda_ws/asynchvla_ws/stage9_libero_pro_risk_data/campaigns/fiper_sweep_eternal/instance_B/fiper_receding_samples.jsonl
bob|fiper_sweep_eternal|instance_B|libero_object_env_t8_r29,success_train,bob,fiper_sweep_eternal,instance_B,libero_object_env_t8_r29,libero_object_env,8,object,success,159,0,158,/media/rootalkhatib/My Passport/reda_ws/asynchvla_ws/stage9_libero_pro_risk_data/campaigns/fiper_sweep_eternal/instance_B/fiper_receding_samples.jsonl
bob|fiper_sweep_eternal|instance_B|libero_object_env_t8_r3,success_train,bob,fiper_sweep_eternal,instance_B,libero_object_env_t8_r3,libero_object_env,8,object,success,175,0,174,/media/rootalkhatib/My Passport/reda_ws/asynchvla_ws/stage9_libero_pro_risk_data/campaigns/fiper_sweep_eternal/instance_B/fiper_receding_samples.jsonl
bob|fiper_sweep_eternal|instance_B|libero_object_env_t8_r30,success_train,bob,fiper_sweep_eternal,instance_B,libero_object_env_t8_r30,libero_object_env,8,object,success,168,0,167,/media/rootalkhatib/My Passport/reda_ws/asynchvla_ws/stage9_libero_pro_risk_data/campaigns/fiper_sweep_eternal/instance_B/fiper_receding_samples.jsonl
bob|fiper_sweep_eternal|instance_B|libero_object_env_t8_r31,success_train,bob,fiper_sweep_eternal,instance_B,libero_object_env_t8_r31,libero_object_env,8,object,success,165,0,164,/media/rootalkhatib/My Passport/reda_ws/asynchvla_ws/stage9_libero_pro_risk_data/campaigns/fiper_sweep_eternal/instance_B/fiper_receding_samples.jsonl
bob|fiper_sweep_eternal|instance_B|libero_object_env_t8_r32,success_train,bob,fiper_sweep_eternal,instance_B,libero_object_env_t8_r32,libero_object_env,8,object,success,152,0,151,/media/rootalkhatib/My Passport/reda_ws/asynchvla_ws/stage9_libero_pro_risk_data/campaigns/fiper_sweep_eternal/instance_B/fiper_receding_samples.jsonl
bob|fiper_sweep_eternal|instance_B|libero_object_env_t8_r33,success_train,bob,fiper_sweep_eternal,instance_B,libero_object_env_t8_r33,libero_object_env,8,object,success,161,0,160,/media/rootalkhatib/My Passport/reda_ws/asynchvla_ws/stage9_libero_pro_risk_data/campaigns/fiper_sweep_eternal/instance_B/fiper_receding_samples.jsonl
bob|fiper_sweep_eternal|instance_B|libero_object_env_t8_r34,success_train,bob,fiper_sweep_eternal,instance_B,libero_object_env_t8_r34,libero_object_env,8,object,success,156,0,155,/media/rootalkhatib/My Passport/reda_ws/asynchvla_ws/stage9_libero_pro_risk_data/campaigns/fiper_sweep_eternal/instance_B/fiper_receding_samples.jsonl
bob|fiper_sweep_eternal|instance_B|libero_object_env_t8_r35,success_train,bob,fiper_sweep_eternal,instance_B,libero_object_env_t8_r35,libero_object_env,8,object,success,142,0,141,/media/rootalkhatib/My Passport/reda_ws/asynchvla_ws/stage9_libero_pro_risk_data/campaigns/fiper_sweep_eternal/instance_B/fiper_receding_samples.jsonl
bob|fiper_sweep_eternal|instance_B|libero_object_env_t8_r36,success_train,bob,fiper_sweep_eternal,instance_B,libero_object_env_t8_r36,libero_object_env,8,object,success,173,0,172,/media/rootalkhatib/My Passport/reda_ws/asynchvla_ws/stage9_libero_pro_risk_data/campaigns/fiper_sweep_eternal/instance_B/fiper_receding_samples.jsonl
bob|fiper_sweep_eternal|instance_B|libero_object_env_t8_r37,success_train,bob,fiper_sweep_eternal,instance_B,libero_object_env_t8_r37,libero_object_env,8,object,success,154,0,153,/media/rootalkhatib/My Passport/reda_ws/asynchvla_ws/stage9_libero_pro_risk_data/campaigns/fiper_sweep_eternal/instance_B/fiper_receding_samples.jsonl
bob|fiper_sweep_eternal|instance_B|libero_object_env_t8_r4,success_test_id,bob,fiper_sweep_eternal,instance_B,libero_object_env_t8_r4,libero_object_env,8,object,success,142,0,141,/media/rootalkhatib/My Passport/reda_ws/asynchvla_ws/stage9_libero_pro_risk_data/campaigns/fiper_sweep_eternal/instance_B/fiper_receding_samples.jsonl
bob|fiper_sweep_eternal|instance_B|libero_object_env_t8_r5,success_calib,bob,fiper_sweep_eternal,instance_B,libero_object_env_t8_r5,libero_object_env,8,object,success,165,0,164,/media/rootalkhatib/My Passport/reda_ws/asynchvla_ws/stage9_libero_pro_risk_data/campaigns/fiper_sweep_eternal/instance_B/fiper_receding_samples.jsonl
bob|fiper_sweep_eternal|instance_B|libero_object_env_t8_r6,success_train,bob,fiper_sweep_eternal,instance_B,libero_object_env_t8_r6,libero_object_env,8,object,success,174,0,173,/media/rootalkhatib/My Passport/reda_ws/asynchvla_ws/stage9_libero_pro_risk_data/campaigns/fiper_sweep_eternal/instance_B/fiper_receding_samples.jsonl
bob|fiper_sweep_eternal|instance_B|libero_object_env_t8_r7,success_calib,bob,fiper_sweep_eternal,instance_B,libero_object_env_t8_r7,libero_object_env,8,object,success,144,0,143,/media/rootalkhatib/My Passport/reda_ws/asynchvla_ws/stage9_libero_pro_risk_data/campaigns/fiper_sweep_eternal/instance_B/fiper_receding_samples.jsonl
bob|fiper_sweep_eternal|instance_B|libero_object_env_t8_r8,success_train,bob,fiper_sweep_eternal,instance_B,libero_object_env_t8_r8,libero_object_env,8,object,success,164,0,163,/media/rootalkhatib/My Passport/reda_ws/asynchvla_ws/stage9_libero_pro_risk_data/campaigns/fiper_sweep_eternal/instance_B/fiper_receding_samples.jsonl
bob|fiper_sweep_eternal|instance_B|libero_object_env_t8_r9,success_train,bob,fiper_sweep_eternal,instance_B,libero_object_env_t8_r9,libero_object_env,8,object,success,178,0,177,/media/rootalkhatib/My Passport/reda_ws/asynchvla_ws/stage9_libero_pro_risk_data/campaigns/fiper_sweep_eternal/instance_B/fiper_receding_samples.jsonl
bob|fiper_sweep_eternal|instance_B|libero_object_env_t9_r0,success_train,bob,fiper_sweep_eternal,instance_B,libero_object_env_t9_r0,libero_object_env,9,object,success,115,0,114,/media/rootalkhatib/My Passport/reda_ws/asynchvla_ws/stage9_libero_pro_risk_data/campaigns/fiper_sweep_eternal/instance_B/fiper_receding_samples.jsonl
bob|fiper_sweep_eternal|instance_B|libero_object_env_t9_r1,success_train,bob,fiper_sweep_eternal,instance_B,libero_object_env_t9_r1,libero_object_env,9,object,success,125,0,124,/media/rootalkhatib/My Passport/reda_ws/asynchvla_ws/stage9_libero_pro_risk_data/campaigns/fiper_sweep_eternal/instance_B/fiper_receding_samples.jsonl
bob|fiper_sweep_eternal|instance_B|libero_object_env_t9_r10,success_train,bob,fiper_sweep_eternal,instance_B,libero_object_env_t9_r10,libero_object_env,9,object,success,125,0,124,/media/rootalkhatib/My Passport/reda_ws/asynchvla_ws/stage9_libero_pro_risk_data/campaigns/fiper_sweep_eternal/instance_B/fiper_receding_samples.jsonl
bob|fiper_sweep_eternal|instance_B|libero_object_env_t9_r11,success_calib,bob,fiper_sweep_eternal,instance_B,libero_object_env_t9_r11,libero_object_env,9,object,success,119,0,118,/media/rootalkhatib/My Passport/reda_ws/asynchvla_ws/stage9_libero_pro_risk_data/campaigns/fiper_sweep_eternal/instance_B/fiper_receding_samples.jsonl
bob|fiper_sweep_eternal|instance_B|libero_object_env_t9_r12,success_calib,bob,fiper_sweep_eternal,instance_B,libero_object_env_t9_r12,libero_object_env,9,object,success,130,0,129,/media/rootalkhatib/My Passport/reda_ws/asynchvla_ws/stage9_libero_pro_risk_data/campaigns/fiper_sweep_eternal/instance_B/fiper_receding_samples.jsonl
bob|fiper_sweep_eternal|instance_B|libero_object_env_t9_r13,success_train,bob,fiper_sweep_eternal,instance_B,libero_object_env_t9_r13,libero_object_env,9,object,success,122,0,121,/media/rootalkhatib/My Passport/reda_ws/asynchvla_ws/stage9_libero_pro_risk_data/campaigns/fiper_sweep_eternal/instance_B/fiper_receding_samples.jsonl
bob|fiper_sweep_eternal|instance_B|libero_object_env_t9_r14,success_train,bob,fiper_sweep_eternal,instance_B,libero_object_env_t9_r14,libero_object_env,9,object,success,115,0,114,/media/rootalkhatib/My Passport/reda_ws/asynchvla_ws/stage9_libero_pro_risk_data/campaigns/fiper_sweep_eternal/instance_B/fiper_receding_samples.jsonl
bob|fiper_sweep_eternal|instance_B|libero_object_env_t9_r15,success_test_id,bob,fiper_sweep_eternal,instance_B,libero_object_env_t9_r15,libero_object_env,9,object,success,123,0,122,/media/rootalkhatib/My Passport/reda_ws/asynchvla_ws/stage9_libero_pro_risk_data/campaigns/fiper_sweep_eternal/instance_B/fiper_receding_samples.jsonl
bob|fiper_sweep_eternal|instance_B|libero_object_env_t9_r16,success_test_id,bob,fiper_sweep_eternal,instance_B,libero_object_env_t9_r16,libero_object_env,9,object,success,115,0,114,/media/rootalkhatib/My Passport/reda_ws/asynchvla_ws/stage9_libero_pro_risk_data/campaigns/fiper_sweep_eternal/instance_B/fiper_receding_samples.jsonl
bob|fiper_sweep_eternal|instance_B|libero_object_env_t9_r17,success_train,bob,fiper_sweep_eternal,instance_B,libero_object_env_t9_r17,libero_object_env,9,object,success,114,0,113,/media/rootalkhatib/My Passport/reda_ws/asynchvla_ws/stage9_libero_pro_risk_data/campaigns/fiper_sweep_eternal/instance_B/fiper_receding_samples.jsonl
bob|fiper_sweep_eternal|instance_B|libero_object_env_t9_r18,success_train,bob,fiper_sweep_eternal,instance_B,libero_object_env_t9_r18,libero_object_env,9,object,success,123,0,122,/media/rootalkhatib/My Passport/reda_ws/asynchvla_ws/stage9_libero_pro_risk_data/campaigns/fiper_sweep_eternal/instance_B/fiper_receding_samples.jsonl
bob|fiper_sweep_eternal|instance_B|libero_object_env_t9_r19,success_calib,bob,fiper_sweep_eternal,instance_B,libero_object_env_t9_r19,libero_object_env,9,object,success,118,0,117,/media/rootalkhatib/My Passport/reda_ws/asynchvla_ws/stage9_libero_pro_risk_data/campaigns/fiper_sweep_eternal/instance_B/fiper_receding_samples.jsonl
bob|fiper_sweep_eternal|instance_B|libero_object_env_t9_r2,success_train,bob,fiper_sweep_eternal,instance_B,libero_object_env_t9_r2,libero_object_env,9,object,success,118,0,117,/media/rootalkhatib/My Passport/reda_ws/asynchvla_ws/stage9_libero_pro_risk_data/campaigns/fiper_sweep_eternal/instance_B/fiper_receding_samples.jsonl
bob|fiper_sweep_eternal|instance_B|libero_object_env_t9_r20,success_train,bob,fiper_sweep_eternal,instance_B,libero_object_env_t9_r20,libero_object_env,9,object,success,113,0,112,/media/rootalkhatib/My Passport/reda_ws/asynchvla_ws/stage9_libero_pro_risk_data/campaigns/fiper_sweep_eternal/instance_B/fiper_receding_samples.jsonl
bob|fiper_sweep_eternal|instance_B|libero_object_env_t9_r21,success_train,bob,fiper_sweep_eternal,instance_B,libero_object_env_t9_r21,libero_object_env,9,object,success,111,0,110,/media/rootalkhatib/My Passport/reda_ws/asynchvla_ws/stage9_libero_pro_risk_data/campaigns/fiper_sweep_eternal/instance_B/fiper_receding_samples.jsonl
bob|fiper_sweep_eternal|instance_B|libero_object_env_t9_r22,success_train,bob,fiper_sweep_eternal,instance_B,libero_object_env_t9_r22,libero_object_env,9,object,success,130,0,129,/media/rootalkhatib/My Passport/reda_ws/asynchvla_ws/stage9_libero_pro_risk_data/campaigns/fiper_sweep_eternal/instance_B/fiper_receding_samples.jsonl
bob|fiper_sweep_eternal|instance_B|libero_object_env_t9_r23,success_train,bob,fiper_sweep_eternal,instance_B,libero_object_env_t9_r23,libero_object_env,9,object,success,117,0,116,/media/rootalkhatib/My Passport/reda_ws/asynchvla_ws/stage9_libero_pro_risk_data/campaigns/fiper_sweep_eternal/instance_B/fiper_receding_samples.jsonl
bob|fiper_sweep_eternal|instance_B|libero_object_env_t9_r24,success_calib,bob,fiper_sweep_eternal,instance_B,libero_object_env_t9_r24,libero_object_env,9,object,success,124,0,123,/media/rootalkhatib/My Passport/reda_ws/asynchvla_ws/stage9_libero_pro_risk_data/campaigns/fiper_sweep_eternal/instance_B/fiper_receding_samples.jsonl
bob|fiper_sweep_eternal|instance_B|libero_object_env_t9_r25,success_train,bob,fiper_sweep_eternal,instance_B,libero_object_env_t9_r25,libero_object_env,9,object,success,117,0,116,/media/rootalkhatib/My Passport/reda_ws/asynchvla_ws/stage9_libero_pro_risk_data/campaigns/fiper_sweep_eternal/instance_B/fiper_receding_samples.jsonl
bob|fiper_sweep_eternal|instance_B|libero_object_env_t9_r26,success_train,bob,fiper_sweep_eternal,instance_B,libero_object_env_t9_r26,libero_object_env,9,object,success,120,0,119,/media/rootalkhatib/My Passport/reda_ws/asynchvla_ws/stage9_libero_pro_risk_data/campaigns/fiper_sweep_eternal/instance_B/fiper_receding_samples.jsonl
bob|fiper_sweep_eternal|instance_B|libero_object_env_t9_r27,success_train,bob,fiper_sweep_eternal,instance_B,libero_object_env_t9_r27,libero_object_env,9,object,success,125,0,124,/media/rootalkhatib/My Passport/reda_ws/asynchvla_ws/stage9_libero_pro_risk_data/campaigns/fiper_sweep_eternal/instance_B/fiper_receding_samples.jsonl
bob|fiper_sweep_eternal|instance_B|libero_object_env_t9_r28,success_calib,bob,fiper_sweep_eternal,instance_B,libero_object_env_t9_r28,libero_object_env,9,object,success,114,0,113,/media/rootalkhatib/My Passport/reda_ws/asynchvla_ws/stage9_libero_pro_risk_data/campaigns/fiper_sweep_eternal/instance_B/fiper_receding_samples.jsonl
bob|fiper_sweep_eternal|instance_B|libero_object_env_t9_r29,success_train,bob,fiper_sweep_eternal,instance_B,libero_object_env_t9_r29,libero_object_env,9,object,success,117,0,116,/media/rootalkhatib/My Passport/reda_ws/asynchvla_ws/stage9_libero_pro_risk_data/campaigns/fiper_sweep_eternal/instance_B/fiper_receding_samples.jsonl
bob|fiper_sweep_eternal|instance_B|libero_object_env_t9_r3,success_train,bob,fiper_sweep_eternal,instance_B,libero_object_env_t9_r3,libero_object_env,9,object,success,113,0,112,/media/rootalkhatib/My Passport/reda_ws/asynchvla_ws/stage9_libero_pro_risk_data/campaigns/fiper_sweep_eternal/instance_B/fiper_receding_samples.jsonl
bob|fiper_sweep_eternal|instance_B|libero_object_env_t9_r30,success_train,bob,fiper_sweep_eternal,instance_B,libero_object_env_t9_r30,libero_object_env,9,object,success,125,0,124,/media/rootalkhatib/My Passport/reda_ws/asynchvla_ws/stage9_libero_pro_risk_data/campaigns/fiper_sweep_eternal/instance_B/fiper_receding_samples.jsonl
bob|fiper_sweep_eternal|instance_B|libero_object_env_t9_r31,success_train,bob,fiper_sweep_eternal,instance_B,libero_object_env_t9_r31,libero_object_env,9,object,success,118,0,117,/media/rootalkhatib/My Passport/reda_ws/asynchvla_ws/stage9_libero_pro_risk_data/campaigns/fiper_sweep_eternal/instance_B/fiper_receding_samples.jsonl
bob|fiper_sweep_eternal|instance_B|libero_object_env_t9_r32,success_train,bob,fiper_sweep_eternal,instance_B,libero_object_env_t9_r32,libero_object_env,9,object,success,124,0,123,/media/rootalkhatib/My Passport/reda_ws/asynchvla_ws/stage9_libero_pro_risk_data/campaigns/fiper_sweep_eternal/instance_B/fiper_receding_samples.jsonl
bob|fiper_sweep_eternal|instance_B|libero_object_env_t9_r33,success_train,bob,fiper_sweep_eternal,instance_B,libero_object_env_t9_r33,libero_object_env,9,object,success,119,0,118,/media/rootalkhatib/My Passport/reda_ws/asynchvla_ws/stage9_libero_pro_risk_data/campaigns/fiper_sweep_eternal/instance_B/fiper_receding_samples.jsonl
bob|fiper_sweep_eternal|instance_B|libero_object_env_t9_r34,success_train,bob,fiper_sweep_eternal,instance_B,libero_object_env_t9_r34,libero_object_env,9,object,success,125,0,124,/media/rootalkhatib/My Passport/reda_ws/asynchvla_ws/stage9_libero_pro_risk_data/campaigns/fiper_sweep_eternal/instance_B/fiper_receding_samples.jsonl
bob|fiper_sweep_eternal|instance_B|libero_object_env_t9_r35,success_train,bob,fiper_sweep_eternal,instance_B,libero_object_env_t9_r35,libero_object_env,9,object,success,122,0,121,/media/rootalkhatib/My Passport/reda_ws/asynchvla_ws/stage9_libero_pro_risk_data/campaigns/fiper_sweep_eternal/instance_B/fiper_receding_samples.jsonl
bob|fiper_sweep_eternal|instance_B|libero_object_env_t9_r36,success_train,bob,fiper_sweep_eternal,instance_B,libero_object_env_t9_r36,libero_object_env,9,object,success,115,0,114,/media/rootalkhatib/My Passport/reda_ws/asynchvla_ws/stage9_libero_pro_risk_data/campaigns/fiper_sweep_eternal/instance_B/fiper_receding_samples.jsonl
bob|fiper_sweep_eternal|instance_B|libero_object_env_t9_r37,success_test_id,bob,fiper_sweep_eternal,instance_B,libero_object_env_t9_r37,libero_object_env,9,object,success,119,0,118,/media/rootalkhatib/My Passport/reda_ws/asynchvla_ws/stage9_libero_pro_risk_data/campaigns/fiper_sweep_eternal/instance_B/fiper_receding_samples.jsonl
bob|fiper_sweep_eternal|instance_B|libero_object_env_t9_r4,success_calib,bob,fiper_sweep_eternal,instance_B,libero_object_env_t9_r4,libero_object_env,9,object,success,130,0,129,/media/rootalkhatib/My Passport/reda_ws/asynchvla_ws/stage9_libero_pro_risk_data/campaigns/fiper_sweep_eternal/instance_B/fiper_receding_samples.jsonl
bob|fiper_sweep_eternal|instance_B|libero_object_env_t9_r5,success_train,bob,fiper_sweep_eternal,instance_B,libero_object_env_t9_r5,libero_object_env,9,object,success,129,0,128,/media/rootalkhatib/My Passport/reda_ws/asynchvla_ws/stage9_libero_pro_risk_data/campaigns/fiper_sweep_eternal/instance_B/fiper_receding_samples.jsonl
bob|fiper_sweep_eternal|instance_B|libero_object_env_t9_r6,success_test_id,bob,fiper_sweep_eternal,instance_B,libero_object_env_t9_r6,libero_object_env,9,object,success,112,0,111,/media/rootalkhatib/My Passport/reda_ws/asynchvla_ws/stage9_libero_pro_risk_data/campaigns/fiper_sweep_eternal/instance_B/fiper_receding_samples.jsonl
bob|fiper_sweep_eternal|instance_B|libero_object_env_t9_r7,success_train,bob,fiper_sweep_eternal,instance_B,libero_object_env_t9_r7,libero_object_env,9,object,success,123,0,122,/media/rootalkhatib/My Passport/reda_ws/asynchvla_ws/stage9_libero_pro_risk_data/campaigns/fiper_sweep_eternal/instance_B/fiper_receding_samples.jsonl
bob|fiper_sweep_eternal|instance_B|libero_object_env_t9_r8,success_train,bob,fiper_sweep_eternal,instance_B,libero_object_env_t9_r8,libero_object_env,9,object,success,118,0,117,/media/rootalkhatib/My Passport/reda_ws/asynchvla_ws/stage9_libero_pro_risk_data/campaigns/fiper_sweep_eternal/instance_B/fiper_receding_samples.jsonl
bob|fiper_sweep_eternal|instance_B|libero_object_env_t9_r9,success_test_id,bob,fiper_sweep_eternal,instance_B,libero_object_env_t9_r9,libero_object_env,9,object,success,122,0,121,/media/rootalkhatib/My Passport/reda_ws/asynchvla_ws/stage9_libero_pro_risk_data/campaigns/fiper_sweep_eternal/instance_B/fiper_receding_samples.jsonl
bob|fiper_sweep_eternal|instance_B|libero_spatial_env_t0_r0,success_train,bob,fiper_sweep_eternal,instance_B,libero_spatial_env_t0_r0,libero_spatial_env,0,env,success,84,0,83,/media/rootalkhatib/My Passport/reda_ws/asynchvla_ws/stage9_libero_pro_risk_data/campaigns/fiper_sweep_eternal/instance_B/fiper_receding_samples.jsonl
bob|fiper_sweep_eternal|instance_B|libero_spatial_env_t0_r1,success_train,bob,fiper_sweep_eternal,instance_B,libero_spatial_env_t0_r1,libero_spatial_env,0,env,success,73,0,72,/media/rootalkhatib/My Passport/reda_ws/asynchvla_ws/stage9_libero_pro_risk_data/campaigns/fiper_sweep_eternal/instance_B/fiper_receding_samples.jsonl
bob|fiper_sweep_eternal|instance_B|libero_spatial_env_t0_r10,success_calib,bob,fiper_sweep_eternal,instance_B,libero_spatial_env_t0_r10,libero_spatial_env,0,env,success,70,0,69,/media/rootalkhatib/My Passport/reda_ws/asynchvla_ws/stage9_libero_pro_risk_data/campaigns/fiper_sweep_eternal/instance_B/fiper_receding_samples.jsonl
bob|fiper_sweep_eternal|instance_B|libero_spatial_env_t0_r11,success_train,bob,fiper_sweep_eternal,instance_B,libero_spatial_env_t0_r11,libero_spatial_env,0,env,success,72,0,71,/media/rootalkhatib/My Passport/reda_ws/asynchvla_ws/stage9_libero_pro_risk_data/campaigns/fiper_sweep_eternal/instance_B/fiper_receding_samples.jsonl
bob|fiper_sweep_eternal|instance_B|libero_spatial_env_t0_r12,success_train,bob,fiper_sweep_eternal,instance_B,libero_spatial_env_t0_r12,libero_spatial_env,0,env,success,75,0,74,/media/rootalkhatib/My Passport/reda_ws/asynchvla_ws/stage9_libero_pro_risk_data/campaigns/fiper_sweep_eternal/instance_B/fiper_receding_samples.jsonl
bob|fiper_sweep_eternal|instance_B|libero_spatial_env_t0_r13,success_train,bob,fiper_sweep_eternal,instance_B,libero_spatial_env_t0_r13,libero_spatial_env,0,env,success,75,0,74,/media/rootalkhatib/My Passport/reda_ws/asynchvla_ws/stage9_libero_pro_risk_data/campaigns/fiper_sweep_eternal/instance_B/fiper_receding_samples.jsonl
bob|fiper_sweep_eternal|instance_B|libero_spatial_env_t0_r14,success_train,bob,fiper_sweep_eternal,instance_B,libero_spatial_env_t0_r14,libero_spatial_env,0,env,success,84,0,83,/media/rootalkhatib/My Passport/reda_ws/asynchvla_ws/stage9_libero_pro_risk_data/campaigns/fiper_sweep_eternal/instance_B/fiper_receding_samples.jsonl
bob|fiper_sweep_eternal|instance_B|libero_spatial_env_t0_r15,success_train,bob,fiper_sweep_eternal,instance_B,libero_spatial_env_t0_r15,libero_spatial_env,0,env,success,74,0,73,/media/rootalkhatib/My Passport/reda_ws/asynchvla_ws/stage9_libero_pro_risk_data/campaigns/fiper_sweep_eternal/instance_B/fiper_receding_samples.jsonl
bob|fiper_sweep_eternal|instance_B|libero_spatial_env_t0_r16,success_train,bob,fiper_sweep_eternal,instance_B,libero_spatial_env_t0_r16,libero_spatial_env,0,env,success,76,0,75,/media/rootalkhatib/My Passport/reda_ws/asynchvla_ws/stage9_libero_pro_risk_data/campaigns/fiper_sweep_eternal/instance_B/fiper_receding_samples.jsonl
bob|fiper_sweep_eternal|instance_B|libero_spatial_env_t0_r17,success_train,bob,fiper_sweep_eternal,instance_B,libero_spatial_env_t0_r17,libero_spatial_env,0,env,success,75,0,74,/media/rootalkhatib/My Passport/reda_ws/asynchvla_ws/stage9_libero_pro_risk_data/campaigns/fiper_sweep_eternal/instance_B/fiper_receding_samples.jsonl
bob|fiper_sweep_eternal|instance_B|libero_spatial_env_t0_r18,success_train,bob,fiper_sweep_eternal,instance_B,libero_spatial_env_t0_r18,libero_spatial_env,0,env,success,88,0,87,/media/rootalkhatib/My Passport/reda_ws/asynchvla_ws/stage9_libero_pro_risk_data/campaigns/fiper_sweep_eternal/instance_B/fiper_receding_samples.jsonl
bob|fiper_sweep_eternal|instance_B|libero_spatial_env_t0_r19,success_train,bob,fiper_sweep_eternal,instance_B,libero_spatial_env_t0_r19,libero_spatial_env,0,env,success,83,0,82,/media/rootalkhatib/My Passport/reda_ws/asynchvla_ws/stage9_libero_pro_risk_data/campaigns/fiper_sweep_eternal/instance_B/fiper_receding_samples.jsonl
bob|fiper_sweep_eternal|instance_B|libero_spatial_env_t0_r2,success_train,bob,fiper_sweep_eternal,instance_B,libero_spatial_env_t0_r2,libero_spatial_env,0,env,success,80,0,79,/media/rootalkhatib/My Passport/reda_ws/asynchvla_ws/stage9_libero_pro_risk_data/campaigns/fiper_sweep_eternal/instance_B/fiper_receding_samples.jsonl
bob|fiper_sweep_eternal|instance_B|libero_spatial_env_t0_r20,success_train,bob,fiper_sweep_eternal,instance_B,libero_spatial_env_t0_r20,libero_spatial_env,0,env,success,76,0,75,/media/rootalkhatib/My Passport/reda_ws/asynchvla_ws/stage9_libero_pro_risk_data/campaigns/fiper_sweep_eternal/instance_B/fiper_receding_samples.jsonl
bob|fiper_sweep_eternal|instance_B|libero_spatial_env_t0_r21,success_calib,bob,fiper_sweep_eternal,instance_B,libero_spatial_env_t0_r21,libero_spatial_env,0,env,success,72,0,71,/media/rootalkhatib/My Passport/reda_ws/asynchvla_ws/stage9_libero_pro_risk_data/campaigns/fiper_sweep_eternal/instance_B/fiper_receding_samples.jsonl
bob|fiper_sweep_eternal|instance_B|libero_spatial_env_t0_r22,success_test_id,bob,fiper_sweep_eternal,instance_B,libero_spatial_env_t0_r22,libero_spatial_env,0,env,success,77,0,76,/media/rootalkhatib/My Passport/reda_ws/asynchvla_ws/stage9_libero_pro_risk_data/campaigns/fiper_sweep_eternal/instance_B/fiper_receding_samples.jsonl
bob|fiper_sweep_eternal|instance_B|libero_spatial_env_t0_r23,success_train,bob,fiper_sweep_eternal,instance_B,libero_spatial_env_t0_r23,libero_spatial_env,0,env,success,69,0,68,/media/rootalkhatib/My Passport/reda_ws/asynchvla_ws/stage9_libero_pro_risk_data/campaigns/fiper_sweep_eternal/instance_B/fiper_receding_samples.jsonl
bob|fiper_sweep_eternal|instance_B|libero_spatial_env_t0_r24,success_train,bob,fiper_sweep_eternal,instance_B,libero_spatial_env_t0_r24,libero_spatial_env,0,env,success,76,0,75,/media/rootalkhatib/My Passport/reda_ws/asynchvla_ws/stage9_libero_pro_risk_data/campaigns/fiper_sweep_eternal/instance_B/fiper_receding_samples.jsonl
bob|fiper_sweep_eternal|instance_B|libero_spatial_env_t0_r25,success_train,bob,fiper_sweep_eternal,instance_B,libero_spatial_env_t0_r25,libero_spatial_env,0,env,success,72,0,71,/media/rootalkhatib/My Passport/reda_ws/asynchvla_ws/stage9_libero_pro_risk_data/campaigns/fiper_sweep_eternal/instance_B/fiper_receding_samples.jsonl
bob|fiper_sweep_eternal|instance_B|libero_spatial_env_t0_r26,success_calib,bob,fiper_sweep_eternal,instance_B,libero_spatial_env_t0_r26,libero_spatial_env,0,env,success,79,0,78,/media/rootalkhatib/My Passport/reda_ws/asynchvla_ws/stage9_libero_pro_risk_data/campaigns/fiper_sweep_eternal/instance_B/fiper_receding_samples.jsonl
bob|fiper_sweep_eternal|instance_B|libero_spatial_env_t0_r27,success_test_id,bob,fiper_sweep_eternal,instance_B,libero_spatial_env_t0_r27,libero_spatial_env,0,env,success,81,0,80,/media/rootalkhatib/My Passport/reda_ws/asynchvla_ws/stage9_libero_pro_risk_data/campaigns/fiper_sweep_eternal/instance_B/fiper_receding_samples.jsonl
bob|fiper_sweep_eternal|instance_B|libero_spatial_env_t0_r28,success_train,bob,fiper_sweep_eternal,instance_B,libero_spatial_env_t0_r28,libero_spatial_env,0,env,success,71,0,70,/media/rootalkhatib/My Passport/reda_ws/asynchvla_ws/stage9_libero_pro_risk_data/campaigns/fiper_sweep_eternal/instance_B/fiper_receding_samples.jsonl
bob|fiper_sweep_eternal|instance_B|libero_spatial_env_t0_r29,success_train,bob,fiper_sweep_eternal,instance_B,libero_spatial_env_t0_r29,libero_spatial_env,0,env,success,74,0,73,/media/rootalkhatib/My Passport/reda_ws/asynchvla_ws/stage9_libero_pro_risk_data/campaigns/fiper_sweep_eternal/instance_B/fiper_receding_samples.jsonl
bob|fiper_sweep_eternal|instance_B|libero_spatial_env_t0_r3,success_calib,bob,fiper_sweep_eternal,instance_B,libero_spatial_env_t0_r3,libero_spatial_env,0,env,success,72,0,71,/media/rootalkhatib/My Passport/reda_ws/asynchvla_ws/stage9_libero_pro_risk_data/campaigns/fiper_sweep_eternal/instance_B/fiper_receding_samples.jsonl
bob|fiper_sweep_eternal|instance_B|libero_spatial_env_t0_r30,success_test_id,bob,fiper_sweep_eternal,instance_B,libero_spatial_env_t0_r30,libero_spatial_env,0,env,success,75,0,74,/media/rootalkhatib/My Passport/reda_ws/asynchvla_ws/stage9_libero_pro_risk_data/campaigns/fiper_sweep_eternal/instance_B/fiper_receding_samples.jsonl
bob|fiper_sweep_eternal|instance_B|libero_spatial_env_t0_r31,success_test_id,bob,fiper_sweep_eternal,instance_B,libero_spatial_env_t0_r31,libero_spatial_env,0,env,success,71,0,70,/media/rootalkhatib/My Passport/reda_ws/asynchvla_ws/stage9_libero_pro_risk_data/campaigns/fiper_sweep_eternal/instance_B/fiper_receding_samples.jsonl
bob|fiper_sweep_eternal|instance_B|libero_spatial_env_t0_r32,success_train,bob,fiper_sweep_eternal,instance_B,libero_spatial_env_t0_r32,libero_spatial_env,0,env,success,81,0,80,/media/rootalkhatib/My Passport/reda_ws/asynchvla_ws/stage9_libero_pro_risk_data/campaigns/fiper_sweep_eternal/instance_B/fiper_receding_samples.jsonl
bob|fiper_sweep_eternal|instance_B|libero_spatial_env_t0_r33,success_train,bob,fiper_sweep_eternal,instance_B,libero_spatial_env_t0_r33,libero_spatial_env,0,env,success,74,0,73,/media/rootalkhatib/My Passport/reda_ws/asynchvla_ws/stage9_libero_pro_risk_data/campaigns/fiper_sweep_eternal/instance_B/fiper_receding_samples.jsonl
bob|fiper_sweep_eternal|instance_B|libero_spatial_env_t0_r34,success_train,bob,fiper_sweep_eternal,instance_B,libero_spatial_env_t0_r34,libero_spatial_env,0,env,success,70,0,69,/media/rootalkhatib/My Passport/reda_ws/asynchvla_ws/stage9_libero_pro_risk_data/campaigns/fiper_sweep_eternal/instance_B/fiper_receding_samples.jsonl
bob|fiper_sweep_eternal|instance_B|libero_spatial_env_t0_r35,success_train,bob,fiper_sweep_eternal,instance_B,libero_spatial_env_t0_r35,libero_spatial_env,0,env,success,72,0,71,/media/rootalkhatib/My Passport/reda_ws/asynchvla_ws/stage9_libero_pro_risk_data/campaigns/fiper_sweep_eternal/instance_B/fiper_receding_samples.jsonl
bob|fiper_sweep_eternal|instance_B|libero_spatial_env_t0_r36,success_calib,bob,fiper_sweep_eternal,instance_B,libero_spatial_env_t0_r36,libero_spatial_env,0,env,success,69,0,68,/media/rootalkhatib/My Passport/reda_ws/asynchvla_ws/stage9_libero_pro_risk_data/campaigns/fiper_sweep_eternal/instance_B/fiper_receding_samples.jsonl
bob|fiper_sweep_eternal|instance_B|libero_spatial_env_t0_r37,success_test_id,bob,fiper_sweep_eternal,instance_B,libero_spatial_env_t0_r37,libero_spatial_env,0,env,success,76,0,75,/media/rootalkhatib/My Passport/reda_ws/asynchvla_ws/stage9_libero_pro_risk_data/campaigns/fiper_sweep_eternal/instance_B/fiper_receding_samples.jsonl
bob|fiper_sweep_eternal|instance_B|libero_spatial_env_t0_r38,success_calib,bob,fiper_sweep_eternal,instance_B,libero_spatial_env_t0_r38,libero_spatial_env,0,env,success,73,0,72,/media/rootalkhatib/My Passport/reda_ws/asynchvla_ws/stage9_libero_pro_risk_data/campaigns/fiper_sweep_eternal/instance_B/fiper_receding_samples.jsonl
bob|fiper_sweep_eternal|instance_B|libero_spatial_env_t0_r4,success_train,bob,fiper_sweep_eternal,instance_B,libero_spatial_env_t0_r4,libero_spatial_env,0,env,success,74,0,73,/media/rootalkhatib/My Passport/reda_ws/asynchvla_ws/stage9_libero_pro_risk_data/campaigns/fiper_sweep_eternal/instance_B/fiper_receding_samples.jsonl
bob|fiper_sweep_eternal|instance_B|libero_spatial_env_t0_r5,success_test_id,bob,fiper_sweep_eternal,instance_B,libero_spatial_env_t0_r5,libero_spatial_env,0,env,success,71,0,70,/media/rootalkhatib/My Passport/reda_ws/asynchvla_ws/stage9_libero_pro_risk_data/campaigns/fiper_sweep_eternal/instance_B/fiper_receding_samples.jsonl
bob|fiper_sweep_eternal|instance_B|libero_spatial_env_t0_r6,success_train,bob,fiper_sweep_eternal,instance_B,libero_spatial_env_t0_r6,libero_spatial_env,0,env,success,69,0,68,/media/rootalkhatib/My Passport/reda_ws/asynchvla_ws/stage9_libero_pro_risk_data/campaigns/fiper_sweep_eternal/instance_B/fiper_receding_samples.jsonl
bob|fiper_sweep_eternal|instance_B|libero_spatial_env_t0_r7,success_train,bob,fiper_sweep_eternal,instance_B,libero_spatial_env_t0_r7,libero_spatial_env,0,env,success,82,0,81,/media/rootalkhatib/My Passport/reda_ws/asynchvla_ws/stage9_libero_pro_risk_data/campaigns/fiper_sweep_eternal/instance_B/fiper_receding_samples.jsonl
bob|fiper_sweep_eternal|instance_B|libero_spatial_env_t0_r8,success_train,bob,fiper_sweep_eternal,instance_B,libero_spatial_env_t0_r8,libero_spatial_env,0,env,success,78,0,77,/media/rootalkhatib/My Passport/reda_ws/asynchvla_ws/stage9_libero_pro_risk_data/campaigns/fiper_sweep_eternal/instance_B/fiper_receding_samples.jsonl
bob|fiper_sweep_eternal|instance_B|libero_spatial_env_t0_r9,success_train,bob,fiper_sweep_eternal,instance_B,libero_spatial_env_t0_r9,libero_spatial_env,0,env,success,75,0,74,/media/rootalkhatib/My Passport/reda_ws/asynchvla_ws/stage9_libero_pro_risk_data/campaigns/fiper_sweep_eternal/instance_B/fiper_receding_samples.jsonl
bob|fiper_sweep_eternal|instance_B|libero_spatial_env_t1_r0,success_train,bob,fiper_sweep_eternal,instance_B,libero_spatial_env_t1_r0,libero_spatial_env,1,env,success,118,0,117,/media/rootalkhatib/My Passport/reda_ws/asynchvla_ws/stage9_libero_pro_risk_data/campaigns/fiper_sweep_eternal/instance_B/fiper_receding_samples.jsonl
bob|fiper_sweep_eternal|instance_B|libero_spatial_env_t1_r1,success_train,bob,fiper_sweep_eternal,instance_B,libero_spatial_env_t1_r1,libero_spatial_env,1,env,success,104,0,103,/media/rootalkhatib/My Passport/reda_ws/asynchvla_ws/stage9_libero_pro_risk_data/campaigns/fiper_sweep_eternal/instance_B/fiper_receding_samples.jsonl
bob|fiper_sweep_eternal|instance_B|libero_spatial_env_t1_r10,success_train,bob,fiper_sweep_eternal,instance_B,libero_spatial_env_t1_r10,libero_spatial_env,1,env,success,152,0,151,/media/rootalkhatib/My Passport/reda_ws/asynchvla_ws/stage9_libero_pro_risk_data/campaigns/fiper_sweep_eternal/instance_B/fiper_receding_samples.jsonl
bob|fiper_sweep_eternal|instance_B|libero_spatial_env_t1_r11,success_train,bob,fiper_sweep_eternal,instance_B,libero_spatial_env_t1_r11,libero_spatial_env,1,env,success,115,0,114,/media/rootalkhatib/My Passport/reda_ws/asynchvla_ws/stage9_libero_pro_risk_data/campaigns/fiper_sweep_eternal/instance_B/fiper_receding_samples.jsonl
bob|fiper_sweep_eternal|instance_B|libero_spatial_env_t1_r12,success_train,bob,fiper_sweep_eternal,instance_B,libero_spatial_env_t1_r12,libero_spatial_env,1,env,success,111,0,110,/media/rootalkhatib/My Passport/reda_ws/asynchvla_ws/stage9_libero_pro_risk_data/campaigns/fiper_sweep_eternal/instance_B/fiper_receding_samples.jsonl
bob|fiper_sweep_eternal|instance_B|libero_spatial_env_t1_r13,success_test_id,bob,fiper_sweep_eternal,instance_B,libero_spatial_env_t1_r13,libero_spatial_env,1,env,success,112,0,111,/media/rootalkhatib/My Passport/reda_ws/asynchvla_ws/stage9_libero_pro_risk_data/campaigns/fiper_sweep_eternal/instance_B/fiper_receding_samples.jsonl
bob|fiper_sweep_eternal|instance_B|libero_spatial_env_t1_r14,success_train,bob,fiper_sweep_eternal,instance_B,libero_spatial_env_t1_r14,libero_spatial_env,1,env,success,112,0,111,/media/rootalkhatib/My Passport/reda_ws/asynchvla_ws/stage9_libero_pro_risk_data/campaigns/fiper_sweep_eternal/instance_B/fiper_receding_samples.jsonl
bob|fiper_sweep_eternal|instance_B|libero_spatial_env_t1_r15,success_calib,bob,fiper_sweep_eternal,instance_B,libero_spatial_env_t1_r15,libero_spatial_env,1,env,success,109,0,108,/media/rootalkhatib/My Passport/reda_ws/asynchvla_ws/stage9_libero_pro_risk_data/campaigns/fiper_sweep_eternal/instance_B/fiper_receding_samples.jsonl
bob|fiper_sweep_eternal|instance_B|libero_spatial_env_t1_r16,success_train,bob,fiper_sweep_eternal,instance_B,libero_spatial_env_t1_r16,libero_spatial_env,1,env,success,110,0,109,/media/rootalkhatib/My Passport/reda_ws/asynchvla_ws/stage9_libero_pro_risk_data/campaigns/fiper_sweep_eternal/instance_B/fiper_receding_samples.jsonl
bob|fiper_sweep_eternal|instance_B|libero_spatial_env_t1_r17,success_test_id,bob,fiper_sweep_eternal,instance_B,libero_spatial_env_t1_r17,libero_spatial_env,1,env,success,107,0,106,/media/rootalkhatib/My Passport/reda_ws/asynchvla_ws/stage9_libero_pro_risk_data/campaigns/fiper_sweep_eternal/instance_B/fiper_receding_samples.jsonl
bob|fiper_sweep_eternal|instance_B|libero_spatial_env_t1_r18,failure_eval_all,bob,fiper_sweep_eternal,instance_B,libero_spatial_env_t1_r18,libero_spatial_env,1,env,failure_or_timeout,300,0,299,/media/rootalkhatib/My Passport/reda_ws/asynchvla_ws/stage9_libero_pro_risk_data/campaigns/fiper_sweep_eternal/instance_B/fiper_receding_samples.jsonl
bob|fiper_sweep_eternal|instance_B|libero_spatial_env_t1_r19,success_calib,bob,fiper_sweep_eternal,instance_B,libero_spatial_env_t1_r19,libero_spatial_env,1,env,success,113,0,112,/media/rootalkhatib/My Passport/reda_ws/asynchvla_ws/stage9_libero_pro_risk_data/campaigns/fiper_sweep_eternal/instance_B/fiper_receding_samples.jsonl
bob|fiper_sweep_eternal|instance_B|libero_spatial_env_t1_r2,success_train,bob,fiper_sweep_eternal,instance_B,libero_spatial_env_t1_r2,libero_spatial_env,1,env,success,113,0,112,/media/rootalkhatib/My Passport/reda_ws/asynchvla_ws/stage9_libero_pro_risk_data/campaigns/fiper_sweep_eternal/instance_B/fiper_receding_samples.jsonl
bob|fiper_sweep_eternal|instance_B|libero_spatial_env_t1_r20,success_train,bob,fiper_sweep_eternal,instance_B,libero_spatial_env_t1_r20,libero_spatial_env,1,env,success,108,0,107,/media/rootalkhatib/My Passport/reda_ws/asynchvla_ws/stage9_libero_pro_risk_data/campaigns/fiper_sweep_eternal/instance_B/fiper_receding_samples.jsonl
bob|fiper_sweep_eternal|instance_B|libero_spatial_env_t1_r21,success_train,bob,fiper_sweep_eternal,instance_B,libero_spatial_env_t1_r21,libero_spatial_env,1,env,success,104,0,103,/media/rootalkhatib/My Passport/reda_ws/asynchvla_ws/stage9_libero_pro_risk_data/campaigns/fiper_sweep_eternal/instance_B/fiper_receding_samples.jsonl
bob|fiper_sweep_eternal|instance_B|libero_spatial_env_t1_r22,success_train,bob,fiper_sweep_eternal,instance_B,libero_spatial_env_t1_r22,libero_spatial_env,1,env,success,116,0,115,/media/rootalkhatib/My Passport/reda_ws/asynchvla_ws/stage9_libero_pro_risk_data/campaigns/fiper_sweep_eternal/instance_B/fiper_receding_samples.jsonl
bob|fiper_sweep_eternal|instance_B|libero_spatial_env_t1_r23,success_calib,bob,fiper_sweep_eternal,instance_B,libero_spatial_env_t1_r23,libero_spatial_env,1,env,success,108,0,107,/media/rootalkhatib/My Passport/reda_ws/asynchvla_ws/stage9_libero_pro_risk_data/campaigns/fiper_sweep_eternal/instance_B/fiper_receding_samples.jsonl
bob|fiper_sweep_eternal|instance_B|libero_spatial_env_t1_r24,success_train,bob,fiper_sweep_eternal,instance_B,libero_spatial_env_t1_r24,libero_spatial_env,1,env,success,109,0,108,/media/rootalkhatib/My Passport/reda_ws/asynchvla_ws/stage9_libero_pro_risk_data/campaigns/fiper_sweep_eternal/instance_B/fiper_receding_samples.jsonl
bob|fiper_sweep_eternal|instance_B|libero_spatial_env_t1_r25,success_train,bob,fiper_sweep_eternal,instance_B,libero_spatial_env_t1_r25,libero_spatial_env,1,env,success,115,0,114,/media/rootalkhatib/My Passport/reda_ws/asynchvla_ws/stage9_libero_pro_risk_data/campaigns/fiper_sweep_eternal/instance_B/fiper_receding_samples.jsonl
bob|fiper_sweep_eternal|instance_B|libero_spatial_env_t1_r26,success_train,bob,fiper_sweep_eternal,instance_B,libero_spatial_env_t1_r26,libero_spatial_env,1,env,success,109,0,108,/media/rootalkhatib/My Passport/reda_ws/asynchvla_ws/stage9_libero_pro_risk_data/campaigns/fiper_sweep_eternal/instance_B/fiper_receding_samples.jsonl
bob|fiper_sweep_eternal|instance_B|libero_spatial_env_t1_r27,success_train,bob,fiper_sweep_eternal,instance_B,libero_spatial_env_t1_r27,libero_spatial_env,1,env,success,112,0,111,/media/rootalkhatib/My Passport/reda_ws/asynchvla_ws/stage9_libero_pro_risk_data/campaigns/fiper_sweep_eternal/instance_B/fiper_receding_samples.jsonl
bob|fiper_sweep_eternal|instance_B|libero_spatial_env_t1_r28,success_train,bob,fiper_sweep_eternal,instance_B,libero_spatial_env_t1_r28,libero_spatial_env,1,env,success,114,0,113,/media/rootalkhatib/My Passport/reda_ws/asynchvla_ws/stage9_libero_pro_risk_data/campaigns/fiper_sweep_eternal/instance_B/fiper_receding_samples.jsonl
bob|fiper_sweep_eternal|instance_B|libero_spatial_env_t1_r29,success_test_id,bob,fiper_sweep_eternal,instance_B,libero_spatial_env_t1_r29,libero_spatial_env,1,env,success,191,0,190,/media/rootalkhatib/My Passport/reda_ws/asynchvla_ws/stage9_libero_pro_risk_data/campaigns/fiper_sweep_eternal/instance_B/fiper_receding_samples.jsonl
bob|fiper_sweep_eternal|instance_B|libero_spatial_env_t1_r3,success_test_id,bob,fiper_sweep_eternal,instance_B,libero_spatial_env_t1_r3,libero_spatial_env,1,env,success,113,0,112,/media/rootalkhatib/My Passport/reda_ws/asynchvla_ws/stage9_libero_pro_risk_data/campaigns/fiper_sweep_eternal/instance_B/fiper_receding_samples.jsonl
bob|fiper_sweep_eternal|instance_B|libero_spatial_env_t1_r30,success_train,bob,fiper_sweep_eternal,instance_B,libero_spatial_env_t1_r30,libero_spatial_env,1,env,success,115,0,114,/media/rootalkhatib/My Passport/reda_ws/asynchvla_ws/stage9_libero_pro_risk_data/campaigns/fiper_sweep_eternal/instance_B/fiper_receding_samples.jsonl
bob|fiper_sweep_eternal|instance_B|libero_spatial_env_t1_r31,success_train,bob,fiper_sweep_eternal,instance_B,libero_spatial_env_t1_r31,libero_spatial_env,1,env,success,149,0,148,/media/rootalkhatib/My Passport/reda_ws/asynchvla_ws/stage9_libero_pro_risk_data/campaigns/fiper_sweep_eternal/instance_B/fiper_receding_samples.jsonl
bob|fiper_sweep_eternal|instance_B|libero_spatial_env_t1_r32,success_calib,bob,fiper_sweep_eternal,instance_B,libero_spatial_env_t1_r32,libero_spatial_env,1,env,success,124,0,123,/media/rootalkhatib/My Passport/reda_ws/asynchvla_ws/stage9_libero_pro_risk_data/campaigns/fiper_sweep_eternal/instance_B/fiper_receding_samples.jsonl
bob|fiper_sweep_eternal|instance_B|libero_spatial_env_t1_r33,success_train,bob,fiper_sweep_eternal,instance_B,libero_spatial_env_t1_r33,libero_spatial_env,1,env,success,119,0,118,/media/rootalkhatib/My Passport/reda_ws/asynchvla_ws/stage9_libero_pro_risk_data/campaigns/fiper_sweep_eternal/instance_B/fiper_receding_samples.jsonl
bob|fiper_sweep_eternal|instance_B|libero_spatial_env_t1_r34,success_train,bob,fiper_sweep_eternal,instance_B,libero_spatial_env_t1_r34,libero_spatial_env,1,env,success,110,0,109,/media/rootalkhatib/My Passport/reda_ws/asynchvla_ws/stage9_libero_pro_risk_data/campaigns/fiper_sweep_eternal/instance_B/fiper_receding_samples.jsonl
bob|fiper_sweep_eternal|instance_B|libero_spatial_env_t1_r35,success_train,bob,fiper_sweep_eternal,instance_B,libero_spatial_env_t1_r35,libero_spatial_env,1,env,success,109,0,108,/media/rootalkhatib/My Passport/reda_ws/asynchvla_ws/stage9_libero_pro_risk_data/campaigns/fiper_sweep_eternal/instance_B/fiper_receding_samples.jsonl
bob|fiper_sweep_eternal|instance_B|libero_spatial_env_t1_r36,success_train,bob,fiper_sweep_eternal,instance_B,libero_spatial_env_t1_r36,libero_spatial_env,1,env,success,112,0,111,/media/rootalkhatib/My Passport/reda_ws/asynchvla_ws/stage9_libero_pro_risk_data/campaigns/fiper_sweep_eternal/instance_B/fiper_receding_samples.jsonl
bob|fiper_sweep_eternal|instance_B|libero_spatial_env_t1_r37,success_calib,bob,fiper_sweep_eternal,instance_B,libero_spatial_env_t1_r37,libero_spatial_env,1,env,success,113,0,112,/media/rootalkhatib/My Passport/reda_ws/asynchvla_ws/stage9_libero_pro_risk_data/campaigns/fiper_sweep_eternal/instance_B/fiper_receding_samples.jsonl
bob|fiper_sweep_eternal|instance_B|libero_spatial_env_t1_r38,success_calib,bob,fiper_sweep_eternal,instance_B,libero_spatial_env_t1_r38,libero_spatial_env,1,env,success,108,0,107,/media/rootalkhatib/My Passport/reda_ws/asynchvla_ws/stage9_libero_pro_risk_data/campaigns/fiper_sweep_eternal/instance_B/fiper_receding_samples.jsonl
bob|fiper_sweep_eternal|instance_B|libero_spatial_env_t1_r4,success_train,bob,fiper_sweep_eternal,instance_B,libero_spatial_env_t1_r4,libero_spatial_env,1,env,success,117,0,116,/media/rootalkhatib/My Passport/reda_ws/asynchvla_ws/stage9_libero_pro_risk_data/campaigns/fiper_sweep_eternal/instance_B/fiper_receding_samples.jsonl
bob|fiper_sweep_eternal|instance_B|libero_spatial_env_t1_r5,success_train,bob,fiper_sweep_eternal,instance_B,libero_spatial_env_t1_r5,libero_spatial_env,1,env,success,110,0,109,/media/rootalkhatib/My Passport/reda_ws/asynchvla_ws/stage9_libero_pro_risk_data/campaigns/fiper_sweep_eternal/instance_B/fiper_receding_samples.jsonl
bob|fiper_sweep_eternal|instance_B|libero_spatial_env_t1_r6,success_train,bob,fiper_sweep_eternal,instance_B,libero_spatial_env_t1_r6,libero_spatial_env,1,env,success,106,0,105,/media/rootalkhatib/My Passport/reda_ws/asynchvla_ws/stage9_libero_pro_risk_data/campaigns/fiper_sweep_eternal/instance_B/fiper_receding_samples.jsonl
bob|fiper_sweep_eternal|instance_B|libero_spatial_env_t1_r7,success_train,bob,fiper_sweep_eternal,instance_B,libero_spatial_env_t1_r7,libero_spatial_env,1,env,success,119,0,118,/media/rootalkhatib/My Passport/reda_ws/asynchvla_ws/stage9_libero_pro_risk_data/campaigns/fiper_sweep_eternal/instance_B/fiper_receding_samples.jsonl
bob|fiper_sweep_eternal|instance_B|libero_spatial_env_t1_r8,success_test_id,bob,fiper_sweep_eternal,instance_B,libero_spatial_env_t1_r8,libero_spatial_env,1,env,success,105,0,104,/media/rootalkhatib/My Passport/reda_ws/asynchvla_ws/stage9_libero_pro_risk_data/campaigns/fiper_sweep_eternal/instance_B/fiper_receding_samples.jsonl
bob|fiper_sweep_eternal|instance_B|libero_spatial_env_t1_r9,success_train,bob,fiper_sweep_eternal,instance_B,libero_spatial_env_t1_r9,libero_spatial_env,1,env,success,115,0,114,/media/rootalkhatib/My Passport/reda_ws/asynchvla_ws/stage9_libero_pro_risk_data/campaigns/fiper_sweep_eternal/instance_B/fiper_receding_samples.jsonl
bob|fiper_sweep_eternal|instance_B|libero_spatial_env_t2_r0,success_train,bob,fiper_sweep_eternal,instance_B,libero_spatial_env_t2_r0,libero_spatial_env,2,env,success,91,0,90,/media/rootalkhatib/My Passport/reda_ws/asynchvla_ws/stage9_libero_pro_risk_data/campaigns/fiper_sweep_eternal/instance_B/fiper_receding_samples.jsonl
bob|fiper_sweep_eternal|instance_B|libero_spatial_env_t2_r1,success_train,bob,fiper_sweep_eternal,instance_B,libero_spatial_env_t2_r1,libero_spatial_env,2,env,success,98,0,97,/media/rootalkhatib/My Passport/reda_ws/asynchvla_ws/stage9_libero_pro_risk_data/campaigns/fiper_sweep_eternal/instance_B/fiper_receding_samples.jsonl
bob|fiper_sweep_eternal|instance_B|libero_spatial_env_t2_r10,success_train,bob,fiper_sweep_eternal,instance_B,libero_spatial_env_t2_r10,libero_spatial_env,2,env,success,93,0,92,/media/rootalkhatib/My Passport/reda_ws/asynchvla_ws/stage9_libero_pro_risk_data/campaigns/fiper_sweep_eternal/instance_B/fiper_receding_samples.jsonl
bob|fiper_sweep_eternal|instance_B|libero_spatial_env_t2_r11,success_train,bob,fiper_sweep_eternal,instance_B,libero_spatial_env_t2_r11,libero_spatial_env,2,env,success,96,0,95,/media/rootalkhatib/My Passport/reda_ws/asynchvla_ws/stage9_libero_pro_risk_data/campaigns/fiper_sweep_eternal/instance_B/fiper_receding_samples.jsonl
bob|fiper_sweep_eternal|instance_B|libero_spatial_env_t2_r12,success_calib,bob,fiper_sweep_eternal,instance_B,libero_spatial_env_t2_r12,libero_spatial_env,2,env,success,96,0,95,/media/rootalkhatib/My Passport/reda_ws/asynchvla_ws/stage9_libero_pro_risk_data/campaigns/fiper_sweep_eternal/instance_B/fiper_receding_samples.jsonl
bob|fiper_sweep_eternal|instance_B|libero_spatial_env_t2_r13,success_train,bob,fiper_sweep_eternal,instance_B,libero_spatial_env_t2_r13,libero_spatial_env,2,env,success,95,0,94,/media/rootalkhatib/My Passport/reda_ws/asynchvla_ws/stage9_libero_pro_risk_data/campaigns/fiper_sweep_eternal/instance_B/fiper_receding_samples.jsonl
bob|fiper_sweep_eternal|instance_B|libero_spatial_env_t2_r14,success_train,bob,fiper_sweep_eternal,instance_B,libero_spatial_env_t2_r14,libero_spatial_env,2,env,success,93,0,92,/media/rootalkhatib/My Passport/reda_ws/asynchvla_ws/stage9_libero_pro_risk_data/campaigns/fiper_sweep_eternal/instance_B/fiper_receding_samples.jsonl
bob|fiper_sweep_eternal|instance_B|libero_spatial_env_t2_r15,success_test_id,bob,fiper_sweep_eternal,instance_B,libero_spatial_env_t2_r15,libero_spatial_env,2,env,success,89,0,88,/media/rootalkhatib/My Passport/reda_ws/asynchvla_ws/stage9_libero_pro_risk_data/campaigns/fiper_sweep_eternal/instance_B/fiper_receding_samples.jsonl
bob|fiper_sweep_eternal|instance_B|libero_spatial_env_t2_r16,success_train,bob,fiper_sweep_eternal,instance_B,libero_spatial_env_t2_r16,libero_spatial_env,2,env,success,84,0,83,/media/rootalkhatib/My Passport/reda_ws/asynchvla_ws/stage9_libero_pro_risk_data/campaigns/fiper_sweep_eternal/instance_B/fiper_receding_samples.jsonl
bob|fiper_sweep_eternal|instance_B|libero_spatial_env_t2_r17,success_train,bob,fiper_sweep_eternal,instance_B,libero_spatial_env_t2_r17,libero_spatial_env,2,env,success,92,0,91,/media/rootalkhatib/My Passport/reda_ws/asynchvla_ws/stage9_libero_pro_risk_data/campaigns/fiper_sweep_eternal/instance_B/fiper_receding_samples.jsonl
bob|fiper_sweep_eternal|instance_B|libero_spatial_env_t2_r18,success_train,bob,fiper_sweep_eternal,instance_B,libero_spatial_env_t2_r18,libero_spatial_env,2,env,success,96,0,95,/media/rootalkhatib/My Passport/reda_ws/asynchvla_ws/stage9_libero_pro_risk_data/campaigns/fiper_sweep_eternal/instance_B/fiper_receding_samples.jsonl
bob|fiper_sweep_eternal|instance_B|libero_spatial_env_t2_r19,success_train,bob,fiper_sweep_eternal,instance_B,libero_spatial_env_t2_r19,libero_spatial_env,2,env,success,92,0,91,/media/rootalkhatib/My Passport/reda_ws/asynchvla_ws/stage9_libero_pro_risk_data/campaigns/fiper_sweep_eternal/instance_B/fiper_receding_samples.jsonl
bob|fiper_sweep_eternal|instance_B|libero_spatial_env_t2_r2,success_calib,bob,fiper_sweep_eternal,instance_B,libero_spatial_env_t2_r2,libero_spatial_env,2,env,success,92,0,91,/media/rootalkhatib/My Passport/reda_ws/asynchvla_ws/stage9_libero_pro_risk_data/campaigns/fiper_sweep_eternal/instance_B/fiper_receding_samples.jsonl
bob|fiper_sweep_eternal|instance_B|libero_spatial_env_t2_r20,success_train,bob,fiper_sweep_eternal,instance_B,libero_spatial_env_t2_r20,libero_spatial_env,2,env,success,94,0,93,/media/rootalkhatib/My Passport/reda_ws/asynchvla_ws/stage9_libero_pro_risk_data/campaigns/fiper_sweep_eternal/instance_B/fiper_receding_samples.jsonl
bob|fiper_sweep_eternal|instance_B|libero_spatial_env_t2_r21,success_train,bob,fiper_sweep_eternal,instance_B,libero_spatial_env_t2_r21,libero_spatial_env,2,env,success,91,0,90,/media/rootalkhatib/My Passport/reda_ws/asynchvla_ws/stage9_libero_pro_risk_data/campaigns/fiper_sweep_eternal/instance_B/fiper_receding_samples.jsonl
bob|fiper_sweep_eternal|instance_B|libero_spatial_env_t2_r22,success_train,bob,fiper_sweep_eternal,instance_B,libero_spatial_env_t2_r22,libero_spatial_env,2,env,success,96,0,95,/media/rootalkhatib/My Passport/reda_ws/asynchvla_ws/stage9_libero_pro_risk_data/campaigns/fiper_sweep_eternal/instance_B/fiper_receding_samples.jsonl
bob|fiper_sweep_eternal|instance_B|libero_spatial_env_t2_r23,success_train,bob,fiper_sweep_eternal,instance_B,libero_spatial_env_t2_r23,libero_spatial_env,2,env,success,97,0,96,/media/rootalkhatib/My Passport/reda_ws/asynchvla_ws/stage9_libero_pro_risk_data/campaigns/fiper_sweep_eternal/instance_B/fiper_receding_samples.jsonl
bob|fiper_sweep_eternal|instance_B|libero_spatial_env_t2_r24,success_test_id,bob,fiper_sweep_eternal,instance_B,libero_spatial_env_t2_r24,libero_spatial_env,2,env,success,95,0,94,/media/rootalkhatib/My Passport/reda_ws/asynchvla_ws/stage9_libero_pro_risk_data/campaigns/fiper_sweep_eternal/instance_B/fiper_receding_samples.jsonl
bob|fiper_sweep_eternal|instance_B|libero_spatial_env_t2_r25,success_train,bob,fiper_sweep_eternal,instance_B,libero_spatial_env_t2_r25,libero_spatial_env,2,env,success,94,0,93,/media/rootalkhatib/My Passport/reda_ws/asynchvla_ws/stage9_libero_pro_risk_data/campaigns/fiper_sweep_eternal/instance_B/fiper_receding_samples.jsonl
bob|fiper_sweep_eternal|instance_B|libero_spatial_env_t2_r26,success_train,bob,fiper_sweep_eternal,instance_B,libero_spatial_env_t2_r26,libero_spatial_env,2,env,success,94,0,93,/media/rootalkhatib/My Passport/reda_ws/asynchvla_ws/stage9_libero_pro_risk_data/campaigns/fiper_sweep_eternal/instance_B/fiper_receding_samples.jsonl
bob|fiper_sweep_eternal|instance_B|libero_spatial_env_t2_r27,success_calib,bob,fiper_sweep_eternal,instance_B,libero_spatial_env_t2_r27,libero_spatial_env,2,env,success,89,0,88,/media/rootalkhatib/My Passport/reda_ws/asynchvla_ws/stage9_libero_pro_risk_data/campaigns/fiper_sweep_eternal/instance_B/fiper_receding_samples.jsonl
bob|fiper_sweep_eternal|instance_B|libero_spatial_env_t2_r28,success_train,bob,fiper_sweep_eternal,instance_B,libero_spatial_env_t2_r28,libero_spatial_env,2,env,success,93,0,92,/media/rootalkhatib/My Passport/reda_ws/asynchvla_ws/stage9_libero_pro_risk_data/campaigns/fiper_sweep_eternal/instance_B/fiper_receding_samples.jsonl
bob|fiper_sweep_eternal|instance_B|libero_spatial_env_t2_r29,success_test_id,bob,fiper_sweep_eternal,instance_B,libero_spatial_env_t2_r29,libero_spatial_env,2,env,success,90,0,89,/media/rootalkhatib/My Passport/reda_ws/asynchvla_ws/stage9_libero_pro_risk_data/campaigns/fiper_sweep_eternal/instance_B/fiper_receding_samples.jsonl
bob|fiper_sweep_eternal|instance_B|libero_spatial_env_t2_r3,success_train,bob,fiper_sweep_eternal,instance_B,libero_spatial_env_t2_r3,libero_spatial_env,2,env,success,86,0,85,/media/rootalkhatib/My Passport/reda_ws/asynchvla_ws/stage9_libero_pro_risk_data/campaigns/fiper_sweep_eternal/instance_B/fiper_receding_samples.jsonl
bob|fiper_sweep_eternal|instance_B|libero_spatial_env_t2_r30,success_train,bob,fiper_sweep_eternal,instance_B,libero_spatial_env_t2_r30,libero_spatial_env,2,env,success,90,0,89,/media/rootalkhatib/My Passport/reda_ws/asynchvla_ws/stage9_libero_pro_risk_data/campaigns/fiper_sweep_eternal/instance_B/fiper_receding_samples.jsonl
bob|fiper_sweep_eternal|instance_B|libero_spatial_env_t2_r31,success_calib,bob,fiper_sweep_eternal,instance_B,libero_spatial_env_t2_r31,libero_spatial_env,2,env,success,87,0,86,/media/rootalkhatib/My Passport/reda_ws/asynchvla_ws/stage9_libero_pro_risk_data/campaigns/fiper_sweep_eternal/instance_B/fiper_receding_samples.jsonl
bob|fiper_sweep_eternal|instance_B|libero_spatial_env_t2_r32,success_train,bob,fiper_sweep_eternal,instance_B,libero_spatial_env_t2_r32,libero_spatial_env,2,env,success,91,0,90,/media/rootalkhatib/My Passport/reda_ws/asynchvla_ws/stage9_libero_pro_risk_data/campaigns/fiper_sweep_eternal/instance_B/fiper_receding_samples.jsonl
bob|fiper_sweep_eternal|instance_B|libero_spatial_env_t2_r33,success_calib,bob,fiper_sweep_eternal,instance_B,libero_spatial_env_t2_r33,libero_spatial_env,2,env,success,98,0,97,/media/rootalkhatib/My Passport/reda_ws/asynchvla_ws/stage9_libero_pro_risk_data/campaigns/fiper_sweep_eternal/instance_B/fiper_receding_samples.jsonl
bob|fiper_sweep_eternal|instance_B|libero_spatial_env_t2_r34,success_train,bob,fiper_sweep_eternal,instance_B,libero_spatial_env_t2_r34,libero_spatial_env,2,env,success,99,0,98,/media/rootalkhatib/My Passport/reda_ws/asynchvla_ws/stage9_libero_pro_risk_data/campaigns/fiper_sweep_eternal/instance_B/fiper_receding_samples.jsonl
bob|fiper_sweep_eternal|instance_B|libero_spatial_env_t2_r35,success_test_id,bob,fiper_sweep_eternal,instance_B,libero_spatial_env_t2_r35,libero_spatial_env,2,env,success,87,0,86,/media/rootalkhatib/My Passport/reda_ws/asynchvla_ws/stage9_libero_pro_risk_data/campaigns/fiper_sweep_eternal/instance_B/fiper_receding_samples.jsonl
bob|fiper_sweep_eternal|instance_B|libero_spatial_env_t2_r36,success_train,bob,fiper_sweep_eternal,instance_B,libero_spatial_env_t2_r36,libero_spatial_env,2,env,success,92,0,91,/media/rootalkhatib/My Passport/reda_ws/asynchvla_ws/stage9_libero_pro_risk_data/campaigns/fiper_sweep_eternal/instance_B/fiper_receding_samples.jsonl
bob|fiper_sweep_eternal|instance_B|libero_spatial_env_t2_r37,success_train,bob,fiper_sweep_eternal,instance_B,libero_spatial_env_t2_r37,libero_spatial_env,2,env,success,94,0,93,/media/rootalkhatib/My Passport/reda_ws/asynchvla_ws/stage9_libero_pro_risk_data/campaigns/fiper_sweep_eternal/instance_B/fiper_receding_samples.jsonl
bob|fiper_sweep_eternal|instance_B|libero_spatial_env_t2_r4,success_train,bob,fiper_sweep_eternal,instance_B,libero_spatial_env_t2_r4,libero_spatial_env,2,env,success,96,0,95,/media/rootalkhatib/My Passport/reda_ws/asynchvla_ws/stage9_libero_pro_risk_data/campaigns/fiper_sweep_eternal/instance_B/fiper_receding_samples.jsonl
bob|fiper_sweep_eternal|instance_B|libero_spatial_env_t2_r5,success_train,bob,fiper_sweep_eternal,instance_B,libero_spatial_env_t2_r5,libero_spatial_env,2,env,success,97,0,96,/media/rootalkhatib/My Passport/reda_ws/asynchvla_ws/stage9_libero_pro_risk_data/campaigns/fiper_sweep_eternal/instance_B/fiper_receding_samples.jsonl
bob|fiper_sweep_eternal|instance_B|libero_spatial_env_t2_r6,success_train,bob,fiper_sweep_eternal,instance_B,libero_spatial_env_t2_r6,libero_spatial_env,2,env,success,97,0,96,/media/rootalkhatib/My Passport/reda_ws/asynchvla_ws/stage9_libero_pro_risk_data/campaigns/fiper_sweep_eternal/instance_B/fiper_receding_samples.jsonl
bob|fiper_sweep_eternal|instance_B|libero_spatial_env_t2_r7,success_train,bob,fiper_sweep_eternal,instance_B,libero_spatial_env_t2_r7,libero_spatial_env,2,env,success,99,0,98,/media/rootalkhatib/My Passport/reda_ws/asynchvla_ws/stage9_libero_pro_risk_data/campaigns/fiper_sweep_eternal/instance_B/fiper_receding_samples.jsonl
bob|fiper_sweep_eternal|instance_B|libero_spatial_env_t2_r8,success_calib,bob,fiper_sweep_eternal,instance_B,libero_spatial_env_t2_r8,libero_spatial_env,2,env,success,95,0,94,/media/rootalkhatib/My Passport/reda_ws/asynchvla_ws/stage9_libero_pro_risk_data/campaigns/fiper_sweep_eternal/instance_B/fiper_receding_samples.jsonl
bob|fiper_sweep_eternal|instance_B|libero_spatial_env_t2_r9,success_test_id,bob,fiper_sweep_eternal,instance_B,libero_spatial_env_t2_r9,libero_spatial_env,2,env,success,89,0,88,/media/rootalkhatib/My Passport/reda_ws/asynchvla_ws/stage9_libero_pro_risk_data/campaigns/fiper_sweep_eternal/instance_B/fiper_receding_samples.jsonl
bob|fiper_sweep_eternal|instance_B|libero_spatial_env_t3_r0,success_train,bob,fiper_sweep_eternal,instance_B,libero_spatial_env_t3_r0,libero_spatial_env,3,env,success,82,0,81,/media/rootalkhatib/My Passport/reda_ws/asynchvla_ws/stage9_libero_pro_risk_data/campaigns/fiper_sweep_eternal/instance_B/fiper_receding_samples.jsonl
bob|fiper_sweep_eternal|instance_B|libero_spatial_env_t3_r1,success_calib,bob,fiper_sweep_eternal,instance_B,libero_spatial_env_t3_r1,libero_spatial_env,3,env,success,85,0,84,/media/rootalkhatib/My Passport/reda_ws/asynchvla_ws/stage9_libero_pro_risk_data/campaigns/fiper_sweep_eternal/instance_B/fiper_receding_samples.jsonl
bob|fiper_sweep_eternal|instance_B|libero_spatial_env_t3_r10,success_train,bob,fiper_sweep_eternal,instance_B,libero_spatial_env_t3_r10,libero_spatial_env,3,env,success,85,0,84,/media/rootalkhatib/My Passport/reda_ws/asynchvla_ws/stage9_libero_pro_risk_data/campaigns/fiper_sweep_eternal/instance_B/fiper_receding_samples.jsonl
bob|fiper_sweep_eternal|instance_B|libero_spatial_env_t3_r11,success_train,bob,fiper_sweep_eternal,instance_B,libero_spatial_env_t3_r11,libero_spatial_env,3,env,success,81,0,80,/media/rootalkhatib/My Passport/reda_ws/asynchvla_ws/stage9_libero_pro_risk_data/campaigns/fiper_sweep_eternal/instance_B/fiper_receding_samples.jsonl
bob|fiper_sweep_eternal|instance_B|libero_spatial_env_t3_r12,success_train,bob,fiper_sweep_eternal,instance_B,libero_spatial_env_t3_r12,libero_spatial_env,3,env,success,89,0,88,/media/rootalkhatib/My Passport/reda_ws/asynchvla_ws/stage9_libero_pro_risk_data/campaigns/fiper_sweep_eternal/instance_B/fiper_receding_samples.jsonl
bob|fiper_sweep_eternal|instance_B|libero_spatial_env_t3_r13,success_train,bob,fiper_sweep_eternal,instance_B,libero_spatial_env_t3_r13,libero_spatial_env,3,env,success,82,0,81,/media/rootalkhatib/My Passport/reda_ws/asynchvla_ws/stage9_libero_pro_risk_data/campaigns/fiper_sweep_eternal/instance_B/fiper_receding_samples.jsonl
bob|fiper_sweep_eternal|instance_B|libero_spatial_env_t3_r14,success_train,bob,fiper_sweep_eternal,instance_B,libero_spatial_env_t3_r14,libero_spatial_env,3,env,success,95,0,94,/media/rootalkhatib/My Passport/reda_ws/asynchvla_ws/stage9_libero_pro_risk_data/campaigns/fiper_sweep_eternal/instance_B/fiper_receding_samples.jsonl
bob|fiper_sweep_eternal|instance_B|libero_spatial_env_t3_r15,success_train,bob,fiper_sweep_eternal,instance_B,libero_spatial_env_t3_r15,libero_spatial_env,3,env,success,81,0,80,/media/rootalkhatib/My Passport/reda_ws/asynchvla_ws/stage9_libero_pro_risk_data/campaigns/fiper_sweep_eternal/instance_B/fiper_receding_samples.jsonl
bob|fiper_sweep_eternal|instance_B|libero_spatial_env_t3_r16,success_calib,bob,fiper_sweep_eternal,instance_B,libero_spatial_env_t3_r16,libero_spatial_env,3,env,success,81,0,80,/media/rootalkhatib/My Passport/reda_ws/asynchvla_ws/stage9_libero_pro_risk_data/campaigns/fiper_sweep_eternal/instance_B/fiper_receding_samples.jsonl
bob|fiper_sweep_eternal|instance_B|libero_spatial_env_t3_r17,success_train,bob,fiper_sweep_eternal,instance_B,libero_spatial_env_t3_r17,libero_spatial_env,3,env,success,87,0,86,/media/rootalkhatib/My Passport/reda_ws/asynchvla_ws/stage9_libero_pro_risk_data/campaigns/fiper_sweep_eternal/instance_B/fiper_receding_samples.jsonl
bob|fiper_sweep_eternal|instance_B|libero_spatial_env_t3_r18,success_train,bob,fiper_sweep_eternal,instance_B,libero_spatial_env_t3_r18,libero_spatial_env,3,env,success,85,0,84,/media/rootalkhatib/My Passport/reda_ws/asynchvla_ws/stage9_libero_pro_risk_data/campaigns/fiper_sweep_eternal/instance_B/fiper_receding_samples.jsonl
bob|fiper_sweep_eternal|instance_B|libero_spatial_env_t3_r19,success_train,bob,fiper_sweep_eternal,instance_B,libero_spatial_env_t3_r19,libero_spatial_env,3,env,success,81,0,80,/media/rootalkhatib/My Passport/reda_ws/asynchvla_ws/stage9_libero_pro_risk_data/campaigns/fiper_sweep_eternal/instance_B/fiper_receding_samples.jsonl
bob|fiper_sweep_eternal|instance_B|libero_spatial_env_t3_r2,success_test_id,bob,fiper_sweep_eternal,instance_B,libero_spatial_env_t3_r2,libero_spatial_env,3,env,success,80,0,79,/media/rootalkhatib/My Passport/reda_ws/asynchvla_ws/stage9_libero_pro_risk_data/campaigns/fiper_sweep_eternal/instance_B/fiper_receding_samples.jsonl
bob|fiper_sweep_eternal|instance_B|libero_spatial_env_t3_r20,success_test_id,bob,fiper_sweep_eternal,instance_B,libero_spatial_env_t3_r20,libero_spatial_env,3,env,success,89,0,88,/media/rootalkhatib/My Passport/reda_ws/asynchvla_ws/stage9_libero_pro_risk_data/campaigns/fiper_sweep_eternal/instance_B/fiper_receding_samples.jsonl
bob|fiper_sweep_eternal|instance_B|libero_spatial_env_t3_r21,success_train,bob,fiper_sweep_eternal,instance_B,libero_spatial_env_t3_r21,libero_spatial_env,3,env,success,93,0,92,/media/rootalkhatib/My Passport/reda_ws/asynchvla_ws/stage9_libero_pro_risk_data/campaigns/fiper_sweep_eternal/instance_B/fiper_receding_samples.jsonl
bob|fiper_sweep_eternal|instance_B|libero_spatial_env_t3_r22,success_train,bob,fiper_sweep_eternal,instance_B,libero_spatial_env_t3_r22,libero_spatial_env,3,env,success,84,0,83,/media/rootalkhatib/My Passport/reda_ws/asynchvla_ws/stage9_libero_pro_risk_data/campaigns/fiper_sweep_eternal/instance_B/fiper_receding_samples.jsonl
bob|fiper_sweep_eternal|instance_B|libero_spatial_env_t3_r23,success_train,bob,fiper_sweep_eternal,instance_B,libero_spatial_env_t3_r23,libero_spatial_env,3,env,success,84,0,83,/media/rootalkhatib/My Passport/reda_ws/asynchvla_ws/stage9_libero_pro_risk_data/campaigns/fiper_sweep_eternal/instance_B/fiper_receding_samples.jsonl
bob|fiper_sweep_eternal|instance_B|libero_spatial_env_t3_r24,success_test_id,bob,fiper_sweep_eternal,instance_B,libero_spatial_env_t3_r24,libero_spatial_env,3,env,success,86,0,85,/media/rootalkhatib/My Passport/reda_ws/asynchvla_ws/stage9_libero_pro_risk_data/campaigns/fiper_sweep_eternal/instance_B/fiper_receding_samples.jsonl
bob|fiper_sweep_eternal|instance_B|libero_spatial_env_t3_r25,success_train,bob,fiper_sweep_eternal,instance_B,libero_spatial_env_t3_r25,libero_spatial_env,3,env,success,81,0,80,/media/rootalkhatib/My Passport/reda_ws/asynchvla_ws/stage9_libero_pro_risk_data/campaigns/fiper_sweep_eternal/instance_B/fiper_receding_samples.jsonl
bob|fiper_sweep_eternal|instance_B|libero_spatial_env_t3_r26,success_train,bob,fiper_sweep_eternal,instance_B,libero_spatial_env_t3_r26,libero_spatial_env,3,env,success,79,0,78,/media/rootalkhatib/My Passport/reda_ws/asynchvla_ws/stage9_libero_pro_risk_data/campaigns/fiper_sweep_eternal/instance_B/fiper_receding_samples.jsonl
bob|fiper_sweep_eternal|instance_B|libero_spatial_env_t3_r27,success_train,bob,fiper_sweep_eternal,instance_B,libero_spatial_env_t3_r27,libero_spatial_env,3,env,success,82,0,81,/media/rootalkhatib/My Passport/reda_ws/asynchvla_ws/stage9_libero_pro_risk_data/campaigns/fiper_sweep_eternal/instance_B/fiper_receding_samples.jsonl
bob|fiper_sweep_eternal|instance_B|libero_spatial_env_t3_r28,success_train,bob,fiper_sweep_eternal,instance_B,libero_spatial_env_t3_r28,libero_spatial_env,3,env,success,82,0,81,/media/rootalkhatib/My Passport/reda_ws/asynchvla_ws/stage9_libero_pro_risk_data/campaigns/fiper_sweep_eternal/instance_B/fiper_receding_samples.jsonl
bob|fiper_sweep_eternal|instance_B|libero_spatial_env_t3_r29,success_train,bob,fiper_sweep_eternal,instance_B,libero_spatial_env_t3_r29,libero_spatial_env,3,env,success,83,0,82,/media/rootalkhatib/My Passport/reda_ws/asynchvla_ws/stage9_libero_pro_risk_data/campaigns/fiper_sweep_eternal/instance_B/fiper_receding_samples.jsonl
bob|fiper_sweep_eternal|instance_B|libero_spatial_env_t3_r3,success_train,bob,fiper_sweep_eternal,instance_B,libero_spatial_env_t3_r3,libero_spatial_env,3,env,success,85,0,84,/media/rootalkhatib/My Passport/reda_ws/asynchvla_ws/stage9_libero_pro_risk_data/campaigns/fiper_sweep_eternal/instance_B/fiper_receding_samples.jsonl
bob|fiper_sweep_eternal|instance_B|libero_spatial_env_t3_r30,success_test_id,bob,fiper_sweep_eternal,instance_B,libero_spatial_env_t3_r30,libero_spatial_env,3,env,success,88,0,87,/media/rootalkhatib/My Passport/reda_ws/asynchvla_ws/stage9_libero_pro_risk_data/campaigns/fiper_sweep_eternal/instance_B/fiper_receding_samples.jsonl
bob|fiper_sweep_eternal|instance_B|libero_spatial_env_t3_r31,success_calib,bob,fiper_sweep_eternal,instance_B,libero_spatial_env_t3_r31,libero_spatial_env,3,env,success,78,0,77,/media/rootalkhatib/My Passport/reda_ws/asynchvla_ws/stage9_libero_pro_risk_data/campaigns/fiper_sweep_eternal/instance_B/fiper_receding_samples.jsonl
bob|fiper_sweep_eternal|instance_B|libero_spatial_env_t3_r32,success_train,bob,fiper_sweep_eternal,instance_B,libero_spatial_env_t3_r32,libero_spatial_env,3,env,success,84,0,83,/media/rootalkhatib/My Passport/reda_ws/asynchvla_ws/stage9_libero_pro_risk_data/campaigns/fiper_sweep_eternal/instance_B/fiper_receding_samples.jsonl
bob|fiper_sweep_eternal|instance_B|libero_spatial_env_t3_r33,success_train,bob,fiper_sweep_eternal,instance_B,libero_spatial_env_t3_r33,libero_spatial_env,3,env,success,82,0,81,/media/rootalkhatib/My Passport/reda_ws/asynchvla_ws/stage9_libero_pro_risk_data/campaigns/fiper_sweep_eternal/instance_B/fiper_receding_samples.jsonl
bob|fiper_sweep_eternal|instance_B|libero_spatial_env_t3_r34,success_test_id,bob,fiper_sweep_eternal,instance_B,libero_spatial_env_t3_r34,libero_spatial_env,3,env,success,84,0,83,/media/rootalkhatib/My Passport/reda_ws/asynchvla_ws/stage9_libero_pro_risk_data/campaigns/fiper_sweep_eternal/instance_B/fiper_receding_samples.jsonl
bob|fiper_sweep_eternal|instance_B|libero_spatial_env_t3_r35,success_calib,bob,fiper_sweep_eternal,instance_B,libero_spatial_env_t3_r35,libero_spatial_env,3,env,success,83,0,82,/media/rootalkhatib/My Passport/reda_ws/asynchvla_ws/stage9_libero_pro_risk_data/campaigns/fiper_sweep_eternal/instance_B/fiper_receding_samples.jsonl
bob|fiper_sweep_eternal|instance_B|libero_spatial_env_t3_r36,success_train,bob,fiper_sweep_eternal,instance_B,libero_spatial_env_t3_r36,libero_spatial_env,3,env,success,84,0,83,/media/rootalkhatib/My Passport/reda_ws/asynchvla_ws/stage9_libero_pro_risk_data/campaigns/fiper_sweep_eternal/instance_B/fiper_receding_samples.jsonl
bob|fiper_sweep_eternal|instance_B|libero_spatial_env_t3_r37,success_train,bob,fiper_sweep_eternal,instance_B,libero_spatial_env_t3_r37,libero_spatial_env,3,env,success,85,0,84,/media/rootalkhatib/My Passport/reda_ws/asynchvla_ws/stage9_libero_pro_risk_data/campaigns/fiper_sweep_eternal/instance_B/fiper_receding_samples.jsonl
bob|fiper_sweep_eternal|instance_B|libero_spatial_env_t3_r4,success_calib,bob,fiper_sweep_eternal,instance_B,libero_spatial_env_t3_r4,libero_spatial_env,3,env,success,88,0,87,/media/rootalkhatib/My Passport/reda_ws/asynchvla_ws/stage9_libero_pro_risk_data/campaigns/fiper_sweep_eternal/instance_B/fiper_receding_samples.jsonl
bob|fiper_sweep_eternal|instance_B|libero_spatial_env_t3_r5,success_train,bob,fiper_sweep_eternal,instance_B,libero_spatial_env_t3_r5,libero_spatial_env,3,env,success,88,0,87,/media/rootalkhatib/My Passport/reda_ws/asynchvla_ws/stage9_libero_pro_risk_data/campaigns/fiper_sweep_eternal/instance_B/fiper_receding_samples.jsonl
bob|fiper_sweep_eternal|instance_B|libero_spatial_env_t3_r6,success_train,bob,fiper_sweep_eternal,instance_B,libero_spatial_env_t3_r6,libero_spatial_env,3,env,success,81,0,80,/media/rootalkhatib/My Passport/reda_ws/asynchvla_ws/stage9_libero_pro_risk_data/campaigns/fiper_sweep_eternal/instance_B/fiper_receding_samples.jsonl
bob|fiper_sweep_eternal|instance_B|libero_spatial_env_t3_r7,success_train,bob,fiper_sweep_eternal,instance_B,libero_spatial_env_t3_r7,libero_spatial_env,3,env,success,82,0,81,/media/rootalkhatib/My Passport/reda_ws/asynchvla_ws/stage9_libero_pro_risk_data/campaigns/fiper_sweep_eternal/instance_B/fiper_receding_samples.jsonl
bob|fiper_sweep_eternal|instance_B|libero_spatial_env_t3_r8,success_train,bob,fiper_sweep_eternal,instance_B,libero_spatial_env_t3_r8,libero_spatial_env,3,env,success,82,0,81,/media/rootalkhatib/My Passport/reda_ws/asynchvla_ws/stage9_libero_pro_risk_data/campaigns/fiper_sweep_eternal/instance_B/fiper_receding_samples.jsonl
bob|fiper_sweep_eternal|instance_B|libero_spatial_env_t3_r9,success_calib,bob,fiper_sweep_eternal,instance_B,libero_spatial_env_t3_r9,libero_spatial_env,3,env,success,80,0,79,/media/rootalkhatib/My Passport/reda_ws/asynchvla_ws/stage9_libero_pro_risk_data/campaigns/fiper_sweep_eternal/instance_B/fiper_receding_samples.jsonl
bob|fiper_sweep_eternal|instance_B|libero_spatial_env_t4_r0,success_train,bob,fiper_sweep_eternal,instance_B,libero_spatial_env_t4_r0,libero_spatial_env,4,env,success,116,0,115,/media/rootalkhatib/My Passport/reda_ws/asynchvla_ws/stage9_libero_pro_risk_data/campaigns/fiper_sweep_eternal/instance_B/fiper_receding_samples.jsonl
bob|fiper_sweep_eternal|instance_B|libero_spatial_env_t4_r1,failure_eval_all,bob,fiper_sweep_eternal,instance_B,libero_spatial_env_t4_r1,libero_spatial_env,4,env,failure_or_timeout,300,0,299,/media/rootalkhatib/My Passport/reda_ws/asynchvla_ws/stage9_libero_pro_risk_data/campaigns/fiper_sweep_eternal/instance_B/fiper_receding_samples.jsonl
bob|fiper_sweep_eternal|instance_B|libero_spatial_env_t4_r10,success_train,bob,fiper_sweep_eternal,instance_B,libero_spatial_env_t4_r10,libero_spatial_env,4,env,success,120,0,119,/media/rootalkhatib/My Passport/reda_ws/asynchvla_ws/stage9_libero_pro_risk_data/campaigns/fiper_sweep_eternal/instance_B/fiper_receding_samples.jsonl
bob|fiper_sweep_eternal|instance_B|libero_spatial_env_t4_r11,success_train,bob,fiper_sweep_eternal,instance_B,libero_spatial_env_t4_r11,libero_spatial_env,4,env,success,127,0,126,/media/rootalkhatib/My Passport/reda_ws/asynchvla_ws/stage9_libero_pro_risk_data/campaigns/fiper_sweep_eternal/instance_B/fiper_receding_samples.jsonl
bob|fiper_sweep_eternal|instance_B|libero_spatial_env_t4_r12,success_train,bob,fiper_sweep_eternal,instance_B,libero_spatial_env_t4_r12,libero_spatial_env,4,env,success,136,0,135,/media/rootalkhatib/My Passport/reda_ws/asynchvla_ws/stage9_libero_pro_risk_data/campaigns/fiper_sweep_eternal/instance_B/fiper_receding_samples.jsonl
bob|fiper_sweep_eternal|instance_B|libero_spatial_env_t4_r13,success_train,bob,fiper_sweep_eternal,instance_B,libero_spatial_env_t4_r13,libero_spatial_env,4,env,success,127,0,126,/media/rootalkhatib/My Passport/reda_ws/asynchvla_ws/stage9_libero_pro_risk_data/campaigns/fiper_sweep_eternal/instance_B/fiper_receding_samples.jsonl
bob|fiper_sweep_eternal|instance_B|libero_spatial_env_t4_r14,success_calib,bob,fiper_sweep_eternal,instance_B,libero_spatial_env_t4_r14,libero_spatial_env,4,env,success,119,0,118,/media/rootalkhatib/My Passport/reda_ws/asynchvla_ws/stage9_libero_pro_risk_data/campaigns/fiper_sweep_eternal/instance_B/fiper_receding_samples.jsonl
bob|fiper_sweep_eternal|instance_B|libero_spatial_env_t4_r15,success_train,bob,fiper_sweep_eternal,instance_B,libero_spatial_env_t4_r15,libero_spatial_env,4,env,success,121,0,120,/media/rootalkhatib/My Passport/reda_ws/asynchvla_ws/stage9_libero_pro_risk_data/campaigns/fiper_sweep_eternal/instance_B/fiper_receding_samples.jsonl
bob|fiper_sweep_eternal|instance_B|libero_spatial_env_t4_r16,success_test_id,bob,fiper_sweep_eternal,instance_B,libero_spatial_env_t4_r16,libero_spatial_env,4,env,success,122,0,121,/media/rootalkhatib/My Passport/reda_ws/asynchvla_ws/stage9_libero_pro_risk_data/campaigns/fiper_sweep_eternal/instance_B/fiper_receding_samples.jsonl
bob|fiper_sweep_eternal|instance_B|libero_spatial_env_t4_r17,success_train,bob,fiper_sweep_eternal,instance_B,libero_spatial_env_t4_r17,libero_spatial_env,4,env,success,132,0,131,/media/rootalkhatib/My Passport/reda_ws/asynchvla_ws/stage9_libero_pro_risk_data/campaigns/fiper_sweep_eternal/instance_B/fiper_receding_samples.jsonl
bob|fiper_sweep_eternal|instance_B|libero_spatial_env_t4_r18,success_train,bob,fiper_sweep_eternal,instance_B,libero_spatial_env_t4_r18,libero_spatial_env,4,env,success,120,0,119,/media/rootalkhatib/My Passport/reda_ws/asynchvla_ws/stage9_libero_pro_risk_data/campaigns/fiper_sweep_eternal/instance_B/fiper_receding_samples.jsonl
bob|fiper_sweep_eternal|instance_B|libero_spatial_env_t4_r19,success_test_id,bob,fiper_sweep_eternal,instance_B,libero_spatial_env_t4_r19,libero_spatial_env,4,env,success,132,0,131,/media/rootalkhatib/My Passport/reda_ws/asynchvla_ws/stage9_libero_pro_risk_data/campaigns/fiper_sweep_eternal/instance_B/fiper_receding_samples.jsonl
bob|fiper_sweep_eternal|instance_B|libero_spatial_env_t4_r2,success_train,bob,fiper_sweep_eternal,instance_B,libero_spatial_env_t4_r2,libero_spatial_env,4,env,success,115,0,114,/media/rootalkhatib/My Passport/reda_ws/asynchvla_ws/stage9_libero_pro_risk_data/campaigns/fiper_sweep_eternal/instance_B/fiper_receding_samples.jsonl
bob|fiper_sweep_eternal|instance_B|libero_spatial_env_t4_r20,success_train,bob,fiper_sweep_eternal,instance_B,libero_spatial_env_t4_r20,libero_spatial_env,4,env,success,121,0,120,/media/rootalkhatib/My Passport/reda_ws/asynchvla_ws/stage9_libero_pro_risk_data/campaigns/fiper_sweep_eternal/instance_B/fiper_receding_samples.jsonl
bob|fiper_sweep_eternal|instance_B|libero_spatial_env_t4_r21,success_train,bob,fiper_sweep_eternal,instance_B,libero_spatial_env_t4_r21,libero_spatial_env,4,env,success,122,0,121,/media/rootalkhatib/My Passport/reda_ws/asynchvla_ws/stage9_libero_pro_risk_data/campaigns/fiper_sweep_eternal/instance_B/fiper_receding_samples.jsonl
bob|fiper_sweep_eternal|instance_B|libero_spatial_env_t4_r22,success_train,bob,fiper_sweep_eternal,instance_B,libero_spatial_env_t4_r22,libero_spatial_env,4,env,success,119,0,118,/media/rootalkhatib/My Passport/reda_ws/asynchvla_ws/stage9_libero_pro_risk_data/campaigns/fiper_sweep_eternal/instance_B/fiper_receding_samples.jsonl
bob|fiper_sweep_eternal|instance_B|libero_spatial_env_t4_r23,success_train,bob,fiper_sweep_eternal,instance_B,libero_spatial_env_t4_r23,libero_spatial_env,4,env,success,124,0,123,/media/rootalkhatib/My Passport/reda_ws/asynchvla_ws/stage9_libero_pro_risk_data/campaigns/fiper_sweep_eternal/instance_B/fiper_receding_samples.jsonl
bob|fiper_sweep_eternal|instance_B|libero_spatial_env_t4_r24,success_calib,bob,fiper_sweep_eternal,instance_B,libero_spatial_env_t4_r24,libero_spatial_env,4,env,success,120,0,119,/media/rootalkhatib/My Passport/reda_ws/asynchvla_ws/stage9_libero_pro_risk_data/campaigns/fiper_sweep_eternal/instance_B/fiper_receding_samples.jsonl
bob|fiper_sweep_eternal|instance_B|libero_spatial_env_t4_r25,success_calib,bob,fiper_sweep_eternal,instance_B,libero_spatial_env_t4_r25,libero_spatial_env,4,env,success,129,0,128,/media/rootalkhatib/My Passport/reda_ws/asynchvla_ws/stage9_libero_pro_risk_data/campaigns/fiper_sweep_eternal/instance_B/fiper_receding_samples.jsonl
bob|fiper_sweep_eternal|instance_B|libero_spatial_env_t4_r26,success_train,bob,fiper_sweep_eternal,instance_B,libero_spatial_env_t4_r26,libero_spatial_env,4,env,success,120,0,119,/media/rootalkhatib/My Passport/reda_ws/asynchvla_ws/stage9_libero_pro_risk_data/campaigns/fiper_sweep_eternal/instance_B/fiper_receding_samples.jsonl
bob|fiper_sweep_eternal|instance_B|libero_spatial_env_t4_r27,failure_eval_all,bob,fiper_sweep_eternal,instance_B,libero_spatial_env_t4_r27,libero_spatial_env,4,env,failure_or_timeout,300,0,299,/media/rootalkhatib/My Passport/reda_ws/asynchvla_ws/stage9_libero_pro_risk_data/campaigns/fiper_sweep_eternal/instance_B/fiper_receding_samples.jsonl
bob|fiper_sweep_eternal|instance_B|libero_spatial_env_t4_r28,success_train,bob,fiper_sweep_eternal,instance_B,libero_spatial_env_t4_r28,libero_spatial_env,4,env,success,130,0,129,/media/rootalkhatib/My Passport/reda_ws/asynchvla_ws/stage9_libero_pro_risk_data/campaigns/fiper_sweep_eternal/instance_B/fiper_receding_samples.jsonl
bob|fiper_sweep_eternal|instance_B|libero_spatial_env_t4_r29,success_train,bob,fiper_sweep_eternal,instance_B,libero_spatial_env_t4_r29,libero_spatial_env,4,env,success,127,0,126,/media/rootalkhatib/My Passport/reda_ws/asynchvla_ws/stage9_libero_pro_risk_data/campaigns/fiper_sweep_eternal/instance_B/fiper_receding_samples.jsonl
bob|fiper_sweep_eternal|instance_B|libero_spatial_env_t4_r3,success_test_id,bob,fiper_sweep_eternal,instance_B,libero_spatial_env_t4_r3,libero_spatial_env,4,env,success,137,0,136,/media/rootalkhatib/My Passport/reda_ws/asynchvla_ws/stage9_libero_pro_risk_data/campaigns/fiper_sweep_eternal/instance_B/fiper_receding_samples.jsonl
bob|fiper_sweep_eternal|instance_B|libero_spatial_env_t4_r30,success_train,bob,fiper_sweep_eternal,instance_B,libero_spatial_env_t4_r30,libero_spatial_env,4,env,success,126,0,125,/media/rootalkhatib/My Passport/reda_ws/asynchvla_ws/stage9_libero_pro_risk_data/campaigns/fiper_sweep_eternal/instance_B/fiper_receding_samples.jsonl
bob|fiper_sweep_eternal|instance_B|libero_spatial_env_t4_r31,success_train,bob,fiper_sweep_eternal,instance_B,libero_spatial_env_t4_r31,libero_spatial_env,4,env,success,123,0,122,/media/rootalkhatib/My Passport/reda_ws/asynchvla_ws/stage9_libero_pro_risk_data/campaigns/fiper_sweep_eternal/instance_B/fiper_receding_samples.jsonl
bob|fiper_sweep_eternal|instance_B|libero_spatial_env_t4_r32,success_train,bob,fiper_sweep_eternal,instance_B,libero_spatial_env_t4_r32,libero_spatial_env,4,env,success,121,0,120,/media/rootalkhatib/My Passport/reda_ws/asynchvla_ws/stage9_libero_pro_risk_data/campaigns/fiper_sweep_eternal/instance_B/fiper_receding_samples.jsonl
bob|fiper_sweep_eternal|instance_B|libero_spatial_env_t4_r33,success_train,bob,fiper_sweep_eternal,instance_B,libero_spatial_env_t4_r33,libero_spatial_env,4,env,success,117,0,116,/media/rootalkhatib/My Passport/reda_ws/asynchvla_ws/stage9_libero_pro_risk_data/campaigns/fiper_sweep_eternal/instance_B/fiper_receding_samples.jsonl
bob|fiper_sweep_eternal|instance_B|libero_spatial_env_t4_r34,success_train,bob,fiper_sweep_eternal,instance_B,libero_spatial_env_t4_r34,libero_spatial_env,4,env,success,128,0,127,/media/rootalkhatib/My Passport/reda_ws/asynchvla_ws/stage9_libero_pro_risk_data/campaigns/fiper_sweep_eternal/instance_B/fiper_receding_samples.jsonl
bob|fiper_sweep_eternal|instance_B|libero_spatial_env_t4_r35,success_train,bob,fiper_sweep_eternal,instance_B,libero_spatial_env_t4_r35,libero_spatial_env,4,env,success,124,0,123,/media/rootalkhatib/My Passport/reda_ws/asynchvla_ws/stage9_libero_pro_risk_data/campaigns/fiper_sweep_eternal/instance_B/fiper_receding_samples.jsonl
bob|fiper_sweep_eternal|instance_B|libero_spatial_env_t4_r36,success_test_id,bob,fiper_sweep_eternal,instance_B,libero_spatial_env_t4_r36,libero_spatial_env,4,env,success,125,0,124,/media/rootalkhatib/My Passport/reda_ws/asynchvla_ws/stage9_libero_pro_risk_data/campaigns/fiper_sweep_eternal/instance_B/fiper_receding_samples.jsonl
bob|fiper_sweep_eternal|instance_B|libero_spatial_env_t4_r37,success_calib,bob,fiper_sweep_eternal,instance_B,libero_spatial_env_t4_r37,libero_spatial_env,4,env,success,127,0,126,/media/rootalkhatib/My Passport/reda_ws/asynchvla_ws/stage9_libero_pro_risk_data/campaigns/fiper_sweep_eternal/instance_B/fiper_receding_samples.jsonl
bob|fiper_sweep_eternal|instance_B|libero_spatial_env_t4_r4,success_calib,bob,fiper_sweep_eternal,instance_B,libero_spatial_env_t4_r4,libero_spatial_env,4,env,success,129,0,128,/media/rootalkhatib/My Passport/reda_ws/asynchvla_ws/stage9_libero_pro_risk_data/campaigns/fiper_sweep_eternal/instance_B/fiper_receding_samples.jsonl
bob|fiper_sweep_eternal|instance_B|libero_spatial_env_t4_r5,success_test_id,bob,fiper_sweep_eternal,instance_B,libero_spatial_env_t4_r5,libero_spatial_env,4,env,success,120,0,119,/media/rootalkhatib/My Passport/reda_ws/asynchvla_ws/stage9_libero_pro_risk_data/campaigns/fiper_sweep_eternal/instance_B/fiper_receding_samples.jsonl
bob|fiper_sweep_eternal|instance_B|libero_spatial_env_t4_r6,success_train,bob,fiper_sweep_eternal,instance_B,libero_spatial_env_t4_r6,libero_spatial_env,4,env,success,129,0,128,/media/rootalkhatib/My Passport/reda_ws/asynchvla_ws/stage9_libero_pro_risk_data/campaigns/fiper_sweep_eternal/instance_B/fiper_receding_samples.jsonl
bob|fiper_sweep_eternal|instance_B|libero_spatial_env_t4_r7,success_train,bob,fiper_sweep_eternal,instance_B,libero_spatial_env_t4_r7,libero_spatial_env,4,env,success,121,0,120,/media/rootalkhatib/My Passport/reda_ws/asynchvla_ws/stage9_libero_pro_risk_data/campaigns/fiper_sweep_eternal/instance_B/fiper_receding_samples.jsonl
bob|fiper_sweep_eternal|instance_B|libero_spatial_env_t4_r8,success_test_id,bob,fiper_sweep_eternal,instance_B,libero_spatial_env_t4_r8,libero_spatial_env,4,env,success,123,0,122,/media/rootalkhatib/My Passport/reda_ws/asynchvla_ws/stage9_libero_pro_risk_data/campaigns/fiper_sweep_eternal/instance_B/fiper_receding_samples.jsonl
bob|fiper_sweep_eternal|instance_B|libero_spatial_env_t4_r9,success_train,bob,fiper_sweep_eternal,instance_B,libero_spatial_env_t4_r9,libero_spatial_env,4,env,success,134,0,133,/media/rootalkhatib/My Passport/reda_ws/asynchvla_ws/stage9_libero_pro_risk_data/campaigns/fiper_sweep_eternal/instance_B/fiper_receding_samples.jsonl
bob|fiper_sweep_eternal|instance_B|libero_spatial_env_t5_r0,failure_eval_all,bob,fiper_sweep_eternal,instance_B,libero_spatial_env_t5_r0,libero_spatial_env,5,env,failure_or_timeout,300,0,299,/media/rootalkhatib/My Passport/reda_ws/asynchvla_ws/stage9_libero_pro_risk_data/campaigns/fiper_sweep_eternal/instance_B/fiper_receding_samples.jsonl
bob|fiper_sweep_eternal|instance_B|libero_spatial_env_t5_r1,failure_eval_all,bob,fiper_sweep_eternal,instance_B,libero_spatial_env_t5_r1,libero_spatial_env,5,env,failure_or_timeout,300,0,299,/media/rootalkhatib/My Passport/reda_ws/asynchvla_ws/stage9_libero_pro_risk_data/campaigns/fiper_sweep_eternal/instance_B/fiper_receding_samples.jsonl
bob|fiper_sweep_eternal|instance_B|libero_spatial_env_t5_r10,failure_eval_all,bob,fiper_sweep_eternal,instance_B,libero_spatial_env_t5_r10,libero_spatial_env,5,env,failure_or_timeout,300,0,299,/media/rootalkhatib/My Passport/reda_ws/asynchvla_ws/stage9_libero_pro_risk_data/campaigns/fiper_sweep_eternal/instance_B/fiper_receding_samples.jsonl
bob|fiper_sweep_eternal|instance_B|libero_spatial_env_t5_r11,success_train,bob,fiper_sweep_eternal,instance_B,libero_spatial_env_t5_r11,libero_spatial_env,5,env,success,277,0,276,/media/rootalkhatib/My Passport/reda_ws/asynchvla_ws/stage9_libero_pro_risk_data/campaigns/fiper_sweep_eternal/instance_B/fiper_receding_samples.jsonl
bob|fiper_sweep_eternal|instance_B|libero_spatial_env_t5_r12,failure_eval_all,bob,fiper_sweep_eternal,instance_B,libero_spatial_env_t5_r12,libero_spatial_env,5,env,failure_or_timeout,300,0,299,/media/rootalkhatib/My Passport/reda_ws/asynchvla_ws/stage9_libero_pro_risk_data/campaigns/fiper_sweep_eternal/instance_B/fiper_receding_samples.jsonl
bob|fiper_sweep_eternal|instance_B|libero_spatial_env_t5_r13,failure_eval_all,bob,fiper_sweep_eternal,instance_B,libero_spatial_env_t5_r13,libero_spatial_env,5,env,failure_or_timeout,300,0,299,/media/rootalkhatib/My Passport/reda_ws/asynchvla_ws/stage9_libero_pro_risk_data/campaigns/fiper_sweep_eternal/instance_B/fiper_receding_samples.jsonl
bob|fiper_sweep_eternal|instance_B|libero_spatial_env_t5_r14,failure_eval_all,bob,fiper_sweep_eternal,instance_B,libero_spatial_env_t5_r14,libero_spatial_env,5,env,failure_or_timeout,300,0,299,/media/rootalkhatib/My Passport/reda_ws/asynchvla_ws/stage9_libero_pro_risk_data/campaigns/fiper_sweep_eternal/instance_B/fiper_receding_samples.jsonl
bob|fiper_sweep_eternal|instance_B|libero_spatial_env_t5_r15,failure_eval_all,bob,fiper_sweep_eternal,instance_B,libero_spatial_env_t5_r15,libero_spatial_env,5,env,failure_or_timeout,300,0,299,/media/rootalkhatib/My Passport/reda_ws/asynchvla_ws/stage9_libero_pro_risk_data/campaigns/fiper_sweep_eternal/instance_B/fiper_receding_samples.jsonl
bob|fiper_sweep_eternal|instance_B|libero_spatial_env_t5_r16,failure_eval_all,bob,fiper_sweep_eternal,instance_B,libero_spatial_env_t5_r16,libero_spatial_env,5,env,failure_or_timeout,300,0,299,/media/rootalkhatib/My Passport/reda_ws/asynchvla_ws/stage9_libero_pro_risk_data/campaigns/fiper_sweep_eternal/instance_B/fiper_receding_samples.jsonl
bob|fiper_sweep_eternal|instance_B|libero_spatial_env_t5_r17,failure_eval_all,bob,fiper_sweep_eternal,instance_B,libero_spatial_env_t5_r17,libero_spatial_env,5,env,failure_or_timeout,300,0,299,/media/rootalkhatib/My Passport/reda_ws/asynchvla_ws/stage9_libero_pro_risk_data/campaigns/fiper_sweep_eternal/instance_B/fiper_receding_samples.jsonl
bob|fiper_sweep_eternal|instance_B|libero_spatial_env_t5_r18,failure_eval_all,bob,fiper_sweep_eternal,instance_B,libero_spatial_env_t5_r18,libero_spatial_env,5,env,failure_or_timeout,300,0,299,/media/rootalkhatib/My Passport/reda_ws/asynchvla_ws/stage9_libero_pro_risk_data/campaigns/fiper_sweep_eternal/instance_B/fiper_receding_samples.jsonl
bob|fiper_sweep_eternal|instance_B|libero_spatial_env_t5_r19,failure_eval_all,bob,fiper_sweep_eternal,instance_B,libero_spatial_env_t5_r19,libero_spatial_env,5,env,failure_or_timeout,300,0,299,/media/rootalkhatib/My Passport/reda_ws/asynchvla_ws/stage9_libero_pro_risk_data/campaigns/fiper_sweep_eternal/instance_B/fiper_receding_samples.jsonl
bob|fiper_sweep_eternal|instance_B|libero_spatial_env_t5_r2,failure_eval_all,bob,fiper_sweep_eternal,instance_B,libero_spatial_env_t5_r2,libero_spatial_env,5,env,failure_or_timeout,300,0,299,/media/rootalkhatib/My Passport/reda_ws/asynchvla_ws/stage9_libero_pro_risk_data/campaigns/fiper_sweep_eternal/instance_B/fiper_receding_samples.jsonl
bob|fiper_sweep_eternal|instance_B|libero_spatial_env_t5_r20,failure_eval_all,bob,fiper_sweep_eternal,instance_B,libero_spatial_env_t5_r20,libero_spatial_env,5,env,failure_or_timeout,300,0,299,/media/rootalkhatib/My Passport/reda_ws/asynchvla_ws/stage9_libero_pro_risk_data/campaigns/fiper_sweep_eternal/instance_B/fiper_receding_samples.jsonl
bob|fiper_sweep_eternal|instance_B|libero_spatial_env_t5_r21,failure_eval_all,bob,fiper_sweep_eternal,instance_B,libero_spatial_env_t5_r21,libero_spatial_env,5,env,failure_or_timeout,300,0,299,/media/rootalkhatib/My Passport/reda_ws/asynchvla_ws/stage9_libero_pro_risk_data/campaigns/fiper_sweep_eternal/instance_B/fiper_receding_samples.jsonl
bob|fiper_sweep_eternal|instance_B|libero_spatial_env_t5_r22,success_calib,bob,fiper_sweep_eternal,instance_B,libero_spatial_env_t5_r22,libero_spatial_env,5,env,success,246,0,245,/media/rootalkhatib/My Passport/reda_ws/asynchvla_ws/stage9_libero_pro_risk_data/campaigns/fiper_sweep_eternal/instance_B/fiper_receding_samples.jsonl
bob|fiper_sweep_eternal|instance_B|libero_spatial_env_t5_r23,failure_eval_all,bob,fiper_sweep_eternal,instance_B,libero_spatial_env_t5_r23,libero_spatial_env,5,env,failure_or_timeout,300,0,299,/media/rootalkhatib/My Passport/reda_ws/asynchvla_ws/stage9_libero_pro_risk_data/campaigns/fiper_sweep_eternal/instance_B/fiper_receding_samples.jsonl
bob|fiper_sweep_eternal|instance_B|libero_spatial_env_t5_r24,failure_eval_all,bob,fiper_sweep_eternal,instance_B,libero_spatial_env_t5_r24,libero_spatial_env,5,env,failure_or_timeout,300,0,299,/media/rootalkhatib/My Passport/reda_ws/asynchvla_ws/stage9_libero_pro_risk_data/campaigns/fiper_sweep_eternal/instance_B/fiper_receding_samples.jsonl
bob|fiper_sweep_eternal|instance_B|libero_spatial_env_t5_r25,failure_eval_all,bob,fiper_sweep_eternal,instance_B,libero_spatial_env_t5_r25,libero_spatial_env,5,env,failure_or_timeout,300,0,299,/media/rootalkhatib/My Passport/reda_ws/asynchvla_ws/stage9_libero_pro_risk_data/campaigns/fiper_sweep_eternal/instance_B/fiper_receding_samples.jsonl
bob|fiper_sweep_eternal|instance_B|libero_spatial_env_t5_r26,success_train,bob,fiper_sweep_eternal,instance_B,libero_spatial_env_t5_r26,libero_spatial_env,5,env,success,171,0,170,/media/rootalkhatib/My Passport/reda_ws/asynchvla_ws/stage9_libero_pro_risk_data/campaigns/fiper_sweep_eternal/instance_B/fiper_receding_samples.jsonl
bob|fiper_sweep_eternal|instance_B|libero_spatial_env_t5_r27,success_train,bob,fiper_sweep_eternal,instance_B,libero_spatial_env_t5_r27,libero_spatial_env,5,env,success,138,0,137,/media/rootalkhatib/My Passport/reda_ws/asynchvla_ws/stage9_libero_pro_risk_data/campaigns/fiper_sweep_eternal/instance_B/fiper_receding_samples.jsonl
bob|fiper_sweep_eternal|instance_B|libero_spatial_env_t5_r28,failure_eval_all,bob,fiper_sweep_eternal,instance_B,libero_spatial_env_t5_r28,libero_spatial_env,5,env,failure_or_timeout,300,0,299,/media/rootalkhatib/My Passport/reda_ws/asynchvla_ws/stage9_libero_pro_risk_data/campaigns/fiper_sweep_eternal/instance_B/fiper_receding_samples.jsonl
bob|fiper_sweep_eternal|instance_B|libero_spatial_env_t5_r29,success_test_id,bob,fiper_sweep_eternal,instance_B,libero_spatial_env_t5_r29,libero_spatial_env,5,env,success,182,0,181,/media/rootalkhatib/My Passport/reda_ws/asynchvla_ws/stage9_libero_pro_risk_data/campaigns/fiper_sweep_eternal/instance_B/fiper_receding_samples.jsonl
bob|fiper_sweep_eternal|instance_B|libero_spatial_env_t5_r3,failure_eval_all,bob,fiper_sweep_eternal,instance_B,libero_spatial_env_t5_r3,libero_spatial_env,5,env,failure_or_timeout,300,0,299,/media/rootalkhatib/My Passport/reda_ws/asynchvla_ws/stage9_libero_pro_risk_data/campaigns/fiper_sweep_eternal/instance_B/fiper_receding_samples.jsonl
bob|fiper_sweep_eternal|instance_B|libero_spatial_env_t5_r30,failure_eval_all,bob,fiper_sweep_eternal,instance_B,libero_spatial_env_t5_r30,libero_spatial_env,5,env,failure_or_timeout,300,0,299,/media/rootalkhatib/My Passport/reda_ws/asynchvla_ws/stage9_libero_pro_risk_data/campaigns/fiper_sweep_eternal/instance_B/fiper_receding_samples.jsonl
bob|fiper_sweep_eternal|instance_B|libero_spatial_env_t5_r31,success_train,bob,fiper_sweep_eternal,instance_B,libero_spatial_env_t5_r31,libero_spatial_env,5,env,success,87,0,86,/media/rootalkhatib/My Passport/reda_ws/asynchvla_ws/stage9_libero_pro_risk_data/campaigns/fiper_sweep_eternal/instance_B/fiper_receding_samples.jsonl
bob|fiper_sweep_eternal|instance_B|libero_spatial_env_t5_r32,failure_eval_all,bob,fiper_sweep_eternal,instance_B,libero_spatial_env_t5_r32,libero_spatial_env,5,env,failure_or_timeout,300,0,299,/media/rootalkhatib/My Passport/reda_ws/asynchvla_ws/stage9_libero_pro_risk_data/campaigns/fiper_sweep_eternal/instance_B/fiper_receding_samples.jsonl
bob|fiper_sweep_eternal|instance_B|libero_spatial_env_t5_r33,failure_eval_all,bob,fiper_sweep_eternal,instance_B,libero_spatial_env_t5_r33,libero_spatial_env,5,env,failure_or_timeout,300,0,299,/media/rootalkhatib/My Passport/reda_ws/asynchvla_ws/stage9_libero_pro_risk_data/campaigns/fiper_sweep_eternal/instance_B/fiper_receding_samples.jsonl
bob|fiper_sweep_eternal|instance_B|libero_spatial_env_t5_r34,success_train,bob,fiper_sweep_eternal,instance_B,libero_spatial_env_t5_r34,libero_spatial_env,5,env,success,193,0,192,/media/rootalkhatib/My Passport/reda_ws/asynchvla_ws/stage9_libero_pro_risk_data/campaigns/fiper_sweep_eternal/instance_B/fiper_receding_samples.jsonl
bob|fiper_sweep_eternal|instance_B|libero_spatial_env_t5_r35,failure_eval_all,bob,fiper_sweep_eternal,instance_B,libero_spatial_env_t5_r35,libero_spatial_env,5,env,failure_or_timeout,300,0,299,/media/rootalkhatib/My Passport/reda_ws/asynchvla_ws/stage9_libero_pro_risk_data/campaigns/fiper_sweep_eternal/instance_B/fiper_receding_samples.jsonl
bob|fiper_sweep_eternal|instance_B|libero_spatial_env_t5_r36,failure_eval_all,bob,fiper_sweep_eternal,instance_B,libero_spatial_env_t5_r36,libero_spatial_env,5,env,failure_or_timeout,300,0,299,/media/rootalkhatib/My Passport/reda_ws/asynchvla_ws/stage9_libero_pro_risk_data/campaigns/fiper_sweep_eternal/instance_B/fiper_receding_samples.jsonl
bob|fiper_sweep_eternal|instance_B|libero_spatial_env_t5_r37,failure_eval_all,bob,fiper_sweep_eternal,instance_B,libero_spatial_env_t5_r37,libero_spatial_env,5,env,failure_or_timeout,300,0,299,/media/rootalkhatib/My Passport/reda_ws/asynchvla_ws/stage9_libero_pro_risk_data/campaigns/fiper_sweep_eternal/instance_B/fiper_receding_samples.jsonl
bob|fiper_sweep_eternal|instance_B|libero_spatial_env_t5_r4,failure_eval_all,bob,fiper_sweep_eternal,instance_B,libero_spatial_env_t5_r4,libero_spatial_env,5,env,failure_or_timeout,300,0,299,/media/rootalkhatib/My Passport/reda_ws/asynchvla_ws/stage9_libero_pro_risk_data/campaigns/fiper_sweep_eternal/instance_B/fiper_receding_samples.jsonl
bob|fiper_sweep_eternal|instance_B|libero_spatial_env_t5_r5,failure_eval_all,bob,fiper_sweep_eternal,instance_B,libero_spatial_env_t5_r5,libero_spatial_env,5,env,failure_or_timeout,300,0,299,/media/rootalkhatib/My Passport/reda_ws/asynchvla_ws/stage9_libero_pro_risk_data/campaigns/fiper_sweep_eternal/instance_B/fiper_receding_samples.jsonl
bob|fiper_sweep_eternal|instance_B|libero_spatial_env_t5_r6,failure_eval_all,bob,fiper_sweep_eternal,instance_B,libero_spatial_env_t5_r6,libero_spatial_env,5,env,failure_or_timeout,300,0,299,/media/rootalkhatib/My Passport/reda_ws/asynchvla_ws/stage9_libero_pro_risk_data/campaigns/fiper_sweep_eternal/instance_B/fiper_receding_samples.jsonl
bob|fiper_sweep_eternal|instance_B|libero_spatial_env_t5_r7,failure_eval_all,bob,fiper_sweep_eternal,instance_B,libero_spatial_env_t5_r7,libero_spatial_env,5,env,failure_or_timeout,300,0,299,/media/rootalkhatib/My Passport/reda_ws/asynchvla_ws/stage9_libero_pro_risk_data/campaigns/fiper_sweep_eternal/instance_B/fiper_receding_samples.jsonl
bob|fiper_sweep_eternal|instance_B|libero_spatial_env_t5_r8,failure_eval_all,bob,fiper_sweep_eternal,instance_B,libero_spatial_env_t5_r8,libero_spatial_env,5,env,failure_or_timeout,300,0,299,/media/rootalkhatib/My Passport/reda_ws/asynchvla_ws/stage9_libero_pro_risk_data/campaigns/fiper_sweep_eternal/instance_B/fiper_receding_samples.jsonl
bob|fiper_sweep_eternal|instance_B|libero_spatial_env_t5_r9,failure_eval_all,bob,fiper_sweep_eternal,instance_B,libero_spatial_env_t5_r9,libero_spatial_env,5,env,failure_or_timeout,300,0,299,/media/rootalkhatib/My Passport/reda_ws/asynchvla_ws/stage9_libero_pro_risk_data/campaigns/fiper_sweep_eternal/instance_B/fiper_receding_samples.jsonl
bob|fiper_sweep_eternal|instance_B|libero_spatial_env_t6_r0,success_calib,bob,fiper_sweep_eternal,instance_B,libero_spatial_env_t6_r0,libero_spatial_env,6,env,success,113,0,112,/media/rootalkhatib/My Passport/reda_ws/asynchvla_ws/stage9_libero_pro_risk_data/campaigns/fiper_sweep_eternal/instance_B/fiper_receding_samples.jsonl
bob|fiper_sweep_eternal|instance_B|libero_spatial_env_t6_r1,success_train,bob,fiper_sweep_eternal,instance_B,libero_spatial_env_t6_r1,libero_spatial_env,6,env,success,103,0,102,/media/rootalkhatib/My Passport/reda_ws/asynchvla_ws/stage9_libero_pro_risk_data/campaigns/fiper_sweep_eternal/instance_B/fiper_receding_samples.jsonl
bob|fiper_sweep_eternal|instance_B|libero_spatial_env_t6_r10,success_train,bob,fiper_sweep_eternal,instance_B,libero_spatial_env_t6_r10,libero_spatial_env,6,env,success,99,0,98,/media/rootalkhatib/My Passport/reda_ws/asynchvla_ws/stage9_libero_pro_risk_data/campaigns/fiper_sweep_eternal/instance_B/fiper_receding_samples.jsonl
bob|fiper_sweep_eternal|instance_B|libero_spatial_env_t6_r11,success_train,bob,fiper_sweep_eternal,instance_B,libero_spatial_env_t6_r11,libero_spatial_env,6,env,success,103,0,102,/media/rootalkhatib/My Passport/reda_ws/asynchvla_ws/stage9_libero_pro_risk_data/campaigns/fiper_sweep_eternal/instance_B/fiper_receding_samples.jsonl
bob|fiper_sweep_eternal|instance_B|libero_spatial_env_t6_r12,success_train,bob,fiper_sweep_eternal,instance_B,libero_spatial_env_t6_r12,libero_spatial_env,6,env,success,110,0,109,/media/rootalkhatib/My Passport/reda_ws/asynchvla_ws/stage9_libero_pro_risk_data/campaigns/fiper_sweep_eternal/instance_B/fiper_receding_samples.jsonl
bob|fiper_sweep_eternal|instance_B|libero_spatial_env_t6_r13,success_train,bob,fiper_sweep_eternal,instance_B,libero_spatial_env_t6_r13,libero_spatial_env,6,env,success,95,0,94,/media/rootalkhatib/My Passport/reda_ws/asynchvla_ws/stage9_libero_pro_risk_data/campaigns/fiper_sweep_eternal/instance_B/fiper_receding_samples.jsonl
bob|fiper_sweep_eternal|instance_B|libero_spatial_env_t6_r14,success_test_id,bob,fiper_sweep_eternal,instance_B,libero_spatial_env_t6_r14,libero_spatial_env,6,env,success,111,0,110,/media/rootalkhatib/My Passport/reda_ws/asynchvla_ws/stage9_libero_pro_risk_data/campaigns/fiper_sweep_eternal/instance_B/fiper_receding_samples.jsonl
bob|fiper_sweep_eternal|instance_B|libero_spatial_env_t6_r15,success_test_id,bob,fiper_sweep_eternal,instance_B,libero_spatial_env_t6_r15,libero_spatial_env,6,env,success,100,0,99,/media/rootalkhatib/My Passport/reda_ws/asynchvla_ws/stage9_libero_pro_risk_data/campaigns/fiper_sweep_eternal/instance_B/fiper_receding_samples.jsonl
bob|fiper_sweep_eternal|instance_B|libero_spatial_env_t6_r16,success_calib,bob,fiper_sweep_eternal,instance_B,libero_spatial_env_t6_r16,libero_spatial_env,6,env,success,93,0,92,/media/rootalkhatib/My Passport/reda_ws/asynchvla_ws/stage9_libero_pro_risk_data/campaigns/fiper_sweep_eternal/instance_B/fiper_receding_samples.jsonl
bob|fiper_sweep_eternal|instance_B|libero_spatial_env_t6_r17,success_train,bob,fiper_sweep_eternal,instance_B,libero_spatial_env_t6_r17,libero_spatial_env,6,env,success,89,0,88,/media/rootalkhatib/My Passport/reda_ws/asynchvla_ws/stage9_libero_pro_risk_data/campaigns/fiper_sweep_eternal/instance_B/fiper_receding_samples.jsonl
bob|fiper_sweep_eternal|instance_B|libero_spatial_env_t6_r18,success_train,bob,fiper_sweep_eternal,instance_B,libero_spatial_env_t6_r18,libero_spatial_env,6,env,success,115,0,114,/media/rootalkhatib/My Passport/reda_ws/asynchvla_ws/stage9_libero_pro_risk_data/campaigns/fiper_sweep_eternal/instance_B/fiper_receding_samples.jsonl
bob|fiper_sweep_eternal|instance_B|libero_spatial_env_t6_r19,success_train,bob,fiper_sweep_eternal,instance_B,libero_spatial_env_t6_r19,libero_spatial_env,6,env,success,104,0,103,/media/rootalkhatib/My Passport/reda_ws/asynchvla_ws/stage9_libero_pro_risk_data/campaigns/fiper_sweep_eternal/instance_B/fiper_receding_samples.jsonl
bob|fiper_sweep_eternal|instance_B|libero_spatial_env_t6_r2,success_train,bob,fiper_sweep_eternal,instance_B,libero_spatial_env_t6_r2,libero_spatial_env,6,env,success,97,0,96,/media/rootalkhatib/My Passport/reda_ws/asynchvla_ws/stage9_libero_pro_risk_data/campaigns/fiper_sweep_eternal/instance_B/fiper_receding_samples.jsonl
bob|fiper_sweep_eternal|instance_B|libero_spatial_env_t6_r20,success_train,bob,fiper_sweep_eternal,instance_B,libero_spatial_env_t6_r20,libero_spatial_env,6,env,success,103,0,102,/media/rootalkhatib/My Passport/reda_ws/asynchvla_ws/stage9_libero_pro_risk_data/campaigns/fiper_sweep_eternal/instance_B/fiper_receding_samples.jsonl
bob|fiper_sweep_eternal|instance_B|libero_spatial_env_t6_r21,success_calib,bob,fiper_sweep_eternal,instance_B,libero_spatial_env_t6_r21,libero_spatial_env,6,env,success,108,0,107,/media/rootalkhatib/My Passport/reda_ws/asynchvla_ws/stage9_libero_pro_risk_data/campaigns/fiper_sweep_eternal/instance_B/fiper_receding_samples.jsonl
bob|fiper_sweep_eternal|instance_B|libero_spatial_env_t6_r22,success_train,bob,fiper_sweep_eternal,instance_B,libero_spatial_env_t6_r22,libero_spatial_env,6,env,success,110,0,109,/media/rootalkhatib/My Passport/reda_ws/asynchvla_ws/stage9_libero_pro_risk_data/campaigns/fiper_sweep_eternal/instance_B/fiper_receding_samples.jsonl
bob|fiper_sweep_eternal|instance_B|libero_spatial_env_t6_r23,success_train,bob,fiper_sweep_eternal,instance_B,libero_spatial_env_t6_r23,libero_spatial_env,6,env,success,105,0,104,/media/rootalkhatib/My Passport/reda_ws/asynchvla_ws/stage9_libero_pro_risk_data/campaigns/fiper_sweep_eternal/instance_B/fiper_receding_samples.jsonl
bob|fiper_sweep_eternal|instance_B|libero_spatial_env_t6_r24,success_test_id,bob,fiper_sweep_eternal,instance_B,libero_spatial_env_t6_r24,libero_spatial_env,6,env,success,100,0,99,/media/rootalkhatib/My Passport/reda_ws/asynchvla_ws/stage9_libero_pro_risk_data/campaigns/fiper_sweep_eternal/instance_B/fiper_receding_samples.jsonl
bob|fiper_sweep_eternal|instance_B|libero_spatial_env_t6_r25,success_train,bob,fiper_sweep_eternal,instance_B,libero_spatial_env_t6_r25,libero_spatial_env,6,env,success,108,0,107,/media/rootalkhatib/My Passport/reda_ws/asynchvla_ws/stage9_libero_pro_risk_data/campaigns/fiper_sweep_eternal/instance_B/fiper_receding_samples.jsonl
bob|fiper_sweep_eternal|instance_B|libero_spatial_env_t6_r26,success_train,bob,fiper_sweep_eternal,instance_B,libero_spatial_env_t6_r26,libero_spatial_env,6,env,success,107,0,106,/media/rootalkhatib/My Passport/reda_ws/asynchvla_ws/stage9_libero_pro_risk_data/campaigns/fiper_sweep_eternal/instance_B/fiper_receding_samples.jsonl
bob|fiper_sweep_eternal|instance_B|libero_spatial_env_t6_r27,success_train,bob,fiper_sweep_eternal,instance_B,libero_spatial_env_t6_r27,libero_spatial_env,6,env,success,101,0,100,/media/rootalkhatib/My Passport/reda_ws/asynchvla_ws/stage9_libero_pro_risk_data/campaigns/fiper_sweep_eternal/instance_B/fiper_receding_samples.jsonl
bob|fiper_sweep_eternal|instance_B|libero_spatial_env_t6_r28,success_train,bob,fiper_sweep_eternal,instance_B,libero_spatial_env_t6_r28,libero_spatial_env,6,env,success,99,0,98,/media/rootalkhatib/My Passport/reda_ws/asynchvla_ws/stage9_libero_pro_risk_data/campaigns/fiper_sweep_eternal/instance_B/fiper_receding_samples.jsonl
bob|fiper_sweep_eternal|instance_B|libero_spatial_env_t6_r29,success_calib,bob,fiper_sweep_eternal,instance_B,libero_spatial_env_t6_r29,libero_spatial_env,6,env,success,103,0,102,/media/rootalkhatib/My Passport/reda_ws/asynchvla_ws/stage9_libero_pro_risk_data/campaigns/fiper_sweep_eternal/instance_B/fiper_receding_samples.jsonl
bob|fiper_sweep_eternal|instance_B|libero_spatial_env_t6_r3,success_train,bob,fiper_sweep_eternal,instance_B,libero_spatial_env_t6_r3,libero_spatial_env,6,env,success,96,0,95,/media/rootalkhatib/My Passport/reda_ws/asynchvla_ws/stage9_libero_pro_risk_data/campaigns/fiper_sweep_eternal/instance_B/fiper_receding_samples.jsonl
bob|fiper_sweep_eternal|instance_B|libero_spatial_env_t6_r30,success_train,bob,fiper_sweep_eternal,instance_B,libero_spatial_env_t6_r30,libero_spatial_env,6,env,success,107,0,106,/media/rootalkhatib/My Passport/reda_ws/asynchvla_ws/stage9_libero_pro_risk_data/campaigns/fiper_sweep_eternal/instance_B/fiper_receding_samples.jsonl
bob|fiper_sweep_eternal|instance_B|libero_spatial_env_t6_r31,success_test_id,bob,fiper_sweep_eternal,instance_B,libero_spatial_env_t6_r31,libero_spatial_env,6,env,success,96,0,95,/media/rootalkhatib/My Passport/reda_ws/asynchvla_ws/stage9_libero_pro_risk_data/campaigns/fiper_sweep_eternal/instance_B/fiper_receding_samples.jsonl
bob|fiper_sweep_eternal|instance_B|libero_spatial_env_t6_r32,success_train,bob,fiper_sweep_eternal,instance_B,libero_spatial_env_t6_r32,libero_spatial_env,6,env,success,101,0,100,/media/rootalkhatib/My Passport/reda_ws/asynchvla_ws/stage9_libero_pro_risk_data/campaigns/fiper_sweep_eternal/instance_B/fiper_receding_samples.jsonl
bob|fiper_sweep_eternal|instance_B|libero_spatial_env_t6_r33,success_calib,bob,fiper_sweep_eternal,instance_B,libero_spatial_env_t6_r33,libero_spatial_env,6,env,success,106,0,105,/media/rootalkhatib/My Passport/reda_ws/asynchvla_ws/stage9_libero_pro_risk_data/campaigns/fiper_sweep_eternal/instance_B/fiper_receding_samples.jsonl
bob|fiper_sweep_eternal|instance_B|libero_spatial_env_t6_r34,success_train,bob,fiper_sweep_eternal,instance_B,libero_spatial_env_t6_r34,libero_spatial_env,6,env,success,104,0,103,/media/rootalkhatib/My Passport/reda_ws/asynchvla_ws/stage9_libero_pro_risk_data/campaigns/fiper_sweep_eternal/instance_B/fiper_receding_samples.jsonl
bob|fiper_sweep_eternal|instance_B|libero_spatial_env_t6_r35,success_train,bob,fiper_sweep_eternal,instance_B,libero_spatial_env_t6_r35,libero_spatial_env,6,env,success,109,0,108,/media/rootalkhatib/My Passport/reda_ws/asynchvla_ws/stage9_libero_pro_risk_data/campaigns/fiper_sweep_eternal/instance_B/fiper_receding_samples.jsonl
bob|fiper_sweep_eternal|instance_B|libero_spatial_env_t6_r36,success_train,bob,fiper_sweep_eternal,instance_B,libero_spatial_env_t6_r36,libero_spatial_env,6,env,success,103,0,102,/media/rootalkhatib/My Passport/reda_ws/asynchvla_ws/stage9_libero_pro_risk_data/campaigns/fiper_sweep_eternal/instance_B/fiper_receding_samples.jsonl
bob|fiper_sweep_eternal|instance_B|libero_spatial_env_t6_r37,success_train,bob,fiper_sweep_eternal,instance_B,libero_spatial_env_t6_r37,libero_spatial_env,6,env,success,105,0,104,/media/rootalkhatib/My Passport/reda_ws/asynchvla_ws/stage9_libero_pro_risk_data/campaigns/fiper_sweep_eternal/instance_B/fiper_receding_samples.jsonl
bob|fiper_sweep_eternal|instance_B|libero_spatial_env_t6_r4,success_train,bob,fiper_sweep_eternal,instance_B,libero_spatial_env_t6_r4,libero_spatial_env,6,env,success,97,0,96,/media/rootalkhatib/My Passport/reda_ws/asynchvla_ws/stage9_libero_pro_risk_data/campaigns/fiper_sweep_eternal/instance_B/fiper_receding_samples.jsonl
bob|fiper_sweep_eternal|instance_B|libero_spatial_env_t6_r5,success_train,bob,fiper_sweep_eternal,instance_B,libero_spatial_env_t6_r5,libero_spatial_env,6,env,success,100,0,99,/media/rootalkhatib/My Passport/reda_ws/asynchvla_ws/stage9_libero_pro_risk_data/campaigns/fiper_sweep_eternal/instance_B/fiper_receding_samples.jsonl
bob|fiper_sweep_eternal|instance_B|libero_spatial_env_t6_r6,success_train,bob,fiper_sweep_eternal,instance_B,libero_spatial_env_t6_r6,libero_spatial_env,6,env,success,104,0,103,/media/rootalkhatib/My Passport/reda_ws/asynchvla_ws/stage9_libero_pro_risk_data/campaigns/fiper_sweep_eternal/instance_B/fiper_receding_samples.jsonl
bob|fiper_sweep_eternal|instance_B|libero_spatial_env_t6_r7,success_train,bob,fiper_sweep_eternal,instance_B,libero_spatial_env_t6_r7,libero_spatial_env,6,env,success,101,0,100,/media/rootalkhatib/My Passport/reda_ws/asynchvla_ws/stage9_libero_pro_risk_data/campaigns/fiper_sweep_eternal/instance_B/fiper_receding_samples.jsonl
bob|fiper_sweep_eternal|instance_B|libero_spatial_env_t6_r8,success_calib,bob,fiper_sweep_eternal,instance_B,libero_spatial_env_t6_r8,libero_spatial_env,6,env,success,108,0,107,/media/rootalkhatib/My Passport/reda_ws/asynchvla_ws/stage9_libero_pro_risk_data/campaigns/fiper_sweep_eternal/instance_B/fiper_receding_samples.jsonl
bob|fiper_sweep_eternal|instance_B|libero_spatial_env_t6_r9,success_test_id,bob,fiper_sweep_eternal,instance_B,libero_spatial_env_t6_r9,libero_spatial_env,6,env,success,102,0,101,/media/rootalkhatib/My Passport/reda_ws/asynchvla_ws/stage9_libero_pro_risk_data/campaigns/fiper_sweep_eternal/instance_B/fiper_receding_samples.jsonl
bob|fiper_sweep_eternal|instance_B|libero_spatial_env_t7_r0,success_test_id,bob,fiper_sweep_eternal,instance_B,libero_spatial_env_t7_r0,libero_spatial_env,7,env,success,200,0,199,/media/rootalkhatib/My Passport/reda_ws/asynchvla_ws/stage9_libero_pro_risk_data/campaigns/fiper_sweep_eternal/instance_B/fiper_receding_samples.jsonl
bob|fiper_sweep_eternal|instance_B|libero_spatial_env_t7_r1,success_test_id,bob,fiper_sweep_eternal,instance_B,libero_spatial_env_t7_r1,libero_spatial_env,7,env,success,130,0,129,/media/rootalkhatib/My Passport/reda_ws/asynchvla_ws/stage9_libero_pro_risk_data/campaigns/fiper_sweep_eternal/instance_B/fiper_receding_samples.jsonl
bob|fiper_sweep_eternal|instance_B|libero_spatial_env_t7_r10,success_calib,bob,fiper_sweep_eternal,instance_B,libero_spatial_env_t7_r10,libero_spatial_env,7,env,success,178,0,177,/media/rootalkhatib/My Passport/reda_ws/asynchvla_ws/stage9_libero_pro_risk_data/campaigns/fiper_sweep_eternal/instance_B/fiper_receding_samples.jsonl
bob|fiper_sweep_eternal|instance_B|libero_spatial_env_t7_r11,success_train,bob,fiper_sweep_eternal,instance_B,libero_spatial_env_t7_r11,libero_spatial_env,7,env,success,150,0,149,/media/rootalkhatib/My Passport/reda_ws/asynchvla_ws/stage9_libero_pro_risk_data/campaigns/fiper_sweep_eternal/instance_B/fiper_receding_samples.jsonl
bob|fiper_sweep_eternal|instance_B|libero_spatial_env_t7_r12,success_train,bob,fiper_sweep_eternal,instance_B,libero_spatial_env_t7_r12,libero_spatial_env,7,env,success,137,0,136,/media/rootalkhatib/My Passport/reda_ws/asynchvla_ws/stage9_libero_pro_risk_data/campaigns/fiper_sweep_eternal/instance_B/fiper_receding_samples.jsonl
bob|fiper_sweep_eternal|instance_B|libero_spatial_env_t7_r13,success_train,bob,fiper_sweep_eternal,instance_B,libero_spatial_env_t7_r13,libero_spatial_env,7,env,success,154,0,153,/media/rootalkhatib/My Passport/reda_ws/asynchvla_ws/stage9_libero_pro_risk_data/campaigns/fiper_sweep_eternal/instance_B/fiper_receding_samples.jsonl
bob|fiper_sweep_eternal|instance_B|libero_spatial_env_t7_r14,success_train,bob,fiper_sweep_eternal,instance_B,libero_spatial_env_t7_r14,libero_spatial_env,7,env,success,139,0,138,/media/rootalkhatib/My Passport/reda_ws/asynchvla_ws/stage9_libero_pro_risk_data/campaigns/fiper_sweep_eternal/instance_B/fiper_receding_samples.jsonl
bob|fiper_sweep_eternal|instance_B|libero_spatial_env_t7_r15,success_train,bob,fiper_sweep_eternal,instance_B,libero_spatial_env_t7_r15,libero_spatial_env,7,env,success,184,0,183,/media/rootalkhatib/My Passport/reda_ws/asynchvla_ws/stage9_libero_pro_risk_data/campaigns/fiper_sweep_eternal/instance_B/fiper_receding_samples.jsonl
bob|fiper_sweep_eternal|instance_B|libero_spatial_env_t7_r16,success_calib,bob,fiper_sweep_eternal,instance_B,libero_spatial_env_t7_r16,libero_spatial_env,7,env,success,133,0,132,/media/rootalkhatib/My Passport/reda_ws/asynchvla_ws/stage9_libero_pro_risk_data/campaigns/fiper_sweep_eternal/instance_B/fiper_receding_samples.jsonl
bob|fiper_sweep_eternal|instance_B|libero_spatial_env_t7_r17,success_train,bob,fiper_sweep_eternal,instance_B,libero_spatial_env_t7_r17,libero_spatial_env,7,env,success,165,0,164,/media/rootalkhatib/My Passport/reda_ws/asynchvla_ws/stage9_libero_pro_risk_data/campaigns/fiper_sweep_eternal/instance_B/fiper_receding_samples.jsonl
bob|fiper_sweep_eternal|instance_B|libero_spatial_env_t7_r18,success_test_id,bob,fiper_sweep_eternal,instance_B,libero_spatial_env_t7_r18,libero_spatial_env,7,env,success,164,0,163,/media/rootalkhatib/My Passport/reda_ws/asynchvla_ws/stage9_libero_pro_risk_data/campaigns/fiper_sweep_eternal/instance_B/fiper_receding_samples.jsonl
bob|fiper_sweep_eternal|instance_B|libero_spatial_env_t7_r19,success_train,bob,fiper_sweep_eternal,instance_B,libero_spatial_env_t7_r19,libero_spatial_env,7,env,success,135,0,134,/media/rootalkhatib/My Passport/reda_ws/asynchvla_ws/stage9_libero_pro_risk_data/campaigns/fiper_sweep_eternal/instance_B/fiper_receding_samples.jsonl
bob|fiper_sweep_eternal|instance_B|libero_spatial_env_t7_r2,failure_eval_all,bob,fiper_sweep_eternal,instance_B,libero_spatial_env_t7_r2,libero_spatial_env,7,env,failure_or_timeout,300,0,299,/media/rootalkhatib/My Passport/reda_ws/asynchvla_ws/stage9_libero_pro_risk_data/campaigns/fiper_sweep_eternal/instance_B/fiper_receding_samples.jsonl
bob|fiper_sweep_eternal|instance_B|libero_spatial_env_t7_r20,success_calib,bob,fiper_sweep_eternal,instance_B,libero_spatial_env_t7_r20,libero_spatial_env,7,env,success,133,0,132,/media/rootalkhatib/My Passport/reda_ws/asynchvla_ws/stage9_libero_pro_risk_data/campaigns/fiper_sweep_eternal/instance_B/fiper_receding_samples.jsonl
bob|fiper_sweep_eternal|instance_B|libero_spatial_env_t7_r21,success_train,bob,fiper_sweep_eternal,instance_B,libero_spatial_env_t7_r21,libero_spatial_env,7,env,success,135,0,134,/media/rootalkhatib/My Passport/reda_ws/asynchvla_ws/stage9_libero_pro_risk_data/campaigns/fiper_sweep_eternal/instance_B/fiper_receding_samples.jsonl
bob|fiper_sweep_eternal|instance_B|libero_spatial_env_t7_r22,success_train,bob,fiper_sweep_eternal,instance_B,libero_spatial_env_t7_r22,libero_spatial_env,7,env,success,136,0,135,/media/rootalkhatib/My Passport/reda_ws/asynchvla_ws/stage9_libero_pro_risk_data/campaigns/fiper_sweep_eternal/instance_B/fiper_receding_samples.jsonl
bob|fiper_sweep_eternal|instance_B|libero_spatial_env_t7_r23,success_train,bob,fiper_sweep_eternal,instance_B,libero_spatial_env_t7_r23,libero_spatial_env,7,env,success,143,0,142,/media/rootalkhatib/My Passport/reda_ws/asynchvla_ws/stage9_libero_pro_risk_data/campaigns/fiper_sweep_eternal/instance_B/fiper_receding_samples.jsonl
bob|fiper_sweep_eternal|instance_B|libero_spatial_env_t7_r24,success_calib,bob,fiper_sweep_eternal,instance_B,libero_spatial_env_t7_r24,libero_spatial_env,7,env,success,198,0,197,/media/rootalkhatib/My Passport/reda_ws/asynchvla_ws/stage9_libero_pro_risk_data/campaigns/fiper_sweep_eternal/instance_B/fiper_receding_samples.jsonl
bob|fiper_sweep_eternal|instance_B|libero_spatial_env_t7_r25,success_train,bob,fiper_sweep_eternal,instance_B,libero_spatial_env_t7_r25,libero_spatial_env,7,env,success,123,0,122,/media/rootalkhatib/My Passport/reda_ws/asynchvla_ws/stage9_libero_pro_risk_data/campaigns/fiper_sweep_eternal/instance_B/fiper_receding_samples.jsonl
bob|fiper_sweep_eternal|instance_B|libero_spatial_env_t7_r26,success_test_id,bob,fiper_sweep_eternal,instance_B,libero_spatial_env_t7_r26,libero_spatial_env,7,env,success,150,0,149,/media/rootalkhatib/My Passport/reda_ws/asynchvla_ws/stage9_libero_pro_risk_data/campaigns/fiper_sweep_eternal/instance_B/fiper_receding_samples.jsonl
bob|fiper_sweep_eternal|instance_B|libero_spatial_env_t7_r27,success_calib,bob,fiper_sweep_eternal,instance_B,libero_spatial_env_t7_r27,libero_spatial_env,7,env,success,139,0,138,/media/rootalkhatib/My Passport/reda_ws/asynchvla_ws/stage9_libero_pro_risk_data/campaigns/fiper_sweep_eternal/instance_B/fiper_receding_samples.jsonl
bob|fiper_sweep_eternal|instance_B|libero_spatial_env_t7_r28,success_train,bob,fiper_sweep_eternal,instance_B,libero_spatial_env_t7_r28,libero_spatial_env,7,env,success,153,0,152,/media/rootalkhatib/My Passport/reda_ws/asynchvla_ws/stage9_libero_pro_risk_data/campaigns/fiper_sweep_eternal/instance_B/fiper_receding_samples.jsonl
bob|fiper_sweep_eternal|instance_B|libero_spatial_env_t7_r29,success_train,bob,fiper_sweep_eternal,instance_B,libero_spatial_env_t7_r29,libero_spatial_env,7,env,success,150,0,149,/media/rootalkhatib/My Passport/reda_ws/asynchvla_ws/stage9_libero_pro_risk_data/campaigns/fiper_sweep_eternal/instance_B/fiper_receding_samples.jsonl
bob|fiper_sweep_eternal|instance_B|libero_spatial_env_t7_r3,success_train,bob,fiper_sweep_eternal,instance_B,libero_spatial_env_t7_r3,libero_spatial_env,7,env,success,124,0,123,/media/rootalkhatib/My Passport/reda_ws/asynchvla_ws/stage9_libero_pro_risk_data/campaigns/fiper_sweep_eternal/instance_B/fiper_receding_samples.jsonl
bob|fiper_sweep_eternal|instance_B|libero_spatial_env_t7_r30,success_test_id,bob,fiper_sweep_eternal,instance_B,libero_spatial_env_t7_r30,libero_spatial_env,7,env,success,140,0,139,/media/rootalkhatib/My Passport/reda_ws/asynchvla_ws/stage9_libero_pro_risk_data/campaigns/fiper_sweep_eternal/instance_B/fiper_receding_samples.jsonl
bob|fiper_sweep_eternal|instance_B|libero_spatial_env_t7_r31,success_train,bob,fiper_sweep_eternal,instance_B,libero_spatial_env_t7_r31,libero_spatial_env,7,env,success,130,0,129,/media/rootalkhatib/My Passport/reda_ws/asynchvla_ws/stage9_libero_pro_risk_data/campaigns/fiper_sweep_eternal/instance_B/fiper_receding_samples.jsonl
bob|fiper_sweep_eternal|instance_B|libero_spatial_env_t7_r32,failure_eval_all,bob,fiper_sweep_eternal,instance_B,libero_spatial_env_t7_r32,libero_spatial_env,7,env,failure_or_timeout,300,0,299,/media/rootalkhatib/My Passport/reda_ws/asynchvla_ws/stage9_libero_pro_risk_data/campaigns/fiper_sweep_eternal/instance_B/fiper_receding_samples.jsonl
bob|fiper_sweep_eternal|instance_B|libero_spatial_env_t7_r33,success_train,bob,fiper_sweep_eternal,instance_B,libero_spatial_env_t7_r33,libero_spatial_env,7,env,success,132,0,131,/media/rootalkhatib/My Passport/reda_ws/asynchvla_ws/stage9_libero_pro_risk_data/campaigns/fiper_sweep_eternal/instance_B/fiper_receding_samples.jsonl
bob|fiper_sweep_eternal|instance_B|libero_spatial_env_t7_r34,success_train,bob,fiper_sweep_eternal,instance_B,libero_spatial_env_t7_r34,libero_spatial_env,7,env,success,167,0,166,/media/rootalkhatib/My Passport/reda_ws/asynchvla_ws/stage9_libero_pro_risk_data/campaigns/fiper_sweep_eternal/instance_B/fiper_receding_samples.jsonl
bob|fiper_sweep_eternal|instance_B|libero_spatial_env_t7_r35,success_train,bob,fiper_sweep_eternal,instance_B,libero_spatial_env_t7_r35,libero_spatial_env,7,env,success,142,0,141,/media/rootalkhatib/My Passport/reda_ws/asynchvla_ws/stage9_libero_pro_risk_data/campaigns/fiper_sweep_eternal/instance_B/fiper_receding_samples.jsonl
bob|fiper_sweep_eternal|instance_B|libero_spatial_env_t7_r36,success_train,bob,fiper_sweep_eternal,instance_B,libero_spatial_env_t7_r36,libero_spatial_env,7,env,success,149,0,148,/media/rootalkhatib/My Passport/reda_ws/asynchvla_ws/stage9_libero_pro_risk_data/campaigns/fiper_sweep_eternal/instance_B/fiper_receding_samples.jsonl
bob|fiper_sweep_eternal|instance_B|libero_spatial_env_t7_r37,success_train,bob,fiper_sweep_eternal,instance_B,libero_spatial_env_t7_r37,libero_spatial_env,7,env,success,139,0,138,/media/rootalkhatib/My Passport/reda_ws/asynchvla_ws/stage9_libero_pro_risk_data/campaigns/fiper_sweep_eternal/instance_B/fiper_receding_samples.jsonl
bob|fiper_sweep_eternal|instance_B|libero_spatial_env_t7_r4,success_test_id,bob,fiper_sweep_eternal,instance_B,libero_spatial_env_t7_r4,libero_spatial_env,7,env,success,133,0,132,/media/rootalkhatib/My Passport/reda_ws/asynchvla_ws/stage9_libero_pro_risk_data/campaigns/fiper_sweep_eternal/instance_B/fiper_receding_samples.jsonl
bob|fiper_sweep_eternal|instance_B|libero_spatial_env_t7_r5,success_train,bob,fiper_sweep_eternal,instance_B,libero_spatial_env_t7_r5,libero_spatial_env,7,env,success,138,0,137,/media/rootalkhatib/My Passport/reda_ws/asynchvla_ws/stage9_libero_pro_risk_data/campaigns/fiper_sweep_eternal/instance_B/fiper_receding_samples.jsonl
bob|fiper_sweep_eternal|instance_B|libero_spatial_env_t7_r6,success_train,bob,fiper_sweep_eternal,instance_B,libero_spatial_env_t7_r6,libero_spatial_env,7,env,success,147,0,146,/media/rootalkhatib/My Passport/reda_ws/asynchvla_ws/stage9_libero_pro_risk_data/campaigns/fiper_sweep_eternal/instance_B/fiper_receding_samples.jsonl
bob|fiper_sweep_eternal|instance_B|libero_spatial_env_t7_r7,success_train,bob,fiper_sweep_eternal,instance_B,libero_spatial_env_t7_r7,libero_spatial_env,7,env,success,156,0,155,/media/rootalkhatib/My Passport/reda_ws/asynchvla_ws/stage9_libero_pro_risk_data/campaigns/fiper_sweep_eternal/instance_B/fiper_receding_samples.jsonl
bob|fiper_sweep_eternal|instance_B|libero_spatial_env_t7_r8,success_train,bob,fiper_sweep_eternal,instance_B,libero_spatial_env_t7_r8,libero_spatial_env,7,env,success,209,0,208,/media/rootalkhatib/My Passport/reda_ws/asynchvla_ws/stage9_libero_pro_risk_data/campaigns/fiper_sweep_eternal/instance_B/fiper_receding_samples.jsonl
bob|fiper_sweep_eternal|instance_B|libero_spatial_env_t7_r9,success_train,bob,fiper_sweep_eternal,instance_B,libero_spatial_env_t7_r9,libero_spatial_env,7,env,success,160,0,159,/media/rootalkhatib/My Passport/reda_ws/asynchvla_ws/stage9_libero_pro_risk_data/campaigns/fiper_sweep_eternal/instance_B/fiper_receding_samples.jsonl
bob|fiper_sweep_eternal|instance_B|libero_spatial_env_t8_r0,success_train,bob,fiper_sweep_eternal,instance_B,libero_spatial_env_t8_r0,libero_spatial_env,8,env,success,89,0,88,/media/rootalkhatib/My Passport/reda_ws/asynchvla_ws/stage9_libero_pro_risk_data/campaigns/fiper_sweep_eternal/instance_B/fiper_receding_samples.jsonl
bob|fiper_sweep_eternal|instance_B|libero_spatial_env_t8_r1,success_train,bob,fiper_sweep_eternal,instance_B,libero_spatial_env_t8_r1,libero_spatial_env,8,env,success,90,0,89,/media/rootalkhatib/My Passport/reda_ws/asynchvla_ws/stage9_libero_pro_risk_data/campaigns/fiper_sweep_eternal/instance_B/fiper_receding_samples.jsonl
bob|fiper_sweep_eternal|instance_B|libero_spatial_env_t8_r10,success_train,bob,fiper_sweep_eternal,instance_B,libero_spatial_env_t8_r10,libero_spatial_env,8,env,success,87,0,86,/media/rootalkhatib/My Passport/reda_ws/asynchvla_ws/stage9_libero_pro_risk_data/campaigns/fiper_sweep_eternal/instance_B/fiper_receding_samples.jsonl
bob|fiper_sweep_eternal|instance_B|libero_spatial_env_t8_r11,success_calib,bob,fiper_sweep_eternal,instance_B,libero_spatial_env_t8_r11,libero_spatial_env,8,env,success,89,0,88,/media/rootalkhatib/My Passport/reda_ws/asynchvla_ws/stage9_libero_pro_risk_data/campaigns/fiper_sweep_eternal/instance_B/fiper_receding_samples.jsonl
bob|fiper_sweep_eternal|instance_B|libero_spatial_env_t8_r12,success_train,bob,fiper_sweep_eternal,instance_B,libero_spatial_env_t8_r12,libero_spatial_env,8,env,success,84,0,83,/media/rootalkhatib/My Passport/reda_ws/asynchvla_ws/stage9_libero_pro_risk_data/campaigns/fiper_sweep_eternal/instance_B/fiper_receding_samples.jsonl
bob|fiper_sweep_eternal|instance_B|libero_spatial_env_t8_r13,success_train,bob,fiper_sweep_eternal,instance_B,libero_spatial_env_t8_r13,libero_spatial_env,8,env,success,86,0,85,/media/rootalkhatib/My Passport/reda_ws/asynchvla_ws/stage9_libero_pro_risk_data/campaigns/fiper_sweep_eternal/instance_B/fiper_receding_samples.jsonl
bob|fiper_sweep_eternal|instance_B|libero_spatial_env_t8_r14,success_train,bob,fiper_sweep_eternal,instance_B,libero_spatial_env_t8_r14,libero_spatial_env,8,env,success,91,0,90,/media/rootalkhatib/My Passport/reda_ws/asynchvla_ws/stage9_libero_pro_risk_data/campaigns/fiper_sweep_eternal/instance_B/fiper_receding_samples.jsonl
bob|fiper_sweep_eternal|instance_B|libero_spatial_env_t8_r15,success_train,bob,fiper_sweep_eternal,instance_B,libero_spatial_env_t8_r15,libero_spatial_env,8,env,success,84,0,83,/media/rootalkhatib/My Passport/reda_ws/asynchvla_ws/stage9_libero_pro_risk_data/campaigns/fiper_sweep_eternal/instance_B/fiper_receding_samples.jsonl
bob|fiper_sweep_eternal|instance_B|libero_spatial_env_t8_r16,success_calib,bob,fiper_sweep_eternal,instance_B,libero_spatial_env_t8_r16,libero_spatial_env,8,env,success,95,0,94,/media/rootalkhatib/My Passport/reda_ws/asynchvla_ws/stage9_libero_pro_risk_data/campaigns/fiper_sweep_eternal/instance_B/fiper_receding_samples.jsonl
bob|fiper_sweep_eternal|instance_B|libero_spatial_env_t8_r17,success_train,bob,fiper_sweep_eternal,instance_B,libero_spatial_env_t8_r17,libero_spatial_env,8,env,success,83,0,82,/media/rootalkhatib/My Passport/reda_ws/asynchvla_ws/stage9_libero_pro_risk_data/campaigns/fiper_sweep_eternal/instance_B/fiper_receding_samples.jsonl
bob|fiper_sweep_eternal|instance_B|libero_spatial_env_t8_r18,success_test_id,bob,fiper_sweep_eternal,instance_B,libero_spatial_env_t8_r18,libero_spatial_env,8,env,success,84,0,83,/media/rootalkhatib/My Passport/reda_ws/asynchvla_ws/stage9_libero_pro_risk_data/campaigns/fiper_sweep_eternal/instance_B/fiper_receding_samples.jsonl
bob|fiper_sweep_eternal|instance_B|libero_spatial_env_t8_r19,success_train,bob,fiper_sweep_eternal,instance_B,libero_spatial_env_t8_r19,libero_spatial_env,8,env,success,88,0,87,/media/rootalkhatib/My Passport/reda_ws/asynchvla_ws/stage9_libero_pro_risk_data/campaigns/fiper_sweep_eternal/instance_B/fiper_receding_samples.jsonl
bob|fiper_sweep_eternal|instance_B|libero_spatial_env_t8_r2,success_train,bob,fiper_sweep_eternal,instance_B,libero_spatial_env_t8_r2,libero_spatial_env,8,env,success,93,0,92,/media/rootalkhatib/My Passport/reda_ws/asynchvla_ws/stage9_libero_pro_risk_data/campaigns/fiper_sweep_eternal/instance_B/fiper_receding_samples.jsonl
bob|fiper_sweep_eternal|instance_B|libero_spatial_env_t8_r20,success_train,bob,fiper_sweep_eternal,instance_B,libero_spatial_env_t8_r20,libero_spatial_env,8,env,success,87,0,86,/media/rootalkhatib/My Passport/reda_ws/asynchvla_ws/stage9_libero_pro_risk_data/campaigns/fiper_sweep_eternal/instance_B/fiper_receding_samples.jsonl
bob|fiper_sweep_eternal|instance_B|libero_spatial_env_t8_r21,success_train,bob,fiper_sweep_eternal,instance_B,libero_spatial_env_t8_r21,libero_spatial_env,8,env,success,90,0,89,/media/rootalkhatib/My Passport/reda_ws/asynchvla_ws/stage9_libero_pro_risk_data/campaigns/fiper_sweep_eternal/instance_B/fiper_receding_samples.jsonl
bob|fiper_sweep_eternal|instance_B|libero_spatial_env_t8_r22,success_train,bob,fiper_sweep_eternal,instance_B,libero_spatial_env_t8_r22,libero_spatial_env,8,env,success,93,0,92,/media/rootalkhatib/My Passport/reda_ws/asynchvla_ws/stage9_libero_pro_risk_data/campaigns/fiper_sweep_eternal/instance_B/fiper_receding_samples.jsonl
bob|fiper_sweep_eternal|instance_B|libero_spatial_env_t8_r23,success_train,bob,fiper_sweep_eternal,instance_B,libero_spatial_env_t8_r23,libero_spatial_env,8,env,success,92,0,91,/media/rootalkhatib/My Passport/reda_ws/asynchvla_ws/stage9_libero_pro_risk_data/campaigns/fiper_sweep_eternal/instance_B/fiper_receding_samples.jsonl
bob|fiper_sweep_eternal|instance_B|libero_spatial_env_t8_r24,success_test_id,bob,fiper_sweep_eternal,instance_B,libero_spatial_env_t8_r24,libero_spatial_env,8,env,success,90,0,89,/media/rootalkhatib/My Passport/reda_ws/asynchvla_ws/stage9_libero_pro_risk_data/campaigns/fiper_sweep_eternal/instance_B/fiper_receding_samples.jsonl
bob|fiper_sweep_eternal|instance_B|libero_spatial_env_t8_r25,success_train,bob,fiper_sweep_eternal,instance_B,libero_spatial_env_t8_r25,libero_spatial_env,8,env,success,89,0,88,/media/rootalkhatib/My Passport/reda_ws/asynchvla_ws/stage9_libero_pro_risk_data/campaigns/fiper_sweep_eternal/instance_B/fiper_receding_samples.jsonl
bob|fiper_sweep_eternal|instance_B|libero_spatial_env_t8_r26,success_calib,bob,fiper_sweep_eternal,instance_B,libero_spatial_env_t8_r26,libero_spatial_env,8,env,success,87,0,86,/media/rootalkhatib/My Passport/reda_ws/asynchvla_ws/stage9_libero_pro_risk_data/campaigns/fiper_sweep_eternal/instance_B/fiper_receding_samples.jsonl
bob|fiper_sweep_eternal|instance_B|libero_spatial_env_t8_r27,success_calib,bob,fiper_sweep_eternal,instance_B,libero_spatial_env_t8_r27,libero_spatial_env,8,env,success,88,0,87,/media/rootalkhatib/My Passport/reda_ws/asynchvla_ws/stage9_libero_pro_risk_data/campaigns/fiper_sweep_eternal/instance_B/fiper_receding_samples.jsonl
bob|fiper_sweep_eternal|instance_B|libero_spatial_env_t8_r28,success_train,bob,fiper_sweep_eternal,instance_B,libero_spatial_env_t8_r28,libero_spatial_env,8,env,success,89,0,88,/media/rootalkhatib/My Passport/reda_ws/asynchvla_ws/stage9_libero_pro_risk_data/campaigns/fiper_sweep_eternal/instance_B/fiper_receding_samples.jsonl
bob|fiper_sweep_eternal|instance_B|libero_spatial_env_t8_r29,success_train,bob,fiper_sweep_eternal,instance_B,libero_spatial_env_t8_r29,libero_spatial_env,8,env,success,96,0,95,/media/rootalkhatib/My Passport/reda_ws/asynchvla_ws/stage9_libero_pro_risk_data/campaigns/fiper_sweep_eternal/instance_B/fiper_receding_samples.jsonl
bob|fiper_sweep_eternal|instance_B|libero_spatial_env_t8_r3,success_train,bob,fiper_sweep_eternal,instance_B,libero_spatial_env_t8_r3,libero_spatial_env,8,env,success,94,0,93,/media/rootalkhatib/My Passport/reda_ws/asynchvla_ws/stage9_libero_pro_risk_data/campaigns/fiper_sweep_eternal/instance_B/fiper_receding_samples.jsonl
bob|fiper_sweep_eternal|instance_B|libero_spatial_env_t8_r30,success_calib,bob,fiper_sweep_eternal,instance_B,libero_spatial_env_t8_r30,libero_spatial_env,8,env,success,90,0,89,/media/rootalkhatib/My Passport/reda_ws/asynchvla_ws/stage9_libero_pro_risk_data/campaigns/fiper_sweep_eternal/instance_B/fiper_receding_samples.jsonl
bob|fiper_sweep_eternal|instance_B|libero_spatial_env_t8_r31,success_train,bob,fiper_sweep_eternal,instance_B,libero_spatial_env_t8_r31,libero_spatial_env,8,env,success,91,0,90,/media/rootalkhatib/My Passport/reda_ws/asynchvla_ws/stage9_libero_pro_risk_data/campaigns/fiper_sweep_eternal/instance_B/fiper_receding_samples.jsonl
bob|fiper_sweep_eternal|instance_B|libero_spatial_env_t8_r32,success_train,bob,fiper_sweep_eternal,instance_B,libero_spatial_env_t8_r32,libero_spatial_env,8,env,success,86,0,85,/media/rootalkhatib/My Passport/reda_ws/asynchvla_ws/stage9_libero_pro_risk_data/campaigns/fiper_sweep_eternal/instance_B/fiper_receding_samples.jsonl
bob|fiper_sweep_eternal|instance_B|libero_spatial_env_t8_r33,success_test_id,bob,fiper_sweep_eternal,instance_B,libero_spatial_env_t8_r33,libero_spatial_env,8,env,success,104,0,103,/media/rootalkhatib/My Passport/reda_ws/asynchvla_ws/stage9_libero_pro_risk_data/campaigns/fiper_sweep_eternal/instance_B/fiper_receding_samples.jsonl
bob|fiper_sweep_eternal|instance_B|libero_spatial_env_t8_r34,success_test_id,bob,fiper_sweep_eternal,instance_B,libero_spatial_env_t8_r34,libero_spatial_env,8,env,success,85,0,84,/media/rootalkhatib/My Passport/reda_ws/asynchvla_ws/stage9_libero_pro_risk_data/campaigns/fiper_sweep_eternal/instance_B/fiper_receding_samples.jsonl
bob|fiper_sweep_eternal|instance_B|libero_spatial_env_t8_r35,success_test_id,bob,fiper_sweep_eternal,instance_B,libero_spatial_env_t8_r35,libero_spatial_env,8,env,success,87,0,86,/media/rootalkhatib/My Passport/reda_ws/asynchvla_ws/stage9_libero_pro_risk_data/campaigns/fiper_sweep_eternal/instance_B/fiper_receding_samples.jsonl
bob|fiper_sweep_eternal|instance_B|libero_spatial_env_t8_r36,success_train,bob,fiper_sweep_eternal,instance_B,libero_spatial_env_t8_r36,libero_spatial_env,8,env,success,93,0,92,/media/rootalkhatib/My Passport/reda_ws/asynchvla_ws/stage9_libero_pro_risk_data/campaigns/fiper_sweep_eternal/instance_B/fiper_receding_samples.jsonl
bob|fiper_sweep_eternal|instance_B|libero_spatial_env_t8_r37,success_train,bob,fiper_sweep_eternal,instance_B,libero_spatial_env_t8_r37,libero_spatial_env,8,env,success,86,0,85,/media/rootalkhatib/My Passport/reda_ws/asynchvla_ws/stage9_libero_pro_risk_data/campaigns/fiper_sweep_eternal/instance_B/fiper_receding_samples.jsonl
bob|fiper_sweep_eternal|instance_B|libero_spatial_env_t8_r4,failure_eval_all,bob,fiper_sweep_eternal,instance_B,libero_spatial_env_t8_r4,libero_spatial_env,8,env,failure_or_timeout,300,0,299,/media/rootalkhatib/My Passport/reda_ws/asynchvla_ws/stage9_libero_pro_risk_data/campaigns/fiper_sweep_eternal/instance_B/fiper_receding_samples.jsonl
bob|fiper_sweep_eternal|instance_B|libero_spatial_env_t8_r5,success_train,bob,fiper_sweep_eternal,instance_B,libero_spatial_env_t8_r5,libero_spatial_env,8,env,success,88,0,87,/media/rootalkhatib/My Passport/reda_ws/asynchvla_ws/stage9_libero_pro_risk_data/campaigns/fiper_sweep_eternal/instance_B/fiper_receding_samples.jsonl
bob|fiper_sweep_eternal|instance_B|libero_spatial_env_t8_r6,success_train,bob,fiper_sweep_eternal,instance_B,libero_spatial_env_t8_r6,libero_spatial_env,8,env,success,86,0,85,/media/rootalkhatib/My Passport/reda_ws/asynchvla_ws/stage9_libero_pro_risk_data/campaigns/fiper_sweep_eternal/instance_B/fiper_receding_samples.jsonl
bob|fiper_sweep_eternal|instance_B|libero_spatial_env_t8_r7,success_train,bob,fiper_sweep_eternal,instance_B,libero_spatial_env_t8_r7,libero_spatial_env,8,env,success,82,0,81,/media/rootalkhatib/My Passport/reda_ws/asynchvla_ws/stage9_libero_pro_risk_data/campaigns/fiper_sweep_eternal/instance_B/fiper_receding_samples.jsonl
bob|fiper_sweep_eternal|instance_B|libero_spatial_env_t8_r8,success_train,bob,fiper_sweep_eternal,instance_B,libero_spatial_env_t8_r8,libero_spatial_env,8,env,success,93,0,92,/media/rootalkhatib/My Passport/reda_ws/asynchvla_ws/stage9_libero_pro_risk_data/campaigns/fiper_sweep_eternal/instance_B/fiper_receding_samples.jsonl
bob|fiper_sweep_eternal|instance_B|libero_spatial_env_t8_r9,success_calib,bob,fiper_sweep_eternal,instance_B,libero_spatial_env_t8_r9,libero_spatial_env,8,env,success,87,0,86,/media/rootalkhatib/My Passport/reda_ws/asynchvla_ws/stage9_libero_pro_risk_data/campaigns/fiper_sweep_eternal/instance_B/fiper_receding_samples.jsonl
bob|fiper_sweep_eternal|instance_B|libero_spatial_env_t9_r0,success_train,bob,fiper_sweep_eternal,instance_B,libero_spatial_env_t9_r0,libero_spatial_env,9,env,success,112,0,111,/media/rootalkhatib/My Passport/reda_ws/asynchvla_ws/stage9_libero_pro_risk_data/campaigns/fiper_sweep_eternal/instance_B/fiper_receding_samples.jsonl
bob|fiper_sweep_eternal|instance_B|libero_spatial_env_t9_r1,success_test_id,bob,fiper_sweep_eternal,instance_B,libero_spatial_env_t9_r1,libero_spatial_env,9,env,success,122,0,121,/media/rootalkhatib/My Passport/reda_ws/asynchvla_ws/stage9_libero_pro_risk_data/campaigns/fiper_sweep_eternal/instance_B/fiper_receding_samples.jsonl
bob|fiper_sweep_eternal|instance_B|libero_spatial_env_t9_r10,success_train,bob,fiper_sweep_eternal,instance_B,libero_spatial_env_t9_r10,libero_spatial_env,9,env,success,110,0,109,/media/rootalkhatib/My Passport/reda_ws/asynchvla_ws/stage9_libero_pro_risk_data/campaigns/fiper_sweep_eternal/instance_B/fiper_receding_samples.jsonl
bob|fiper_sweep_eternal|instance_B|libero_spatial_env_t9_r11,success_train,bob,fiper_sweep_eternal,instance_B,libero_spatial_env_t9_r11,libero_spatial_env,9,env,success,114,0,113,/media/rootalkhatib/My Passport/reda_ws/asynchvla_ws/stage9_libero_pro_risk_data/campaigns/fiper_sweep_eternal/instance_B/fiper_receding_samples.jsonl
bob|fiper_sweep_eternal|instance_B|libero_spatial_env_t9_r12,success_train,bob,fiper_sweep_eternal,instance_B,libero_spatial_env_t9_r12,libero_spatial_env,9,env,success,107,0,106,/media/rootalkhatib/My Passport/reda_ws/asynchvla_ws/stage9_libero_pro_risk_data/campaigns/fiper_sweep_eternal/instance_B/fiper_receding_samples.jsonl
bob|fiper_sweep_eternal|instance_B|libero_spatial_env_t9_r13,success_train,bob,fiper_sweep_eternal,instance_B,libero_spatial_env_t9_r13,libero_spatial_env,9,env,success,116,0,115,/media/rootalkhatib/My Passport/reda_ws/asynchvla_ws/stage9_libero_pro_risk_data/campaigns/fiper_sweep_eternal/instance_B/fiper_receding_samples.jsonl
bob|fiper_sweep_eternal|instance_B|libero_spatial_env_t9_r14,success_test_id,bob,fiper_sweep_eternal,instance_B,libero_spatial_env_t9_r14,libero_spatial_env,9,env,success,109,0,108,/media/rootalkhatib/My Passport/reda_ws/asynchvla_ws/stage9_libero_pro_risk_data/campaigns/fiper_sweep_eternal/instance_B/fiper_receding_samples.jsonl
bob|fiper_sweep_eternal|instance_B|libero_spatial_env_t9_r15,success_train,bob,fiper_sweep_eternal,instance_B,libero_spatial_env_t9_r15,libero_spatial_env,9,env,success,116,0,115,/media/rootalkhatib/My Passport/reda_ws/asynchvla_ws/stage9_libero_pro_risk_data/campaigns/fiper_sweep_eternal/instance_B/fiper_receding_samples.jsonl
bob|fiper_sweep_eternal|instance_B|libero_spatial_env_t9_r16,success_train,bob,fiper_sweep_eternal,instance_B,libero_spatial_env_t9_r16,libero_spatial_env,9,env,success,106,0,105,/media/rootalkhatib/My Passport/reda_ws/asynchvla_ws/stage9_libero_pro_risk_data/campaigns/fiper_sweep_eternal/instance_B/fiper_receding_samples.jsonl
bob|fiper_sweep_eternal|instance_B|libero_spatial_env_t9_r17,success_train,bob,fiper_sweep_eternal,instance_B,libero_spatial_env_t9_r17,libero_spatial_env,9,env,success,113,0,112,/media/rootalkhatib/My Passport/reda_ws/asynchvla_ws/stage9_libero_pro_risk_data/campaigns/fiper_sweep_eternal/instance_B/fiper_receding_samples.jsonl
bob|fiper_sweep_eternal|instance_B|libero_spatial_env_t9_r18,success_train,bob,fiper_sweep_eternal,instance_B,libero_spatial_env_t9_r18,libero_spatial_env,9,env,success,121,0,120,/media/rootalkhatib/My Passport/reda_ws/asynchvla_ws/stage9_libero_pro_risk_data/campaigns/fiper_sweep_eternal/instance_B/fiper_receding_samples.jsonl
bob|fiper_sweep_eternal|instance_B|libero_spatial_env_t9_r19,success_train,bob,fiper_sweep_eternal,instance_B,libero_spatial_env_t9_r19,libero_spatial_env,9,env,success,120,0,119,/media/rootalkhatib/My Passport/reda_ws/asynchvla_ws/stage9_libero_pro_risk_data/campaigns/fiper_sweep_eternal/instance_B/fiper_receding_samples.jsonl
bob|fiper_sweep_eternal|instance_B|libero_spatial_env_t9_r2,success_calib,bob,fiper_sweep_eternal,instance_B,libero_spatial_env_t9_r2,libero_spatial_env,9,env,success,111,0,110,/media/rootalkhatib/My Passport/reda_ws/asynchvla_ws/stage9_libero_pro_risk_data/campaigns/fiper_sweep_eternal/instance_B/fiper_receding_samples.jsonl
bob|fiper_sweep_eternal|instance_B|libero_spatial_env_t9_r20,success_test_id,bob,fiper_sweep_eternal,instance_B,libero_spatial_env_t9_r20,libero_spatial_env,9,env,success,107,0,106,/media/rootalkhatib/My Passport/reda_ws/asynchvla_ws/stage9_libero_pro_risk_data/campaigns/fiper_sweep_eternal/instance_B/fiper_receding_samples.jsonl
bob|fiper_sweep_eternal|instance_B|libero_spatial_env_t9_r21,success_train,bob,fiper_sweep_eternal,instance_B,libero_spatial_env_t9_r21,libero_spatial_env,9,env,success,117,0,116,/media/rootalkhatib/My Passport/reda_ws/asynchvla_ws/stage9_libero_pro_risk_data/campaigns/fiper_sweep_eternal/instance_B/fiper_receding_samples.jsonl
bob|fiper_sweep_eternal|instance_B|libero_spatial_env_t9_r22,success_train,bob,fiper_sweep_eternal,instance_B,libero_spatial_env_t9_r22,libero_spatial_env,9,env,success,115,0,114,/media/rootalkhatib/My Passport/reda_ws/asynchvla_ws/stage9_libero_pro_risk_data/campaigns/fiper_sweep_eternal/instance_B/fiper_receding_samples.jsonl
bob|fiper_sweep_eternal|instance_B|libero_spatial_env_t9_r23,success_train,bob,fiper_sweep_eternal,instance_B,libero_spatial_env_t9_r23,libero_spatial_env,9,env,success,109,0,108,/media/rootalkhatib/My Passport/reda_ws/asynchvla_ws/stage9_libero_pro_risk_data/campaigns/fiper_sweep_eternal/instance_B/fiper_receding_samples.jsonl
bob|fiper_sweep_eternal|instance_B|libero_spatial_env_t9_r24,success_train,bob,fiper_sweep_eternal,instance_B,libero_spatial_env_t9_r24,libero_spatial_env,9,env,success,117,0,116,/media/rootalkhatib/My Passport/reda_ws/asynchvla_ws/stage9_libero_pro_risk_data/campaigns/fiper_sweep_eternal/instance_B/fiper_receding_samples.jsonl
bob|fiper_sweep_eternal|instance_B|libero_spatial_env_t9_r25,success_train,bob,fiper_sweep_eternal,instance_B,libero_spatial_env_t9_r25,libero_spatial_env,9,env,success,118,0,117,/media/rootalkhatib/My Passport/reda_ws/asynchvla_ws/stage9_libero_pro_risk_data/campaigns/fiper_sweep_eternal/instance_B/fiper_receding_samples.jsonl
bob|fiper_sweep_eternal|instance_B|libero_spatial_env_t9_r26,success_calib,bob,fiper_sweep_eternal,instance_B,libero_spatial_env_t9_r26,libero_spatial_env,9,env,success,112,0,111,/media/rootalkhatib/My Passport/reda_ws/asynchvla_ws/stage9_libero_pro_risk_data/campaigns/fiper_sweep_eternal/instance_B/fiper_receding_samples.jsonl
bob|fiper_sweep_eternal|instance_B|libero_spatial_env_t9_r27,failure_eval_all,bob,fiper_sweep_eternal,instance_B,libero_spatial_env_t9_r27,libero_spatial_env,9,env,failure_or_timeout,300,0,299,/media/rootalkhatib/My Passport/reda_ws/asynchvla_ws/stage9_libero_pro_risk_data/campaigns/fiper_sweep_eternal/instance_B/fiper_receding_samples.jsonl
bob|fiper_sweep_eternal|instance_B|libero_spatial_env_t9_r28,success_train,bob,fiper_sweep_eternal,instance_B,libero_spatial_env_t9_r28,libero_spatial_env,9,env,success,128,0,127,/media/rootalkhatib/My Passport/reda_ws/asynchvla_ws/stage9_libero_pro_risk_data/campaigns/fiper_sweep_eternal/instance_B/fiper_receding_samples.jsonl
bob|fiper_sweep_eternal|instance_B|libero_spatial_env_t9_r29,success_train,bob,fiper_sweep_eternal,instance_B,libero_spatial_env_t9_r29,libero_spatial_env,9,env,success,119,0,118,/media/rootalkhatib/My Passport/reda_ws/asynchvla_ws/stage9_libero_pro_risk_data/campaigns/fiper_sweep_eternal/instance_B/fiper_receding_samples.jsonl
bob|fiper_sweep_eternal|instance_B|libero_spatial_env_t9_r3,success_train,bob,fiper_sweep_eternal,instance_B,libero_spatial_env_t9_r3,libero_spatial_env,9,env,success,117,0,116,/media/rootalkhatib/My Passport/reda_ws/asynchvla_ws/stage9_libero_pro_risk_data/campaigns/fiper_sweep_eternal/instance_B/fiper_receding_samples.jsonl
bob|fiper_sweep_eternal|instance_B|libero_spatial_env_t9_r30,success_train,bob,fiper_sweep_eternal,instance_B,libero_spatial_env_t9_r30,libero_spatial_env,9,env,success,115,0,114,/media/rootalkhatib/My Passport/reda_ws/asynchvla_ws/stage9_libero_pro_risk_data/campaigns/fiper_sweep_eternal/instance_B/fiper_receding_samples.jsonl
bob|fiper_sweep_eternal|instance_B|libero_spatial_env_t9_r31,success_test_id,bob,fiper_sweep_eternal,instance_B,libero_spatial_env_t9_r31,libero_spatial_env,9,env,success,109,0,108,/media/rootalkhatib/My Passport/reda_ws/asynchvla_ws/stage9_libero_pro_risk_data/campaigns/fiper_sweep_eternal/instance_B/fiper_receding_samples.jsonl
bob|fiper_sweep_eternal|instance_B|libero_spatial_env_t9_r32,success_calib,bob,fiper_sweep_eternal,instance_B,libero_spatial_env_t9_r32,libero_spatial_env,9,env,success,110,0,109,/media/rootalkhatib/My Passport/reda_ws/asynchvla_ws/stage9_libero_pro_risk_data/campaigns/fiper_sweep_eternal/instance_B/fiper_receding_samples.jsonl
bob|fiper_sweep_eternal|instance_B|libero_spatial_env_t9_r33,success_calib,bob,fiper_sweep_eternal,instance_B,libero_spatial_env_t9_r33,libero_spatial_env,9,env,success,111,0,110,/media/rootalkhatib/My Passport/reda_ws/asynchvla_ws/stage9_libero_pro_risk_data/campaigns/fiper_sweep_eternal/instance_B/fiper_receding_samples.jsonl
bob|fiper_sweep_eternal|instance_B|libero_spatial_env_t9_r34,success_train,bob,fiper_sweep_eternal,instance_B,libero_spatial_env_t9_r34,libero_spatial_env,9,env,success,109,0,108,/media/rootalkhatib/My Passport/reda_ws/asynchvla_ws/stage9_libero_pro_risk_data/campaigns/fiper_sweep_eternal/instance_B/fiper_receding_samples.jsonl
bob|fiper_sweep_eternal|instance_B|libero_spatial_env_t9_r35,success_calib,bob,fiper_sweep_eternal,instance_B,libero_spatial_env_t9_r35,libero_spatial_env,9,env,success,108,0,107,/media/rootalkhatib/My Passport/reda_ws/asynchvla_ws/stage9_libero_pro_risk_data/campaigns/fiper_sweep_eternal/instance_B/fiper_receding_samples.jsonl
bob|fiper_sweep_eternal|instance_B|libero_spatial_env_t9_r36,success_calib,bob,fiper_sweep_eternal,instance_B,libero_spatial_env_t9_r36,libero_spatial_env,9,env,success,116,0,115,/media/rootalkhatib/My Passport/reda_ws/asynchvla_ws/stage9_libero_pro_risk_data/campaigns/fiper_sweep_eternal/instance_B/fiper_receding_samples.jsonl
bob|fiper_sweep_eternal|instance_B|libero_spatial_env_t9_r37,success_train,bob,fiper_sweep_eternal,instance_B,libero_spatial_env_t9_r37,libero_spatial_env,9,env,success,125,0,124,/media/rootalkhatib/My Passport/reda_ws/asynchvla_ws/stage9_libero_pro_risk_data/campaigns/fiper_sweep_eternal/instance_B/fiper_receding_samples.jsonl
bob|fiper_sweep_eternal|instance_B|libero_spatial_env_t9_r4,success_train,bob,fiper_sweep_eternal,instance_B,libero_spatial_env_t9_r4,libero_spatial_env,9,env,success,114,0,113,/media/rootalkhatib/My Passport/reda_ws/asynchvla_ws/stage9_libero_pro_risk_data/campaigns/fiper_sweep_eternal/instance_B/fiper_receding_samples.jsonl
bob|fiper_sweep_eternal|instance_B|libero_spatial_env_t9_r5,success_train,bob,fiper_sweep_eternal,instance_B,libero_spatial_env_t9_r5,libero_spatial_env,9,env,success,115,0,114,/media/rootalkhatib/My Passport/reda_ws/asynchvla_ws/stage9_libero_pro_risk_data/campaigns/fiper_sweep_eternal/instance_B/fiper_receding_samples.jsonl
bob|fiper_sweep_eternal|instance_B|libero_spatial_env_t9_r6,success_test_id,bob,fiper_sweep_eternal,instance_B,libero_spatial_env_t9_r6,libero_spatial_env,9,env,success,111,0,110,/media/rootalkhatib/My Passport/reda_ws/asynchvla_ws/stage9_libero_pro_risk_data/campaigns/fiper_sweep_eternal/instance_B/fiper_receding_samples.jsonl
bob|fiper_sweep_eternal|instance_B|libero_spatial_env_t9_r7,success_train,bob,fiper_sweep_eternal,instance_B,libero_spatial_env_t9_r7,libero_spatial_env,9,env,success,115,0,114,/media/rootalkhatib/My Passport/reda_ws/asynchvla_ws/stage9_libero_pro_risk_data/campaigns/fiper_sweep_eternal/instance_B/fiper_receding_samples.jsonl
bob|fiper_sweep_eternal|instance_B|libero_spatial_env_t9_r8,success_train,bob,fiper_sweep_eternal,instance_B,libero_spatial_env_t9_r8,libero_spatial_env,9,env,success,124,0,123,/media/rootalkhatib/My Passport/reda_ws/asynchvla_ws/stage9_libero_pro_risk_data/campaigns/fiper_sweep_eternal/instance_B/fiper_receding_samples.jsonl
bob|fiper_sweep_eternal|instance_B|libero_spatial_env_t9_r9,success_train,bob,fiper_sweep_eternal,instance_B,libero_spatial_env_t9_r9,libero_spatial_env,9,env,success,117,0,116,/media/rootalkhatib/My Passport/reda_ws/asynchvla_ws/stage9_libero_pro_risk_data/campaigns/fiper_sweep_eternal/instance_B/fiper_receding_samples.jsonl
