Loading user config located at: '/mnt/ai/isaac/envs/env_isaaclab_6_0/lib/python3.12/site-packages/isaacsim/kit/data/Kit/IsaacLab/3.0/user.config.json'
2026-08-13T19:21:14Z [Info] [carb] Logging to file: /mnt/ai/isaac/envs/env_isaaclab_6_0/lib/python3.12/site-packages/isaacsim/kit/logs/Kit/IsaacLab/3.0/kit_20260813_212114.log
2026-08-13T19:21:14Z [7ms] [Warning] [omni.ext.plugin] [ext: isaaclab_visualizers] Extensions config 'extension.toml' doesn't exist '/mnt/ai/isaac/IsaacLab-6.0/source/isaaclab_visualizers' or '/mnt/ai/isaac/IsaacLab-6.0/source/isaaclab_visualizers/config'
WARNING: All log messages before absl::InitializeLog() is called are written to STDERR
E0000 00:00:1786648874.272354 1777611 descriptor_database.cc:633] File already exists in database: grpc/health/v1/health.proto
W0000 00:00:1786648874.272381 1777611 message.cc:301] Protobuf GeneratedMessageFactory: File is already registered: grpc/health/v1/health.proto
2026-08-13T19:21:14Z [734ms] [Warning] [omni.rtx] Skipping unsupported non-NVIDIA GPU: AMD Unknown (RADV RAPHAEL_MENDOCINO)
2026-08-13T19:21:14Z [735ms] [Warning] [omni.rtx] Skipping unsupported non-NVIDIA GPU: AMD Unknown (RADV RAPHAEL_MENDOCINO)

|---------------------------------------------------------------------------------------------|
| Driver Version: 580.95.05     | Graphics API: Vulkan
|=============================================================================================|
| GPU | Name                             | Active | LDA | GPU Memory | Vendor-ID | LUID       |
|     |                                  |        |     |            | Device-ID | UUID       |
|     |                                  |        |     |            | Bus-ID    |            |
|---------------------------------------------------------------------------------------------|
| 0   | NVIDIA GeForce RTX 5090          | Yes: 0 |     | 32607   MB | 10de      | 0          |
|     |                                  |        |     |            | 2b85      | b00c3042.. |
|     |                                  |        |     |            | 1         |            |
|---------------------------------------------------------------------------------------------|
| 1   | AMD Unknown (RADV RAPHAEL_MEND.. |        |     | 10670   MB | 1002      | 0          |
|     |                                  |        |     |            | 13c0      | 00000000.. |
|     |                                  |        |     |            | 7a        |            |
|=============================================================================================|
| OS: 22.04.5 LTS (Jammy Jellyfish) ubuntu, Version: 22.04.5, Kernel: 6.8.0-134-generic
| XServer Vendor: The X.Org Foundation, XServer Version: 12101004 (1.21.1.4)
| Processor: AMD Ryzen 9 9950X 16-Core Processor
| Cores: 16 | Logical Cores: 32
|---------------------------------------------------------------------------------------------|
| Total Memory (MB): 30986 | Free Memory: 24166
| Total Page/Swap (MB): 34815 | Free Page/Swap: 31481
|---------------------------------------------------------------------------------------------|
2026-08-13T19:21:15Z [925ms] [Warning] [omni.rtx] CPU performance profile is set to powersave. This profile sets the CPU to the lowest frequency reducing performance.
2026-08-13T19:21:15Z [935ms] [Warning] [omni.rtx] IOMMU is enabled.
2026-08-13T19:21:16Z [2,681ms] [Warning] [omni.log] Source: omni.hydra was already registered.
2026-08-13T19:21:17Z [3,741ms] [Warning] [pxr.Semantics] pxr.Semantics is deprecated - please use Semantics instead
2026-08-13T19:21:18Z [3,796ms] [Warning] [omni.replicator.core.scripts.extension] No material configuration file, adding configuration to material settings directly.
[ISAACLAB] AppLauncher initialization complete
FRANKA_ASSET_RELOCATION_FIX=https://omniverse-content-production.s3-us-west-2.amazonaws.com/Assets/Isaac/6.0/Isaac/IsaacLab/Robots/FrankaEmika/Legacy/panda_instanceable.usd
`torch_dtype` is deprecated! Use `dtype` instead!
[LiberoJointActionSpace] Loaded state norm stats, dim=8
[LiberoJointActionSpace] Loaded actions norm stats, dim=7
[INFO]: Registered backend 'physx' for factory Articulation.
[INFO]: Registered backend 'physx' for factory FrameView.
[INFO]: Registered backend 'physx' for factory RigidObject.
[INFO]: Physics scene prim path: /physicsScene
2026-08-13T19:21:37Z [22,912ms] [Warning] [omni.usd] Encountered USD Warnings but USD Diagnostics are currently muted. To view USD Warnings, please set the '/persistent/app/usd/muteUsdDiagnostics' setting to false in Preferences page.
[INFO]: Simulation parameters for joints in /World/envs/env_.*/Robot:
+---------------------------------------------------------------------------------------------------------------------------------------------------------------------------+
|                                                     Simulation Joint Information (Prim path: /World/envs/env_.*/Robot)                                                    |
+-------+---------------------+-----------+---------+----------+-----------------+------------------+------------------+------------------+-----------------+---------------+
| Index | Name                | Stiffness | Damping | Armature | Static Friction | Dynamic Friction | Viscous Friction | Position Limits  | Velocity Limits | Effort Limits |
+-------+---------------------+-----------+---------+----------+-----------------+------------------+------------------+------------------+-----------------+---------------+
|   0   | panda_joint1        |  400.000  |  80.000 |  0.001   |      0.000      |      0.000       |      0.000       | [-2.897, 2.897]  |      2.175      |     87.000    |
|   1   | panda_joint2        |  400.000  |  80.000 |  0.001   |      0.000      |      0.000       |      0.000       | [-1.763, 1.763]  |      2.175      |     87.000    |
|   2   | panda_joint3        |  400.000  |  80.000 |  0.001   |      0.000      |      0.000       |      0.000       | [-2.897, 2.897]  |      2.175      |     87.000    |
|   3   | panda_joint4        |  400.000  |  80.000 |  0.001   |      0.000      |      0.000       |      0.000       | [-3.072, -0.070] |      2.175      |     87.000    |
|   4   | panda_joint5        |  400.000  |  80.000 |  0.001   |      0.000      |      0.000       |      0.000       | [-2.897, 2.897]  |      2.610      |     12.000    |
|   5   | panda_joint6        |  400.000  |  80.000 |  0.001   |      0.000      |      0.000       |      0.000       | [-0.018, 3.753]  |      2.610      |     12.000    |
|   6   | panda_joint7        |  400.000  |  80.000 |  0.001   |      0.000      |      0.000       |      0.000       | [-2.897, 2.897]  |      2.610      |     12.000    |
|   7   | panda_finger_joint1 |  2.0e+03  | 100.000 |  0.000   |      0.000      |      0.000       |      0.000       |  [0.000, 0.040]  |      0.200      |    200.000    |
|   8   | panda_finger_joint2 |  2.0e+03  | 100.000 |  0.000   |      0.000      |      0.000       |      0.000       |  [0.000, 0.040]  |      0.200      |    200.000    |
+-------+---------------------+-----------+---------+----------+-----------------+------------------+------------------+------------------+-----------------+---------------+
[INFO]: Registered backend 'physx' for factory Renderer.
[INFO]: Created new renderer for simulation: IsaacRtxRenderer
[INFO]: Using renderer: IsaacRtxRenderer
[INFO]: Using renderer: IsaacRtxRenderer
2026-08-13T19:21:41Z [27,087ms] [Warning] [omni.rtx] DLSS increasing input dimensions: Render resolution of (192, 192) is below minimal input resolution of 300.
[INFO]: RTX streaming completed in 0.01 s.
2026-08-13T19:21:54Z [40,038ms] [Warning] [omni.kit.material.library.material_extensions] Could not initialize context menu integration: No module named 'omni.kit.context_menu'
[INFO]: RTX streaming completed in 0.07 s.
RISK_EPISODE_FINALIZED source_episode_id=3109 global_episode_id=r000_s003109 success=True decision_rows=17
RISK_EPISODE_FINALIZED source_episode_id=3919 global_episode_id=r000_s003919 success=True decision_rows=18
RISK_EPISODE_FINALIZED source_episode_id=1807 global_episode_id=r000_s001807 success=True decision_rows=15
RISK_EPISODE_FINALIZED source_episode_id=3905 global_episode_id=r000_s003905 success=True decision_rows=21
RISK_EPISODE_FINALIZED source_episode_id=1015 global_episode_id=r000_s001015 success=True decision_rows=19
RISK_EPISODE_FINALIZED source_episode_id=2286 global_episode_id=r000_s002286 success=True decision_rows=17
RISK_EPISODE_FINALIZED source_episode_id=342 global_episode_id=r000_s000342 success=True decision_rows=14
RISK_EPISODE_FINALIZED source_episode_id=499 global_episode_id=r000_s000499 success=True decision_rows=20
RISK_EPISODE_FINALIZED source_episode_id=340 global_episode_id=r000_s000340 success=True decision_rows=23
RISK_EPISODE_FINALIZED source_episode_id=1947 global_episode_id=r000_s001947 success=True decision_rows=18
RISK_EPISODE_FINALIZED source_episode_id=247 global_episode_id=r000_s000247 success=True decision_rows=18
RISK_EPISODE_FINALIZED source_episode_id=1383 global_episode_id=r000_s001383 success=True decision_rows=15
RISK_EPISODE_FINALIZED source_episode_id=727 global_episode_id=r000_s000727 success=True decision_rows=19
RISK_EPISODE_FINALIZED source_episode_id=3967 global_episode_id=r000_s003967 success=True decision_rows=17
RISK_EPISODE_FINALIZED source_episode_id=1791 global_episode_id=r000_s001791 success=True decision_rows=11
RISK_EPISODE_FINALIZED source_episode_id=2632 global_episode_id=r000_s002632 success=True decision_rows=19
RISK_EPISODE_FINALIZED source_episode_id=3777 global_episode_id=r000_s003777 success=True decision_rows=19
RISK_EPISODE_FINALIZED source_episode_id=3673 global_episode_id=r000_s003673 success=True decision_rows=18
RISK_EPISODE_FINALIZED source_episode_id=3952 global_episode_id=r000_s003952 success=True decision_rows=18
RISK_EPISODE_FINALIZED source_episode_id=1161 global_episode_id=r000_s001161 success=True decision_rows=15
RISK_EPISODE_FINALIZED source_episode_id=3906 global_episode_id=r000_s003906 success=True decision_rows=20
RISK_EPISODE_FINALIZED source_episode_id=3578 global_episode_id=r000_s003578 success=True decision_rows=21
RISK_EPISODE_FINALIZED source_episode_id=3094 global_episode_id=r000_s003094 success=True decision_rows=18
RISK_EPISODE_FINALIZED source_episode_id=2874 global_episode_id=r000_s002874 success=True decision_rows=17
RISK_EPISODE_FINALIZED source_episode_id=567 global_episode_id=r000_s000567 success=True decision_rows=19
RISK_EPISODE_FINALIZED source_episode_id=1795 global_episode_id=r000_s001795 success=True decision_rows=19
RISK_EPISODE_FINALIZED source_episode_id=4027 global_episode_id=r000_s004027 success=True decision_rows=16
RISK_EPISODE_FINALIZED source_episode_id=3614 global_episode_id=r000_s003614 success=True decision_rows=14
RISK_EPISODE_FINALIZED source_episode_id=1434 global_episode_id=r000_s001434 success=True decision_rows=21
RISK_EPISODE_FINALIZED source_episode_id=2015 global_episode_id=r000_s002015 success=False decision_rows=60
RISK_EPISODE_FINALIZED source_episode_id=1787 global_episode_id=r000_s001787 success=True decision_rows=17
RISK_EPISODE_FINALIZED source_episode_id=932 global_episode_id=r000_s000932 success=True decision_rows=22
RISK_EPISODE_FINALIZED source_episode_id=784 global_episode_id=r000_s000784 success=True decision_rows=20
RISK_EPISODE_FINALIZED source_episode_id=2561 global_episode_id=r000_s002561 success=True decision_rows=24
RISK_EPISODE_FINALIZED source_episode_id=562 global_episode_id=r000_s000562 success=True decision_rows=22
RISK_EPISODE_FINALIZED source_episode_id=1319 global_episode_id=r000_s001319 success=True decision_rows=17
RISK_EPISODE_FINALIZED source_episode_id=470 global_episode_id=r000_s000470 success=True decision_rows=18
RISK_EPISODE_FINALIZED source_episode_id=1160 global_episode_id=r000_s001160 success=True decision_rows=20
RISK_EPISODE_FINALIZED source_episode_id=4030 global_episode_id=r000_s004030 success=True decision_rows=21
RISK_EPISODE_FINALIZED source_episode_id=2638 global_episode_id=r000_s002638 success=True decision_rows=17
RISK_EPISODE_FINALIZED source_episode_id=3761 global_episode_id=r000_s003761 success=True decision_rows=19
RISK_EPISODE_FINALIZED source_episode_id=235 global_episode_id=r000_s000235 success=True decision_rows=15
RISK_EPISODE_FINALIZED source_episode_id=359 global_episode_id=r000_s000359 success=True decision_rows=14
RISK_EPISODE_FINALIZED source_episode_id=1416 global_episode_id=r000_s001416 success=True decision_rows=21
RISK_EPISODE_FINALIZED source_episode_id=1485 global_episode_id=r000_s001485 success=True decision_rows=17
RISK_EPISODE_FINALIZED source_episode_id=578 global_episode_id=r000_s000578 success=True decision_rows=19
RISK_EPISODE_FINALIZED source_episode_id=2966 global_episode_id=r000_s002966 success=True decision_rows=11
RISK_EPISODE_FINALIZED source_episode_id=3473 global_episode_id=r000_s003473 success=True decision_rows=21
RISK_EPISODE_FINALIZED source_episode_id=3378 global_episode_id=r000_s003378 success=True decision_rows=18
RISK_EPISODE_FINALIZED source_episode_id=2752 global_episode_id=r000_s002752 success=True decision_rows=17
RISK_EPISODE_FINALIZED source_episode_id=1923 global_episode_id=r000_s001923 success=True decision_rows=24
RISK_EPISODE_FINALIZED source_episode_id=1349 global_episode_id=r000_s001349 success=True decision_rows=18
RISK_EPISODE_FINALIZED source_episode_id=278 global_episode_id=r000_s000278 success=True decision_rows=18
RISK_EPISODE_FINALIZED source_episode_id=2350 global_episode_id=r000_s002350 success=True decision_rows=17
RISK_EPISODE_FINALIZED source_episode_id=2390 global_episode_id=r000_s002390 success=True decision_rows=18
RISK_EPISODE_FINALIZED source_episode_id=666 global_episode_id=r000_s000666 success=True decision_rows=20
RISK_EPISODE_FINALIZED source_episode_id=4023 global_episode_id=r000_s004023 success=True decision_rows=20
RISK_EPISODE_FINALIZED source_episode_id=3390 global_episode_id=r000_s003390 success=False decision_rows=60
RISK_EPISODE_FINALIZED source_episode_id=2728 global_episode_id=r000_s002728 success=True decision_rows=18
RISK_EPISODE_FINALIZED source_episode_id=297 global_episode_id=r000_s000297 success=True decision_rows=18
RISK_EPISODE_FINALIZED source_episode_id=3886 global_episode_id=r000_s003886 success=True decision_rows=18
RISK_EPISODE_FINALIZED source_episode_id=3554 global_episode_id=r000_s003554 success=True decision_rows=16
RISK_EPISODE_FINALIZED source_episode_id=353 global_episode_id=r000_s000353 success=True decision_rows=18
RISK_EPISODE_FINALIZED source_episode_id=3301 global_episode_id=r000_s003301 success=True decision_rows=17
RISK_EPISODE_FINALIZED source_episode_id=2017 global_episode_id=r000_s002017 success=True decision_rows=19
RISK_EPISODE_FINALIZED source_episode_id=4001 global_episode_id=r000_s004001 success=True decision_rows=17
RISK_EPISODE_FINALIZED source_episode_id=1255 global_episode_id=r000_s001255 success=True decision_rows=8
RISK_EPISODE_FINALIZED source_episode_id=3175 global_episode_id=r000_s003175 success=True decision_rows=16
RISK_EPISODE_FINALIZED source_episode_id=3887 global_episode_id=r000_s003887 success=True decision_rows=23
RISK_EPISODE_FINALIZED source_episode_id=2149 global_episode_id=r000_s002149 success=True decision_rows=10
RISK_EPISODE_FINALIZED source_episode_id=653 global_episode_id=r000_s000653 success=True decision_rows=16
RISK_EPISODE_FINALIZED source_episode_id=2006 global_episode_id=r000_s002006 success=True decision_rows=16
RISK_EPISODE_FINALIZED source_episode_id=3621 global_episode_id=r000_s003621 success=True decision_rows=15
RISK_EPISODE_FINALIZED source_episode_id=1748 global_episode_id=r000_s001748 success=True decision_rows=22
RISK_EPISODE_FINALIZED source_episode_id=979 global_episode_id=r000_s000979 success=True decision_rows=13
RISK_EPISODE_FINALIZED source_episode_id=2762 global_episode_id=r000_s002762 success=True decision_rows=20
RISK_EPISODE_FINALIZED source_episode_id=3670 global_episode_id=r000_s003670 success=True decision_rows=11
RISK_EPISODE_FINALIZED source_episode_id=3855 global_episode_id=r000_s003855 success=True decision_rows=17
RISK_EPISODE_FINALIZED source_episode_id=2248 global_episode_id=r000_s002248 success=True decision_rows=18
RISK_EPISODE_FINALIZED source_episode_id=2011 global_episode_id=r000_s002011 success=True decision_rows=18
RISK_EPISODE_FINALIZED source_episode_id=2288 global_episode_id=r000_s002288 success=True decision_rows=15
RISK_EPISODE_FINALIZED source_episode_id=3679 global_episode_id=r000_s003679 success=True decision_rows=17
RISK_EPISODE_FINALIZED source_episode_id=874 global_episode_id=r000_s000874 success=True decision_rows=15
RISK_EPISODE_FINALIZED source_episode_id=922 global_episode_id=r000_s000922 success=True decision_rows=17
RISK_EPISODE_FINALIZED source_episode_id=3047 global_episode_id=r000_s003047 success=True decision_rows=16
RISK_EPISODE_FINALIZED source_episode_id=86 global_episode_id=r000_s000086 success=True decision_rows=17
RISK_EPISODE_FINALIZED source_episode_id=598 global_episode_id=r000_s000598 success=True decision_rows=18
RISK_EPISODE_FINALIZED source_episode_id=481 global_episode_id=r000_s000481 success=True decision_rows=19
RISK_EPISODE_FINALIZED source_episode_id=1904 global_episode_id=r000_s001904 success=True decision_rows=19
RISK_EPISODE_FINALIZED source_episode_id=3703 global_episode_id=r000_s003703 success=True decision_rows=19
RISK_EPISODE_FINALIZED source_episode_id=794 global_episode_id=r000_s000794 success=True decision_rows=17
RISK_EPISODE_FINALIZED source_episode_id=3020 global_episode_id=r000_s003020 success=True decision_rows=18
RISK_EPISODE_FINALIZED source_episode_id=3632 global_episode_id=r000_s003632 success=True decision_rows=19
RISK_EPISODE_FINALIZED source_episode_id=3480 global_episode_id=r000_s003480 success=True decision_rows=18
RISK_EPISODE_FINALIZED source_episode_id=1108 global_episode_id=r000_s001108 success=True decision_rows=21
RISK_EPISODE_FINALIZED source_episode_id=638 global_episode_id=r000_s000638 success=True decision_rows=19
RISK_EPISODE_FINALIZED source_episode_id=1246 global_episode_id=r000_s001246 success=True decision_rows=16
RISK_EPISODE_FINALIZED source_episode_id=1521 global_episode_id=r000_s001521 success=True decision_rows=14
RISK_EPISODE_FINALIZED source_episode_id=3008 global_episode_id=r000_s003008 success=True decision_rows=18
RISK_EPISODE_FINALIZED source_episode_id=1900 global_episode_id=r000_s001900 success=True decision_rows=21
RISK_EPISODE_FINALIZED source_episode_id=3231 global_episode_id=r000_s003231 success=True decision_rows=20
RISK_EPISODE_FINALIZED source_episode_id=3542 global_episode_id=r000_s003542 success=True decision_rows=19
RISK_EPISODE_FINALIZED source_episode_id=548 global_episode_id=r000_s000548 success=True decision_rows=17
RISK_EPISODE_FINALIZED source_episode_id=3650 global_episode_id=r000_s003650 success=True decision_rows=16
RISK_EPISODE_FINALIZED source_episode_id=3997 global_episode_id=r000_s003997 success=True decision_rows=15
RISK_EPISODE_FINALIZED source_episode_id=1790 global_episode_id=r000_s001790 success=False decision_rows=60
RISK_EPISODE_FINALIZED source_episode_id=2849 global_episode_id=r000_s002849 success=True decision_rows=15
RISK_EPISODE_FINALIZED source_episode_id=2514 global_episode_id=r000_s002514 success=True decision_rows=14
RISK_EPISODE_FINALIZED source_episode_id=1831 global_episode_id=r000_s001831 success=True decision_rows=18
RISK_EPISODE_FINALIZED source_episode_id=3485 global_episode_id=r000_s003485 success=True decision_rows=17
RISK_EPISODE_FINALIZED source_episode_id=2534 global_episode_id=r000_s002534 success=True decision_rows=20
RISK_EPISODE_FINALIZED source_episode_id=3127 global_episode_id=r000_s003127 success=True decision_rows=13
RISK_EPISODE_FINALIZED source_episode_id=1066 global_episode_id=r000_s001066 success=True decision_rows=18
RISK_EPISODE_FINALIZED source_episode_id=2467 global_episode_id=r000_s002467 success=True decision_rows=20
RISK_EPISODE_FINALIZED source_episode_id=870 global_episode_id=r000_s000870 success=True decision_rows=19
RISK_EPISODE_FINALIZED source_episode_id=2401 global_episode_id=r000_s002401 success=True decision_rows=16
RISK_EPISODE_FINALIZED source_episode_id=1139 global_episode_id=r000_s001139 success=True decision_rows=16
RISK_EPISODE_FINALIZED source_episode_id=3191 global_episode_id=r000_s003191 success=True decision_rows=17
RISK_EPISODE_FINALIZED source_episode_id=2518 global_episode_id=r000_s002518 success=True decision_rows=15
RISK_EPISODE_FINALIZED source_episode_id=2494 global_episode_id=r000_s002494 success=True decision_rows=13
RISK_EPISODE_FINALIZED source_episode_id=2621 global_episode_id=r000_s002621 success=True decision_rows=15
RISK_EPISODE_FINALIZED source_episode_id=1331 global_episode_id=r000_s001331 success=True decision_rows=15
RISK_EPISODE_FINALIZED source_episode_id=2945 global_episode_id=r000_s002945 success=True decision_rows=24
RISK_EPISODE_FINALIZED source_episode_id=3207 global_episode_id=r000_s003207 success=True decision_rows=20
RISK_EPISODE_FINALIZED source_episode_id=150 global_episode_id=r000_s000150 success=True decision_rows=17
RISK_EPISODE_FINALIZED source_episode_id=1359 global_episode_id=r000_s001359 success=True decision_rows=18
RISK_EPISODE_FINALIZED source_episode_id=174 global_episode_id=r000_s000174 success=True decision_rows=16
RISK_EPISODE_FINALIZED source_episode_id=254 global_episode_id=r000_s000254 success=True decision_rows=20
RISK_EPISODE_FINALIZED source_episode_id=749 global_episode_id=r000_s000749 success=True decision_rows=20
RISK_EPISODE_FINALIZED source_episode_id=73 global_episode_id=r000_s000073 success=True decision_rows=18
RISK_EPISODE_FINALIZED source_episode_id=3312 global_episode_id=r000_s003312 success=True decision_rows=18
RISK_EPISODE_FINALIZED source_episode_id=2889 global_episode_id=r000_s002889 success=True decision_rows=15
RISK_EPISODE_FINALIZED source_episode_id=302 global_episode_id=r000_s000302 success=True decision_rows=29
RISK_EPISODE_FINALIZED source_episode_id=742 global_episode_id=r000_s000742 success=True decision_rows=20
RISK_EPISODE_FINALIZED source_episode_id=3085 global_episode_id=r000_s003085 success=True decision_rows=16
RISK_EPISODE_FINALIZED source_episode_id=1926 global_episode_id=r000_s001926 success=True decision_rows=20
RISK_EPISODE_FINALIZED source_episode_id=467 global_episode_id=r000_s000467 success=True decision_rows=19
RISK_EPISODE_FINALIZED source_episode_id=3558 global_episode_id=r000_s003558 success=True decision_rows=14
RISK_EPISODE_FINALIZED source_episode_id=1971 global_episode_id=r000_s001971 success=True decision_rows=20
RISK_EPISODE_FINALIZED source_episode_id=722 global_episode_id=r000_s000722 success=True decision_rows=15
RISK_EPISODE_FINALIZED source_episode_id=368 global_episode_id=r000_s000368 success=True decision_rows=18
RISK_EPISODE_FINALIZED source_episode_id=673 global_episode_id=r000_s000673 success=True decision_rows=18
RISK_EPISODE_FINALIZED source_episode_id=2048 global_episode_id=r000_s002048 success=True decision_rows=16
RISK_EPISODE_FINALIZED source_episode_id=1982 global_episode_id=r000_s001982 success=True decision_rows=20
RISK_EPISODE_FINALIZED source_episode_id=289 global_episode_id=r000_s000289 success=False decision_rows=60
RISK_EPISODE_FINALIZED source_episode_id=3768 global_episode_id=r000_s003768 success=True decision_rows=17
RISK_EPISODE_FINALIZED source_episode_id=755 global_episode_id=r000_s000755 success=False decision_rows=60
RISK_EPISODE_FINALIZED source_episode_id=1032 global_episode_id=r000_s001032 success=True decision_rows=19
RISK_EPISODE_FINALIZED source_episode_id=3747 global_episode_id=r000_s003747 success=True decision_rows=22
RISK_EPISODE_FINALIZED source_episode_id=1101 global_episode_id=r000_s001101 success=True decision_rows=14
RISK_EPISODE_FINALIZED source_episode_id=3371 global_episode_id=r000_s003371 success=True decision_rows=20
RISK_EPISODE_FINALIZED source_episode_id=1847 global_episode_id=r000_s001847 success=True decision_rows=14
RISK_EPISODE_FINALIZED source_episode_id=4038 global_episode_id=r000_s004038 success=True decision_rows=16
RISK_EPISODE_FINALIZED source_episode_id=2721 global_episode_id=r000_s002721 success=True decision_rows=13
RISK_EPISODE_FINALIZED source_episode_id=2696 global_episode_id=r000_s002696 success=True decision_rows=20
RISK_EPISODE_FINALIZED source_episode_id=1966 global_episode_id=r000_s001966 success=True decision_rows=17
RISK_EPISODE_FINALIZED source_episode_id=650 global_episode_id=r000_s000650 success=True decision_rows=20
RISK_EPISODE_FINALIZED source_episode_id=3065 global_episode_id=r000_s003065 success=True decision_rows=21
RISK_EPISODE_FINALIZED source_episode_id=2940 global_episode_id=r000_s002940 success=True decision_rows=16
RISK_EPISODE_FINALIZED source_episode_id=4016 global_episode_id=r000_s004016 success=False decision_rows=60
RISK_EPISODE_FINALIZED source_episode_id=1835 global_episode_id=r000_s001835 success=True decision_rows=15
RISK_EPISODE_FINALIZED source_episode_id=909 global_episode_id=r000_s000909 success=True decision_rows=16
RISK_EPISODE_FINALIZED source_episode_id=3718 global_episode_id=r000_s003718 success=True decision_rows=18
RISK_EPISODE_FINALIZED source_episode_id=1216 global_episode_id=r000_s001216 success=True decision_rows=18
RISK_EPISODE_FINALIZED source_episode_id=1920 global_episode_id=r000_s001920 success=True decision_rows=17
RISK_EPISODE_FINALIZED source_episode_id=510 global_episode_id=r000_s000510 success=True decision_rows=19
RISK_EPISODE_FINALIZED source_episode_id=747 global_episode_id=r000_s000747 success=True decision_rows=22
RISK_EPISODE_FINALIZED source_episode_id=2145 global_episode_id=r000_s002145 success=True decision_rows=16
RISK_EPISODE_FINALIZED source_episode_id=978 global_episode_id=r000_s000978 success=True decision_rows=15
RISK_EPISODE_FINALIZED source_episode_id=3710 global_episode_id=r000_s003710 success=True decision_rows=19
RISK_EPISODE_FINALIZED source_episode_id=1307 global_episode_id=r000_s001307 success=True decision_rows=18
RISK_EPISODE_FINALIZED source_episode_id=2999 global_episode_id=r000_s002999 success=True decision_rows=19
RISK_EPISODE_FINALIZED source_episode_id=492 global_episode_id=r000_s000492 success=True decision_rows=20
RISK_EPISODE_FINALIZED source_episode_id=43 global_episode_id=r000_s000043 success=True decision_rows=21
RISK_EPISODE_FINALIZED source_episode_id=790 global_episode_id=r000_s000790 success=True decision_rows=18
RISK_EPISODE_FINALIZED source_episode_id=1738 global_episode_id=r000_s001738 success=True decision_rows=18
RISK_EPISODE_FINALIZED source_episode_id=1463 global_episode_id=r000_s001463 success=True decision_rows=13
RISK_EPISODE_FINALIZED source_episode_id=2535 global_episode_id=r000_s002535 success=True decision_rows=16
RISK_EPISODE_FINALIZED source_episode_id=116 global_episode_id=r000_s000116 success=True decision_rows=17
RISK_EPISODE_FINALIZED source_episode_id=3081 global_episode_id=r000_s003081 success=True decision_rows=15
RISK_EPISODE_FINALIZED source_episode_id=2138 global_episode_id=r000_s002138 success=True decision_rows=20
RISK_EPISODE_FINALIZED source_episode_id=3 global_episode_id=r000_s000003 success=True decision_rows=24
RISK_EPISODE_FINALIZED source_episode_id=1719 global_episode_id=r000_s001719 success=True decision_rows=19
RISK_EPISODE_FINALIZED source_episode_id=3615 global_episode_id=r000_s003615 success=True decision_rows=15
RISK_EPISODE_FINALIZED source_episode_id=3699 global_episode_id=r000_s003699 success=False decision_rows=60
RISK_EPISODE_FINALIZED source_episode_id=3993 global_episode_id=r000_s003993 success=True decision_rows=18
RISK_EPISODE_FINALIZED source_episode_id=1527 global_episode_id=r000_s001527 success=False decision_rows=60
RISK_EPISODE_FINALIZED source_episode_id=2556 global_episode_id=r000_s002556 success=True decision_rows=18
RISK_EPISODE_FINALIZED source_episode_id=4136 global_episode_id=r000_s004136 success=True decision_rows=20
RISK_EPISODE_FINALIZED source_episode_id=2327 global_episode_id=r000_s002327 success=True decision_rows=15
RISK_EPISODE_FINALIZED source_episode_id=2499 global_episode_id=r000_s002499 success=True decision_rows=24
RISK_EPISODE_FINALIZED source_episode_id=485 global_episode_id=r000_s000485 success=True decision_rows=11
RISK_EPISODE_FINALIZED source_episode_id=2440 global_episode_id=r000_s002440 success=True decision_rows=19
RISK_EPISODE_FINALIZED source_episode_id=2333 global_episode_id=r000_s002333 success=True decision_rows=17
RISK_EPISODE_FINALIZED source_episode_id=3546 global_episode_id=r000_s003546 success=True decision_rows=20
RISK_EPISODE_FINALIZED source_episode_id=868 global_episode_id=r000_s000868 success=True decision_rows=21
RISK_EPISODE_FINALIZED source_episode_id=2003 global_episode_id=r000_s002003 success=True decision_rows=20
RISK_EPISODE_FINALIZED source_episode_id=266 global_episode_id=r000_s000266 success=True decision_rows=20
RISK_EPISODE_FINALIZED source_episode_id=1391 global_episode_id=r000_s001391 success=True decision_rows=20
RISK_EPISODE_FINALIZED source_episode_id=3357 global_episode_id=r000_s003357 success=True decision_rows=7
RISK_EPISODE_FINALIZED source_episode_id=1994 global_episode_id=r000_s001994 success=False decision_rows=60
RISK_EPISODE_FINALIZED source_episode_id=51 global_episode_id=r000_s000051 success=True decision_rows=18
RISK_EPISODE_FINALIZED source_episode_id=3596 global_episode_id=r000_s003596 success=True decision_rows=12
RISK_EPISODE_FINALIZED source_episode_id=3846 global_episode_id=r000_s003846 success=True decision_rows=17
RISK_EPISODE_FINALIZED source_episode_id=3953 global_episode_id=r000_s003953 success=True decision_rows=9
RISK_EPISODE_FINALIZED source_episode_id=732 global_episode_id=r000_s000732 success=True decision_rows=17
RISK_EPISODE_FINALIZED source_episode_id=3261 global_episode_id=r000_s003261 success=True decision_rows=16
RISK_EPISODE_FINALIZED source_episode_id=1149 global_episode_id=r000_s001149 success=True decision_rows=21
RISK_EPISODE_FINALIZED source_episode_id=2706 global_episode_id=r000_s002706 success=True decision_rows=14
RISK_EPISODE_FINALIZED source_episode_id=55 global_episode_id=r000_s000055 success=True decision_rows=18
RISK_EPISODE_FINALIZED source_episode_id=468 global_episode_id=r000_s000468 success=True decision_rows=23
RISK_EPISODE_FINALIZED source_episode_id=1520 global_episode_id=r000_s001520 success=True decision_rows=19
RISK_EPISODE_FINALIZED source_episode_id=3399 global_episode_id=r000_s003399 success=True decision_rows=21
RISK_EPISODE_FINALIZED source_episode_id=4063 global_episode_id=r000_s004063 success=True decision_rows=18
RISK_EPISODE_FINALIZED source_episode_id=545 global_episode_id=r000_s000545 success=True decision_rows=17
RISK_EPISODE_FINALIZED source_episode_id=738 global_episode_id=r000_s000738 success=True decision_rows=18
RISK_EPISODE_FINALIZED source_episode_id=3027 global_episode_id=r000_s003027 success=True decision_rows=13
RISK_EPISODE_FINALIZED source_episode_id=1580 global_episode_id=r000_s001580 success=True decision_rows=21
RISK_EPISODE_FINALIZED source_episode_id=3286 global_episode_id=r000_s003286 success=True decision_rows=18
RISK_EPISODE_FINALIZED source_episode_id=1351 global_episode_id=r000_s001351 success=False decision_rows=60
RISK_EPISODE_FINALIZED source_episode_id=2224 global_episode_id=r000_s002224 success=True decision_rows=18
RISK_EPISODE_FINALIZED source_episode_id=2663 global_episode_id=r000_s002663 success=True decision_rows=18
RISK_EPISODE_FINALIZED source_episode_id=285 global_episode_id=r000_s000285 success=True decision_rows=19
RISK_EPISODE_FINALIZED source_episode_id=1773 global_episode_id=r000_s001773 success=True decision_rows=14
RISK_EPISODE_FINALIZED source_episode_id=3991 global_episode_id=r000_s003991 success=True decision_rows=14
RISK_EPISODE_FINALIZED source_episode_id=2323 global_episode_id=r000_s002323 success=True decision_rows=19
RISK_EPISODE_FINALIZED source_episode_id=1088 global_episode_id=r000_s001088 success=True decision_rows=17
RISK_EPISODE_FINALIZED source_episode_id=1372 global_episode_id=r000_s001372 success=True decision_rows=18
RISK_EPISODE_FINALIZED source_episode_id=2103 global_episode_id=r000_s002103 success=True decision_rows=18
RISK_EPISODE_FINALIZED source_episode_id=2246 global_episode_id=r000_s002246 success=True decision_rows=19
RISK_EPISODE_FINALIZED source_episode_id=3927 global_episode_id=r000_s003927 success=True decision_rows=16
RISK_EPISODE_FINALIZED source_episode_id=554 global_episode_id=r000_s000554 success=True decision_rows=18
RISK_EPISODE_FINALIZED source_episode_id=2491 global_episode_id=r000_s002491 success=True decision_rows=12
RISK_EPISODE_FINALIZED source_episode_id=3447 global_episode_id=r000_s003447 success=True decision_rows=19
RISK_EPISODE_FINALIZED source_episode_id=4191 global_episode_id=r000_s004191 success=True decision_rows=20
RISK_EPISODE_FINALIZED source_episode_id=1366 global_episode_id=r000_s001366 success=True decision_rows=18
RISK_EPISODE_FINALIZED source_episode_id=3931 global_episode_id=r000_s003931 success=True decision_rows=12
RISK_EPISODE_FINALIZED source_episode_id=2608 global_episode_id=r000_s002608 success=True decision_rows=18
RISK_EPISODE_FINALIZED source_episode_id=670 global_episode_id=r000_s000670 success=True decision_rows=19
RISK_EPISODE_FINALIZED source_episode_id=1430 global_episode_id=r000_s001430 success=True decision_rows=17
RISK_EPISODE_FINALIZED source_episode_id=2339 global_episode_id=r000_s002339 success=True decision_rows=20
RISK_EPISODE_FINALIZED source_episode_id=1298 global_episode_id=r000_s001298 success=True decision_rows=6
RISK_EPISODE_FINALIZED source_episode_id=652 global_episode_id=r000_s000652 success=True decision_rows=17
RISK_EPISODE_FINALIZED source_episode_id=3940 global_episode_id=r000_s003940 success=True decision_rows=20
RISK_EPISODE_FINALIZED source_episode_id=1535 global_episode_id=r000_s001535 success=True decision_rows=19
RISK_EPISODE_FINALIZED source_episode_id=1987 global_episode_id=r000_s001987 success=True decision_rows=24
RISK_EPISODE_FINALIZED source_episode_id=3550 global_episode_id=r000_s003550 success=True decision_rows=12
RISK_EPISODE_FINALIZED source_episode_id=180 global_episode_id=r000_s000180 success=True decision_rows=17
RISK_EPISODE_FINALIZED source_episode_id=3271 global_episode_id=r000_s003271 success=True decision_rows=21
RISK_EPISODE_FINALIZED source_episode_id=2904 global_episode_id=r000_s002904 success=True decision_rows=22
RISK_EPISODE_FINALIZED source_episode_id=1084 global_episode_id=r000_s001084 success=True decision_rows=15
RISK_EPISODE_FINALIZED source_episode_id=1312 global_episode_id=r000_s001312 success=True decision_rows=21
RISK_EPISODE_FINALIZED source_episode_id=3681 global_episode_id=r000_s003681 success=True decision_rows=19
RISK_EPISODE_FINALIZED source_episode_id=2813 global_episode_id=r000_s002813 success=True decision_rows=21
RISK_EPISODE_FINALIZED source_episode_id=2553 global_episode_id=r000_s002553 success=True decision_rows=21
RISK_EPISODE_FINALIZED source_episode_id=3655 global_episode_id=r000_s003655 success=True decision_rows=16
RISK_EPISODE_FINALIZED source_episode_id=1107 global_episode_id=r000_s001107 success=True decision_rows=19
RISK_EPISODE_FINALIZED source_episode_id=2 global_episode_id=r000_s000002 success=True decision_rows=14
RISK_EPISODE_FINALIZED source_episode_id=3222 global_episode_id=r000_s003222 success=True decision_rows=17
RISK_EPISODE_FINALIZED source_episode_id=2318 global_episode_id=r000_s002318 success=True decision_rows=17
RISK_EPISODE_FINALIZED source_episode_id=2710 global_episode_id=r000_s002710 success=True decision_rows=17
RISK_EPISODE_FINALIZED source_episode_id=3217 global_episode_id=r000_s003217 success=True decision_rows=20
RISK_EPISODE_FINALIZED source_episode_id=432 global_episode_id=r000_s000432 success=True decision_rows=12
RISK_EPISODE_FINALIZED source_episode_id=267 global_episode_id=r000_s000267 success=True decision_rows=20
RISK_EPISODE_FINALIZED source_episode_id=1073 global_episode_id=r000_s001073 success=True decision_rows=16
RISK_EPISODE_FINALIZED source_episode_id=4122 global_episode_id=r000_s004122 success=True decision_rows=20
RISK_EPISODE_FINALIZED source_episode_id=1109 global_episode_id=r000_s001109 success=True decision_rows=21
RISK_EPISODE_FINALIZED source_episode_id=1805 global_episode_id=r000_s001805 success=True decision_rows=17
RISK_EPISODE_FINALIZED source_episode_id=3362 global_episode_id=r000_s003362 success=True decision_rows=16
RISK_EPISODE_FINALIZED source_episode_id=3758 global_episode_id=r000_s003758 success=True decision_rows=18
RISK_EPISODE_FINALIZED source_episode_id=3646 global_episode_id=r000_s003646 success=True decision_rows=20
RISK_EPISODE_FINALIZED source_episode_id=3904 global_episode_id=r000_s003904 success=True decision_rows=17
RISK_EPISODE_FINALIZED source_episode_id=669 global_episode_id=r000_s000669 success=True decision_rows=15
RISK_EPISODE_FINALIZED source_episode_id=220 global_episode_id=r000_s000220 success=True decision_rows=18
RISK_EPISODE_FINALIZED source_episode_id=2265 global_episode_id=r000_s002265 success=True decision_rows=19
RISK_EPISODE_FINALIZED source_episode_id=2701 global_episode_id=r000_s002701 success=True decision_rows=16
RISK_EPISODE_FINALIZED source_episode_id=190 global_episode_id=r000_s000190 success=True decision_rows=20
RISK_EPISODE_FINALIZED source_episode_id=4019 global_episode_id=r000_s004019 success=True decision_rows=19
RISK_EPISODE_FINALIZED source_episode_id=3859 global_episode_id=r000_s003859 success=True decision_rows=17
RISK_EPISODE_FINALIZED source_episode_id=2215 global_episode_id=r000_s002215 success=True decision_rows=16
RISK_EPISODE_FINALIZED source_episode_id=2948 global_episode_id=r000_s002948 success=True decision_rows=20
RISK_EPISODE_FINALIZED source_episode_id=3068 global_episode_id=r000_s003068 success=True decision_rows=18
RISK_EPISODE_FINALIZED source_episode_id=679 global_episode_id=r000_s000679 success=True decision_rows=17
RISK_EPISODE_FINALIZED source_episode_id=914 global_episode_id=r000_s000914 success=True decision_rows=15
RISK_EPISODE_FINALIZED source_episode_id=2838 global_episode_id=r000_s002838 success=True decision_rows=19
RISK_EPISODE_FINALIZED source_episode_id=3471 global_episode_id=r000_s003471 success=True decision_rows=11
RISK_EPISODE_FINALIZED source_episode_id=224 global_episode_id=r000_s000224 success=True decision_rows=21
RISK_EPISODE_FINALIZED source_episode_id=3874 global_episode_id=r000_s003874 success=True decision_rows=18
RISK_EPISODE_FINALIZED source_episode_id=2693 global_episode_id=r000_s002693 success=True decision_rows=20
RISK_EPISODE_FINALIZED source_episode_id=2675 global_episode_id=r000_s002675 success=True decision_rows=15
RISK_EPISODE_FINALIZED source_episode_id=70 global_episode_id=r000_s000070 success=True decision_rows=19
RISK_EPISODE_FINALIZED source_episode_id=199 global_episode_id=r000_s000199 success=False decision_rows=60
RISK_EPISODE_FINALIZED source_episode_id=750 global_episode_id=r000_s000750 success=True decision_rows=18
RISK_EPISODE_FINALIZED source_episode_id=1281 global_episode_id=r000_s001281 success=True decision_rows=17
RISK_EPISODE_FINALIZED source_episode_id=1415 global_episode_id=r000_s001415 success=True decision_rows=21
RISK_EPISODE_FINALIZED source_episode_id=2860 global_episode_id=r000_s002860 success=True decision_rows=21
RISK_EPISODE_FINALIZED source_episode_id=3341 global_episode_id=r000_s003341 success=True decision_rows=19
RISK_EPISODE_FINALIZED source_episode_id=32 global_episode_id=r000_s000032 success=True decision_rows=21
RISK_EPISODE_FINALIZED source_episode_id=3229 global_episode_id=r000_s003229 success=True decision_rows=16
RISK_EPISODE_FINALIZED source_episode_id=1737 global_episode_id=r000_s001737 success=True decision_rows=20
RISK_EPISODE_FINALIZED source_episode_id=1984 global_episode_id=r000_s001984 success=True decision_rows=14
RISK_EPISODE_FINALIZED source_episode_id=967 global_episode_id=r000_s000967 success=True decision_rows=21
RISK_EPISODE_FINALIZED source_episode_id=2829 global_episode_id=r000_s002829 success=True decision_rows=17
RISK_EPISODE_FINALIZED source_episode_id=1352 global_episode_id=r000_s001352 success=True decision_rows=20
RISK_EPISODE_FINALIZED source_episode_id=3959 global_episode_id=r000_s003959 success=True decision_rows=14
RISK_EPISODE_FINALIZED source_episode_id=3040 global_episode_id=r000_s003040 success=True decision_rows=20
RISK_EPISODE_FINALIZED source_episode_id=3594 global_episode_id=r000_s003594 success=True decision_rows=20
RISK_EPISODE_FINALIZED source_episode_id=1647 global_episode_id=r000_s001647 success=True decision_rows=20
RISK_EPISODE_FINALIZED source_episode_id=2359 global_episode_id=r000_s002359 success=True decision_rows=18
RISK_EPISODE_FINALIZED source_episode_id=3174 global_episode_id=r000_s003174 success=True decision_rows=19
RISK_EPISODE_FINALIZED source_episode_id=842 global_episode_id=r000_s000842 success=True decision_rows=20
RISK_EPISODE_FINALIZED source_episode_id=2506 global_episode_id=r000_s002506 success=True decision_rows=17
RISK_EPISODE_FINALIZED source_episode_id=1036 global_episode_id=r000_s001036 success=True decision_rows=17
RISK_EPISODE_FINALIZED source_episode_id=3462 global_episode_id=r000_s003462 success=True decision_rows=20
RISK_EPISODE_FINALIZED source_episode_id=589 global_episode_id=r000_s000589 success=True decision_rows=17
RISK_EPISODE_FINALIZED source_episode_id=176 global_episode_id=r000_s000176 success=True decision_rows=17
RISK_EPISODE_FINALIZED source_episode_id=1450 global_episode_id=r000_s001450 success=True decision_rows=18
RISK_EPISODE_FINALIZED source_episode_id=2755 global_episode_id=r000_s002755 success=True decision_rows=24
RISK_EPISODE_FINALIZED source_episode_id=328 global_episode_id=r000_s000328 success=True decision_rows=14
RISK_EPISODE_FINALIZED source_episode_id=3610 global_episode_id=r000_s003610 success=True decision_rows=19
RISK_EPISODE_FINALIZED source_episode_id=1534 global_episode_id=r000_s001534 success=True decision_rows=19
RISK_EPISODE_FINALIZED source_episode_id=2962 global_episode_id=r000_s002962 success=True decision_rows=6
RISK_EPISODE_FINALIZED source_episode_id=1975 global_episode_id=r000_s001975 success=True decision_rows=18
RISK_EPISODE_FINALIZED source_episode_id=2801 global_episode_id=r000_s002801 success=True decision_rows=15
RISK_EPISODE_FINALIZED source_episode_id=3443 global_episode_id=r000_s003443 success=False decision_rows=60
RISK_EPISODE_FINALIZED source_episode_id=1097 global_episode_id=r000_s001097 success=True decision_rows=15
RISK_EPISODE_FINALIZED source_episode_id=2150 global_episode_id=r000_s002150 success=True decision_rows=17
RISK_EPISODE_FINALIZED source_episode_id=1310 global_episode_id=r000_s001310 success=True decision_rows=15
RISK_EPISODE_FINALIZED source_episode_id=2679 global_episode_id=r000_s002679 success=True decision_rows=19
RISK_EPISODE_FINALIZED source_episode_id=2120 global_episode_id=r000_s002120 success=True decision_rows=20
RISK_EPISODE_FINALIZED source_episode_id=2039 global_episode_id=r000_s002039 success=True decision_rows=18
RISK_EPISODE_FINALIZED source_episode_id=1925 global_episode_id=r000_s001925 success=True decision_rows=19
RISK_EPISODE_FINALIZED source_episode_id=1228 global_episode_id=r000_s001228 success=True decision_rows=17
RISK_EPISODE_FINALIZED source_episode_id=295 global_episode_id=r000_s000295 success=True decision_rows=15
RISK_EPISODE_FINALIZED source_episode_id=1996 global_episode_id=r000_s001996 success=True decision_rows=15
RISK_EPISODE_FINALIZED source_episode_id=3866 global_episode_id=r000_s003866 success=True decision_rows=20
RISK_EPISODE_FINALIZED source_episode_id=2311 global_episode_id=r000_s002311 success=True decision_rows=22
RISK_EPISODE_FINALIZED source_episode_id=3018 global_episode_id=r000_s003018 success=True decision_rows=15
RISK_EPISODE_FINALIZED source_episode_id=3538 global_episode_id=r000_s003538 success=True decision_rows=13
RISK_EPISODE_FINALIZED source_episode_id=2326 global_episode_id=r000_s002326 success=True decision_rows=17
RISK_EPISODE_FINALIZED source_episode_id=3677 global_episode_id=r000_s003677 success=True decision_rows=15
RISK_EPISODE_FINALIZED source_episode_id=2153 global_episode_id=r000_s002153 success=True decision_rows=12
RISK_EPISODE_FINALIZED source_episode_id=4126 global_episode_id=r000_s004126 success=True decision_rows=18
RISK_EPISODE_FINALIZED source_episode_id=1375 global_episode_id=r000_s001375 success=True decision_rows=20
RISK_EPISODE_FINALIZED source_episode_id=1519 global_episode_id=r000_s001519 success=False decision_rows=60
RISK_EPISODE_FINALIZED source_episode_id=1123 global_episode_id=r000_s001123 success=True decision_rows=23
RISK_EPISODE_FINALIZED source_episode_id=1776 global_episode_id=r000_s001776 success=True decision_rows=12
RISK_EPISODE_FINALIZED source_episode_id=1374 global_episode_id=r000_s001374 success=True decision_rows=16
RISK_EPISODE_FINALIZED source_episode_id=1454 global_episode_id=r000_s001454 success=True decision_rows=19
RISK_EPISODE_FINALIZED source_episode_id=3511 global_episode_id=r000_s003511 success=True decision_rows=19
RISK_EPISODE_FINALIZED source_episode_id=1911 global_episode_id=r000_s001911 success=True decision_rows=19
RISK_EPISODE_FINALIZED source_episode_id=4109 global_episode_id=r000_s004109 success=True decision_rows=17
RISK_EPISODE_FINALIZED source_episode_id=2231 global_episode_id=r000_s002231 success=True decision_rows=18
RISK_EPISODE_FINALIZED source_episode_id=1290 global_episode_id=r000_s001290 success=True decision_rows=20
RISK_EPISODE_FINALIZED source_episode_id=1217 global_episode_id=r000_s001217 success=True decision_rows=23
RISK_EPISODE_FINALIZED source_episode_id=714 global_episode_id=r000_s000714 success=True decision_rows=20
RISK_EPISODE_FINALIZED source_episode_id=3230 global_episode_id=r000_s003230 success=True decision_rows=12
RISK_EPISODE_FINALIZED source_episode_id=3075 global_episode_id=r000_s003075 success=True decision_rows=21
RISK_EPISODE_FINALIZED source_episode_id=898 global_episode_id=r000_s000898 success=True decision_rows=8
RISK_EPISODE_FINALIZED source_episode_id=1741 global_episode_id=r000_s001741 success=True decision_rows=15
RISK_EPISODE_FINALIZED source_episode_id=4164 global_episode_id=r000_s004164 success=True decision_rows=21
RISK_EPISODE_FINALIZED source_episode_id=1788 global_episode_id=r000_s001788 success=True decision_rows=18
RISK_EPISODE_FINALIZED source_episode_id=2209 global_episode_id=r000_s002209 success=True decision_rows=18
RISK_EPISODE_FINALIZED source_episode_id=3742 global_episode_id=r000_s003742 success=True decision_rows=17
RISK_EPISODE_FINALIZED source_episode_id=4078 global_episode_id=r000_s004078 success=True decision_rows=17
RISK_EPISODE_FINALIZED source_episode_id=726 global_episode_id=r000_s000726 success=True decision_rows=17
RISK_EPISODE_FINALIZED source_episode_id=4007 global_episode_id=r000_s004007 success=True decision_rows=14
RISK_EPISODE_FINALIZED source_episode_id=697 global_episode_id=r000_s000697 success=True decision_rows=21
RISK_EPISODE_FINALIZED source_episode_id=193 global_episode_id=r000_s000193 success=True decision_rows=24
RISK_EPISODE_FINALIZED source_episode_id=704 global_episode_id=r000_s000704 success=True decision_rows=15
RISK_EPISODE_FINALIZED source_episode_id=3517 global_episode_id=r000_s003517 success=True decision_rows=17
RISK_EPISODE_FINALIZED source_episode_id=3839 global_episode_id=r000_s003839 success=True decision_rows=15
RISK_EPISODE_FINALIZED source_episode_id=313 global_episode_id=r000_s000313 success=True decision_rows=21
RISK_EPISODE_FINALIZED source_episode_id=3111 global_episode_id=r000_s003111 success=True decision_rows=10
RISK_EPISODE_FINALIZED source_episode_id=3524 global_episode_id=r000_s003524 success=True decision_rows=20
RISK_EPISODE_FINALIZED source_episode_id=4157 global_episode_id=r000_s004157 success=True decision_rows=21
RISK_EPISODE_FINALIZED source_episode_id=194 global_episode_id=r000_s000194 success=True decision_rows=13
RISK_EPISODE_FINALIZED source_episode_id=1493 global_episode_id=r000_s001493 success=False decision_rows=60
RISK_EPISODE_FINALIZED source_episode_id=2646 global_episode_id=r000_s002646 success=True decision_rows=18
RISK_EPISODE_FINALIZED source_episode_id=1072 global_episode_id=r000_s001072 success=True decision_rows=17
RISK_EPISODE_FINALIZED source_episode_id=4129 global_episode_id=r000_s004129 success=True decision_rows=14
RISK_EPISODE_FINALIZED source_episode_id=2041 global_episode_id=r000_s002041 success=True decision_rows=20
RISK_EPISODE_FINALIZED source_episode_id=614 global_episode_id=r000_s000614 success=True decision_rows=16
RISK_EPISODE_FINALIZED source_episode_id=2757 global_episode_id=r000_s002757 success=True decision_rows=14
RISK_EPISODE_FINALIZED source_episode_id=3985 global_episode_id=r000_s003985 success=True decision_rows=18
RISK_EPISODE_FINALIZED source_episode_id=1889 global_episode_id=r000_s001889 success=True decision_rows=19
RISK_EPISODE_FINALIZED source_episode_id=551 global_episode_id=r000_s000551 success=True decision_rows=16
RISK_EPISODE_FINALIZED source_episode_id=4096 global_episode_id=r000_s004096 success=True decision_rows=17
RISK_EPISODE_FINALIZED source_episode_id=2680 global_episode_id=r000_s002680 success=True decision_rows=21
RISK_EPISODE_FINALIZED source_episode_id=4108 global_episode_id=r000_s004108 success=True decision_rows=17
RISK_EPISODE_FINALIZED source_episode_id=799 global_episode_id=r000_s000799 success=True decision_rows=20
RISK_EPISODE_FINALIZED source_episode_id=762 global_episode_id=r000_s000762 success=True decision_rows=19
RISK_EPISODE_FINALIZED source_episode_id=2761 global_episode_id=r000_s002761 success=True decision_rows=16
RISK_EPISODE_FINALIZED source_episode_id=177 global_episode_id=r000_s000177 success=True decision_rows=17
RISK_EPISODE_FINALIZED source_episode_id=817 global_episode_id=r000_s000817 success=True decision_rows=14
RISK_EPISODE_FINALIZED source_episode_id=2515 global_episode_id=r000_s002515 success=True decision_rows=20
RISK_EPISODE_FINALIZED source_episode_id=4043 global_episode_id=r000_s004043 success=True decision_rows=21
RISK_EPISODE_FINALIZED source_episode_id=216 global_episode_id=r000_s000216 success=True decision_rows=22
RISK_EPISODE_FINALIZED source_episode_id=3146 global_episode_id=r000_s003146 success=True decision_rows=19
RISK_EPISODE_FINALIZED source_episode_id=1569 global_episode_id=r000_s001569 success=True decision_rows=13
RISK_EPISODE_FINALIZED source_episode_id=1504 global_episode_id=r000_s001504 success=True decision_rows=20
RISK_EPISODE_FINALIZED source_episode_id=1443 global_episode_id=r000_s001443 success=True decision_rows=21
RISK_EPISODE_FINALIZED source_episode_id=1850 global_episode_id=r000_s001850 success=True decision_rows=20
RISK_EPISODE_FINALIZED source_episode_id=713 global_episode_id=r000_s000713 success=True decision_rows=15
RISK_EPISODE_FINALIZED source_episode_id=4097 global_episode_id=r000_s004097 success=True decision_rows=17
RISK_EPISODE_FINALIZED source_episode_id=3630 global_episode_id=r000_s003630 success=True decision_rows=18
RISK_EPISODE_FINALIZED source_episode_id=214 global_episode_id=r000_s000214 success=True decision_rows=19
RISK_EPISODE_FINALIZED source_episode_id=3393 global_episode_id=r000_s003393 success=True decision_rows=22
RISK_EPISODE_FINALIZED source_episode_id=2035 global_episode_id=r000_s002035 success=True decision_rows=20
RISK_EPISODE_FINALIZED source_episode_id=3506 global_episode_id=r000_s003506 success=False decision_rows=60
RISK_EPISODE_FINALIZED source_episode_id=3173 global_episode_id=r000_s003173 success=True decision_rows=17
RISK_EPISODE_FINALIZED source_episode_id=999 global_episode_id=r000_s000999 success=True decision_rows=15
RISK_EPISODE_FINALIZED source_episode_id=949 global_episode_id=r000_s000949 success=True decision_rows=19
RISK_EPISODE_FINALIZED source_episode_id=3901 global_episode_id=r000_s003901 success=True decision_rows=21
RISK_EPISODE_FINALIZED source_episode_id=61 global_episode_id=r000_s000061 success=True decision_rows=17
RISK_EPISODE_FINALIZED source_episode_id=3970 global_episode_id=r000_s003970 success=True decision_rows=19
RISK_EPISODE_FINALIZED source_episode_id=1905 global_episode_id=r000_s001905 success=True decision_rows=9
RISK_EPISODE_FINALIZED source_episode_id=4155 global_episode_id=r000_s004155 success=True decision_rows=16
RISK_EPISODE_FINALIZED source_episode_id=3827 global_episode_id=r000_s003827 success=True decision_rows=20
RISK_EPISODE_FINALIZED source_episode_id=1567 global_episode_id=r000_s001567 success=True decision_rows=21
RISK_EPISODE_FINALIZED source_episode_id=869 global_episode_id=r000_s000869 success=True decision_rows=18
RISK_EPISODE_FINALIZED source_episode_id=3626 global_episode_id=r000_s003626 success=True decision_rows=18
RISK_EPISODE_FINALIZED source_episode_id=3383 global_episode_id=r000_s003383 success=False decision_rows=60
RISK_EPISODE_FINALIZED source_episode_id=1282 global_episode_id=r000_s001282 success=True decision_rows=9
RISK_EPISODE_FINALIZED source_episode_id=559 global_episode_id=r000_s000559 success=True decision_rows=17
RISK_EPISODE_FINALIZED source_episode_id=3318 global_episode_id=r000_s003318 success=True decision_rows=20
RISK_EPISODE_FINALIZED source_episode_id=1159 global_episode_id=r000_s001159 success=True decision_rows=17
RISK_EPISODE_FINALIZED source_episode_id=2909 global_episode_id=r000_s002909 success=True decision_rows=17
RISK_EPISODE_FINALIZED source_episode_id=2993 global_episode_id=r000_s002993 success=True decision_rows=16
RISK_EPISODE_FINALIZED source_episode_id=680 global_episode_id=r000_s000680 success=True decision_rows=19
RISK_EPISODE_FINALIZED source_episode_id=983 global_episode_id=r000_s000983 success=True decision_rows=16
RISK_EPISODE_FINALIZED source_episode_id=20 global_episode_id=r000_s000020 success=True decision_rows=21
RISK_EPISODE_FINALIZED source_episode_id=1545 global_episode_id=r000_s001545 success=True decision_rows=15
RISK_EPISODE_FINALIZED source_episode_id=3186 global_episode_id=r000_s003186 success=True decision_rows=22
RISK_EPISODE_FINALIZED source_episode_id=3666 global_episode_id=r000_s003666 success=True decision_rows=18
RISK_EPISODE_FINALIZED source_episode_id=3350 global_episode_id=r000_s003350 success=True decision_rows=19
RISK_EPISODE_FINALIZED source_episode_id=3458 global_episode_id=r000_s003458 success=True decision_rows=15
RISK_EPISODE_FINALIZED source_episode_id=3667 global_episode_id=r000_s003667 success=True decision_rows=20
RISK_EPISODE_FINALIZED source_episode_id=1658 global_episode_id=r000_s001658 success=True decision_rows=19
RISK_EPISODE_FINALIZED source_episode_id=4169 global_episode_id=r000_s004169 success=True decision_rows=20
RISK_EPISODE_FINALIZED source_episode_id=336 global_episode_id=r000_s000336 success=True decision_rows=17
RISK_EPISODE_FINALIZED source_episode_id=1938 global_episode_id=r000_s001938 success=True decision_rows=13
RISK_EPISODE_FINALIZED source_episode_id=288 global_episode_id=r000_s000288 success=True decision_rows=20
RISK_EPISODE_FINALIZED source_episode_id=3719 global_episode_id=r000_s003719 success=True decision_rows=21
RISK_EPISODE_FINALIZED source_episode_id=3212 global_episode_id=r000_s003212 success=True decision_rows=18
RISK_EPISODE_FINALIZED source_episode_id=1837 global_episode_id=r000_s001837 success=True decision_rows=20
RISK_EPISODE_FINALIZED source_episode_id=438 global_episode_id=r000_s000438 success=True decision_rows=15
RISK_EPISODE_FINALIZED source_episode_id=3392 global_episode_id=r000_s003392 success=True decision_rows=17
RISK_EPISODE_FINALIZED source_episode_id=4171 global_episode_id=r000_s004171 success=True decision_rows=20
RISK_EPISODE_FINALIZED source_episode_id=3403 global_episode_id=r000_s003403 success=True decision_rows=20
RISK_EPISODE_FINALIZED source_episode_id=2423 global_episode_id=r000_s002423 success=True decision_rows=19
RISK_EPISODE_FINALIZED source_episode_id=3423 global_episode_id=r000_s003423 success=True decision_rows=19
RISK_EPISODE_FINALIZED source_episode_id=759 global_episode_id=r000_s000759 success=True decision_rows=20
RISK_EPISODE_FINALIZED source_episode_id=3149 global_episode_id=r000_s003149 success=True decision_rows=15
RISK_EPISODE_FINALIZED source_episode_id=251 global_episode_id=r000_s000251 success=True decision_rows=15
RISK_EPISODE_FINALIZED source_episode_id=3701 global_episode_id=r000_s003701 success=False decision_rows=60
RISK_EPISODE_FINALIZED source_episode_id=3270 global_episode_id=r000_s003270 success=True decision_rows=19
RISK_EPISODE_FINALIZED source_episode_id=3223 global_episode_id=r000_s003223 success=True decision_rows=14
RISK_EPISODE_FINALIZED source_episode_id=970 global_episode_id=r000_s000970 success=True decision_rows=19
RISK_EPISODE_FINALIZED source_episode_id=2682 global_episode_id=r000_s002682 success=True decision_rows=20
RISK_EPISODE_FINALIZED source_episode_id=210 global_episode_id=r000_s000210 success=True decision_rows=15
RISK_EPISODE_FINALIZED source_episode_id=2066 global_episode_id=r000_s002066 success=True decision_rows=13
RISK_EPISODE_FINALIZED source_episode_id=1185 global_episode_id=r000_s001185 success=True decision_rows=13
RISK_EPISODE_FINALIZED source_episode_id=1191 global_episode_id=r000_s001191 success=True decision_rows=16
RISK_EPISODE_FINALIZED source_episode_id=611 global_episode_id=r000_s000611 success=True decision_rows=22
RISK_EPISODE_FINALIZED source_episode_id=3257 global_episode_id=r000_s003257 success=True decision_rows=16
RISK_EPISODE_FINALIZED source_episode_id=4087 global_episode_id=r000_s004087 success=True decision_rows=18
RISK_EPISODE_FINALIZED source_episode_id=1742 global_episode_id=r000_s001742 success=True decision_rows=15
RISK_EPISODE_FINALIZED source_episode_id=656 global_episode_id=r000_s000656 success=True decision_rows=20
RISK_EPISODE_FINALIZED source_episode_id=2846 global_episode_id=r000_s002846 success=True decision_rows=13
RISK_EPISODE_FINALIZED source_episode_id=1930 global_episode_id=r000_s001930 success=True decision_rows=19
RISK_EPISODE_FINALIZED source_episode_id=3465 global_episode_id=r000_s003465 success=True decision_rows=14
RISK_EPISODE_FINALIZED source_episode_id=3066 global_episode_id=r000_s003066 success=True decision_rows=17
RISK_EPISODE_FINALIZED source_episode_id=3227 global_episode_id=r000_s003227 success=True decision_rows=18
RISK_EPISODE_FINALIZED source_episode_id=2688 global_episode_id=r000_s002688 success=True decision_rows=11
RISK_EPISODE_FINALIZED source_episode_id=143 global_episode_id=r000_s000143 success=True decision_rows=16
RISK_EPISODE_FINALIZED source_episode_id=2105 global_episode_id=r000_s002105 success=True decision_rows=20
RISK_EPISODE_FINALIZED source_episode_id=1843 global_episode_id=r000_s001843 success=True decision_rows=18
RISK_EPISODE_FINALIZED source_episode_id=3553 global_episode_id=r000_s003553 success=True decision_rows=17
RISK_EPISODE_FINALIZED source_episode_id=2615 global_episode_id=r000_s002615 success=True decision_rows=19
RISK_EPISODE_FINALIZED source_episode_id=1482 global_episode_id=r000_s001482 success=True decision_rows=20
RISK_EPISODE_FINALIZED source_episode_id=3184 global_episode_id=r000_s003184 success=True decision_rows=18
RISK_EPISODE_FINALIZED source_episode_id=3895 global_episode_id=r000_s003895 success=True decision_rows=18
RISK_EPISODE_FINALIZED source_episode_id=2074 global_episode_id=r000_s002074 success=True decision_rows=17
RISK_EPISODE_FINALIZED source_episode_id=3818 global_episode_id=r000_s003818 success=True decision_rows=17
RISK_EPISODE_FINALIZED source_episode_id=128 global_episode_id=r000_s000128 success=True decision_rows=17
RISK_EPISODE_FINALIZED source_episode_id=2872 global_episode_id=r000_s002872 success=True decision_rows=19
RISK_EPISODE_FINALIZED source_episode_id=215 global_episode_id=r000_s000215 success=True decision_rows=13
RISK_EPISODE_FINALIZED source_episode_id=2509 global_episode_id=r000_s002509 success=True decision_rows=16
RISK_EPISODE_FINALIZED source_episode_id=915 global_episode_id=r000_s000915 success=True decision_rows=18
RISK_EPISODE_FINALIZED source_episode_id=3039 global_episode_id=r000_s003039 success=True decision_rows=20
RISK_EPISODE_FINALIZED source_episode_id=4032 global_episode_id=r000_s004032 success=True decision_rows=18
RISK_EPISODE_FINALIZED source_episode_id=2796 global_episode_id=r000_s002796 success=True decision_rows=21
RISK_EPISODE_FINALIZED source_episode_id=3295 global_episode_id=r000_s003295 success=True decision_rows=20
RISK_EPISODE_FINALIZED source_episode_id=2290 global_episode_id=r000_s002290 success=True decision_rows=16
RISK_EPISODE_FINALIZED source_episode_id=1002 global_episode_id=r000_s001002 success=True decision_rows=17
RISK_EPISODE_FINALIZED source_episode_id=3226 global_episode_id=r000_s003226 success=True decision_rows=19
RISK_EPISODE_FINALIZED source_episode_id=3079 global_episode_id=r000_s003079 success=True decision_rows=16
RISK_EPISODE_FINALIZED source_episode_id=3041 global_episode_id=r000_s003041 success=True decision_rows=15
RISK_EPISODE_FINALIZED source_episode_id=3297 global_episode_id=r000_s003297 success=True decision_rows=18
RISK_EPISODE_FINALIZED source_episode_id=3346 global_episode_id=r000_s003346 success=True decision_rows=20
RISK_EPISODE_FINALIZED source_episode_id=2010 global_episode_id=r000_s002010 success=True decision_rows=20
RISK_EPISODE_FINALIZED source_episode_id=3989 global_episode_id=r000_s003989 success=True decision_rows=22
RISK_EPISODE_FINALIZED source_episode_id=406 global_episode_id=r000_s000406 success=True decision_rows=14
RISK_EPISODE_FINALIZED source_episode_id=1928 global_episode_id=r000_s001928 success=True decision_rows=19
RISK_EPISODE_FINALIZED source_episode_id=2543 global_episode_id=r000_s002543 success=True decision_rows=20
RISK_EPISODE_FINALIZED source_episode_id=217 global_episode_id=r000_s000217 success=True decision_rows=19
RISK_EPISODE_FINALIZED source_episode_id=2913 global_episode_id=r000_s002913 success=True decision_rows=16
RISK_EPISODE_FINALIZED source_episode_id=1306 global_episode_id=r000_s001306 success=True decision_rows=15
RISK_EPISODE_FINALIZED source_episode_id=1750 global_episode_id=r000_s001750 success=True decision_rows=15
RISK_EPISODE_FINALIZED source_episode_id=4182 global_episode_id=r000_s004182 success=True decision_rows=14
RISK_EPISODE_FINALIZED source_episode_id=1662 global_episode_id=r000_s001662 success=True decision_rows=13
RISK_EPISODE_FINALIZED source_episode_id=3352 global_episode_id=r000_s003352 success=True decision_rows=16
RISK_EPISODE_FINALIZED source_episode_id=3418 global_episode_id=r000_s003418 success=True decision_rows=16
RISK_EPISODE_FINALIZED source_episode_id=4081 global_episode_id=r000_s004081 success=True decision_rows=17
RISK_EPISODE_FINALIZED source_episode_id=350 global_episode_id=r000_s000350 success=True decision_rows=17
RISK_EPISODE_FINALIZED source_episode_id=3767 global_episode_id=r000_s003767 success=True decision_rows=19
RISK_EPISODE_FINALIZED source_episode_id=9 global_episode_id=r000_s000009 success=True decision_rows=15
RISK_EPISODE_FINALIZED source_episode_id=1329 global_episode_id=r000_s001329 success=True decision_rows=14
RISK_EPISODE_FINALIZED source_episode_id=2695 global_episode_id=r000_s002695 success=True decision_rows=21
RISK_EPISODE_FINALIZED source_episode_id=1116 global_episode_id=r000_s001116 success=True decision_rows=18
RISK_EPISODE_FINALIZED source_episode_id=3569 global_episode_id=r000_s003569 success=True decision_rows=16
RISK_EPISODE_FINALIZED source_episode_id=1818 global_episode_id=r000_s001818 success=True decision_rows=20
RISK_EPISODE_FINALIZED source_episode_id=1478 global_episode_id=r000_s001478 success=True decision_rows=19
RISK_EPISODE_FINALIZED source_episode_id=198 global_episode_id=r000_s000198 success=True decision_rows=14
RISK_EPISODE_FINALIZED source_episode_id=1301 global_episode_id=r000_s001301 success=True decision_rows=22
RISK_EPISODE_FINALIZED source_episode_id=1086 global_episode_id=r000_s001086 success=True decision_rows=18
RISK_EPISODE_FINALIZED source_episode_id=95 global_episode_id=r000_s000095 success=True decision_rows=20
RISK_EPISODE_FINALIZED source_episode_id=3789 global_episode_id=r000_s003789 success=True decision_rows=16
RISK_EPISODE_FINALIZED source_episode_id=4149 global_episode_id=r000_s004149 success=True decision_rows=15
RISK_EPISODE_FINALIZED source_episode_id=2544 global_episode_id=r000_s002544 success=True decision_rows=18
RISK_EPISODE_FINALIZED source_episode_id=1127 global_episode_id=r000_s001127 success=True decision_rows=16
RISK_EPISODE_FINALIZED source_episode_id=2202 global_episode_id=r000_s002202 success=True decision_rows=20
RISK_EPISODE_FINALIZED source_episode_id=3482 global_episode_id=r000_s003482 success=True decision_rows=19
RISK_EPISODE_FINALIZED source_episode_id=3847 global_episode_id=r000_s003847 success=True decision_rows=21
RISK_EPISODE_FINALIZED source_episode_id=3581 global_episode_id=r000_s003581 success=True decision_rows=15
RISK_EPISODE_FINALIZED source_episode_id=1264 global_episode_id=r000_s001264 success=True decision_rows=19
RISK_EPISODE_FINALIZED source_episode_id=1294 global_episode_id=r000_s001294 success=True decision_rows=17
RISK_EPISODE_FINALIZED source_episode_id=2173 global_episode_id=r000_s002173 success=True decision_rows=21
RISK_EPISODE_FINALIZED source_episode_id=3262 global_episode_id=r000_s003262 success=True decision_rows=20
RISK_EPISODE_FINALIZED source_episode_id=3490 global_episode_id=r000_s003490 success=True decision_rows=15
RISK_EPISODE_FINALIZED source_episode_id=1783 global_episode_id=r000_s001783 success=True decision_rows=14
RISK_EPISODE_FINALIZED source_episode_id=3073 global_episode_id=r000_s003073 success=True decision_rows=17
RISK_EPISODE_FINALIZED source_episode_id=2977 global_episode_id=r000_s002977 success=True decision_rows=12
RISK_EPISODE_FINALIZED source_episode_id=1499 global_episode_id=r000_s001499 success=True decision_rows=19
RISK_EPISODE_FINALIZED source_episode_id=841 global_episode_id=r000_s000841 success=True decision_rows=19
RISK_EPISODE_FINALIZED source_episode_id=2599 global_episode_id=r000_s002599 success=True decision_rows=16
RISK_EPISODE_FINALIZED source_episode_id=12 global_episode_id=r000_s000012 success=True decision_rows=19
RISK_EPISODE_FINALIZED source_episode_id=1275 global_episode_id=r000_s001275 success=True decision_rows=16
RISK_EPISODE_FINALIZED source_episode_id=1821 global_episode_id=r000_s001821 success=True decision_rows=13
RISK_EPISODE_FINALIZED source_episode_id=758 global_episode_id=r000_s000758 success=True decision_rows=15
RISK_EPISODE_FINALIZED source_episode_id=2259 global_episode_id=r000_s002259 success=True decision_rows=20
RISK_EPISODE_FINALIZED source_episode_id=1295 global_episode_id=r000_s001295 success=True decision_rows=16
RISK_EPISODE_FINALIZED source_episode_id=1456 global_episode_id=r000_s001456 success=True decision_rows=20
RISK_EPISODE_FINALIZED source_episode_id=218 global_episode_id=r000_s000218 success=True decision_rows=20
RISK_EPISODE_FINALIZED source_episode_id=3006 global_episode_id=r000_s003006 success=True decision_rows=19
RISK_EPISODE_FINALIZED source_episode_id=885 global_episode_id=r000_s000885 success=True decision_rows=20
RISK_EPISODE_FINALIZED source_episode_id=2657 global_episode_id=r000_s002657 success=True decision_rows=17
RISK_EPISODE_FINALIZED source_episode_id=1057 global_episode_id=r000_s001057 success=True decision_rows=18
RISK_EPISODE_FINALIZED source_episode_id=3015 global_episode_id=r000_s003015 success=True decision_rows=20
RISK_EPISODE_FINALIZED source_episode_id=2882 global_episode_id=r000_s002882 success=True decision_rows=19
RISK_EPISODE_FINALIZED source_episode_id=119 global_episode_id=r000_s000119 success=True decision_rows=19
RISK_EPISODE_FINALIZED source_episode_id=3711 global_episode_id=r000_s003711 success=True decision_rows=17
RISK_EPISODE_FINALIZED source_episode_id=996 global_episode_id=r000_s000996 success=True decision_rows=21
RISK_EPISODE_FINALIZED source_episode_id=631 global_episode_id=r000_s000631 success=True decision_rows=19
RISK_EPISODE_FINALIZED source_episode_id=3274 global_episode_id=r000_s003274 success=False decision_rows=60
RISK_EPISODE_FINALIZED source_episode_id=1207 global_episode_id=r000_s001207 success=True decision_rows=13
RISK_EPISODE_FINALIZED source_episode_id=4114 global_episode_id=r000_s004114 success=True decision_rows=15
RISK_EPISODE_FINALIZED source_episode_id=1965 global_episode_id=r000_s001965 success=True decision_rows=18
RISK_EPISODE_FINALIZED source_episode_id=543 global_episode_id=r000_s000543 success=True decision_rows=20
RISK_EPISODE_FINALIZED source_episode_id=3840 global_episode_id=r000_s003840 success=True decision_rows=17
RISK_EPISODE_FINALIZED source_episode_id=1708 global_episode_id=r000_s001708 success=True decision_rows=20
RISK_EPISODE_FINALIZED source_episode_id=1110 global_episode_id=r000_s001110 success=True decision_rows=18
RISK_EPISODE_FINALIZED source_episode_id=1311 global_episode_id=r000_s001311 success=True decision_rows=15
RISK_EPISODE_FINALIZED source_episode_id=925 global_episode_id=r000_s000925 success=True decision_rows=8
RISK_EPISODE_FINALIZED source_episode_id=2980 global_episode_id=r000_s002980 success=True decision_rows=21
RISK_EPISODE_FINALIZED source_episode_id=695 global_episode_id=r000_s000695 success=True decision_rows=19
RISK_EPISODE_FINALIZED source_episode_id=2640 global_episode_id=r000_s002640 success=True decision_rows=21
RISK_EPISODE_FINALIZED source_episode_id=1442 global_episode_id=r000_s001442 success=True decision_rows=18
RISK_EPISODE_FINALIZED source_episode_id=84 global_episode_id=r000_s000084 success=True decision_rows=22
RISK_EPISODE_FINALIZED source_episode_id=1285 global_episode_id=r000_s001285 success=True decision_rows=19
RISK_EPISODE_FINALIZED source_episode_id=2784 global_episode_id=r000_s002784 success=True decision_rows=17
RISK_EPISODE_FINALIZED source_episode_id=2830 global_episode_id=r000_s002830 success=True decision_rows=18
RISK_EPISODE_FINALIZED source_episode_id=1792 global_episode_id=r000_s001792 success=True decision_rows=18
RISK_EPISODE_FINALIZED source_episode_id=944 global_episode_id=r000_s000944 success=True decision_rows=19
RISK_EPISODE_FINALIZED source_episode_id=4194 global_episode_id=r000_s004194 success=True decision_rows=16
RISK_EPISODE_FINALIZED source_episode_id=3533 global_episode_id=r000_s003533 success=True decision_rows=18
RISK_EPISODE_FINALIZED source_episode_id=2186 global_episode_id=r000_s002186 success=True decision_rows=20
RISK_EPISODE_FINALIZED source_episode_id=1277 global_episode_id=r000_s001277 success=True decision_rows=22
RISK_EPISODE_FINALIZED source_episode_id=3120 global_episode_id=r000_s003120 success=True decision_rows=13
RISK_EPISODE_FINALIZED source_episode_id=2529 global_episode_id=r000_s002529 success=True decision_rows=18
RISK_EPISODE_FINALIZED source_episode_id=2816 global_episode_id=r000_s002816 success=True decision_rows=18
RISK_EPISODE_FINALIZED source_episode_id=3178 global_episode_id=r000_s003178 success=True decision_rows=9
RISK_EPISODE_FINALIZED source_episode_id=49 global_episode_id=r000_s000049 success=True decision_rows=8
RISK_EPISODE_FINALIZED source_episode_id=326 global_episode_id=r000_s000326 success=True decision_rows=15
RISK_EPISODE_FINALIZED source_episode_id=4195 global_episode_id=r000_s004195 success=True decision_rows=21
RISK_EPISODE_FINALIZED source_episode_id=3327 global_episode_id=r000_s003327 success=True decision_rows=10
RISK_EPISODE_FINALIZED source_episode_id=52 global_episode_id=r000_s000052 success=True decision_rows=19
RISK_EPISODE_FINALIZED source_episode_id=138 global_episode_id=r000_s000138 success=True decision_rows=19
RISK_EPISODE_FINALIZED source_episode_id=2487 global_episode_id=r000_s002487 success=True decision_rows=17
RISK_EPISODE_FINALIZED source_episode_id=1205 global_episode_id=r000_s001205 success=True decision_rows=20
RISK_EPISODE_FINALIZED source_episode_id=3504 global_episode_id=r000_s003504 success=True decision_rows=20
RISK_EPISODE_FINALIZED source_episode_id=2567 global_episode_id=r000_s002567 success=True decision_rows=21
RISK_EPISODE_FINALIZED source_episode_id=2313 global_episode_id=r000_s002313 success=True decision_rows=19
RISK_EPISODE_FINALIZED source_episode_id=3474 global_episode_id=r000_s003474 success=True decision_rows=14
RISK_EPISODE_FINALIZED source_episode_id=2939 global_episode_id=r000_s002939 success=True decision_rows=19
RISK_EPISODE_FINALIZED source_episode_id=3134 global_episode_id=r000_s003134 success=True decision_rows=13
RISK_EPISODE_FINALIZED source_episode_id=3653 global_episode_id=r000_s003653 success=True decision_rows=19
RISK_EPISODE_FINALIZED source_episode_id=2807 global_episode_id=r000_s002807 success=True decision_rows=18
RISK_EPISODE_FINALIZED source_episode_id=647 global_episode_id=r000_s000647 success=True decision_rows=21
RISK_EPISODE_FINALIZED source_episode_id=1245 global_episode_id=r000_s001245 success=True decision_rows=15
RISK_EPISODE_FINALIZED source_episode_id=1633 global_episode_id=r000_s001633 success=True decision_rows=17
RISK_EPISODE_FINALIZED source_episode_id=1437 global_episode_id=r000_s001437 success=True decision_rows=19
RISK_EPISODE_FINALIZED source_episode_id=2365 global_episode_id=r000_s002365 success=True decision_rows=15
RISK_EPISODE_FINALIZED source_episode_id=629 global_episode_id=r000_s000629 success=True decision_rows=19
RISK_EPISODE_FINALIZED source_episode_id=2398 global_episode_id=r000_s002398 success=True decision_rows=17
RISK_EPISODE_FINALIZED source_episode_id=428 global_episode_id=r000_s000428 success=True decision_rows=20
RISK_EPISODE_FINALIZED source_episode_id=3030 global_episode_id=r000_s003030 success=True decision_rows=17
RISK_EPISODE_FINALIZED source_episode_id=705 global_episode_id=r000_s000705 success=True decision_rows=23
RISK_EPISODE_FINALIZED source_episode_id=2073 global_episode_id=r000_s002073 success=True decision_rows=19
RISK_EPISODE_FINALIZED source_episode_id=2809 global_episode_id=r000_s002809 success=True decision_rows=18
RISK_EPISODE_FINALIZED source_episode_id=1532 global_episode_id=r000_s001532 success=True decision_rows=12
RISK_EPISODE_FINALIZED source_episode_id=823 global_episode_id=r000_s000823 success=True decision_rows=19
RISK_EPISODE_FINALIZED source_episode_id=3807 global_episode_id=r000_s003807 success=True decision_rows=21
RISK_EPISODE_FINALIZED source_episode_id=2656 global_episode_id=r000_s002656 success=True decision_rows=14
RISK_EPISODE_FINALIZED source_episode_id=240 global_episode_id=r000_s000240 success=True decision_rows=17
RISK_EPISODE_FINALIZED source_episode_id=583 global_episode_id=r000_s000583 success=True decision_rows=21
RISK_EPISODE_FINALIZED source_episode_id=2070 global_episode_id=r000_s002070 success=True decision_rows=18
RISK_EPISODE_FINALIZED source_episode_id=2284 global_episode_id=r000_s002284 success=True decision_rows=19
RISK_EPISODE_FINALIZED source_episode_id=2407 global_episode_id=r000_s002407 success=True decision_rows=9
RISK_EPISODE_FINALIZED source_episode_id=968 global_episode_id=r000_s000968 success=True decision_rows=20
RISK_EPISODE_FINALIZED source_episode_id=3908 global_episode_id=r000_s003908 success=True decision_rows=19
RISK_EPISODE_FINALIZED source_episode_id=4184 global_episode_id=r000_s004184 success=True decision_rows=19
RISK_EPISODE_FINALIZED source_episode_id=1972 global_episode_id=r000_s001972 success=True decision_rows=19
RISK_EPISODE_FINALIZED source_episode_id=1822 global_episode_id=r000_s001822 success=True decision_rows=11
RISK_EPISODE_FINALIZED source_episode_id=3564 global_episode_id=r000_s003564 success=True decision_rows=19
RISK_EPISODE_FINALIZED source_episode_id=2814 global_episode_id=r000_s002814 success=True decision_rows=20
RISK_EPISODE_FINALIZED source_episode_id=657 global_episode_id=r000_s000657 success=True decision_rows=21
RISK_EPISODE_FINALIZED source_episode_id=1808 global_episode_id=r000_s001808 success=True decision_rows=19
RISK_EPISODE_FINALIZED source_episode_id=840 global_episode_id=r000_s000840 success=True decision_rows=20
RISK_EPISODE_FINALIZED source_episode_id=4042 global_episode_id=r000_s004042 success=True decision_rows=20
RISK_EPISODE_FINALIZED source_episode_id=436 global_episode_id=r000_s000436 success=True decision_rows=19
RISK_EPISODE_FINALIZED source_episode_id=2341 global_episode_id=r000_s002341 success=True decision_rows=17
RISK_EPISODE_FINALIZED source_episode_id=2899 global_episode_id=r000_s002899 success=True decision_rows=13
RISK_EPISODE_FINALIZED source_episode_id=4094 global_episode_id=r000_s004094 success=True decision_rows=20
RISK_EPISODE_FINALIZED source_episode_id=3050 global_episode_id=r000_s003050 success=True decision_rows=13
RISK_EPISODE_FINALIZED source_episode_id=22 global_episode_id=r000_s000022 success=True decision_rows=17
RISK_EPISODE_FINALIZED source_episode_id=490 global_episode_id=r000_s000490 success=True decision_rows=16
RISK_EPISODE_FINALIZED source_episode_id=1591 global_episode_id=r000_s001591 success=True decision_rows=18
RISK_EPISODE_FINALIZED source_episode_id=2245 global_episode_id=r000_s002245 success=True decision_rows=18
RISK_EPISODE_FINALIZED source_episode_id=2176 global_episode_id=r000_s002176 success=True decision_rows=10
RISK_EPISODE_FINALIZED source_episode_id=44 global_episode_id=r000_s000044 success=True decision_rows=20
RISK_EPISODE_FINALIZED source_episode_id=3209 global_episode_id=r000_s003209 success=True decision_rows=15
RISK_EPISODE_FINALIZED source_episode_id=3763 global_episode_id=r000_s003763 success=True decision_rows=20
RISK_EPISODE_FINALIZED source_episode_id=213 global_episode_id=r000_s000213 success=True decision_rows=20
RISK_EPISODE_FINALIZED source_episode_id=2206 global_episode_id=r000_s002206 success=True decision_rows=18
RISK_EPISODE_FINALIZED source_episode_id=3388 global_episode_id=r000_s003388 success=True decision_rows=16
RISK_EPISODE_FINALIZED source_episode_id=2673 global_episode_id=r000_s002673 success=True decision_rows=15
RISK_EPISODE_FINALIZED source_episode_id=112 global_episode_id=r000_s000112 success=True decision_rows=19
RISK_EPISODE_FINALIZED source_episode_id=3440 global_episode_id=r000_s003440 success=True decision_rows=19
RISK_EPISODE_FINALIZED source_episode_id=2220 global_episode_id=r000_s002220 success=True decision_rows=20
RISK_EPISODE_FINALIZED source_episode_id=3618 global_episode_id=r000_s003618 success=True decision_rows=17
RISK_EPISODE_FINALIZED source_episode_id=126 global_episode_id=r000_s000126 success=True decision_rows=20
RISK_EPISODE_FINALIZED source_episode_id=3795 global_episode_id=r000_s003795 success=True decision_rows=19
RISK_EPISODE_FINALIZED source_episode_id=2653 global_episode_id=r000_s002653 success=True decision_rows=13
RISK_EPISODE_FINALIZED source_episode_id=4179 global_episode_id=r000_s004179 success=True decision_rows=18
RISK_EPISODE_FINALIZED source_episode_id=1106 global_episode_id=r000_s001106 success=True decision_rows=15
RISK_EPISODE_FINALIZED source_episode_id=2731 global_episode_id=r000_s002731 success=True decision_rows=21
RISK_EPISODE_FINALIZED source_episode_id=281 global_episode_id=r000_s000281 success=True decision_rows=19
RISK_EPISODE_FINALIZED source_episode_id=3210 global_episode_id=r000_s003210 success=True decision_rows=20
RISK_EPISODE_FINALIZED source_episode_id=737 global_episode_id=r000_s000737 success=True decision_rows=18
RISK_EPISODE_FINALIZED source_episode_id=2871 global_episode_id=r000_s002871 success=True decision_rows=19
RISK_EPISODE_FINALIZED source_episode_id=3054 global_episode_id=r000_s003054 success=True decision_rows=12
RISK_EPISODE_FINALIZED source_episode_id=2474 global_episode_id=r000_s002474 success=True decision_rows=17
RISK_EPISODE_FINALIZED source_episode_id=3728 global_episode_id=r000_s003728 success=True decision_rows=21
RISK_EPISODE_FINALIZED source_episode_id=2093 global_episode_id=r000_s002093 success=True decision_rows=20
RISK_EPISODE_FINALIZED source_episode_id=2717 global_episode_id=r000_s002717 success=True decision_rows=15
RISK_EPISODE_FINALIZED source_episode_id=6 global_episode_id=r000_s000006 success=True decision_rows=19
RISK_EPISODE_FINALIZED source_episode_id=1997 global_episode_id=r000_s001997 success=True decision_rows=19
RISK_EPISODE_FINALIZED source_episode_id=646 global_episode_id=r000_s000646 success=True decision_rows=19
RISK_EPISODE_FINALIZED source_episode_id=110 global_episode_id=r000_s000110 success=True decision_rows=13
RISK_EPISODE_FINALIZED source_episode_id=327 global_episode_id=r000_s000327 success=True decision_rows=21
RISK_EPISODE_FINALIZED source_episode_id=291 global_episode_id=r000_s000291 success=True decision_rows=22
RISK_EPISODE_FINALIZED source_episode_id=1933 global_episode_id=r000_s001933 success=True decision_rows=20
RISK_EPISODE_FINALIZED source_episode_id=3138 global_episode_id=r000_s003138 success=True decision_rows=17
RISK_EPISODE_FINALIZED source_episode_id=64 global_episode_id=r000_s000064 success=True decision_rows=18
RISK_EPISODE_FINALIZED source_episode_id=4102 global_episode_id=r000_s004102 success=True decision_rows=21
RISK_EPISODE_FINALIZED source_episode_id=816 global_episode_id=r000_s000816 success=True decision_rows=12
RISK_EPISODE_FINALIZED source_episode_id=3597 global_episode_id=r000_s003597 success=True decision_rows=17
RISK_EPISODE_FINALIZED source_episode_id=1095 global_episode_id=r000_s001095 success=True decision_rows=22
RISK_EPISODE_FINALIZED source_episode_id=219 global_episode_id=r000_s000219 success=True decision_rows=18
RISK_EPISODE_FINALIZED source_episode_id=887 global_episode_id=r000_s000887 success=True decision_rows=14
RISK_EPISODE_FINALIZED source_episode_id=1218 global_episode_id=r000_s001218 success=True decision_rows=16
RISK_EPISODE_FINALIZED source_episode_id=18 global_episode_id=r000_s000018 success=True decision_rows=15
RISK_EPISODE_FINALIZED source_episode_id=3308 global_episode_id=r000_s003308 success=True decision_rows=20
RISK_EPISODE_FINALIZED source_episode_id=1558 global_episode_id=r000_s001558 success=True decision_rows=17
RISK_EPISODE_FINALIZED source_episode_id=3750 global_episode_id=r000_s003750 success=True decision_rows=19
RISK_EPISODE_FINALIZED source_episode_id=1418 global_episode_id=r000_s001418 success=True decision_rows=20
RISK_EPISODE_FINALIZED source_episode_id=3879 global_episode_id=r000_s003879 success=True decision_rows=18
RISK_EPISODE_FINALIZED source_episode_id=1614 global_episode_id=r000_s001614 success=True decision_rows=18
RISK_EPISODE_FINALIZED source_episode_id=1487 global_episode_id=r000_s001487 success=True decision_rows=17
RISK_EPISODE_FINALIZED source_episode_id=1299 global_episode_id=r000_s001299 success=True decision_rows=19
RISK_EPISODE_FINALIZED source_episode_id=1136 global_episode_id=r000_s001136 success=True decision_rows=17
RISK_EPISODE_FINALIZED source_episode_id=3808 global_episode_id=r000_s003808 success=True decision_rows=18
RISK_EPISODE_FINALIZED source_episode_id=988 global_episode_id=r000_s000988 success=True decision_rows=19
RISK_EPISODE_FINALIZED source_episode_id=1376 global_episode_id=r000_s001376 success=True decision_rows=14
RISK_EPISODE_FINALIZED source_episode_id=2013 global_episode_id=r000_s002013 success=True decision_rows=15
RISK_EPISODE_FINALIZED source_episode_id=926 global_episode_id=r000_s000926 success=True decision_rows=17
RISK_EPISODE_FINALIZED source_episode_id=3986 global_episode_id=r000_s003986 success=True decision_rows=7
RISK_EPISODE_FINALIZED source_episode_id=3649 global_episode_id=r000_s003649 success=True decision_rows=23
RISK_EPISODE_FINALIZED source_episode_id=410 global_episode_id=r000_s000410 success=True decision_rows=19
RISK_EPISODE_FINALIZED source_episode_id=2505 global_episode_id=r000_s002505 success=True decision_rows=15
RISK_EPISODE_FINALIZED source_episode_id=644 global_episode_id=r000_s000644 success=True decision_rows=18
RISK_EPISODE_FINALIZED source_episode_id=1427 global_episode_id=r000_s001427 success=True decision_rows=17
RISK_EPISODE_FINALIZED source_episode_id=3478 global_episode_id=r000_s003478 success=True decision_rows=18
RISK_EPISODE_FINALIZED source_episode_id=3035 global_episode_id=r000_s003035 success=True decision_rows=19
RISK_EPISODE_FINALIZED source_episode_id=375 global_episode_id=r000_s000375 success=True decision_rows=19
RISK_EPISODE_FINALIZED source_episode_id=451 global_episode_id=r000_s000451 success=True decision_rows=24
RISK_EPISODE_FINALIZED source_episode_id=1593 global_episode_id=r000_s001593 success=True decision_rows=21
RISK_EPISODE_FINALIZED source_episode_id=3530 global_episode_id=r000_s003530 success=True decision_rows=20
RISK_EPISODE_FINALIZED source_episode_id=514 global_episode_id=r000_s000514 success=True decision_rows=13
RISK_EPISODE_FINALIZED source_episode_id=1664 global_episode_id=r000_s001664 success=True decision_rows=17
RISK_EPISODE_FINALIZED source_episode_id=723 global_episode_id=r000_s000723 success=True decision_rows=19
RISK_EPISODE_FINALIZED source_episode_id=3282 global_episode_id=r000_s003282 success=True decision_rows=9
RISK_EPISODE_FINALIZED source_episode_id=1697 global_episode_id=r000_s001697 success=True decision_rows=16
RISK_EPISODE_FINALIZED source_episode_id=1949 global_episode_id=r000_s001949 success=True decision_rows=15
RISK_EPISODE_FINALIZED source_episode_id=2009 global_episode_id=r000_s002009 success=True decision_rows=13
RISK_EPISODE_FINALIZED source_episode_id=2014 global_episode_id=r000_s002014 success=True decision_rows=19
RISK_EPISODE_FINALIZED source_episode_id=1935 global_episode_id=r000_s001935 success=True decision_rows=17
RISK_EPISODE_FINALIZED source_episode_id=1772 global_episode_id=r000_s001772 success=True decision_rows=19
RISK_EPISODE_FINALIZED source_episode_id=3005 global_episode_id=r000_s003005 success=True decision_rows=22
RISK_EPISODE_FINALIZED source_episode_id=883 global_episode_id=r000_s000883 success=True decision_rows=17
RISK_EPISODE_FINALIZED source_episode_id=158 global_episode_id=r000_s000158 success=True decision_rows=16
RISK_EPISODE_FINALIZED source_episode_id=3743 global_episode_id=r000_s003743 success=True decision_rows=20
RISK_EPISODE_FINALIZED source_episode_id=2902 global_episode_id=r000_s002902 success=True decision_rows=16
RISK_EPISODE_FINALIZED source_episode_id=1238 global_episode_id=r000_s001238 success=True decision_rows=18
RISK_EPISODE_FINALIZED source_episode_id=3527 global_episode_id=r000_s003527 success=True decision_rows=22
RISK_EPISODE_FINALIZED source_episode_id=534 global_episode_id=r000_s000534 success=True decision_rows=17
RISK_EPISODE_FINALIZED source_episode_id=3730 global_episode_id=r000_s003730 success=True decision_rows=14
RISK_EPISODE_FINALIZED source_episode_id=1646 global_episode_id=r000_s001646 success=True decision_rows=19
RISK_EPISODE_FINALIZED source_episode_id=542 global_episode_id=r000_s000542 success=True decision_rows=12
RISK_EPISODE_FINALIZED source_episode_id=2629 global_episode_id=r000_s002629 success=True decision_rows=18
RISK_EPISODE_FINALIZED source_episode_id=3001 global_episode_id=r000_s003001 success=True decision_rows=16
RISK_EPISODE_FINALIZED source_episode_id=958 global_episode_id=r000_s000958 success=True decision_rows=20
RISK_EPISODE_FINALIZED source_episode_id=3682 global_episode_id=r000_s003682 success=True decision_rows=16
RISK_EPISODE_FINALIZED source_episode_id=3433 global_episode_id=r000_s003433 success=True decision_rows=18
RISK_EPISODE_FINALIZED source_episode_id=2465 global_episode_id=r000_s002465 success=True decision_rows=17
RISK_EPISODE_FINALIZED source_episode_id=4039 global_episode_id=r000_s004039 success=True decision_rows=21
RISK_EPISODE_FINALIZED source_episode_id=3566 global_episode_id=r000_s003566 success=True decision_rows=18
RISK_EPISODE_FINALIZED source_episode_id=458 global_episode_id=r000_s000458 success=True decision_rows=13
RISK_EPISODE_FINALIZED source_episode_id=3045 global_episode_id=r000_s003045 success=True decision_rows=16
RISK_EPISODE_FINALIZED source_episode_id=1743 global_episode_id=r000_s001743 success=True decision_rows=17
RISK_EPISODE_FINALIZED source_episode_id=1523 global_episode_id=r000_s001523 success=True decision_rows=19
RISK_EPISODE_FINALIZED source_episode_id=2307 global_episode_id=r000_s002307 success=True decision_rows=19
RISK_EPISODE_FINALIZED source_episode_id=1007 global_episode_id=r000_s001007 success=True decision_rows=19
RISK_EPISODE_FINALIZED source_episode_id=834 global_episode_id=r000_s000834 success=True decision_rows=15
RISK_EPISODE_FINALIZED source_episode_id=3495 global_episode_id=r000_s003495 success=True decision_rows=9
RISK_EPISODE_FINALIZED source_episode_id=1177 global_episode_id=r000_s001177 success=True decision_rows=19
RISK_EPISODE_FINALIZED source_episode_id=3244 global_episode_id=r000_s003244 success=True decision_rows=21
RISK_EPISODE_FINALIZED source_episode_id=2810 global_episode_id=r000_s002810 success=True decision_rows=19
RISK_EPISODE_FINALIZED source_episode_id=379 global_episode_id=r000_s000379 success=True decision_rows=10
RISK_EPISODE_FINALIZED source_episode_id=3824 global_episode_id=r000_s003824 success=True decision_rows=17
RISK_EPISODE_FINALIZED source_episode_id=3559 global_episode_id=r000_s003559 success=True decision_rows=14
RISK_EPISODE_FINALIZED source_episode_id=4172 global_episode_id=r000_s004172 success=True decision_rows=17
RISK_EPISODE_FINALIZED source_episode_id=1014 global_episode_id=r000_s001014 success=True decision_rows=15
RISK_EPISODE_FINALIZED source_episode_id=3181 global_episode_id=r000_s003181 success=True decision_rows=15
RISK_EPISODE_FINALIZED source_episode_id=2840 global_episode_id=r000_s002840 success=True decision_rows=20
RISK_EPISODE_FINALIZED source_episode_id=1825 global_episode_id=r000_s001825 success=True decision_rows=19
RISK_EPISODE_FINALIZED source_episode_id=3751 global_episode_id=r000_s003751 success=False decision_rows=60
RISK_EPISODE_FINALIZED source_episode_id=1968 global_episode_id=r000_s001968 success=True decision_rows=18
RISK_EPISODE_FINALIZED source_episode_id=1071 global_episode_id=r000_s001071 success=True decision_rows=18
RISK_EPISODE_FINALIZED source_episode_id=2602 global_episode_id=r000_s002602 success=True decision_rows=17
RISK_EPISODE_FINALIZED source_episode_id=3273 global_episode_id=r000_s003273 success=True decision_rows=15
RISK_EPISODE_FINALIZED source_episode_id=2681 global_episode_id=r000_s002681 success=True decision_rows=21
RISK_EPISODE_FINALIZED source_episode_id=2825 global_episode_id=r000_s002825 success=True decision_rows=16
RISK_EPISODE_FINALIZED source_episode_id=558 global_episode_id=r000_s000558 success=True decision_rows=19
RISK_EPISODE_FINALIZED source_episode_id=1990 global_episode_id=r000_s001990 success=True decision_rows=18
RISK_EPISODE_FINALIZED source_episode_id=2654 global_episode_id=r000_s002654 success=True decision_rows=18
RISK_EPISODE_FINALIZED source_episode_id=3601 global_episode_id=r000_s003601 success=True decision_rows=22
RISK_EPISODE_FINALIZED source_episode_id=3069 global_episode_id=r000_s003069 success=True decision_rows=22
RISK_EPISODE_FINALIZED source_episode_id=3367 global_episode_id=r000_s003367 success=True decision_rows=15
RISK_EPISODE_FINALIZED source_episode_id=906 global_episode_id=r000_s000906 success=True decision_rows=14
RISK_EPISODE_FINALIZED source_episode_id=3916 global_episode_id=r000_s003916 success=True decision_rows=17
RISK_EPISODE_FINALIZED source_episode_id=440 global_episode_id=r000_s000440 success=True decision_rows=23
RISK_EPISODE_FINALIZED source_episode_id=314 global_episode_id=r000_s000314 success=True decision_rows=20
RISK_EPISODE_FINALIZED source_episode_id=649 global_episode_id=r000_s000649 success=True decision_rows=16
RISK_EPISODE_FINALIZED source_episode_id=366 global_episode_id=r000_s000366 success=True decision_rows=13
RISK_EPISODE_FINALIZED source_episode_id=2222 global_episode_id=r000_s002222 success=True decision_rows=18
RISK_EPISODE_FINALIZED source_episode_id=2134 global_episode_id=r000_s002134 success=True decision_rows=18
RISK_EPISODE_FINALIZED source_episode_id=2241 global_episode_id=r000_s002241 success=True decision_rows=23
RISK_EPISODE_FINALIZED source_episode_id=512 global_episode_id=r000_s000512 success=True decision_rows=16
RISK_EPISODE_FINALIZED source_episode_id=980 global_episode_id=r000_s000980 success=True decision_rows=23
RISK_EPISODE_FINALIZED source_episode_id=1602 global_episode_id=r000_s001602 success=True decision_rows=15
RISK_EPISODE_FINALIZED source_episode_id=3451 global_episode_id=r000_s003451 success=True decision_rows=19
RISK_EPISODE_FINALIZED source_episode_id=4148 global_episode_id=r000_s004148 success=True decision_rows=18
RISK_EPISODE_FINALIZED source_episode_id=573 global_episode_id=r000_s000573 success=True decision_rows=17
RISK_EPISODE_FINALIZED source_episode_id=1632 global_episode_id=r000_s001632 success=True decision_rows=19
RISK_EPISODE_FINALIZED source_episode_id=3871 global_episode_id=r000_s003871 success=True decision_rows=15
RISK_EPISODE_FINALIZED source_episode_id=3042 global_episode_id=r000_s003042 success=True decision_rows=15
RISK_EPISODE_FINALIZED source_episode_id=986 global_episode_id=r000_s000986 success=True decision_rows=20
RISK_EPISODE_FINALIZED source_episode_id=991 global_episode_id=r000_s000991 success=True decision_rows=20
RISK_EPISODE_FINALIZED source_episode_id=667 global_episode_id=r000_s000667 success=True decision_rows=20
RISK_EPISODE_FINALIZED source_episode_id=3370 global_episode_id=r000_s003370 success=True decision_rows=17
RISK_EPISODE_FINALIZED source_episode_id=503 global_episode_id=r000_s000503 success=True decision_rows=19
RISK_EPISODE_FINALIZED source_episode_id=101 global_episode_id=r000_s000101 success=True decision_rows=11
RISK_EPISODE_FINALIZED source_episode_id=952 global_episode_id=r000_s000952 success=True decision_rows=21
RISK_EPISODE_FINALIZED source_episode_id=3829 global_episode_id=r000_s003829 success=True decision_rows=21
RISK_EPISODE_FINALIZED source_episode_id=77 global_episode_id=r000_s000077 success=True decision_rows=12
RISK_EPISODE_FINALIZED source_episode_id=880 global_episode_id=r000_s000880 success=True decision_rows=19
RISK_EPISODE_FINALIZED source_episode_id=2719 global_episode_id=r000_s002719 success=True decision_rows=21
RISK_EPISODE_FINALIZED source_episode_id=100 global_episode_id=r000_s000100 success=True decision_rows=22
RISK_EPISODE_FINALIZED source_episode_id=3298 global_episode_id=r000_s003298 success=True decision_rows=17
RISK_EPISODE_FINALIZED source_episode_id=2660 global_episode_id=r000_s002660 success=True decision_rows=19
RISK_EPISODE_FINALIZED source_episode_id=607 global_episode_id=r000_s000607 success=True decision_rows=20
RISK_EPISODE_FINALIZED source_episode_id=2196 global_episode_id=r000_s002196 success=True decision_rows=22
RISK_EPISODE_FINALIZED source_episode_id=402 global_episode_id=r000_s000402 success=True decision_rows=17
RISK_EPISODE_FINALIZED source_episode_id=2551 global_episode_id=r000_s002551 success=True decision_rows=20
RISK_EPISODE_FINALIZED source_episode_id=3291 global_episode_id=r000_s003291 success=True decision_rows=18
RISK_EPISODE_FINALIZED source_episode_id=3358 global_episode_id=r000_s003358 success=True decision_rows=18
RISK_EPISODE_FINALIZED source_episode_id=3360 global_episode_id=r000_s003360 success=True decision_rows=18
RISK_EPISODE_FINALIZED source_episode_id=3950 global_episode_id=r000_s003950 success=True decision_rows=18
RISK_EPISODE_FINALIZED source_episode_id=2428 global_episode_id=r000_s002428 success=True decision_rows=14
RISK_EPISODE_FINALIZED source_episode_id=3026 global_episode_id=r000_s003026 success=True decision_rows=12
RISK_EPISODE_FINALIZED source_episode_id=1102 global_episode_id=r000_s001102 success=True decision_rows=19
RISK_EPISODE_FINALIZED source_episode_id=2317 global_episode_id=r000_s002317 success=True decision_rows=16
RISK_EPISODE_FINALIZED source_episode_id=1082 global_episode_id=r000_s001082 success=True decision_rows=19
RISK_EPISODE_FINALIZED source_episode_id=2955 global_episode_id=r000_s002955 success=True decision_rows=20
RISK_EPISODE_FINALIZED source_episode_id=1147 global_episode_id=r000_s001147 success=True decision_rows=10
RISK_EPISODE_FINALIZED source_episode_id=1498 global_episode_id=r000_s001498 success=True decision_rows=20
RISK_EPISODE_FINALIZED source_episode_id=2879 global_episode_id=r000_s002879 success=True decision_rows=18
RISK_EPISODE_FINALIZED source_episode_id=2691 global_episode_id=r000_s002691 success=True decision_rows=24
RISK_EPISODE_FINALIZED source_episode_id=1302 global_episode_id=r000_s001302 success=True decision_rows=18
RISK_EPISODE_FINALIZED source_episode_id=3694 global_episode_id=r000_s003694 success=True decision_rows=17
RISK_EPISODE_FINALIZED source_episode_id=3255 global_episode_id=r000_s003255 success=True decision_rows=20
RISK_EPISODE_FINALIZED source_episode_id=422 global_episode_id=r000_s000422 success=True decision_rows=19
RISK_EPISODE_FINALIZED source_episode_id=3445 global_episode_id=r000_s003445 success=True decision_rows=20
RISK_EPISODE_FINALIZED source_episode_id=351 global_episode_id=r000_s000351 success=True decision_rows=20
RISK_EPISODE_FINALIZED source_episode_id=3604 global_episode_id=r000_s003604 success=True decision_rows=22
RISK_EPISODE_FINALIZED source_episode_id=1578 global_episode_id=r000_s001578 success=True decision_rows=17
RISK_EPISODE_FINALIZED source_episode_id=1810 global_episode_id=r000_s001810 success=True decision_rows=16
RISK_EPISODE_FINALIZED source_episode_id=82 global_episode_id=r000_s000082 success=True decision_rows=14
RISK_EPISODE_FINALIZED source_episode_id=2642 global_episode_id=r000_s002642 success=True decision_rows=6
RISK_EPISODE_FINALIZED source_episode_id=423 global_episode_id=r000_s000423 success=False decision_rows=60
RISK_EPISODE_FINALIZED source_episode_id=1453 global_episode_id=r000_s001453 success=True decision_rows=21
RISK_EPISODE_FINALIZED source_episode_id=889 global_episode_id=r000_s000889 success=True decision_rows=16
RISK_EPISODE_FINALIZED source_episode_id=3961 global_episode_id=r000_s003961 success=True decision_rows=15
RISK_EPISODE_FINALIZED source_episode_id=2704 global_episode_id=r000_s002704 success=True decision_rows=20
RISK_EPISODE_FINALIZED source_episode_id=3870 global_episode_id=r000_s003870 success=True decision_rows=13
RISK_EPISODE_FINALIZED source_episode_id=3687 global_episode_id=r000_s003687 success=True decision_rows=15
RISK_EPISODE_FINALIZED source_episode_id=1871 global_episode_id=r000_s001871 success=True decision_rows=17
RISK_EPISODE_FINALIZED source_episode_id=1913 global_episode_id=r000_s001913 success=True decision_rows=18
RISK_EPISODE_FINALIZED source_episode_id=1721 global_episode_id=r000_s001721 success=True decision_rows=21
RISK_EPISODE_FINALIZED source_episode_id=1328 global_episode_id=r000_s001328 success=True decision_rows=13
RISK_EPISODE_FINALIZED source_episode_id=463 global_episode_id=r000_s000463 success=True decision_rows=14
RISK_EPISODE_FINALIZED source_episode_id=1253 global_episode_id=r000_s001253 success=True decision_rows=15
RISK_EPISODE_FINALIZED source_episode_id=3098 global_episode_id=r000_s003098 success=True decision_rows=19
RISK_EPISODE_FINALIZED source_episode_id=1866 global_episode_id=r000_s001866 success=True decision_rows=18
RISK_EPISODE_FINALIZED source_episode_id=3990 global_episode_id=r000_s003990 success=True decision_rows=18
RISK_EPISODE_FINALIZED source_episode_id=2845 global_episode_id=r000_s002845 success=True decision_rows=16
RISK_EPISODE_FINALIZED source_episode_id=3734 global_episode_id=r000_s003734 success=True decision_rows=19
RISK_EPISODE_FINALIZED source_episode_id=2928 global_episode_id=r000_s002928 success=True decision_rows=18
RISK_EPISODE_FINALIZED source_episode_id=3148 global_episode_id=r000_s003148 success=True decision_rows=17
RISK_EPISODE_FINALIZED source_episode_id=2205 global_episode_id=r000_s002205 success=True decision_rows=16
RISK_EPISODE_FINALIZED source_episode_id=419 global_episode_id=r000_s000419 success=True decision_rows=17
RISK_EPISODE_FINALIZED source_episode_id=3061 global_episode_id=r000_s003061 success=True decision_rows=18
RISK_EPISODE_FINALIZED source_episode_id=318 global_episode_id=r000_s000318 success=True decision_rows=20
RISK_EPISODE_FINALIZED source_episode_id=2195 global_episode_id=r000_s002195 success=True decision_rows=18
RISK_EPISODE_FINALIZED source_episode_id=1542 global_episode_id=r000_s001542 success=True decision_rows=19
RISK_EPISODE_FINALIZED source_episode_id=1178 global_episode_id=r000_s001178 success=True decision_rows=19
RISK_EPISODE_FINALIZED source_episode_id=3525 global_episode_id=r000_s003525 success=True decision_rows=19
RISK_EPISODE_FINALIZED source_episode_id=134 global_episode_id=r000_s000134 success=True decision_rows=19
RISK_EPISODE_FINALIZED source_episode_id=916 global_episode_id=r000_s000916 success=True decision_rows=16
RISK_EPISODE_FINALIZED source_episode_id=3232 global_episode_id=r000_s003232 success=True decision_rows=20
RISK_EPISODE_FINALIZED source_episode_id=3696 global_episode_id=r000_s003696 success=True decision_rows=18
RISK_EPISODE_FINALIZED source_episode_id=3347 global_episode_id=r000_s003347 success=True decision_rows=14
RISK_EPISODE_FINALIZED source_episode_id=4178 global_episode_id=r000_s004178 success=True decision_rows=18
RISK_EPISODE_FINALIZED source_episode_id=3105 global_episode_id=r000_s003105 success=True decision_rows=18
RISK_EPISODE_FINALIZED source_episode_id=3082 global_episode_id=r000_s003082 success=False decision_rows=60
RISK_EPISODE_FINALIZED source_episode_id=2160 global_episode_id=r000_s002160 success=True decision_rows=19
RISK_EPISODE_FINALIZED source_episode_id=2197 global_episode_id=r000_s002197 success=True decision_rows=21
RISK_EPISODE_FINALIZED source_episode_id=1655 global_episode_id=r000_s001655 success=True decision_rows=14
RISK_EPISODE_FINALIZED source_episode_id=411 global_episode_id=r000_s000411 success=True decision_rows=19
RISK_EPISODE_FINALIZED source_episode_id=261 global_episode_id=r000_s000261 success=True decision_rows=20
RISK_EPISODE_FINALIZED source_episode_id=1531 global_episode_id=r000_s001531 success=True decision_rows=16
RISK_EPISODE_FINALIZED source_episode_id=338 global_episode_id=r000_s000338 success=True decision_rows=16
RISK_EPISODE_FINALIZED source_episode_id=3933 global_episode_id=r000_s003933 success=True decision_rows=10
RISK_EPISODE_FINALIZED source_episode_id=982 global_episode_id=r000_s000982 success=True decision_rows=17
RISK_EPISODE_FINALIZED source_episode_id=3319 global_episode_id=r000_s003319 success=True decision_rows=14
RISK_EPISODE_FINALIZED source_episode_id=2637 global_episode_id=r000_s002637 success=True decision_rows=15
RISK_EPISODE_FINALIZED source_episode_id=3864 global_episode_id=r000_s003864 success=True decision_rows=15
RISK_EPISODE_FINALIZED source_episode_id=2096 global_episode_id=r000_s002096 success=True decision_rows=13
RISK_EPISODE_FINALIZED source_episode_id=1439 global_episode_id=r000_s001439 success=True decision_rows=21
RISK_EPISODE_FINALIZED source_episode_id=1677 global_episode_id=r000_s001677 success=True decision_rows=16
RISK_EPISODE_FINALIZED source_episode_id=1335 global_episode_id=r000_s001335 success=False decision_rows=60
RISK_EPISODE_FINALIZED source_episode_id=1201 global_episode_id=r000_s001201 success=True decision_rows=16
RISK_EPISODE_FINALIZED source_episode_id=585 global_episode_id=r000_s000585 success=True decision_rows=15
RISK_EPISODE_FINALIZED source_episode_id=339 global_episode_id=r000_s000339 success=True decision_rows=19
RISK_EPISODE_FINALIZED source_episode_id=1583 global_episode_id=r000_s001583 success=True decision_rows=20
RISK_EPISODE_FINALIZED source_episode_id=2441 global_episode_id=r000_s002441 success=True decision_rows=18
RISK_EPISODE_FINALIZED source_episode_id=560 global_episode_id=r000_s000560 success=True decision_rows=18
RISK_EPISODE_FINALIZED source_episode_id=1481 global_episode_id=r000_s001481 success=True decision_rows=14
RISK_EPISODE_FINALIZED source_episode_id=1393 global_episode_id=r000_s001393 success=True decision_rows=8
RISK_EPISODE_FINALIZED source_episode_id=2363 global_episode_id=r000_s002363 success=True decision_rows=16
RISK_EPISODE_FINALIZED source_episode_id=446 global_episode_id=r000_s000446 success=True decision_rows=17
RISK_EPISODE_FINALIZED source_episode_id=1793 global_episode_id=r000_s001793 success=True decision_rows=23
RISK_EPISODE_FINALIZED source_episode_id=2759 global_episode_id=r000_s002759 success=True decision_rows=21
RISK_EPISODE_FINALIZED source_episode_id=4072 global_episode_id=r000_s004072 success=True decision_rows=13
RISK_EPISODE_FINALIZED source_episode_id=1501 global_episode_id=r000_s001501 success=True decision_rows=15
RISK_EPISODE_FINALIZED source_episode_id=2322 global_episode_id=r000_s002322 success=True decision_rows=15
RISK_EPISODE_FINALIZED source_episode_id=3584 global_episode_id=r000_s003584 success=True decision_rows=17
RISK_EPISODE_FINALIZED source_episode_id=2906 global_episode_id=r000_s002906 success=True decision_rows=19
RISK_EPISODE_FINALIZED source_episode_id=2643 global_episode_id=r000_s002643 success=True decision_rows=19
RISK_EPISODE_FINALIZED source_episode_id=1780 global_episode_id=r000_s001780 success=True decision_rows=13
RISK_EPISODE_FINALIZED source_episode_id=3123 global_episode_id=r000_s003123 success=False decision_rows=60
RISK_EPISODE_FINALIZED source_episode_id=3400 global_episode_id=r000_s003400 success=True decision_rows=18
RISK_EPISODE_FINALIZED source_episode_id=2159 global_episode_id=r000_s002159 success=True decision_rows=20
RISK_EPISODE_FINALIZED source_episode_id=702 global_episode_id=r000_s000702 success=True decision_rows=20
RISK_EPISODE_FINALIZED source_episode_id=4075 global_episode_id=r000_s004075 success=True decision_rows=21
RISK_EPISODE_FINALIZED source_episode_id=3014 global_episode_id=r000_s003014 success=True decision_rows=14
RISK_EPISODE_FINALIZED source_episode_id=3873 global_episode_id=r000_s003873 success=True decision_rows=13
RISK_EPISODE_FINALIZED source_episode_id=3611 global_episode_id=r000_s003611 success=True decision_rows=19
RISK_EPISODE_FINALIZED source_episode_id=4142 global_episode_id=r000_s004142 success=True decision_rows=17
RISK_EPISODE_FINALIZED source_episode_id=3466 global_episode_id=r000_s003466 success=True decision_rows=20
RISK_EPISODE_FINALIZED source_episode_id=3586 global_episode_id=r000_s003586 success=True decision_rows=20
RISK_EPISODE_FINALIZED source_episode_id=2729 global_episode_id=r000_s002729 success=True decision_rows=18
RISK_EPISODE_FINALIZED source_episode_id=3549 global_episode_id=r000_s003549 success=True decision_rows=14
RISK_EPISODE_FINALIZED source_episode_id=68 global_episode_id=r000_s000068 success=True decision_rows=15
RISK_EPISODE_FINALIZED source_episode_id=13 global_episode_id=r000_s000013 success=True decision_rows=17
RISK_EPISODE_FINALIZED source_episode_id=3822 global_episode_id=r000_s003822 success=True decision_rows=16
RISK_EPISODE_FINALIZED source_episode_id=3613 global_episode_id=r000_s003613 success=True decision_rows=21
RISK_EPISODE_FINALIZED source_episode_id=3034 global_episode_id=r000_s003034 success=True decision_rows=20
RISK_EPISODE_FINALIZED source_episode_id=1229 global_episode_id=r000_s001229 success=True decision_rows=16
RISK_EPISODE_FINALIZED source_episode_id=3964 global_episode_id=r000_s003964 success=True decision_rows=17
RISK_EPISODE_FINALIZED source_episode_id=161 global_episode_id=r000_s000161 success=True decision_rows=17
RISK_EPISODE_FINALIZED source_episode_id=274 global_episode_id=r000_s000274 success=True decision_rows=15
RISK_EPISODE_FINALIZED source_episode_id=1598 global_episode_id=r000_s001598 success=True decision_rows=19
RISK_EPISODE_FINALIZED source_episode_id=1922 global_episode_id=r000_s001922 success=True decision_rows=20
RISK_EPISODE_FINALIZED source_episode_id=918 global_episode_id=r000_s000918 success=True decision_rows=18
RISK_EPISODE_FINALIZED source_episode_id=1213 global_episode_id=r000_s001213 success=True decision_rows=21
RISK_EPISODE_FINALIZED source_episode_id=315 global_episode_id=r000_s000315 success=True decision_rows=15
RISK_EPISODE_FINALIZED source_episode_id=1079 global_episode_id=r000_s001079 success=True decision_rows=19
RISK_EPISODE_FINALIZED source_episode_id=2890 global_episode_id=r000_s002890 success=True decision_rows=18
RISK_EPISODE_FINALIZED source_episode_id=662 global_episode_id=r000_s000662 success=True decision_rows=11
RISK_EPISODE_FINALIZED source_episode_id=1610 global_episode_id=r000_s001610 success=True decision_rows=20
RISK_EPISODE_FINALIZED source_episode_id=1400 global_episode_id=r000_s001400 success=False decision_rows=60
RISK_EPISODE_FINALIZED source_episode_id=2249 global_episode_id=r000_s002249 success=True decision_rows=15
RISK_EPISODE_FINALIZED source_episode_id=3793 global_episode_id=r000_s003793 success=True decision_rows=21
RISK_EPISODE_FINALIZED source_episode_id=1503 global_episode_id=r000_s001503 success=True decision_rows=15
RISK_EPISODE_FINALIZED source_episode_id=3805 global_episode_id=r000_s003805 success=True decision_rows=9
RISK_EPISODE_FINALIZED source_episode_id=299 global_episode_id=r000_s000299 success=True decision_rows=21
RISK_EPISODE_FINALIZED source_episode_id=2743 global_episode_id=r000_s002743 success=True decision_rows=20
RISK_EPISODE_FINALIZED source_episode_id=502 global_episode_id=r000_s000502 success=True decision_rows=21
RISK_EPISODE_FINALIZED source_episode_id=107 global_episode_id=r000_s000107 success=True decision_rows=21
RISK_EPISODE_FINALIZED source_episode_id=2747 global_episode_id=r000_s002747 success=True decision_rows=16
RISK_EPISODE_FINALIZED source_episode_id=3133 global_episode_id=r000_s003133 success=True decision_rows=21
RISK_EPISODE_FINALIZED source_episode_id=549 global_episode_id=r000_s000549 success=True decision_rows=9
RISK_EPISODE_FINALIZED source_episode_id=1722 global_episode_id=r000_s001722 success=True decision_rows=20
RISK_EPISODE_FINALIZED source_episode_id=2714 global_episode_id=r000_s002714 success=True decision_rows=21
RISK_EPISODE_FINALIZED source_episode_id=1075 global_episode_id=r000_s001075 success=True decision_rows=21
RISK_EPISODE_FINALIZED source_episode_id=132 global_episode_id=r000_s000132 success=True decision_rows=21
RISK_EPISODE_FINALIZED source_episode_id=1555 global_episode_id=r000_s001555 success=True decision_rows=20
RISK_EPISODE_FINALIZED source_episode_id=417 global_episode_id=r000_s000417 success=True decision_rows=19
RISK_EPISODE_FINALIZED source_episode_id=1169 global_episode_id=r000_s001169 success=False decision_rows=60
RISK_EPISODE_FINALIZED source_episode_id=1840 global_episode_id=r000_s001840 success=True decision_rows=13
RISK_EPISODE_FINALIZED source_episode_id=2058 global_episode_id=r000_s002058 success=True decision_rows=20
RISK_EPISODE_FINALIZED source_episode_id=2739 global_episode_id=r000_s002739 success=True decision_rows=19
RISK_EPISODE_FINALIZED source_episode_id=4046 global_episode_id=r000_s004046 success=True decision_rows=12
RISK_EPISODE_FINALIZED source_episode_id=3009 global_episode_id=r000_s003009 success=True decision_rows=20
RISK_EPISODE_FINALIZED source_episode_id=577 global_episode_id=r000_s000577 success=True decision_rows=20
RISK_EPISODE_FINALIZED source_episode_id=3395 global_episode_id=r000_s003395 success=True decision_rows=23
RISK_EPISODE_FINALIZED source_episode_id=1355 global_episode_id=r000_s001355 success=True decision_rows=14
RISK_EPISODE_FINALIZED source_episode_id=3555 global_episode_id=r000_s003555 success=True decision_rows=22
RISK_EPISODE_FINALIZED source_episode_id=1895 global_episode_id=r000_s001895 success=True decision_rows=15
RISK_EPISODE_FINALIZED source_episode_id=636 global_episode_id=r000_s000636 success=True decision_rows=18
RISK_EPISODE_FINALIZED source_episode_id=1344 global_episode_id=r000_s001344 success=True decision_rows=18
RISK_EPISODE_FINALIZED source_episode_id=4045 global_episode_id=r000_s004045 success=True decision_rows=17
RISK_EPISODE_FINALIZED source_episode_id=1033 global_episode_id=r000_s001033 success=True decision_rows=19
RISK_EPISODE_FINALIZED source_episode_id=1170 global_episode_id=r000_s001170 success=True decision_rows=14
RISK_EPISODE_FINALIZED source_episode_id=373 global_episode_id=r000_s000373 success=True decision_rows=19
RISK_EPISODE_FINALIZED source_episode_id=4049 global_episode_id=r000_s004049 success=True decision_rows=22
RISK_EPISODE_FINALIZED source_episode_id=951 global_episode_id=r000_s000951 success=True decision_rows=18
RISK_EPISODE_FINALIZED source_episode_id=1502 global_episode_id=r000_s001502 success=True decision_rows=17
RISK_EPISODE_FINALIZED source_episode_id=2227 global_episode_id=r000_s002227 success=True decision_rows=20
RISK_EPISODE_FINALIZED source_episode_id=609 global_episode_id=r000_s000609 success=True decision_rows=17
RISK_EPISODE_FINALIZED source_episode_id=2973 global_episode_id=r000_s002973 success=True decision_rows=19
RISK_EPISODE_FINALIZED source_episode_id=3299 global_episode_id=r000_s003299 success=True decision_rows=15
RISK_EPISODE_FINALIZED source_episode_id=616 global_episode_id=r000_s000616 success=True decision_rows=18
RISK_EPISODE_FINALIZED source_episode_id=1735 global_episode_id=r000_s001735 success=True decision_rows=20
RISK_EPISODE_FINALIZED source_episode_id=685 global_episode_id=r000_s000685 success=True decision_rows=20
RISK_EPISODE_FINALIZED source_episode_id=3359 global_episode_id=r000_s003359 success=True decision_rows=19
RISK_EPISODE_FINALIZED source_episode_id=3958 global_episode_id=r000_s003958 success=True decision_rows=21
RISK_EPISODE_FINALIZED source_episode_id=3770 global_episode_id=r000_s003770 success=True decision_rows=17
RISK_EPISODE_FINALIZED source_episode_id=1276 global_episode_id=r000_s001276 success=True decision_rows=12
RISK_EPISODE_FINALIZED source_episode_id=4118 global_episode_id=r000_s004118 success=True decision_rows=17
RISK_EPISODE_FINALIZED source_episode_id=1137 global_episode_id=r000_s001137 success=True decision_rows=16
RISK_EPISODE_FINALIZED source_episode_id=3194 global_episode_id=r000_s003194 success=True decision_rows=16
RISK_EPISODE_FINALIZED source_episode_id=3200 global_episode_id=r000_s003200 success=True decision_rows=16
RISK_EPISODE_FINALIZED source_episode_id=2253 global_episode_id=r000_s002253 success=True decision_rows=19
RISK_EPISODE_FINALIZED source_episode_id=2262 global_episode_id=r000_s002262 success=True decision_rows=17
RISK_EPISODE_FINALIZED source_episode_id=3512 global_episode_id=r000_s003512 success=True decision_rows=22
RISK_EPISODE_FINALIZED source_episode_id=202 global_episode_id=r000_s000202 success=True decision_rows=14
RISK_EPISODE_FINALIZED source_episode_id=2720 global_episode_id=r000_s002720 success=True decision_rows=19
RISK_EPISODE_FINALIZED source_episode_id=2475 global_episode_id=r000_s002475 success=True decision_rows=20
RISK_EPISODE_FINALIZED source_episode_id=125 global_episode_id=r000_s000125 success=True decision_rows=20
RISK_EPISODE_FINALIZED source_episode_id=2557 global_episode_id=r000_s002557 success=True decision_rows=21
RISK_EPISODE_FINALIZED source_episode_id=3143 global_episode_id=r000_s003143 success=True decision_rows=19
RISK_EPISODE_FINALIZED source_episode_id=3647 global_episode_id=r000_s003647 success=True decision_rows=16
RISK_EPISODE_FINALIZED source_episode_id=147 global_episode_id=r000_s000147 success=True decision_rows=20
RISK_EPISODE_FINALIZED source_episode_id=3764 global_episode_id=r000_s003764 success=True decision_rows=18
RISK_EPISODE_FINALIZED source_episode_id=294 global_episode_id=r000_s000294 success=True decision_rows=17
RISK_EPISODE_FINALIZED source_episode_id=2469 global_episode_id=r000_s002469 success=True decision_rows=18
RISK_EPISODE_FINALIZED source_episode_id=3233 global_episode_id=r000_s003233 success=True decision_rows=19
RISK_EPISODE_FINALIZED source_episode_id=1603 global_episode_id=r000_s001603 success=True decision_rows=24
RISK_EPISODE_FINALIZED source_episode_id=672 global_episode_id=r000_s000672 success=True decision_rows=20
RISK_EPISODE_FINALIZED source_episode_id=3923 global_episode_id=r000_s003923 success=True decision_rows=13
RISK_EPISODE_FINALIZED source_episode_id=1223 global_episode_id=r000_s001223 success=True decision_rows=21
RISK_EPISODE_FINALIZED source_episode_id=1146 global_episode_id=r000_s001146 success=True decision_rows=13
RISK_EPISODE_FINALIZED source_episode_id=3926 global_episode_id=r000_s003926 success=True decision_rows=17
RISK_EPISODE_FINALIZED source_episode_id=2400 global_episode_id=r000_s002400 success=True decision_rows=19
RISK_EPISODE_FINALIZED source_episode_id=2479 global_episode_id=r000_s002479 success=True decision_rows=19
RISK_EPISODE_FINALIZED source_episode_id=1280 global_episode_id=r000_s001280 success=True decision_rows=10
RISK_EPISODE_FINALIZED source_episode_id=1652 global_episode_id=r000_s001652 success=True decision_rows=19
RISK_EPISODE_FINALIZED source_episode_id=2569 global_episode_id=r000_s002569 success=True decision_rows=15
RISK_EPISODE_FINALIZED source_episode_id=4186 global_episode_id=r000_s004186 success=True decision_rows=19
RISK_EPISODE_FINALIZED source_episode_id=1028 global_episode_id=r000_s001028 success=True decision_rows=19
RISK_EPISODE_FINALIZED source_episode_id=2439 global_episode_id=r000_s002439 success=True decision_rows=22
RISK_EPISODE_FINALIZED source_episode_id=1131 global_episode_id=r000_s001131 success=True decision_rows=21
RISK_EPISODE_FINALIZED source_episode_id=2575 global_episode_id=r000_s002575 success=True decision_rows=16
RISK_EPISODE_FINALIZED source_episode_id=256 global_episode_id=r000_s000256 success=True decision_rows=18
RISK_EPISODE_FINALIZED source_episode_id=792 global_episode_id=r000_s000792 success=True decision_rows=22
RISK_EPISODE_FINALIZED source_episode_id=3669 global_episode_id=r000_s003669 success=False decision_rows=60
RISK_EPISODE_FINALIZED source_episode_id=478 global_episode_id=r000_s000478 success=True decision_rows=17
RISK_EPISODE_FINALIZED source_episode_id=2558 global_episode_id=r000_s002558 success=True decision_rows=20
RISK_EPISODE_FINALIZED source_episode_id=2970 global_episode_id=r000_s002970 success=True decision_rows=18
RISK_EPISODE_FINALIZED source_episode_id=3198 global_episode_id=r000_s003198 success=True decision_rows=17
RISK_EPISODE_FINALIZED source_episode_id=330 global_episode_id=r000_s000330 success=True decision_rows=19
RISK_EPISODE_FINALIZED source_episode_id=2146 global_episode_id=r000_s002146 success=True decision_rows=16
RISK_EPISODE_FINALIZED source_episode_id=2024 global_episode_id=r000_s002024 success=True decision_rows=19
RISK_EPISODE_FINALIZED source_episode_id=4071 global_episode_id=r000_s004071 success=True decision_rows=16
RISK_EPISODE_FINALIZED source_episode_id=3617 global_episode_id=r000_s003617 success=True decision_rows=18
RISK_EPISODE_FINALIZED source_episode_id=3862 global_episode_id=r000_s003862 success=True decision_rows=19
RISK_EPISODE_FINALIZED source_episode_id=2881 global_episode_id=r000_s002881 success=True decision_rows=20
RISK_EPISODE_FINALIZED source_episode_id=2528 global_episode_id=r000_s002528 success=True decision_rows=20
RISK_EPISODE_FINALIZED source_episode_id=2226 global_episode_id=r000_s002226 success=True decision_rows=22
RISK_EPISODE_FINALIZED source_episode_id=3292 global_episode_id=r000_s003292 success=True decision_rows=19
RISK_EPISODE_FINALIZED source_episode_id=154 global_episode_id=r000_s000154 success=True decision_rows=13
RISK_EPISODE_FINALIZED source_episode_id=513 global_episode_id=r000_s000513 success=True decision_rows=23
RISK_EPISODE_FINALIZED source_episode_id=734 global_episode_id=r000_s000734 success=True decision_rows=17
RISK_EPISODE_FINALIZED source_episode_id=3023 global_episode_id=r000_s003023 success=True decision_rows=17
RISK_EPISODE_FINALIZED source_episode_id=3825 global_episode_id=r000_s003825 success=True decision_rows=14
RISK_EPISODE_FINALIZED source_episode_id=2174 global_episode_id=r000_s002174 success=True decision_rows=20
RISK_EPISODE_FINALIZED source_episode_id=163 global_episode_id=r000_s000163 success=True decision_rows=22
RISK_EPISODE_FINALIZED source_episode_id=205 global_episode_id=r000_s000205 success=True decision_rows=20
RISK_EPISODE_FINALIZED source_episode_id=1858 global_episode_id=r000_s001858 success=True decision_rows=16
RISK_EPISODE_FINALIZED source_episode_id=3313 global_episode_id=r000_s003313 success=True decision_rows=19
RISK_EPISODE_FINALIZED source_episode_id=819 global_episode_id=r000_s000819 success=True decision_rows=15
RISK_EPISODE_FINALIZED source_episode_id=3731 global_episode_id=r000_s003731 success=True decision_rows=20
RISK_EPISODE_FINALIZED source_episode_id=2183 global_episode_id=r000_s002183 success=True decision_rows=21
RISK_EPISODE_FINALIZED source_episode_id=3714 global_episode_id=r000_s003714 success=True decision_rows=15
RISK_EPISODE_FINALIZED source_episode_id=3606 global_episode_id=r000_s003606 success=True decision_rows=15
RISK_EPISODE_FINALIZED source_episode_id=2331 global_episode_id=r000_s002331 success=True decision_rows=18
RISK_EPISODE_FINALIZED source_episode_id=1675 global_episode_id=r000_s001675 success=True decision_rows=20
RISK_EPISODE_FINALIZED source_episode_id=2406 global_episode_id=r000_s002406 success=True decision_rows=20
RISK_EPISODE_FINALIZED source_episode_id=167 global_episode_id=r000_s000167 success=True decision_rows=16
RISK_EPISODE_FINALIZED source_episode_id=1354 global_episode_id=r000_s001354 success=True decision_rows=18
RISK_EPISODE_FINALIZED source_episode_id=2745 global_episode_id=r000_s002745 success=True decision_rows=21
RISK_EPISODE_FINALIZED source_episode_id=1158 global_episode_id=r000_s001158 success=True decision_rows=20
RISK_EPISODE_FINALIZED source_episode_id=2880 global_episode_id=r000_s002880 success=True decision_rows=15
RISK_EPISODE_FINALIZED source_episode_id=1435 global_episode_id=r000_s001435 success=True decision_rows=16
RISK_EPISODE_FINALIZED source_episode_id=1361 global_episode_id=r000_s001361 success=True decision_rows=22
RISK_EPISODE_FINALIZED source_episode_id=3355 global_episode_id=r000_s003355 success=True decision_rows=13
RISK_EPISODE_FINALIZED source_episode_id=1203 global_episode_id=r000_s001203 success=True decision_rows=20
RISK_EPISODE_FINALIZED source_episode_id=269 global_episode_id=r000_s000269 success=True decision_rows=19
RISK_EPISODE_FINALIZED source_episode_id=3658 global_episode_id=r000_s003658 success=False decision_rows=60
RISK_EPISODE_FINALIZED source_episode_id=2063 global_episode_id=r000_s002063 success=True decision_rows=16
RISK_EPISODE_FINALIZED source_episode_id=3741 global_episode_id=r000_s003741 success=True decision_rows=13
RISK_EPISODE_FINALIZED source_episode_id=622 global_episode_id=r000_s000622 success=True decision_rows=19
RISK_EPISODE_FINALIZED source_episode_id=2357 global_episode_id=r000_s002357 success=False decision_rows=60
RISK_EPISODE_FINALIZED source_episode_id=973 global_episode_id=r000_s000973 success=True decision_rows=16
RISK_EPISODE_FINALIZED source_episode_id=1814 global_episode_id=r000_s001814 success=True decision_rows=18
RISK_EPISODE_FINALIZED source_episode_id=1081 global_episode_id=r000_s001081 success=True decision_rows=21
RISK_EPISODE_FINALIZED source_episode_id=3437 global_episode_id=r000_s003437 success=True decision_rows=20
RISK_EPISODE_FINALIZED source_episode_id=904 global_episode_id=r000_s000904 success=True decision_rows=20
RISK_EPISODE_FINALIZED source_episode_id=1674 global_episode_id=r000_s001674 success=True decision_rows=20
RISK_EPISODE_FINALIZED source_episode_id=3690 global_episode_id=r000_s003690 success=True decision_rows=15
RISK_EPISODE_FINALIZED source_episode_id=3760 global_episode_id=r000_s003760 success=True decision_rows=18
RISK_EPISODE_FINALIZED source_episode_id=2878 global_episode_id=r000_s002878 success=True decision_rows=20
RISK_EPISODE_FINALIZED source_episode_id=3722 global_episode_id=r000_s003722 success=False decision_rows=60
RISK_EPISODE_FINALIZED source_episode_id=3072 global_episode_id=r000_s003072 success=True decision_rows=16
RISK_EPISODE_FINALIZED source_episode_id=2982 global_episode_id=r000_s002982 success=True decision_rows=13
RISK_EPISODE_FINALIZED source_episode_id=735 global_episode_id=r000_s000735 success=True decision_rows=20
RISK_EPISODE_FINALIZED source_episode_id=1112 global_episode_id=r000_s001112 success=True decision_rows=20
RISK_EPISODE_FINALIZED source_episode_id=1197 global_episode_id=r000_s001197 success=True decision_rows=20
RISK_EPISODE_FINALIZED source_episode_id=733 global_episode_id=r000_s000733 success=True decision_rows=11
RISK_EPISODE_FINALIZED source_episode_id=2526 global_episode_id=r000_s002526 success=True decision_rows=16
RISK_EPISODE_FINALIZED source_episode_id=1710 global_episode_id=r000_s001710 success=True decision_rows=20
RISK_EPISODE_FINALIZED source_episode_id=2198 global_episode_id=r000_s002198 success=True decision_rows=16
RISK_EPISODE_FINALIZED source_episode_id=3213 global_episode_id=r000_s003213 success=True decision_rows=17
RISK_EPISODE_FINALIZED source_episode_id=231 global_episode_id=r000_s000231 success=True decision_rows=16
RISK_EPISODE_FINALIZED source_episode_id=2061 global_episode_id=r000_s002061 success=True decision_rows=10
RISK_EPISODE_FINALIZED source_episode_id=3868 global_episode_id=r000_s003868 success=True decision_rows=16
RISK_EPISODE_FINALIZED source_episode_id=1346 global_episode_id=r000_s001346 success=True decision_rows=8
RISK_EPISODE_FINALIZED source_episode_id=83 global_episode_id=r000_s000083 success=True decision_rows=17
RISK_EPISODE_FINALIZED source_episode_id=1462 global_episode_id=r000_s001462 success=True decision_rows=21
RISK_EPISODE_FINALIZED source_episode_id=3622 global_episode_id=r000_s003622 success=True decision_rows=20
RISK_EPISODE_FINALIZED source_episode_id=2002 global_episode_id=r000_s002002 success=True decision_rows=14
RISK_EPISODE_FINALIZED source_episode_id=1543 global_episode_id=r000_s001543 success=True decision_rows=21
RISK_EPISODE_FINALIZED source_episode_id=3983 global_episode_id=r000_s003983 success=True decision_rows=15
RISK_EPISODE_FINALIZED source_episode_id=3978 global_episode_id=r000_s003978 success=True decision_rows=13
RISK_EPISODE_FINALIZED source_episode_id=1189 global_episode_id=r000_s001189 success=True decision_rows=17
RISK_EPISODE_FINALIZED source_episode_id=2289 global_episode_id=r000_s002289 success=True decision_rows=15
RISK_EPISODE_FINALIZED source_episode_id=1946 global_episode_id=r000_s001946 success=True decision_rows=19
RISK_EPISODE_FINALIZED source_episode_id=837 global_episode_id=r000_s000837 success=True decision_rows=12
RISK_EPISODE_FINALIZED source_episode_id=547 global_episode_id=r000_s000547 success=True decision_rows=21
RISK_EPISODE_FINALIZED source_episode_id=416 global_episode_id=r000_s000416 success=True decision_rows=19
RISK_EPISODE_FINALIZED source_episode_id=2273 global_episode_id=r000_s002273 success=True decision_rows=13
RISK_EPISODE_FINALIZED source_episode_id=3816 global_episode_id=r000_s003816 success=True decision_rows=20
RISK_EPISODE_FINALIZED source_episode_id=3409 global_episode_id=r000_s003409 success=True decision_rows=22
RISK_EPISODE_FINALIZED source_episode_id=3980 global_episode_id=r000_s003980 success=True decision_rows=16
RISK_EPISODE_FINALIZED source_episode_id=3323 global_episode_id=r000_s003323 success=True decision_rows=8
RISK_EPISODE_FINALIZED source_episode_id=346 global_episode_id=r000_s000346 success=True decision_rows=19
RISK_EPISODE_FINALIZED source_episode_id=97 global_episode_id=r000_s000097 success=True decision_rows=14
RISK_EPISODE_FINALIZED source_episode_id=2958 global_episode_id=r000_s002958 success=True decision_rows=18
RISK_EPISODE_FINALIZED source_episode_id=2555 global_episode_id=r000_s002555 success=True decision_rows=12
RISK_EPISODE_FINALIZED source_episode_id=109 global_episode_id=r000_s000109 success=True decision_rows=15
RISK_EPISODE_FINALIZED source_episode_id=2123 global_episode_id=r000_s002123 success=True decision_rows=19
RISK_EPISODE_FINALIZED source_episode_id=1490 global_episode_id=r000_s001490 success=True decision_rows=15
RISK_EPISODE_FINALIZED source_episode_id=1715 global_episode_id=r000_s001715 success=True decision_rows=20
RISK_EPISODE_FINALIZED source_episode_id=2179 global_episode_id=r000_s002179 success=True decision_rows=21
RISK_EPISODE_FINALIZED source_episode_id=250 global_episode_id=r000_s000250 success=True decision_rows=20
RISK_EPISODE_FINALIZED source_episode_id=3337 global_episode_id=r000_s003337 success=True decision_rows=15
RISK_EPISODE_FINALIZED source_episode_id=1480 global_episode_id=r000_s001480 success=True decision_rows=20
RISK_EPISODE_FINALIZED source_episode_id=1609 global_episode_id=r000_s001609 success=True decision_rows=16
RISK_EPISODE_FINALIZED source_episode_id=710 global_episode_id=r000_s000710 success=True decision_rows=19
RISK_EPISODE_FINALIZED source_episode_id=1854 global_episode_id=r000_s001854 success=True decision_rows=20
RISK_EPISODE_FINALIZED source_episode_id=3659 global_episode_id=r000_s003659 success=True decision_rows=20
RISK_EPISODE_FINALIZED source_episode_id=3693 global_episode_id=r000_s003693 success=True decision_rows=19
RISK_EPISODE_FINALIZED source_episode_id=2314 global_episode_id=r000_s002314 success=True decision_rows=19
RISK_EPISODE_FINALIZED source_episode_id=743 global_episode_id=r000_s000743 success=True decision_rows=13
RISK_EPISODE_FINALIZED source_episode_id=3002 global_episode_id=r000_s003002 success=True decision_rows=20
RISK_EPISODE_FINALIZED source_episode_id=707 global_episode_id=r000_s000707 success=True decision_rows=23
RISK_EPISODE_FINALIZED source_episode_id=2267 global_episode_id=r000_s002267 success=True decision_rows=19
RISK_EPISODE_FINALIZED source_episode_id=2118 global_episode_id=r000_s002118 success=True decision_rows=20
RISK_EPISODE_FINALIZED source_episode_id=641 global_episode_id=r000_s000641 success=True decision_rows=17
RISK_EPISODE_FINALIZED source_episode_id=1518 global_episode_id=r000_s001518 success=True decision_rows=17
RISK_EPISODE_FINALIZED source_episode_id=183 global_episode_id=r000_s000183 success=True decision_rows=19
RISK_EPISODE_FINALIZED source_episode_id=1390 global_episode_id=r000_s001390 success=True decision_rows=17
RISK_EPISODE_FINALIZED source_episode_id=1754 global_episode_id=r000_s001754 success=True decision_rows=19
RISK_EPISODE_FINALIZED source_episode_id=310 global_episode_id=r000_s000310 success=True decision_rows=21
RISK_EPISODE_FINALIZED source_episode_id=928 global_episode_id=r000_s000928 success=True decision_rows=19
RISK_EPISODE_FINALIZED source_episode_id=290 global_episode_id=r000_s000290 success=True decision_rows=18
RISK_EPISODE_FINALIZED source_episode_id=4120 global_episode_id=r000_s004120 success=True decision_rows=22
RISK_EPISODE_FINALIZED source_episode_id=1944 global_episode_id=r000_s001944 success=True decision_rows=20
RISK_EPISODE_FINALIZED source_episode_id=1474 global_episode_id=r000_s001474 success=True decision_rows=19
RISK_EPISODE_FINALIZED source_episode_id=3121 global_episode_id=r000_s003121 success=False decision_rows=60
RISK_EPISODE_FINALIZED source_episode_id=1700 global_episode_id=r000_s001700 success=False decision_rows=60
RISK_EPISODE_FINALIZED source_episode_id=2432 global_episode_id=r000_s002432 success=True decision_rows=17
RISK_EPISODE_FINALIZED source_episode_id=2703 global_episode_id=r000_s002703 success=True decision_rows=17
RISK_EPISODE_FINALIZED source_episode_id=2272 global_episode_id=r000_s002272 success=True decision_rows=20
RISK_EPISODE_FINALIZED source_episode_id=3488 global_episode_id=r000_s003488 success=True decision_rows=20
RISK_EPISODE_FINALIZED source_episode_id=4054 global_episode_id=r000_s004054 success=True decision_rows=17
RISK_EPISODE_FINALIZED source_episode_id=1642 global_episode_id=r000_s001642 success=True decision_rows=11
RISK_EPISODE_FINALIZED source_episode_id=2443 global_episode_id=r000_s002443 success=True decision_rows=15
RISK_EPISODE_FINALIZED source_episode_id=306 global_episode_id=r000_s000306 success=True decision_rows=22
RISK_EPISODE_FINALIZED source_episode_id=1671 global_episode_id=r000_s001671 success=True decision_rows=19
RISK_EPISODE_FINALIZED source_episode_id=3310 global_episode_id=r000_s003310 success=True decision_rows=19
RISK_EPISODE_FINALIZED source_episode_id=361 global_episode_id=r000_s000361 success=True decision_rows=19
RISK_EPISODE_FINALIZED source_episode_id=2722 global_episode_id=r000_s002722 success=True decision_rows=17
RISK_EPISODE_FINALIZED source_episode_id=407 global_episode_id=r000_s000407 success=True decision_rows=17
RISK_EPISODE_FINALIZED source_episode_id=1070 global_episode_id=r000_s001070 success=True decision_rows=18
RISK_EPISODE_FINALIZED source_episode_id=1659 global_episode_id=r000_s001659 success=True decision_rows=16
RISK_EPISODE_FINALIZED source_episode_id=615 global_episode_id=r000_s000615 success=True decision_rows=17
RISK_EPISODE_FINALIZED source_episode_id=1942 global_episode_id=r000_s001942 success=True decision_rows=19
RISK_EPISODE_FINALIZED source_episode_id=2848 global_episode_id=r000_s002848 success=True decision_rows=19
RISK_EPISODE_FINALIZED source_episode_id=1287 global_episode_id=r000_s001287 success=True decision_rows=22
RISK_EPISODE_FINALIZED source_episode_id=590 global_episode_id=r000_s000590 success=True decision_rows=17
RISK_EPISODE_FINALIZED source_episode_id=4014 global_episode_id=r000_s004014 success=True decision_rows=19
RISK_EPISODE_FINALIZED source_episode_id=2805 global_episode_id=r000_s002805 success=True decision_rows=14
RISK_EPISODE_FINALIZED source_episode_id=2533 global_episode_id=r000_s002533 success=True decision_rows=18
RISK_EPISODE_FINALIZED source_episode_id=2119 global_episode_id=r000_s002119 success=True decision_rows=21
RISK_EPISODE_FINALIZED source_episode_id=1977 global_episode_id=r000_s001977 success=True decision_rows=18
RISK_EPISODE_FINALIZED source_episode_id=248 global_episode_id=r000_s000248 success=True decision_rows=24
RISK_EPISODE_FINALIZED source_episode_id=3876 global_episode_id=r000_s003876 success=True decision_rows=18
RISK_EPISODE_FINALIZED source_episode_id=624 global_episode_id=r000_s000624 success=True decision_rows=18
RISK_EPISODE_FINALIZED source_episode_id=175 global_episode_id=r000_s000175 success=True decision_rows=20
RISK_EPISODE_FINALIZED source_episode_id=4107 global_episode_id=r000_s004107 success=True decision_rows=20
RISK_EPISODE_FINALIZED source_episode_id=2811 global_episode_id=r000_s002811 success=True decision_rows=15
RISK_EPISODE_FINALIZED source_episode_id=3048 global_episode_id=r000_s003048 success=True decision_rows=19
RISK_EPISODE_FINALIZED source_episode_id=321 global_episode_id=r000_s000321 success=True decision_rows=23
RISK_EPISODE_FINALIZED source_episode_id=2918 global_episode_id=r000_s002918 success=True decision_rows=19
RISK_EPISODE_FINALIZED source_episode_id=2976 global_episode_id=r000_s002976 success=True decision_rows=20
RISK_EPISODE_FINALIZED source_episode_id=4135 global_episode_id=r000_s004135 success=True decision_rows=17
RISK_EPISODE_FINALIZED source_episode_id=33 global_episode_id=r000_s000033 success=True decision_rows=17
RISK_EPISODE_FINALIZED source_episode_id=594 global_episode_id=r000_s000594 success=True decision_rows=7
RISK_EPISODE_FINALIZED source_episode_id=2122 global_episode_id=r000_s002122 success=True decision_rows=20
RISK_EPISODE_FINALIZED source_episode_id=1261 global_episode_id=r000_s001261 success=True decision_rows=21
RISK_EPISODE_FINALIZED source_episode_id=1932 global_episode_id=r000_s001932 success=True decision_rows=10
RISK_EPISODE_FINALIZED source_episode_id=910 global_episode_id=r000_s000910 success=True decision_rows=15
RISK_EPISODE_FINALIZED source_episode_id=53 global_episode_id=r000_s000053 success=True decision_rows=19
RISK_EPISODE_FINALIZED source_episode_id=2430 global_episode_id=r000_s002430 success=True decision_rows=14
RISK_EPISODE_FINALIZED source_episode_id=3850 global_episode_id=r000_s003850 success=True decision_rows=19
RISK_EPISODE_FINALIZED source_episode_id=1902 global_episode_id=r000_s001902 success=True decision_rows=19
RISK_EPISODE_FINALIZED source_episode_id=1288 global_episode_id=r000_s001288 success=True decision_rows=19
RISK_EPISODE_FINALIZED source_episode_id=3962 global_episode_id=r000_s003962 success=True decision_rows=19
RISK_EPISODE_FINALIZED source_episode_id=369 global_episode_id=r000_s000369 success=True decision_rows=16
RISK_EPISODE_FINALIZED source_episode_id=3258 global_episode_id=r000_s003258 success=True decision_rows=18
RISK_EPISODE_FINALIZED source_episode_id=2419 global_episode_id=r000_s002419 success=True decision_rows=19
RISK_EPISODE_FINALIZED source_episode_id=586 global_episode_id=r000_s000586 success=True decision_rows=18
RISK_EPISODE_FINALIZED source_episode_id=2611 global_episode_id=r000_s002611 success=True decision_rows=21
RISK_EPISODE_FINALIZED source_episode_id=311 global_episode_id=r000_s000311 success=True decision_rows=19
RISK_EPISODE_FINALIZED source_episode_id=1712 global_episode_id=r000_s001712 success=True decision_rows=18
RISK_EPISODE_FINALIZED source_episode_id=57 global_episode_id=r000_s000057 success=True decision_rows=21
RISK_EPISODE_FINALIZED source_episode_id=2397 global_episode_id=r000_s002397 success=True decision_rows=16
RISK_EPISODE_FINALIZED source_episode_id=4152 global_episode_id=r000_s004152 success=True decision_rows=19
RISK_EPISODE_FINALIZED source_episode_id=2411 global_episode_id=r000_s002411 success=True decision_rows=21
RISK_EPISODE_FINALIZED source_episode_id=3070 global_episode_id=r000_s003070 success=True decision_rows=19
RISK_EPISODE_FINALIZED source_episode_id=3454 global_episode_id=r000_s003454 success=True decision_rows=19
RISK_EPISODE_FINALIZED source_episode_id=2433 global_episode_id=r000_s002433 success=True decision_rows=23
RISK_EPISODE_FINALIZED source_episode_id=640 global_episode_id=r000_s000640 success=True decision_rows=18
RISK_EPISODE_FINALIZED source_episode_id=3629 global_episode_id=r000_s003629 success=True decision_rows=20
RISK_EPISODE_FINALIZED source_episode_id=2566 global_episode_id=r000_s002566 success=True decision_rows=20
RISK_EPISODE_FINALIZED source_episode_id=489 global_episode_id=r000_s000489 success=True decision_rows=13
RISK_EPISODE_FINALIZED source_episode_id=4154 global_episode_id=r000_s004154 success=True decision_rows=20
RISK_EPISODE_FINALIZED source_episode_id=3623 global_episode_id=r000_s003623 success=True decision_rows=15
RISK_EPISODE_FINALIZED source_episode_id=1226 global_episode_id=r000_s001226 success=True decision_rows=20
RISK_EPISODE_FINALIZED source_episode_id=1554 global_episode_id=r000_s001554 success=True decision_rows=20
RISK_EPISODE_FINALIZED source_episode_id=1907 global_episode_id=r000_s001907 success=True decision_rows=21
RISK_EPISODE_FINALIZED source_episode_id=981 global_episode_id=r000_s000981 success=True decision_rows=22
RISK_EPISODE_FINALIZED source_episode_id=2541 global_episode_id=r000_s002541 success=True decision_rows=19
RISK_EPISODE_FINALIZED source_episode_id=1778 global_episode_id=r000_s001778 success=True decision_rows=22
RISK_EPISODE_FINALIZED source_episode_id=2087 global_episode_id=r000_s002087 success=True decision_rows=15
RISK_EPISODE_FINALIZED source_episode_id=2240 global_episode_id=r000_s002240 success=True decision_rows=11
RISK_EPISODE_FINALIZED source_episode_id=439 global_episode_id=r000_s000439 success=True decision_rows=17
RISK_EPISODE_FINALIZED source_episode_id=1399 global_episode_id=r000_s001399 success=True decision_rows=14
RISK_EPISODE_FINALIZED source_episode_id=403 global_episode_id=r000_s000403 success=True decision_rows=12
RISK_EPISODE_FINALIZED source_episode_id=35 global_episode_id=r000_s000035 success=True decision_rows=15
RISK_EPISODE_FINALIZED source_episode_id=3712 global_episode_id=r000_s003712 success=True decision_rows=13
RISK_EPISODE_FINALIZED source_episode_id=1615 global_episode_id=r000_s001615 success=True decision_rows=18
RISK_EPISODE_FINALIZED source_episode_id=2935 global_episode_id=r000_s002935 success=True decision_rows=19
RISK_EPISODE_FINALIZED source_episode_id=3593 global_episode_id=r000_s003593 success=True decision_rows=15
RISK_EPISODE_FINALIZED source_episode_id=3182 global_episode_id=r000_s003182 success=True decision_rows=17
RISK_EPISODE_FINALIZED source_episode_id=1235 global_episode_id=r000_s001235 success=True decision_rows=19
RISK_EPISODE_FINALIZED source_episode_id=319 global_episode_id=r000_s000319 success=True decision_rows=18
RISK_EPISODE_FINALIZED source_episode_id=3551 global_episode_id=r000_s003551 success=True decision_rows=18
RISK_EPISODE_FINALIZED source_episode_id=496 global_episode_id=r000_s000496 success=True decision_rows=18
RISK_EPISODE_FINALIZED source_episode_id=2079 global_episode_id=r000_s002079 success=True decision_rows=20
RISK_EPISODE_FINALIZED source_episode_id=1009 global_episode_id=r000_s001009 success=True decision_rows=8
RISK_EPISODE_FINALIZED source_episode_id=1433 global_episode_id=r000_s001433 success=True decision_rows=19
RISK_EPISODE_FINALIZED source_episode_id=1863 global_episode_id=r000_s001863 success=False decision_rows=60
RISK_EPISODE_FINALIZED source_episode_id=3585 global_episode_id=r000_s003585 success=True decision_rows=24
RISK_EPISODE_FINALIZED source_episode_id=2067 global_episode_id=r000_s002067 success=True decision_rows=18
RISK_EPISODE_FINALIZED source_episode_id=3314 global_episode_id=r000_s003314 success=True decision_rows=18
RISK_EPISODE_FINALIZED source_episode_id=3136 global_episode_id=r000_s003136 success=True decision_rows=17
RISK_EPISODE_FINALIZED source_episode_id=39 global_episode_id=r000_s000039 success=True decision_rows=16
RISK_EPISODE_FINALIZED source_episode_id=2736 global_episode_id=r000_s002736 success=True decision_rows=19
RISK_EPISODE_FINALIZED source_episode_id=2077 global_episode_id=r000_s002077 success=True decision_rows=15
RISK_EPISODE_FINALIZED source_episode_id=3335 global_episode_id=r000_s003335 success=True decision_rows=22
RISK_EPISODE_FINALIZED source_episode_id=3461 global_episode_id=r000_s003461 success=True decision_rows=14
RISK_EPISODE_FINALIZED source_episode_id=435 global_episode_id=r000_s000435 success=True decision_rows=21
RISK_EPISODE_FINALIZED source_episode_id=42 global_episode_id=r000_s000042 success=True decision_rows=15
RISK_EPISODE_FINALIZED source_episode_id=3821 global_episode_id=r000_s003821 success=True decision_rows=19
RISK_EPISODE_FINALIZED source_episode_id=2631 global_episode_id=r000_s002631 success=True decision_rows=20
RISK_EPISODE_FINALIZED source_episode_id=2180 global_episode_id=r000_s002180 success=True decision_rows=19
RISK_EPISODE_FINALIZED source_episode_id=2438 global_episode_id=r000_s002438 success=True decision_rows=14
RISK_EPISODE_FINALIZED source_episode_id=3086 global_episode_id=r000_s003086 success=True decision_rows=19
RISK_EPISODE_FINALIZED source_episode_id=3657 global_episode_id=r000_s003657 success=True decision_rows=19
RISK_EPISODE_FINALIZED source_episode_id=466 global_episode_id=r000_s000466 success=True decision_rows=14
RISK_EPISODE_FINALIZED source_episode_id=2444 global_episode_id=r000_s002444 success=True decision_rows=18
RISK_EPISODE_FINALIZED source_episode_id=212 global_episode_id=r000_s000212 success=True decision_rows=22
RISK_EPISODE_FINALIZED source_episode_id=4083 global_episode_id=r000_s004083 success=False decision_rows=60
RISK_EPISODE_FINALIZED source_episode_id=2108 global_episode_id=r000_s002108 success=True decision_rows=14
RISK_EPISODE_FINALIZED source_episode_id=1342 global_episode_id=r000_s001342 success=True decision_rows=20
RISK_EPISODE_FINALIZED source_episode_id=911 global_episode_id=r000_s000911 success=True decision_rows=15
RISK_EPISODE_FINALIZED source_episode_id=3290 global_episode_id=r000_s003290 success=True decision_rows=20
RISK_EPISODE_FINALIZED source_episode_id=1799 global_episode_id=r000_s001799 success=True decision_rows=21
RISK_EPISODE_FINALIZED source_episode_id=144 global_episode_id=r000_s000144 success=True decision_rows=21
RISK_EPISODE_FINALIZED source_episode_id=487 global_episode_id=r000_s000487 success=True decision_rows=14
RISK_EPISODE_FINALIZED source_episode_id=1162 global_episode_id=r000_s001162 success=True decision_rows=20
RISK_EPISODE_FINALIZED source_episode_id=2910 global_episode_id=r000_s002910 success=True decision_rows=17
RISK_EPISODE_FINALIZED source_episode_id=1770 global_episode_id=r000_s001770 success=True decision_rows=19
RISK_EPISODE_FINALIZED source_episode_id=651 global_episode_id=r000_s000651 success=True decision_rows=20
RISK_EPISODE_FINALIZED source_episode_id=661 global_episode_id=r000_s000661 success=True decision_rows=21
RISK_EPISODE_FINALIZED source_episode_id=1271 global_episode_id=r000_s001271 success=True decision_rows=19
RISK_EPISODE_FINALIZED source_episode_id=3831 global_episode_id=r000_s003831 success=True decision_rows=13
RISK_EPISODE_FINALIZED source_episode_id=3090 global_episode_id=r000_s003090 success=True decision_rows=14
RISK_EPISODE_FINALIZED source_episode_id=2349 global_episode_id=r000_s002349 success=True decision_rows=19
RISK_EPISODE_FINALIZED source_episode_id=686 global_episode_id=r000_s000686 success=True decision_rows=19
RISK_EPISODE_FINALIZED source_episode_id=523 global_episode_id=r000_s000523 success=True decision_rows=20
RISK_EPISODE_FINALIZED source_episode_id=1670 global_episode_id=r000_s001670 success=True decision_rows=14
RISK_EPISODE_FINALIZED source_episode_id=2163 global_episode_id=r000_s002163 success=True decision_rows=16
RISK_EPISODE_FINALIZED source_episode_id=2409 global_episode_id=r000_s002409 success=True decision_rows=18
RISK_EPISODE_FINALIZED source_episode_id=2165 global_episode_id=r000_s002165 success=True decision_rows=21
RISK_EPISODE_FINALIZED source_episode_id=3112 global_episode_id=r000_s003112 success=True decision_rows=19
RISK_EPISODE_FINALIZED source_episode_id=3442 global_episode_id=r000_s003442 success=True decision_rows=23
RISK_EPISODE_FINALIZED source_episode_id=1244 global_episode_id=r000_s001244 success=True decision_rows=18
RISK_EPISODE_FINALIZED source_episode_id=2554 global_episode_id=r000_s002554 success=False decision_rows=60
RISK_EPISODE_FINALIZED source_episode_id=2766 global_episode_id=r000_s002766 success=True decision_rows=18
RISK_EPISODE_FINALIZED source_episode_id=192 global_episode_id=r000_s000192 success=True decision_rows=17
RISK_EPISODE_FINALIZED source_episode_id=4183 global_episode_id=r000_s004183 success=True decision_rows=15
RISK_EPISODE_FINALIZED source_episode_id=1406 global_episode_id=r000_s001406 success=True decision_rows=20
RISK_EPISODE_FINALIZED source_episode_id=2570 global_episode_id=r000_s002570 success=True decision_rows=20
RISK_EPISODE_FINALIZED source_episode_id=3939 global_episode_id=r000_s003939 success=True decision_rows=22
RISK_EPISODE_FINALIZED source_episode_id=3738 global_episode_id=r000_s003738 success=True decision_rows=14
RISK_EPISODE_FINALIZED source_episode_id=2130 global_episode_id=r000_s002130 success=True decision_rows=15
RISK_EPISODE_FINALIZED source_episode_id=1587 global_episode_id=r000_s001587 success=True decision_rows=19
RISK_EPISODE_FINALIZED source_episode_id=526 global_episode_id=r000_s000526 success=True decision_rows=13
RISK_EPISODE_FINALIZED source_episode_id=1262 global_episode_id=r000_s001262 success=True decision_rows=13
RISK_EPISODE_FINALIZED source_episode_id=2502 global_episode_id=r000_s002502 success=True decision_rows=15
RISK_EPISODE_FINALIZED source_episode_id=69 global_episode_id=r000_s000069 success=True decision_rows=17
RISK_EPISODE_FINALIZED source_episode_id=1012 global_episode_id=r000_s001012 success=True decision_rows=12
RISK_EPISODE_FINALIZED source_episode_id=829 global_episode_id=r000_s000829 success=True decision_rows=21
RISK_EPISODE_FINALIZED source_episode_id=3602 global_episode_id=r000_s003602 success=True decision_rows=14
RISK_EPISODE_FINALIZED source_episode_id=1323 global_episode_id=r000_s001323 success=True decision_rows=22
RISK_EPISODE_FINALIZED source_episode_id=2803 global_episode_id=r000_s002803 success=True decision_rows=21
RISK_EPISODE_FINALIZED source_episode_id=3283 global_episode_id=r000_s003283 success=True decision_rows=19
RISK_EPISODE_FINALIZED source_episode_id=2847 global_episode_id=r000_s002847 success=False decision_rows=60
RISK_EPISODE_FINALIZED source_episode_id=3664 global_episode_id=r000_s003664 success=True decision_rows=20
RISK_EPISODE_FINALIZED source_episode_id=3436 global_episode_id=r000_s003436 success=True decision_rows=20
RISK_EPISODE_FINALIZED source_episode_id=3063 global_episode_id=r000_s003063 success=True decision_rows=18
RISK_EPISODE_FINALIZED source_episode_id=4190 global_episode_id=r000_s004190 success=True decision_rows=17
RISK_EPISODE_FINALIZED source_episode_id=1181 global_episode_id=r000_s001181 success=True decision_rows=15
RISK_EPISODE_FINALIZED source_episode_id=530 global_episode_id=r000_s000530 success=True decision_rows=20
RISK_EPISODE_FINALIZED source_episode_id=3891 global_episode_id=r000_s003891 success=True decision_rows=19
RISK_EPISODE_FINALIZED source_episode_id=2676 global_episode_id=r000_s002676 success=True decision_rows=13
RISK_EPISODE_FINALIZED source_episode_id=788 global_episode_id=r000_s000788 success=True decision_rows=21
RISK_EPISODE_FINALIZED source_episode_id=1293 global_episode_id=r000_s001293 success=True decision_rows=15
RISK_EPISODE_FINALIZED source_episode_id=703 global_episode_id=r000_s000703 success=True decision_rows=18
RISK_EPISODE_FINALIZED source_episode_id=3151 global_episode_id=r000_s003151 success=True decision_rows=15
RISK_EPISODE_FINALIZED source_episode_id=380 global_episode_id=r000_s000380 success=True decision_rows=18
RISK_EPISODE_FINALIZED source_episode_id=2873 global_episode_id=r000_s002873 success=True decision_rows=18
RISK_EPISODE_FINALIZED source_episode_id=976 global_episode_id=r000_s000976 success=True decision_rows=16
RISK_EPISODE_FINALIZED source_episode_id=1174 global_episode_id=r000_s001174 success=True decision_rows=18
RISK_EPISODE_FINALIZED source_episode_id=1423 global_episode_id=r000_s001423 success=True decision_rows=17
RISK_EPISODE_FINALIZED source_episode_id=1594 global_episode_id=r000_s001594 success=True decision_rows=13
RISK_EPISODE_FINALIZED source_episode_id=3776 global_episode_id=r000_s003776 success=True decision_rows=16
RISK_EPISODE_FINALIZED source_episode_id=525 global_episode_id=r000_s000525 success=True decision_rows=19
RISK_EPISODE_FINALIZED source_episode_id=3414 global_episode_id=r000_s003414 success=True decision_rows=17
RISK_EPISODE_FINALIZED source_episode_id=2268 global_episode_id=r000_s002268 success=True decision_rows=17
RISK_EPISODE_FINALIZED source_episode_id=264 global_episode_id=r000_s000264 success=True decision_rows=19
RISK_EPISODE_FINALIZED source_episode_id=912 global_episode_id=r000_s000912 success=True decision_rows=20
RISK_EPISODE_FINALIZED source_episode_id=1533 global_episode_id=r000_s001533 success=True decision_rows=20
RISK_EPISODE_FINALIZED source_episode_id=1208 global_episode_id=r000_s001208 success=True decision_rows=23
RISK_EPISODE_FINALIZED source_episode_id=1037 global_episode_id=r000_s001037 success=True decision_rows=11
RISK_EPISODE_FINALIZED source_episode_id=75 global_episode_id=r000_s000075 success=True decision_rows=19
RISK_EPISODE_FINALIZED source_episode_id=4051 global_episode_id=r000_s004051 success=True decision_rows=20
RISK_EPISODE_FINALIZED source_episode_id=3055 global_episode_id=r000_s003055 success=True decision_rows=19
RISK_EPISODE_FINALIZED source_episode_id=3243 global_episode_id=r000_s003243 success=True decision_rows=20
RISK_EPISODE_FINALIZED source_episode_id=3995 global_episode_id=r000_s003995 success=True decision_rows=20
RISK_EPISODE_FINALIZED source_episode_id=63 global_episode_id=r000_s000063 success=False decision_rows=60
RISK_EPISODE_FINALIZED source_episode_id=3660 global_episode_id=r000_s003660 success=True decision_rows=18
RISK_EPISODE_FINALIZED source_episode_id=2622 global_episode_id=r000_s002622 success=True decision_rows=15
RISK_EPISODE_FINALIZED source_episode_id=1017 global_episode_id=r000_s001017 success=True decision_rows=15
RISK_EPISODE_FINALIZED source_episode_id=3522 global_episode_id=r000_s003522 success=True decision_rows=15
RISK_EPISODE_FINALIZED source_episode_id=2488 global_episode_id=r000_s002488 success=True decision_rows=22
RISK_EPISODE_FINALIZED source_episode_id=627 global_episode_id=r000_s000627 success=True decision_rows=15
RISK_EPISODE_FINALIZED source_episode_id=1848 global_episode_id=r000_s001848 success=False decision_rows=60
RISK_EPISODE_FINALIZED source_episode_id=4017 global_episode_id=r000_s004017 success=True decision_rows=16
RISK_EPISODE_FINALIZED source_episode_id=1584 global_episode_id=r000_s001584 success=True decision_rows=18
RISK_EPISODE_FINALIZED source_episode_id=827 global_episode_id=r000_s000827 success=True decision_rows=14
RISK_EPISODE_FINALIZED source_episode_id=3783 global_episode_id=r000_s003783 success=True decision_rows=22
RISK_EPISODE_FINALIZED source_episode_id=316 global_episode_id=r000_s000316 success=True decision_rows=16
RISK_EPISODE_FINALIZED source_episode_id=561 global_episode_id=r000_s000561 success=True decision_rows=15
RISK_EPISODE_FINALIZED source_episode_id=688 global_episode_id=r000_s000688 success=True decision_rows=19
RISK_EPISODE_FINALIZED source_episode_id=3135 global_episode_id=r000_s003135 success=True decision_rows=17
RISK_EPISODE_FINALIZED source_episode_id=1141 global_episode_id=r000_s001141 success=True decision_rows=20
RISK_EPISODE_FINALIZED source_episode_id=3902 global_episode_id=r000_s003902 success=True decision_rows=20
RISK_EPISODE_FINALIZED source_episode_id=595 global_episode_id=r000_s000595 success=True decision_rows=19
RISK_EPISODE_FINALIZED source_episode_id=2867 global_episode_id=r000_s002867 success=True decision_rows=19
RISK_EPISODE_FINALIZED source_episode_id=1150 global_episode_id=r000_s001150 success=True decision_rows=19
RISK_EPISODE_FINALIZED source_episode_id=1767 global_episode_id=r000_s001767 success=True decision_rows=16
RISK_EPISODE_FINALIZED source_episode_id=2004 global_episode_id=r000_s002004 success=True decision_rows=22
RISK_EPISODE_FINALIZED source_episode_id=4185 global_episode_id=r000_s004185 success=True decision_rows=18
RISK_EPISODE_FINALIZED source_episode_id=3745 global_episode_id=r000_s003745 success=True decision_rows=18
RISK_EPISODE_FINALIZED source_episode_id=2818 global_episode_id=r000_s002818 success=True decision_rows=16
RISK_EPISODE_FINALIZED source_episode_id=149 global_episode_id=r000_s000149 success=True decision_rows=21
RISK_EPISODE_FINALIZED source_episode_id=815 global_episode_id=r000_s000815 success=False decision_rows=60
RISK_EPISODE_FINALIZED source_episode_id=691 global_episode_id=r000_s000691 success=True decision_rows=14
RISK_EPISODE_FINALIZED source_episode_id=211 global_episode_id=r000_s000211 success=True decision_rows=18
RISK_EPISODE_FINALIZED source_episode_id=46 global_episode_id=r000_s000046 success=True decision_rows=18
RISK_EPISODE_FINALIZED source_episode_id=433 global_episode_id=r000_s000433 success=True decision_rows=14
RISK_EPISODE_FINALIZED source_episode_id=894 global_episode_id=r000_s000894 success=True decision_rows=20
RISK_EPISODE_FINALIZED source_episode_id=3567 global_episode_id=r000_s003567 success=False decision_rows=60
RISK_EPISODE_FINALIZED source_episode_id=1479 global_episode_id=r000_s001479 success=True decision_rows=21
RISK_EPISODE_FINALIZED source_episode_id=1637 global_episode_id=r000_s001637 success=True decision_rows=16
RISK_EPISODE_FINALIZED source_episode_id=3849 global_episode_id=r000_s003849 success=True decision_rows=19
RISK_EPISODE_FINALIZED source_episode_id=93 global_episode_id=r000_s000093 success=True decision_rows=14
RISK_EPISODE_FINALIZED source_episode_id=1726 global_episode_id=r000_s001726 success=True decision_rows=20
RISK_EPISODE_FINALIZED source_episode_id=2951 global_episode_id=r000_s002951 success=True decision_rows=21
RISK_EPISODE_FINALIZED source_episode_id=3074 global_episode_id=r000_s003074 success=True decision_rows=15
RISK_EPISODE_FINALIZED source_episode_id=2295 global_episode_id=r000_s002295 success=True decision_rows=14
RISK_EPISODE_FINALIZED source_episode_id=3242 global_episode_id=r000_s003242 success=True decision_rows=16
RISK_EPISODE_FINALIZED source_episode_id=1809 global_episode_id=r000_s001809 success=True decision_rows=21
RISK_EPISODE_FINALIZED source_episode_id=2857 global_episode_id=r000_s002857 success=True decision_rows=18
RISK_EPISODE_FINALIZED source_episode_id=801 global_episode_id=r000_s000801 success=True decision_rows=18
RISK_EPISODE_FINALIZED source_episode_id=3239 global_episode_id=r000_s003239 success=True decision_rows=18
RISK_EPISODE_FINALIZED source_episode_id=357 global_episode_id=r000_s000357 success=True decision_rows=17
RISK_EPISODE_FINALIZED source_episode_id=3782 global_episode_id=r000_s003782 success=True decision_rows=20
RISK_EPISODE_FINALIZED source_episode_id=282 global_episode_id=r000_s000282 success=True decision_rows=19
RISK_EPISODE_FINALIZED source_episode_id=1806 global_episode_id=r000_s001806 success=True decision_rows=15
RISK_EPISODE_FINALIZED source_episode_id=3171 global_episode_id=r000_s003171 success=True decision_rows=22
RISK_EPISODE_FINALIZED source_episode_id=1794 global_episode_id=r000_s001794 success=True decision_rows=9
RISK_EPISODE_FINALIZED source_episode_id=2842 global_episode_id=r000_s002842 success=True decision_rows=19
RISK_EPISODE_FINALIZED source_episode_id=333 global_episode_id=r000_s000333 success=True decision_rows=20
RISK_EPISODE_FINALIZED source_episode_id=3303 global_episode_id=r000_s003303 success=True decision_rows=8
RISK_EPISODE_FINALIZED source_episode_id=2911 global_episode_id=r000_s002911 success=True decision_rows=19
RISK_EPISODE_FINALIZED source_episode_id=1395 global_episode_id=r000_s001395 success=True decision_rows=21
RISK_EPISODE_FINALIZED source_episode_id=3103 global_episode_id=r000_s003103 success=True decision_rows=20
RISK_EPISODE_FINALIZED source_episode_id=279 global_episode_id=r000_s000279 success=True decision_rows=16
RISK_EPISODE_FINALIZED source_episode_id=4158 global_episode_id=r000_s004158 success=True decision_rows=19
RISK_EPISODE_FINALIZED source_episode_id=3639 global_episode_id=r000_s003639 success=True decision_rows=19
RISK_EPISODE_FINALIZED source_episode_id=3662 global_episode_id=r000_s003662 success=True decision_rows=19
RISK_EPISODE_FINALIZED source_episode_id=959 global_episode_id=r000_s000959 success=True decision_rows=18
RISK_EPISODE_FINALIZED source_episode_id=170 global_episode_id=r000_s000170 success=True decision_rows=16
RISK_EPISODE_FINALIZED source_episode_id=3848 global_episode_id=r000_s003848 success=True decision_rows=19
RISK_EPISODE_FINALIZED source_episode_id=0 global_episode_id=r000_s000000 success=True decision_rows=17
RISK_EPISODE_FINALIZED source_episode_id=903 global_episode_id=r000_s000903 success=True decision_rows=22
RISK_EPISODE_FINALIZED source_episode_id=3190 global_episode_id=r000_s003190 success=True decision_rows=15
RISK_EPISODE_FINALIZED source_episode_id=3903 global_episode_id=r000_s003903 success=True decision_rows=19
RISK_EPISODE_FINALIZED source_episode_id=2891 global_episode_id=r000_s002891 success=True decision_rows=20
RISK_EPISODE_FINALIZED source_episode_id=3376 global_episode_id=r000_s003376 success=True decision_rows=13
RISK_EPISODE_FINALIZED source_episode_id=461 global_episode_id=r000_s000461 success=True decision_rows=15
RISK_EPISODE_FINALIZED source_episode_id=2625 global_episode_id=r000_s002625 success=True decision_rows=23
RISK_EPISODE_FINALIZED source_episode_id=3475 global_episode_id=r000_s003475 success=True decision_rows=19
RISK_EPISODE_FINALIZED source_episode_id=1441 global_episode_id=r000_s001441 success=True decision_rows=18
RISK_EPISODE_FINALIZED source_episode_id=1491 global_episode_id=r000_s001491 success=True decision_rows=14
RISK_EPISODE_FINALIZED source_episode_id=3427 global_episode_id=r000_s003427 success=True decision_rows=19
RISK_EPISODE_FINALIZED source_episode_id=2922 global_episode_id=r000_s002922 success=True decision_rows=10
RISK_EPISODE_FINALIZED source_episode_id=2387 global_episode_id=r000_s002387 success=True decision_rows=19
RISK_EPISODE_FINALIZED source_episode_id=50 global_episode_id=r000_s000050 success=True decision_rows=23
RISK_EPISODE_FINALIZED source_episode_id=260 global_episode_id=r000_s000260 success=True decision_rows=20
RISK_EPISODE_FINALIZED source_episode_id=3809 global_episode_id=r000_s003809 success=True decision_rows=18
RISK_EPISODE_FINALIZED source_episode_id=4115 global_episode_id=r000_s004115 success=True decision_rows=18
RISK_EPISODE_FINALIZED source_episode_id=1350 global_episode_id=r000_s001350 success=True decision_rows=19
RISK_EPISODE_FINALIZED source_episode_id=2698 global_episode_id=r000_s002698 success=True decision_rows=14
RISK_EPISODE_FINALIZED source_episode_id=2090 global_episode_id=r000_s002090 success=True decision_rows=17
RISK_EPISODE_FINALIZED source_episode_id=415 global_episode_id=r000_s000415 success=True decision_rows=20
RISK_EPISODE_FINALIZED source_episode_id=3379 global_episode_id=r000_s003379 success=True decision_rows=19
RISK_EPISODE_FINALIZED source_episode_id=3391 global_episode_id=r000_s003391 success=True decision_rows=11
RISK_EPISODE_FINALIZED source_episode_id=3885 global_episode_id=r000_s003885 success=True decision_rows=19
RISK_EPISODE_FINALIZED source_episode_id=2907 global_episode_id=r000_s002907 success=True decision_rows=18
RISK_EPISODE_FINALIZED source_episode_id=2044 global_episode_id=r000_s002044 success=False decision_rows=60
RISK_EPISODE_FINALIZED source_episode_id=2008 global_episode_id=r000_s002008 success=True decision_rows=22
RISK_EPISODE_FINALIZED source_episode_id=1740 global_episode_id=r000_s001740 success=True decision_rows=16
RISK_EPISODE_FINALIZED source_episode_id=4137 global_episode_id=r000_s004137 success=True decision_rows=12
RISK_EPISODE_FINALIZED source_episode_id=26 global_episode_id=r000_s000026 success=True decision_rows=19
RISK_EPISODE_FINALIZED source_episode_id=2023 global_episode_id=r000_s002023 success=True decision_rows=13
RISK_EPISODE_FINALIZED source_episode_id=3483 global_episode_id=r000_s003483 success=True decision_rows=18
RISK_EPISODE_FINALIZED source_episode_id=1397 global_episode_id=r000_s001397 success=True decision_rows=16
RISK_EPISODE_FINALIZED source_episode_id=2744 global_episode_id=r000_s002744 success=True decision_rows=20
RISK_EPISODE_FINALIZED source_episode_id=1820 global_episode_id=r000_s001820 success=True decision_rows=18
RISK_EPISODE_FINALIZED source_episode_id=146 global_episode_id=r000_s000146 success=True decision_rows=15
RISK_EPISODE_FINALIZED source_episode_id=1648 global_episode_id=r000_s001648 success=True decision_rows=18
RISK_EPISODE_FINALIZED source_episode_id=2076 global_episode_id=r000_s002076 success=True decision_rows=16
RISK_EPISODE_FINALIZED source_episode_id=1786 global_episode_id=r000_s001786 success=True decision_rows=20
RISK_EPISODE_FINALIZED source_episode_id=3502 global_episode_id=r000_s003502 success=True decision_rows=18
RISK_EPISODE_FINALIZED source_episode_id=3464 global_episode_id=r000_s003464 success=True decision_rows=19
RISK_EPISODE_FINALIZED source_episode_id=3377 global_episode_id=r000_s003377 success=True decision_rows=15
RISK_EPISODE_FINALIZED source_episode_id=4161 global_episode_id=r000_s004161 success=True decision_rows=23
RISK_EPISODE_FINALIZED source_episode_id=476 global_episode_id=r000_s000476 success=True decision_rows=20
RISK_EPISODE_FINALIZED source_episode_id=197 global_episode_id=r000_s000197 success=True decision_rows=19
RISK_EPISODE_FINALIZED source_episode_id=1546 global_episode_id=r000_s001546 success=True decision_rows=14
RISK_EPISODE_FINALIZED source_episode_id=14 global_episode_id=r000_s000014 success=True decision_rows=19
RISK_EPISODE_FINALIZED source_episode_id=156 global_episode_id=r000_s000156 success=True decision_rows=18
RISK_EPISODE_FINALIZED source_episode_id=3842 global_episode_id=r000_s003842 success=True decision_rows=15
RISK_EPISODE_FINALIZED source_episode_id=497 global_episode_id=r000_s000497 success=True decision_rows=15
RISK_EPISODE_FINALIZED source_episode_id=2353 global_episode_id=r000_s002353 success=True decision_rows=13
RISK_EPISODE_FINALIZED source_episode_id=3633 global_episode_id=r000_s003633 success=True decision_rows=19
RISK_EPISODE_FINALIZED source_episode_id=2895 global_episode_id=r000_s002895 success=True decision_rows=15
RISK_EPISODE_FINALIZED source_episode_id=576 global_episode_id=r000_s000576 success=True decision_rows=16
RISK_EPISODE_FINALIZED source_episode_id=3945 global_episode_id=r000_s003945 success=True decision_rows=19
RISK_EPISODE_FINALIZED source_episode_id=2346 global_episode_id=r000_s002346 success=True decision_rows=16
RISK_EPISODE_FINALIZED source_episode_id=3988 global_episode_id=r000_s003988 success=True decision_rows=20
RISK_EPISODE_FINALIZED source_episode_id=4177 global_episode_id=r000_s004177 success=True decision_rows=21
RISK_EPISODE_FINALIZED source_episode_id=600 global_episode_id=r000_s000600 success=True decision_rows=18
RISK_EPISODE_FINALIZED source_episode_id=1100 global_episode_id=r000_s001100 success=True decision_rows=17
RISK_EPISODE_FINALIZED source_episode_id=2113 global_episode_id=r000_s002113 success=True decision_rows=20
RISK_EPISODE_FINALIZED source_episode_id=2020 global_episode_id=r000_s002020 success=True decision_rows=21
RISK_EPISODE_FINALIZED source_episode_id=304 global_episode_id=r000_s000304 success=False decision_rows=60
RISK_EPISODE_FINALIZED source_episode_id=15 global_episode_id=r000_s000015 success=True decision_rows=18
RISK_EPISODE_FINALIZED source_episode_id=1804 global_episode_id=r000_s001804 success=True decision_rows=19
RISK_EPISODE_FINALIZED source_episode_id=1730 global_episode_id=r000_s001730 success=True decision_rows=16
RISK_EPISODE_FINALIZED source_episode_id=1834 global_episode_id=r000_s001834 success=True decision_rows=11
RISK_EPISODE_FINALIZED source_episode_id=1720 global_episode_id=r000_s001720 success=True decision_rows=20
RISK_EPISODE_FINALIZED source_episode_id=2756 global_episode_id=r000_s002756 success=True decision_rows=20
RISK_EPISODE_FINALIZED source_episode_id=990 global_episode_id=r000_s000990 success=True decision_rows=12
RISK_EPISODE_FINALIZED source_episode_id=3457 global_episode_id=r000_s003457 success=True decision_rows=24
RISK_EPISODE_FINALIZED source_episode_id=1724 global_episode_id=r000_s001724 success=True decision_rows=18
RISK_EPISODE_FINALIZED source_episode_id=2148 global_episode_id=r000_s002148 success=True decision_rows=22
RISK_EPISODE_FINALIZED source_episode_id=1506 global_episode_id=r000_s001506 success=True decision_rows=16
RISK_EPISODE_FINALIZED source_episode_id=2798 global_episode_id=r000_s002798 success=True decision_rows=18
RISK_EPISODE_FINALIZED source_episode_id=2901 global_episode_id=r000_s002901 success=True decision_rows=21
RISK_EPISODE_FINALIZED source_episode_id=1249 global_episode_id=r000_s001249 success=True decision_rows=17
RISK_EPISODE_FINALIZED source_episode_id=72 global_episode_id=r000_s000072 success=True decision_rows=20
RISK_EPISODE_FINALIZED source_episode_id=1607 global_episode_id=r000_s001607 success=True decision_rows=22
RISK_EPISODE_FINALIZED source_episode_id=1371 global_episode_id=r000_s001371 success=True decision_rows=18
RISK_EPISODE_FINALIZED source_episode_id=3841 global_episode_id=r000_s003841 success=True decision_rows=23
RISK_EPISODE_FINALIZED source_episode_id=1175 global_episode_id=r000_s001175 success=True decision_rows=13
RISK_EPISODE_FINALIZED source_episode_id=37 global_episode_id=r000_s000037 success=True decision_rows=17
RISK_EPISODE_FINALIZED source_episode_id=1760 global_episode_id=r000_s001760 success=True decision_rows=19
RISK_EPISODE_FINALIZED source_episode_id=1341 global_episode_id=r000_s001341 success=True decision_rows=21
RISK_EPISODE_FINALIZED source_episode_id=3097 global_episode_id=r000_s003097 success=True decision_rows=13
RISK_EPISODE_FINALIZED source_episode_id=2931 global_episode_id=r000_s002931 success=True decision_rows=21
RISK_EPISODE_FINALIZED source_episode_id=1995 global_episode_id=r000_s001995 success=True decision_rows=20
RISK_EPISODE_FINALIZED source_episode_id=2147 global_episode_id=r000_s002147 success=True decision_rows=22
RISK_EPISODE_FINALIZED source_episode_id=424 global_episode_id=r000_s000424 success=True decision_rows=19
RISK_EPISODE_FINALIZED source_episode_id=964 global_episode_id=r000_s000964 success=True decision_rows=20
RISK_EPISODE_FINALIZED source_episode_id=2344 global_episode_id=r000_s002344 success=True decision_rows=18
RISK_EPISODE_FINALIZED source_episode_id=3022 global_episode_id=r000_s003022 success=True decision_rows=19
RISK_EPISODE_FINALIZED source_episode_id=2442 global_episode_id=r000_s002442 success=True decision_rows=20
RISK_EPISODE_FINALIZED source_episode_id=2834 global_episode_id=r000_s002834 success=True decision_rows=6
RISK_EPISODE_FINALIZED source_episode_id=2954 global_episode_id=r000_s002954 success=True decision_rows=20
RISK_EPISODE_FINALIZED source_episode_id=2117 global_episode_id=r000_s002117 success=True decision_rows=20
RISK_EPISODE_FINALIZED source_episode_id=810 global_episode_id=r000_s000810 success=True decision_rows=10
RISK_EPISODE_FINALIZED source_episode_id=954 global_episode_id=r000_s000954 success=True decision_rows=13
RISK_EPISODE_FINALIZED source_episode_id=3364 global_episode_id=r000_s003364 success=True decision_rows=21
RISK_EPISODE_FINALIZED source_episode_id=94 global_episode_id=r000_s000094 success=True decision_rows=13
RISK_EPISODE_FINALIZED source_episode_id=3017 global_episode_id=r000_s003017 success=True decision_rows=15
RISK_EPISODE_FINALIZED source_episode_id=2789 global_episode_id=r000_s002789 success=True decision_rows=16
RISK_EPISODE_FINALIZED source_episode_id=1154 global_episode_id=r000_s001154 success=True decision_rows=15
RISK_EPISODE_FINALIZED source_episode_id=129 global_episode_id=r000_s000129 success=True decision_rows=21
RISK_EPISODE_FINALIZED source_episode_id=1678 global_episode_id=r000_s001678 success=True decision_rows=17
RISK_EPISODE_FINALIZED source_episode_id=3037 global_episode_id=r000_s003037 success=False decision_rows=60
RISK_EPISODE_FINALIZED source_episode_id=3922 global_episode_id=r000_s003922 success=True decision_rows=13
RISK_EPISODE_FINALIZED source_episode_id=2864 global_episode_id=r000_s002864 success=False decision_rows=60
RISK_EPISODE_FINALIZED source_episode_id=3798 global_episode_id=r000_s003798 success=True decision_rows=18
RISK_EPISODE_FINALIZED source_episode_id=2141 global_episode_id=r000_s002141 success=True decision_rows=18
RISK_EPISODE_FINALIZED source_episode_id=3214 global_episode_id=r000_s003214 success=True decision_rows=18
RISK_EPISODE_FINALIZED source_episode_id=1964 global_episode_id=r000_s001964 success=True decision_rows=16
RISK_EPISODE_FINALIZED source_episode_id=1398 global_episode_id=r000_s001398 success=True decision_rows=19
RISK_EPISODE_FINALIZED source_episode_id=2823 global_episode_id=r000_s002823 success=True decision_rows=20
RISK_EPISODE_FINALIZED source_episode_id=518 global_episode_id=r000_s000518 success=True decision_rows=19
RISK_EPISODE_FINALIZED source_episode_id=2672 global_episode_id=r000_s002672 success=True decision_rows=17
RISK_EPISODE_FINALIZED source_episode_id=2140 global_episode_id=r000_s002140 success=True decision_rows=19
RISK_EPISODE_FINALIZED source_episode_id=1231 global_episode_id=r000_s001231 success=True decision_rows=17
RISK_EPISODE_FINALIZED source_episode_id=3369 global_episode_id=r000_s003369 success=True decision_rows=15
RISK_EPISODE_FINALIZED source_episode_id=2702 global_episode_id=r000_s002702 success=True decision_rows=19
RISK_EPISODE_FINALIZED source_episode_id=2151 global_episode_id=r000_s002151 success=True decision_rows=17
RISK_EPISODE_FINALIZED source_episode_id=3815 global_episode_id=r000_s003815 success=True decision_rows=15
RISK_EPISODE_FINALIZED source_episode_id=2826 global_episode_id=r000_s002826 success=True decision_rows=20
RISK_EPISODE_FINALIZED source_episode_id=1078 global_episode_id=r000_s001078 success=True decision_rows=21
RISK_EPISODE_FINALIZED source_episode_id=3921 global_episode_id=r000_s003921 success=True decision_rows=20
RISK_EPISODE_FINALIZED source_episode_id=3830 global_episode_id=r000_s003830 success=True decision_rows=21
RISK_EPISODE_FINALIZED source_episode_id=2983 global_episode_id=r000_s002983 success=True decision_rows=18
RISK_EPISODE_FINALIZED source_episode_id=3802 global_episode_id=r000_s003802 success=True decision_rows=15
RISK_EPISODE_FINALIZED source_episode_id=1143 global_episode_id=r000_s001143 success=True decision_rows=14
RISK_EPISODE_FINALIZED source_episode_id=766 global_episode_id=r000_s000766 success=True decision_rows=14
RISK_EPISODE_FINALIZED source_episode_id=355 global_episode_id=r000_s000355 success=True decision_rows=15
RISK_EPISODE_FINALIZED source_episode_id=1370 global_episode_id=r000_s001370 success=True decision_rows=16
RISK_EPISODE_FINALIZED source_episode_id=4041 global_episode_id=r000_s004041 success=True decision_rows=15
RISK_EPISODE_FINALIZED source_episode_id=521 global_episode_id=r000_s000521 success=True decision_rows=17
RISK_EPISODE_FINALIZED source_episode_id=1030 global_episode_id=r000_s001030 success=True decision_rows=18
RISK_EPISODE_FINALIZED source_episode_id=4088 global_episode_id=r000_s004088 success=True decision_rows=23
RISK_EPISODE_FINALIZED source_episode_id=3246 global_episode_id=r000_s003246 success=True decision_rows=16
RISK_EPISODE_FINALIZED source_episode_id=4105 global_episode_id=r000_s004105 success=True decision_rows=14
RISK_EPISODE_FINALIZED source_episode_id=3637 global_episode_id=r000_s003637 success=True decision_rows=20
RISK_EPISODE_FINALIZED source_episode_id=2238 global_episode_id=r000_s002238 success=True decision_rows=19
RISK_EPISODE_FINALIZED source_episode_id=2319 global_episode_id=r000_s002319 success=True decision_rows=17
RISK_EPISODE_FINALIZED source_episode_id=574 global_episode_id=r000_s000574 success=True decision_rows=20
RISK_EPISODE_FINALIZED source_episode_id=3893 global_episode_id=r000_s003893 success=True decision_rows=15
RISK_EPISODE_FINALIZED source_episode_id=1362 global_episode_id=r000_s001362 success=True decision_rows=15
RISK_EPISODE_FINALIZED source_episode_id=3328 global_episode_id=r000_s003328 success=True decision_rows=17
RISK_EPISODE_FINALIZED source_episode_id=1562 global_episode_id=r000_s001562 success=True decision_rows=19
RISK_EPISODE_FINALIZED source_episode_id=1182 global_episode_id=r000_s001182 success=True decision_rows=18
RISK_EPISODE_FINALIZED source_episode_id=3448 global_episode_id=r000_s003448 success=True decision_rows=17
RISK_EPISODE_FINALIZED source_episode_id=3635 global_episode_id=r000_s003635 success=True decision_rows=21
RISK_EPISODE_FINALIZED source_episode_id=1184 global_episode_id=r000_s001184 success=True decision_rows=19
RISK_EPISODE_FINALIZED source_episode_id=1227 global_episode_id=r000_s001227 success=True decision_rows=21
RISK_EPISODE_FINALIZED source_episode_id=2046 global_episode_id=r000_s002046 success=True decision_rows=19
RISK_EPISODE_FINALIZED source_episode_id=789 global_episode_id=r000_s000789 success=True decision_rows=20
RISK_EPISODE_FINALIZED source_episode_id=1665 global_episode_id=r000_s001665 success=True decision_rows=19
RISK_EPISODE_FINALIZED source_episode_id=3852 global_episode_id=r000_s003852 success=True decision_rows=18
RISK_EPISODE_FINALIZED source_episode_id=2497 global_episode_id=r000_s002497 success=True decision_rows=20
RISK_EPISODE_FINALIZED source_episode_id=1063 global_episode_id=r000_s001063 success=True decision_rows=16
RISK_EPISODE_FINALIZED source_episode_id=1337 global_episode_id=r000_s001337 success=True decision_rows=21
RISK_EPISODE_FINALIZED source_episode_id=1974 global_episode_id=r000_s001974 success=True decision_rows=20
RISK_EPISODE_FINALIZED source_episode_id=730 global_episode_id=r000_s000730 success=True decision_rows=18
RISK_EPISODE_FINALIZED source_episode_id=2230 global_episode_id=r000_s002230 success=True decision_rows=15
RISK_EPISODE_FINALIZED source_episode_id=2143 global_episode_id=r000_s002143 success=True decision_rows=19
RISK_EPISODE_FINALIZED source_episode_id=2480 global_episode_id=r000_s002480 success=True decision_rows=20
RISK_EPISODE_FINALIZED source_episode_id=3975 global_episode_id=r000_s003975 success=True decision_rows=21
RISK_EPISODE_FINALIZED source_episode_id=2280 global_episode_id=r000_s002280 success=True decision_rows=19
RISK_EPISODE_FINALIZED source_episode_id=1098 global_episode_id=r000_s001098 success=True decision_rows=20
RISK_EPISODE_FINALIZED source_episode_id=1363 global_episode_id=r000_s001363 success=True decision_rows=18
RISK_EPISODE_FINALIZED source_episode_id=2617 global_episode_id=r000_s002617 success=True decision_rows=19
RISK_EPISODE_FINALIZED source_episode_id=325 global_episode_id=r000_s000325 success=True decision_rows=18
RISK_EPISODE_FINALIZED source_episode_id=3972 global_episode_id=r000_s003972 success=True decision_rows=20
RISK_EPISODE_FINALIZED source_episode_id=4151 global_episode_id=r000_s004151 success=True decision_rows=19
RISK_EPISODE_FINALIZED source_episode_id=2471 global_episode_id=r000_s002471 success=True decision_rows=16
RISK_EPISODE_FINALIZED source_episode_id=940 global_episode_id=r000_s000940 success=True decision_rows=19
RISK_EPISODE_FINALIZED source_episode_id=2697 global_episode_id=r000_s002697 success=True decision_rows=15
RISK_EPISODE_FINALIZED source_episode_id=3077 global_episode_id=r000_s003077 success=True decision_rows=19
RISK_EPISODE_FINALIZED source_episode_id=655 global_episode_id=r000_s000655 success=True decision_rows=11
RISK_EPISODE_FINALIZED source_episode_id=3625 global_episode_id=r000_s003625 success=True decision_rows=19
RISK_EPISODE_FINALIZED source_episode_id=2866 global_episode_id=r000_s002866 success=True decision_rows=22
RISK_EPISODE_FINALIZED source_episode_id=1256 global_episode_id=r000_s001256 success=True decision_rows=20
RISK_EPISODE_FINALIZED source_episode_id=2466 global_episode_id=r000_s002466 success=True decision_rows=17
RISK_EPISODE_FINALIZED source_episode_id=3288 global_episode_id=r000_s003288 success=True decision_rows=22
RISK_EPISODE_FINALIZED source_episode_id=2498 global_episode_id=r000_s002498 success=True decision_rows=9
RISK_EPISODE_FINALIZED source_episode_id=2690 global_episode_id=r000_s002690 success=True decision_rows=15
RISK_EPISODE_FINALIZED source_episode_id=3496 global_episode_id=r000_s003496 success=False decision_rows=60
RISK_EPISODE_FINALIZED source_episode_id=3402 global_episode_id=r000_s003402 success=True decision_rows=20
RISK_EPISODE_FINALIZED source_episode_id=445 global_episode_id=r000_s000445 success=True decision_rows=21
RISK_EPISODE_FINALIZED source_episode_id=307 global_episode_id=r000_s000307 success=True decision_rows=16
RISK_EPISODE_FINALIZED source_episode_id=10 global_episode_id=r000_s000010 success=True decision_rows=20
RISK_EPISODE_FINALIZED source_episode_id=832 global_episode_id=r000_s000832 success=True decision_rows=19
RISK_EPISODE_FINALIZED source_episode_id=3897 global_episode_id=r000_s003897 success=True decision_rows=17
RISK_EPISODE_FINALIZED source_episode_id=2097 global_episode_id=r000_s002097 success=True decision_rows=9
RISK_EPISODE_FINALIZED source_episode_id=1353 global_episode_id=r000_s001353 success=True decision_rows=8
RISK_EPISODE_FINALIZED source_episode_id=1524 global_episode_id=r000_s001524 success=True decision_rows=18
RISK_EPISODE_FINALIZED source_episode_id=1663 global_episode_id=r000_s001663 success=True decision_rows=10
RISK_EPISODE_FINALIZED source_episode_id=1432 global_episode_id=r000_s001432 success=True decision_rows=22
RISK_EPISODE_FINALIZED source_episode_id=1412 global_episode_id=r000_s001412 success=True decision_rows=21
RISK_EPISODE_FINALIZED source_episode_id=1152 global_episode_id=r000_s001152 success=True decision_rows=18
RISK_EPISODE_FINALIZED source_episode_id=2125 global_episode_id=r000_s002125 success=True decision_rows=17
RISK_EPISODE_FINALIZED source_episode_id=159 global_episode_id=r000_s000159 success=True decision_rows=19
RISK_EPISODE_FINALIZED source_episode_id=2166 global_episode_id=r000_s002166 success=True decision_rows=20
RISK_EPISODE_FINALIZED source_episode_id=893 global_episode_id=r000_s000893 success=True decision_rows=21
RISK_EPISODE_FINALIZED source_episode_id=993 global_episode_id=r000_s000993 success=True decision_rows=17
RISK_EPISODE_FINALIZED source_episode_id=538 global_episode_id=r000_s000538 success=True decision_rows=19
RISK_EPISODE_FINALIZED source_episode_id=3416 global_episode_id=r000_s003416 success=True decision_rows=15
RISK_EPISODE_FINALIZED source_episode_id=3924 global_episode_id=r000_s003924 success=True decision_rows=22
RISK_EPISODE_FINALIZED source_episode_id=1918 global_episode_id=r000_s001918 success=True decision_rows=20
RISK_EPISODE_FINALIZED source_episode_id=1775 global_episode_id=r000_s001775 success=True decision_rows=20
RISK_EPISODE_FINALIZED source_episode_id=2753 global_episode_id=r000_s002753 success=True decision_rows=23
RISK_EPISODE_FINALIZED source_episode_id=1173 global_episode_id=r000_s001173 success=True decision_rows=22
RISK_EPISODE_FINALIZED source_episode_id=2016 global_episode_id=r000_s002016 success=True decision_rows=18
RISK_EPISODE_FINALIZED source_episode_id=660 global_episode_id=r000_s000660 success=True decision_rows=19
RISK_EPISODE_FINALIZED source_episode_id=1862 global_episode_id=r000_s001862 success=True decision_rows=21
RISK_EPISODE_FINALIZED source_episode_id=1386 global_episode_id=r000_s001386 success=True decision_rows=14
RISK_EPISODE_FINALIZED source_episode_id=2800 global_episode_id=r000_s002800 success=True decision_rows=18
RISK_EPISODE_FINALIZED source_episode_id=1869 global_episode_id=r000_s001869 success=True decision_rows=20
RISK_EPISODE_FINALIZED source_episode_id=2927 global_episode_id=r000_s002927 success=True decision_rows=19
RISK_EPISODE_FINALIZED source_episode_id=3562 global_episode_id=r000_s003562 success=True decision_rows=16
RISK_EPISODE_FINALIZED source_episode_id=2324 global_episode_id=r000_s002324 success=True decision_rows=20
RISK_EPISODE_FINALIZED source_episode_id=3333 global_episode_id=r000_s003333 success=True decision_rows=19
RISK_EPISODE_FINALIZED source_episode_id=2181 global_episode_id=r000_s002181 success=True decision_rows=19
RISK_EPISODE_FINALIZED source_episode_id=331 global_episode_id=r000_s000331 success=True decision_rows=19
RISK_EPISODE_FINALIZED source_episode_id=798 global_episode_id=r000_s000798 success=True decision_rows=19
RISK_EPISODE_FINALIZED source_episode_id=67 global_episode_id=r000_s000067 success=True decision_rows=24
RISK_EPISODE_FINALIZED source_episode_id=3890 global_episode_id=r000_s003890 success=True decision_rows=19
RISK_EPISODE_FINALIZED source_episode_id=1514 global_episode_id=r000_s001514 success=True decision_rows=19
RISK_EPISODE_FINALIZED source_episode_id=2211 global_episode_id=r000_s002211 success=True decision_rows=21
RISK_EPISODE_FINALIZED source_episode_id=2651 global_episode_id=r000_s002651 success=True decision_rows=19
RISK_EPISODE_FINALIZED source_episode_id=3386 global_episode_id=r000_s003386 success=True decision_rows=13
RISK_EPISODE_FINALIZED source_episode_id=2754 global_episode_id=r000_s002754 success=True decision_rows=15
RISK_EPISODE_FINALIZED source_episode_id=3467 global_episode_id=r000_s003467 success=True decision_rows=19
RISK_EPISODE_FINALIZED source_episode_id=474 global_episode_id=r000_s000474 success=True decision_rows=15
RISK_EPISODE_FINALIZED source_episode_id=2420 global_episode_id=r000_s002420 success=True decision_rows=18
RISK_EPISODE_FINALIZED source_episode_id=1198 global_episode_id=r000_s001198 success=True decision_rows=19
RISK_EPISODE_FINALIZED source_episode_id=2064 global_episode_id=r000_s002064 success=True decision_rows=20
RISK_EPISODE_FINALIZED source_episode_id=3091 global_episode_id=r000_s003091 success=True decision_rows=19
RISK_EPISODE_FINALIZED source_episode_id=2128 global_episode_id=r000_s002128 success=True decision_rows=20
RISK_EPISODE_FINALIZED source_episode_id=3791 global_episode_id=r000_s003791 success=True decision_rows=16
RISK_EPISODE_FINALIZED source_episode_id=2932 global_episode_id=r000_s002932 success=True decision_rows=18
RISK_EPISODE_FINALIZED source_episode_id=4006 global_episode_id=r000_s004006 success=True decision_rows=20
RISK_EPISODE_FINALIZED source_episode_id=1566 global_episode_id=r000_s001566 success=True decision_rows=18
RISK_EPISODE_FINALIZED source_episode_id=3021 global_episode_id=r000_s003021 success=True decision_rows=17
RISK_EPISODE_FINALIZED source_episode_id=752 global_episode_id=r000_s000752 success=True decision_rows=18
RISK_EPISODE_FINALIZED source_episode_id=3219 global_episode_id=r000_s003219 success=True decision_rows=18
RISK_EPISODE_FINALIZED source_episode_id=4170 global_episode_id=r000_s004170 success=True decision_rows=20
RISK_EPISODE_FINALIZED source_episode_id=491 global_episode_id=r000_s000491 success=True decision_rows=21
RISK_EPISODE_FINALIZED source_episode_id=3234 global_episode_id=r000_s003234 success=True decision_rows=17
RISK_EPISODE_FINALIZED source_episode_id=103 global_episode_id=r000_s000103 success=True decision_rows=16
RISK_EPISODE_FINALIZED source_episode_id=706 global_episode_id=r000_s000706 success=True decision_rows=16
RISK_EPISODE_FINALIZED source_episode_id=1943 global_episode_id=r000_s001943 success=True decision_rows=20
RISK_EPISODE_FINALIZED source_episode_id=2605 global_episode_id=r000_s002605 success=True decision_rows=20
RISK_EPISODE_FINALIZED source_episode_id=4080 global_episode_id=r000_s004080 success=True decision_rows=13
RISK_EPISODE_FINALIZED source_episode_id=1118 global_episode_id=r000_s001118 success=True decision_rows=17
RISK_EPISODE_FINALIZED source_episode_id=2950 global_episode_id=r000_s002950 success=True decision_rows=20
RISK_EPISODE_FINALIZED source_episode_id=1345 global_episode_id=r000_s001345 success=True decision_rows=17
RISK_EPISODE_FINALIZED source_episode_id=3917 global_episode_id=r000_s003917 success=True decision_rows=17
RISK_EPISODE_FINALIZED source_episode_id=1308 global_episode_id=r000_s001308 success=True decision_rows=19
RISK_EPISODE_FINALIZED source_episode_id=3038 global_episode_id=r000_s003038 success=True decision_rows=18
RISK_EPISODE_FINALIZED source_episode_id=2203 global_episode_id=r000_s002203 success=True decision_rows=19
RISK_EPISODE_FINALIZED source_episode_id=1247 global_episode_id=r000_s001247 success=True decision_rows=21
RISK_EPISODE_FINALIZED source_episode_id=3059 global_episode_id=r000_s003059 success=True decision_rows=15
RISK_EPISODE_FINALIZED source_episode_id=830 global_episode_id=r000_s000830 success=True decision_rows=20
RISK_EPISODE_FINALIZED source_episode_id=2169 global_episode_id=r000_s002169 success=True decision_rows=21
RISK_EPISODE_FINALIZED source_episode_id=3575 global_episode_id=r000_s003575 success=True decision_rows=13
RISK_EPISODE_FINALIZED source_episode_id=4044 global_episode_id=r000_s004044 success=True decision_rows=17
RISK_EPISODE_FINALIZED source_episode_id=381 global_episode_id=r000_s000381 success=True decision_rows=21
RISK_EPISODE_FINALIZED source_episode_id=2598 global_episode_id=r000_s002598 success=True decision_rows=19
RISK_EPISODE_FINALIZED source_episode_id=2634 global_episode_id=r000_s002634 success=True decision_rows=20
RISK_EPISODE_FINALIZED source_episode_id=3338 global_episode_id=r000_s003338 success=True decision_rows=18
RISK_EPISODE_FINALIZED source_episode_id=1785 global_episode_id=r000_s001785 success=True decision_rows=21
RISK_EPISODE_FINALIZED source_episode_id=1759 global_episode_id=r000_s001759 success=True decision_rows=20
RISK_EPISODE_FINALIZED source_episode_id=2032 global_episode_id=r000_s002032 success=True decision_rows=16
RISK_EPISODE_FINALIZED source_episode_id=1998 global_episode_id=r000_s001998 success=True decision_rows=16
RISK_EPISODE_FINALIZED source_episode_id=3192 global_episode_id=r000_s003192 success=True decision_rows=24
RISK_EPISODE_FINALIZED source_episode_id=4123 global_episode_id=r000_s004123 success=True decision_rows=12
RISK_EPISODE_FINALIZED source_episode_id=602 global_episode_id=r000_s000602 success=True decision_rows=19
RISK_EPISODE_FINALIZED source_episode_id=286 global_episode_id=r000_s000286 success=True decision_rows=17
RISK_EPISODE_FINALIZED source_episode_id=74 global_episode_id=r000_s000074 success=False decision_rows=60
RISK_EPISODE_FINALIZED source_episode_id=31 global_episode_id=r000_s000031 success=True decision_rows=20
RISK_EPISODE_FINALIZED source_episode_id=4160 global_episode_id=r000_s004160 success=True decision_rows=15
RISK_EPISODE_FINALIZED source_episode_id=2926 global_episode_id=r000_s002926 success=True decision_rows=19
RISK_EPISODE_FINALIZED source_episode_id=1495 global_episode_id=r000_s001495 success=True decision_rows=17
RISK_EPISODE_FINALIZED source_episode_id=1950 global_episode_id=r000_s001950 success=True decision_rows=17
RISK_EPISODE_FINALIZED source_episode_id=130 global_episode_id=r000_s000130 success=True decision_rows=16
RISK_EPISODE_FINALIZED source_episode_id=2915 global_episode_id=r000_s002915 success=True decision_rows=22
RISK_EPISODE_FINALIZED source_episode_id=1056 global_episode_id=r000_s001056 success=True decision_rows=20
RISK_EPISODE_FINALIZED source_episode_id=1548 global_episode_id=r000_s001548 success=True decision_rows=15
RISK_EPISODE_FINALIZED source_episode_id=3869 global_episode_id=r000_s003869 success=True decision_rows=16
RISK_EPISODE_FINALIZED source_episode_id=1333 global_episode_id=r000_s001333 success=True decision_rows=16
RISK_EPISODE_FINALIZED source_episode_id=1733 global_episode_id=r000_s001733 success=True decision_rows=18
RISK_EPISODE_FINALIZED source_episode_id=756 global_episode_id=r000_s000756 success=True decision_rows=20
RISK_EPISODE_FINALIZED source_episode_id=90 global_episode_id=r000_s000090 success=True decision_rows=14
RISK_EPISODE_FINALIZED source_episode_id=2142 global_episode_id=r000_s002142 success=True decision_rows=16
RISK_EPISODE_FINALIZED source_episode_id=3889 global_episode_id=r000_s003889 success=True decision_rows=19
RISK_EPISODE_FINALIZED source_episode_id=3725 global_episode_id=r000_s003725 success=True decision_rows=18
RISK_EPISODE_FINALIZED source_episode_id=2386 global_episode_id=r000_s002386 success=True decision_rows=15
RISK_EPISODE_FINALIZED source_episode_id=1549 global_episode_id=r000_s001549 success=True decision_rows=12
RISK_EPISODE_FINALIZED source_episode_id=1839 global_episode_id=r000_s001839 success=True decision_rows=17
RISK_EPISODE_FINALIZED source_episode_id=1322 global_episode_id=r000_s001322 success=True decision_rows=10
RISK_EPISODE_FINALIZED source_episode_id=1613 global_episode_id=r000_s001613 success=True decision_rows=15
RISK_EPISODE_FINALIZED source_episode_id=1782 global_episode_id=r000_s001782 success=True decision_rows=21
RISK_EPISODE_FINALIZED source_episode_id=2854 global_episode_id=r000_s002854 success=True decision_rows=19
RISK_EPISODE_FINALIZED source_episode_id=1377 global_episode_id=r000_s001377 success=True decision_rows=18
RISK_EPISODE_FINALIZED source_episode_id=2131 global_episode_id=r000_s002131 success=True decision_rows=18
RISK_EPISODE_FINALIZED source_episode_id=454 global_episode_id=r000_s000454 success=True decision_rows=19
RISK_EPISODE_FINALIZED source_episode_id=2510 global_episode_id=r000_s002510 success=True decision_rows=19
RISK_EPISODE_FINALIZED source_episode_id=3529 global_episode_id=r000_s003529 success=True decision_rows=14
RISK_EPISODE_FINALIZED source_episode_id=2099 global_episode_id=r000_s002099 success=False decision_rows=60
RISK_EPISODE_FINALIZED source_episode_id=127 global_episode_id=r000_s000127 success=True decision_rows=10
RISK_EPISODE_FINALIZED source_episode_id=2237 global_episode_id=r000_s002237 success=True decision_rows=20
RISK_EPISODE_FINALIZED source_episode_id=4064 global_episode_id=r000_s004064 success=True decision_rows=19
RISK_EPISODE_FINALIZED source_episode_id=2492 global_episode_id=r000_s002492 success=True decision_rows=18
RISK_EPISODE_FINALIZED source_episode_id=2668 global_episode_id=r000_s002668 success=True decision_rows=20
RISK_EPISODE_FINALIZED source_episode_id=2568 global_episode_id=r000_s002568 success=True decision_rows=20
RISK_EPISODE_FINALIZED source_episode_id=1781 global_episode_id=r000_s001781 success=True decision_rows=16
RISK_EPISODE_FINALIZED source_episode_id=1309 global_episode_id=r000_s001309 success=True decision_rows=14
RISK_EPISODE_FINALIZED source_episode_id=3425 global_episode_id=r000_s003425 success=True decision_rows=13
RISK_EPISODE_FINALIZED source_episode_id=2208 global_episode_id=r000_s002208 success=True decision_rows=19
RISK_EPISODE_FINALIZED source_episode_id=700 global_episode_id=r000_s000700 success=True decision_rows=11
RISK_EPISODE_FINALIZED source_episode_id=739 global_episode_id=r000_s000739 success=True decision_rows=17
RISK_EPISODE_FINALIZED source_episode_id=1727 global_episode_id=r000_s001727 success=True decision_rows=17
RISK_EPISODE_FINALIZED source_episode_id=1802 global_episode_id=r000_s001802 success=True decision_rows=20
RISK_EPISODE_FINALIZED source_episode_id=947 global_episode_id=r000_s000947 success=True decision_rows=20
RISK_EPISODE_FINALIZED source_episode_id=2111 global_episode_id=r000_s002111 success=True decision_rows=16
RISK_EPISODE_FINALIZED source_episode_id=1166 global_episode_id=r000_s001166 success=True decision_rows=18
RISK_EPISODE_FINALIZED source_episode_id=1414 global_episode_id=r000_s001414 success=True decision_rows=20
RISK_EPISODE_FINALIZED source_episode_id=992 global_episode_id=r000_s000992 success=True decision_rows=19
RISK_EPISODE_FINALIZED source_episode_id=671 global_episode_id=r000_s000671 success=True decision_rows=20
RISK_EPISODE_FINALIZED source_episode_id=3599 global_episode_id=r000_s003599 success=True decision_rows=15
RISK_EPISODE_FINALIZED source_episode_id=172 global_episode_id=r000_s000172 success=True decision_rows=21
RISK_EPISODE_FINALIZED source_episode_id=3501 global_episode_id=r000_s003501 success=True decision_rows=20
RISK_EPISODE_FINALIZED source_episode_id=1703 global_episode_id=r000_s001703 success=True decision_rows=14
RISK_EPISODE_FINALIZED source_episode_id=3534 global_episode_id=r000_s003534 success=True decision_rows=18
RISK_EPISODE_FINALIZED source_episode_id=3704 global_episode_id=r000_s003704 success=True decision_rows=23
RISK_EPISODE_FINALIZED source_episode_id=3867 global_episode_id=r000_s003867 success=True decision_rows=19
RISK_EPISODE_FINALIZED source_episode_id=335 global_episode_id=r000_s000335 success=True decision_rows=17
RISK_EPISODE_FINALIZED source_episode_id=3441 global_episode_id=r000_s003441 success=True decision_rows=14
RISK_EPISODE_FINALIZED source_episode_id=3201 global_episode_id=r000_s003201 success=True decision_rows=22
RISK_EPISODE_FINALIZED source_episode_id=2177 global_episode_id=r000_s002177 success=True decision_rows=23
RISK_EPISODE_FINALIZED source_episode_id=1899 global_episode_id=r000_s001899 success=True decision_rows=22
RISK_EPISODE_FINALIZED source_episode_id=1608 global_episode_id=r000_s001608 success=True decision_rows=20
RISK_EPISODE_FINALIZED source_episode_id=1300 global_episode_id=r000_s001300 success=True decision_rows=19
RISK_EPISODE_FINALIZED source_episode_id=2885 global_episode_id=r000_s002885 success=True decision_rows=18
RISK_EPISODE_FINALIZED source_episode_id=3576 global_episode_id=r000_s003576 success=True decision_rows=19
RISK_EPISODE_FINALIZED source_episode_id=3532 global_episode_id=r000_s003532 success=True decision_rows=17
RISK_EPISODE_FINALIZED source_episode_id=1153 global_episode_id=r000_s001153 success=True decision_rows=20
RISK_EPISODE_FINALIZED source_episode_id=501 global_episode_id=r000_s000501 success=True decision_rows=19
RISK_EPISODE_FINALIZED source_episode_id=2394 global_episode_id=r000_s002394 success=True decision_rows=20
RISK_EPISODE_FINALIZED source_episode_id=897 global_episode_id=r000_s000897 success=True decision_rows=24
RISK_EPISODE_FINALIZED source_episode_id=4104 global_episode_id=r000_s004104 success=True decision_rows=20
RISK_EPISODE_FINALIZED source_episode_id=2730 global_episode_id=r000_s002730 success=True decision_rows=18
RISK_EPISODE_FINALIZED source_episode_id=2490 global_episode_id=r000_s002490 success=True decision_rows=15
RISK_EPISODE_FINALIZED source_episode_id=2804 global_episode_id=r000_s002804 success=True decision_rows=16
RISK_EPISODE_FINALIZED source_episode_id=2923 global_episode_id=r000_s002923 success=False decision_rows=60
RISK_EPISODE_FINALIZED source_episode_id=1747 global_episode_id=r000_s001747 success=True decision_rows=13
RISK_EPISODE_FINALIZED source_episode_id=479 global_episode_id=r000_s000479 success=True decision_rows=21
RISK_EPISODE_FINALIZED source_episode_id=3900 global_episode_id=r000_s003900 success=True decision_rows=17
RISK_EPISODE_FINALIZED source_episode_id=3762 global_episode_id=r000_s003762 success=True decision_rows=23
RISK_EPISODE_FINALIZED source_episode_id=1211 global_episode_id=r000_s001211 success=True decision_rows=17
RISK_EPISODE_FINALIZED source_episode_id=2670 global_episode_id=r000_s002670 success=True decision_rows=18
RISK_EPISODE_FINALIZED source_episode_id=2082 global_episode_id=r000_s002082 success=True decision_rows=16
RISK_EPISODE_FINALIZED source_episode_id=807 global_episode_id=r000_s000807 success=True decision_rows=16
RISK_EPISODE_FINALIZED source_episode_id=974 global_episode_id=r000_s000974 success=True decision_rows=18
RISK_EPISODE_FINALIZED source_episode_id=753 global_episode_id=r000_s000753 success=True decision_rows=19
RISK_EPISODE_FINALIZED source_episode_id=1428 global_episode_id=r000_s001428 success=True decision_rows=16
RISK_EPISODE_FINALIZED source_episode_id=1657 global_episode_id=r000_s001657 success=True decision_rows=21
RISK_EPISODE_FINALIZED source_episode_id=2218 global_episode_id=r000_s002218 success=True decision_rows=19
RISK_EPISODE_FINALIZED source_episode_id=3700 global_episode_id=r000_s003700 success=True decision_rows=19
RISK_EPISODE_FINALIZED source_episode_id=2790 global_episode_id=r000_s002790 success=True decision_rows=14
RISK_EPISODE_FINALIZED source_episode_id=3354 global_episode_id=r000_s003354 success=True decision_rows=20
RISK_EPISODE_FINALIZED source_episode_id=3119 global_episode_id=r000_s003119 success=True decision_rows=20
RISK_EPISODE_FINALIZED source_episode_id=1967 global_episode_id=r000_s001967 success=True decision_rows=20
RISK_EPISODE_FINALIZED source_episode_id=2274 global_episode_id=r000_s002274 success=True decision_rows=14
RISK_EPISODE_FINALIZED source_episode_id=2667 global_episode_id=r000_s002667 success=True decision_rows=21
RISK_EPISODE_FINALIZED source_episode_id=3132 global_episode_id=r000_s003132 success=True decision_rows=17
RISK_EPISODE_FINALIZED source_episode_id=2060 global_episode_id=r000_s002060 success=True decision_rows=18
RISK_EPISODE_FINALIZED source_episode_id=935 global_episode_id=r000_s000935 success=True decision_rows=8
RISK_EPISODE_FINALIZED source_episode_id=658 global_episode_id=r000_s000658 success=True decision_rows=16
RISK_EPISODE_FINALIZED source_episode_id=1517 global_episode_id=r000_s001517 success=True decision_rows=21
RISK_EPISODE_FINALIZED source_episode_id=2426 global_episode_id=r000_s002426 success=True decision_rows=14
RISK_EPISODE_FINALIZED source_episode_id=1696 global_episode_id=r000_s001696 success=True decision_rows=13
RISK_EPISODE_FINALIZED source_episode_id=3883 global_episode_id=r000_s003883 success=True decision_rows=21
RISK_EPISODE_FINALIZED source_episode_id=3486 global_episode_id=r000_s003486 success=True decision_rows=14
RISK_EPISODE_FINALIZED source_episode_id=2305 global_episode_id=r000_s002305 success=True decision_rows=24
RISK_EPISODE_FINALIZED source_episode_id=3642 global_episode_id=r000_s003642 success=True decision_rows=17
RISK_EPISODE_FINALIZED source_episode_id=923 global_episode_id=r000_s000923 success=True decision_rows=18
RISK_EPISODE_FINALIZED source_episode_id=2478 global_episode_id=r000_s002478 success=True decision_rows=16
RISK_EPISODE_FINALIZED source_episode_id=2636 global_episode_id=r000_s002636 success=True decision_rows=16
RISK_EPISODE_FINALIZED source_episode_id=3056 global_episode_id=r000_s003056 success=True decision_rows=18
RISK_EPISODE_FINALIZED source_episode_id=3421 global_episode_id=r000_s003421 success=True decision_rows=17
RISK_EPISODE_FINALIZED source_episode_id=846 global_episode_id=r000_s000846 success=True decision_rows=18
RISK_EPISODE_FINALIZED source_episode_id=760 global_episode_id=r000_s000760 success=True decision_rows=19
RISK_EPISODE_FINALIZED source_episode_id=2007 global_episode_id=r000_s002007 success=True decision_rows=13
RISK_EPISODE_FINALIZED source_episode_id=3697 global_episode_id=r000_s003697 success=True decision_rows=15
RISK_EPISODE_FINALIZED source_episode_id=29 global_episode_id=r000_s000029 success=True decision_rows=20
RISK_EPISODE_FINALIZED source_episode_id=2989 global_episode_id=r000_s002989 success=True decision_rows=19
RISK_EPISODE_FINALIZED source_episode_id=2481 global_episode_id=r000_s002481 success=True decision_rows=15
RISK_EPISODE_FINALIZED source_episode_id=420 global_episode_id=r000_s000420 success=True decision_rows=15
RISK_EPISODE_FINALIZED source_episode_id=603 global_episode_id=r000_s000603 success=True decision_rows=19
RISK_EPISODE_FINALIZED source_episode_id=2279 global_episode_id=r000_s002279 success=True decision_rows=17
RISK_EPISODE_FINALIZED source_episode_id=2785 global_episode_id=r000_s002785 success=True decision_rows=19
RISK_EPISODE_FINALIZED source_episode_id=552 global_episode_id=r000_s000552 success=True decision_rows=19
RISK_EPISODE_FINALIZED source_episode_id=943 global_episode_id=r000_s000943 success=True decision_rows=20
RISK_EPISODE_FINALIZED source_episode_id=1826 global_episode_id=r000_s001826 success=True decision_rows=16
RISK_EPISODE_FINALIZED source_episode_id=3431 global_episode_id=r000_s003431 success=True decision_rows=17
RISK_EPISODE_FINALIZED source_episode_id=1459 global_episode_id=r000_s001459 success=True decision_rows=16
RISK_EPISODE_FINALIZED source_episode_id=1494 global_episode_id=r000_s001494 success=True decision_rows=14
RISK_EPISODE_FINALIZED source_episode_id=455 global_episode_id=r000_s000455 success=True decision_rows=16
RISK_EPISODE_FINALIZED source_episode_id=4029 global_episode_id=r000_s004029 success=True decision_rows=16
RISK_EPISODE_FINALIZED source_episode_id=3264 global_episode_id=r000_s003264 success=True decision_rows=14
RISK_EPISODE_FINALIZED source_episode_id=2399 global_episode_id=r000_s002399 success=True decision_rows=21
RISK_EPISODE_FINALIZED source_episode_id=1649 global_episode_id=r000_s001649 success=True decision_rows=16
RISK_EPISODE_FINALIZED source_episode_id=3487 global_episode_id=r000_s003487 success=True decision_rows=19
RISK_EPISODE_FINALIZED source_episode_id=3013 global_episode_id=r000_s003013 success=True decision_rows=19
RISK_EPISODE_FINALIZED source_episode_id=207 global_episode_id=r000_s000207 success=True decision_rows=15
RISK_EPISODE_FINALIZED source_episode_id=1326 global_episode_id=r000_s001326 success=True decision_rows=18
RISK_EPISODE_FINALIZED source_episode_id=1334 global_episode_id=r000_s001334 success=True decision_rows=21
RISK_EPISODE_FINALIZED source_episode_id=71 global_episode_id=r000_s000071 success=True decision_rows=20
RISK_EPISODE_FINALIZED source_episode_id=3326 global_episode_id=r000_s003326 success=True decision_rows=20
RISK_EPISODE_FINALIZED source_episode_id=2402 global_episode_id=r000_s002402 success=True decision_rows=10
RISK_EPISODE_FINALIZED source_episode_id=1114 global_episode_id=r000_s001114 success=True decision_rows=20
RISK_EPISODE_FINALIZED source_episode_id=3251 global_episode_id=r000_s003251 success=True decision_rows=20
RISK_EPISODE_FINALIZED source_episode_id=3411 global_episode_id=r000_s003411 success=True decision_rows=20
RISK_EPISODE_FINALIZED source_episode_id=3612 global_episode_id=r000_s003612 success=True decision_rows=13
RISK_EPISODE_FINALIZED source_episode_id=1392 global_episode_id=r000_s001392 success=True decision_rows=20
RISK_EPISODE_FINALIZED source_episode_id=234 global_episode_id=r000_s000234 success=True decision_rows=16
RISK_EPISODE_FINALIZED source_episode_id=1332 global_episode_id=r000_s001332 success=True decision_rows=19
RISK_EPISODE_FINALIZED source_episode_id=4103 global_episode_id=r000_s004103 success=True decision_rows=20
RISK_EPISODE_FINALIZED source_episode_id=3748 global_episode_id=r000_s003748 success=True decision_rows=20
RISK_EPISODE_FINALIZED source_episode_id=2655 global_episode_id=r000_s002655 success=True decision_rows=16
RISK_EPISODE_FINALIZED source_episode_id=347 global_episode_id=r000_s000347 success=True decision_rows=20
RISK_EPISODE_FINALIZED source_episode_id=1183 global_episode_id=r000_s001183 success=True decision_rows=19
RISK_EPISODE_FINALIZED source_episode_id=334 global_episode_id=r000_s000334 success=True decision_rows=20
RISK_EPISODE_FINALIZED source_episode_id=3668 global_episode_id=r000_s003668 success=True decision_rows=22
RISK_EPISODE_FINALIZED source_episode_id=1497 global_episode_id=r000_s001497 success=True decision_rows=13
RISK_EPISODE_FINALIZED source_episode_id=1582 global_episode_id=r000_s001582 success=True decision_rows=16
RISK_EPISODE_FINALIZED source_episode_id=1242 global_episode_id=r000_s001242 success=True decision_rows=21
RISK_EPISODE_FINALIZED source_episode_id=3497 global_episode_id=r000_s003497 success=True decision_rows=19
RISK_EPISODE_FINALIZED source_episode_id=786 global_episode_id=r000_s000786 success=True decision_rows=16
RISK_EPISODE_FINALIZED source_episode_id=3277 global_episode_id=r000_s003277 success=True decision_rows=19
RISK_EPISODE_FINALIZED source_episode_id=3278 global_episode_id=r000_s003278 success=True decision_rows=18
RISK_EPISODE_FINALIZED source_episode_id=459 global_episode_id=r000_s000459 success=True decision_rows=20
RISK_EPISODE_FINALIZED source_episode_id=4100 global_episode_id=r000_s004100 success=True decision_rows=20
RISK_EPISODE_FINALIZED source_episode_id=2250 global_episode_id=r000_s002250 success=True decision_rows=19
RISK_EPISODE_FINALIZED source_episode_id=2321 global_episode_id=r000_s002321 success=True decision_rows=21
RISK_EPISODE_FINALIZED source_episode_id=137 global_episode_id=r000_s000137 success=True decision_rows=15
RISK_EPISODE_FINALIZED source_episode_id=2972 global_episode_id=r000_s002972 success=True decision_rows=18
RISK_EPISODE_FINALIZED source_episode_id=1777 global_episode_id=r000_s001777 success=True decision_rows=9
RISK_EPISODE_FINALIZED source_episode_id=1394 global_episode_id=r000_s001394 success=True decision_rows=22
RISK_EPISODE_FINALIZED source_episode_id=2364 global_episode_id=r000_s002364 success=True decision_rows=19
RISK_EPISODE_FINALIZED source_episode_id=3221 global_episode_id=r000_s003221 success=True decision_rows=21
RISK_EPISODE_FINALIZED source_episode_id=2219 global_episode_id=r000_s002219 success=True decision_rows=21
RISK_EPISODE_FINALIZED source_episode_id=1931 global_episode_id=r000_s001931 success=True decision_rows=20
RISK_EPISODE_FINALIZED source_episode_id=1115 global_episode_id=r000_s001115 success=True decision_rows=14
RISK_EPISODE_FINALIZED source_episode_id=1230 global_episode_id=r000_s001230 success=True decision_rows=18
RISK_EPISODE_FINALIZED source_episode_id=471 global_episode_id=r000_s000471 success=True decision_rows=14
RISK_EPISODE_FINALIZED source_episode_id=3356 global_episode_id=r000_s003356 success=True decision_rows=19
RISK_EPISODE_FINALIZED source_episode_id=3187 global_episode_id=r000_s003187 success=True decision_rows=15
RISK_EPISODE_FINALIZED source_episode_id=2919 global_episode_id=r000_s002919 success=True decision_rows=16
RISK_EPISODE_FINALIZED source_episode_id=605 global_episode_id=r000_s000605 success=True decision_rows=19
RISK_EPISODE_FINALIZED source_episode_id=1401 global_episode_id=r000_s001401 success=True decision_rows=18
RISK_EPISODE_FINALIZED source_episode_id=2929 global_episode_id=r000_s002929 success=True decision_rows=11
RISK_EPISODE_FINALIZED source_episode_id=1103 global_episode_id=r000_s001103 success=True decision_rows=10
RISK_EPISODE_FINALIZED source_episode_id=1937 global_episode_id=r000_s001937 success=True decision_rows=20
RISK_EPISODE_FINALIZED source_episode_id=3884 global_episode_id=r000_s003884 success=True decision_rows=15
RISK_EPISODE_FINALIZED source_episode_id=2705 global_episode_id=r000_s002705 success=True decision_rows=21
RISK_EPISODE_FINALIZED source_episode_id=818 global_episode_id=r000_s000818 success=True decision_rows=22
RISK_EPISODE_FINALIZED source_episode_id=2547 global_episode_id=r000_s002547 success=True decision_rows=21
RISK_EPISODE_FINALIZED source_episode_id=2957 global_episode_id=r000_s002957 success=True decision_rows=16
RISK_EPISODE_FINALIZED source_episode_id=1225 global_episode_id=r000_s001225 success=True decision_rows=19
RISK_EPISODE_FINALIZED source_episode_id=3353 global_episode_id=r000_s003353 success=True decision_rows=18
RISK_EPISODE_FINALIZED source_episode_id=412 global_episode_id=r000_s000412 success=True decision_rows=18
RISK_EPISODE_FINALIZED source_episode_id=871 global_episode_id=r000_s000871 success=True decision_rows=18
RISK_EPISODE_FINALIZED source_episode_id=3507 global_episode_id=r000_s003507 success=True decision_rows=19
RISK_EPISODE_FINALIZED source_episode_id=884 global_episode_id=r000_s000884 success=True decision_rows=13
RISK_EPISODE_FINALIZED source_episode_id=1510 global_episode_id=r000_s001510 success=True decision_rows=18
RISK_EPISODE_FINALIZED source_episode_id=1421 global_episode_id=r000_s001421 success=True decision_rows=15
RISK_EPISODE_FINALIZED source_episode_id=2431 global_episode_id=r000_s002431 success=True decision_rows=18
RISK_EPISODE_FINALIZED source_episode_id=1025 global_episode_id=r000_s001025 success=True decision_rows=23
RISK_EPISODE_FINALIZED source_episode_id=2068 global_episode_id=r000_s002068 success=True decision_rows=23
RISK_EPISODE_FINALIZED source_episode_id=1465 global_episode_id=r000_s001465 success=True decision_rows=19
RISK_EPISODE_FINALIZED source_episode_id=3863 global_episode_id=r000_s003863 success=True decision_rows=7
RISK_EPISODE_FINALIZED source_episode_id=1119 global_episode_id=r000_s001119 success=True decision_rows=21
RISK_EPISODE_FINALIZED source_episode_id=3130 global_episode_id=r000_s003130 success=True decision_rows=16
RISK_EPISODE_FINALIZED source_episode_id=413 global_episode_id=r000_s000413 success=True decision_rows=19
RISK_EPISODE_FINALIZED source_episode_id=3469 global_episode_id=r000_s003469 success=True decision_rows=20
RISK_EPISODE_FINALIZED source_episode_id=1004 global_episode_id=r000_s001004 success=True decision_rows=19
RISK_EPISODE_FINALIZED source_episode_id=1338 global_episode_id=r000_s001338 success=True decision_rows=19
RISK_EPISODE_FINALIZED source_episode_id=2427 global_episode_id=r000_s002427 success=False decision_rows=60
RISK_EPISODE_FINALIZED source_episode_id=2351 global_episode_id=r000_s002351 success=True decision_rows=22
RISK_EPISODE_FINALIZED source_episode_id=1021 global_episode_id=r000_s001021 success=True decision_rows=21
RISK_EPISODE_FINALIZED source_episode_id=1419 global_episode_id=r000_s001419 success=True decision_rows=19
RISK_EPISODE_FINALIZED source_episode_id=2887 global_episode_id=r000_s002887 success=True decision_rows=21
RISK_EPISODE_FINALIZED source_episode_id=1455 global_episode_id=r000_s001455 success=True decision_rows=20
RISK_EPISODE_FINALIZED source_episode_id=757 global_episode_id=r000_s000757 success=True decision_rows=19
RISK_EPISODE_FINALIZED source_episode_id=3577 global_episode_id=r000_s003577 success=True decision_rows=21
RISK_EPISODE_FINALIZED source_episode_id=1324 global_episode_id=r000_s001324 success=True decision_rows=21
RISK_EPISODE_FINALIZED source_episode_id=698 global_episode_id=r000_s000698 success=False decision_rows=60
RISK_EPISODE_FINALIZED source_episode_id=2760 global_episode_id=r000_s002760 success=True decision_rows=13
RISK_EPISODE_FINALIZED source_episode_id=2626 global_episode_id=r000_s002626 success=True decision_rows=15
RISK_EPISODE_FINALIZED source_episode_id=2751 global_episode_id=r000_s002751 success=True decision_rows=15
RISK_EPISODE_FINALIZED source_episode_id=2330 global_episode_id=r000_s002330 success=True decision_rows=14
RISK_EPISODE_FINALIZED source_episode_id=3992 global_episode_id=r000_s003992 success=True decision_rows=22
RISK_EPISODE_FINALIZED source_episode_id=2161 global_episode_id=r000_s002161 success=True decision_rows=16
RISK_EPISODE_FINALIZED source_episode_id=822 global_episode_id=r000_s000822 success=True decision_rows=20
RISK_EPISODE_FINALIZED source_episode_id=4121 global_episode_id=r000_s004121 success=True decision_rows=17
RISK_EPISODE_FINALIZED source_episode_id=3343 global_episode_id=r000_s003343 success=True decision_rows=17
RISK_EPISODE_FINALIZED source_episode_id=1656 global_episode_id=r000_s001656 success=True decision_rows=23
RISK_EPISODE_FINALIZED source_episode_id=2384 global_episode_id=r000_s002384 success=True decision_rows=21
RISK_EPISODE_FINALIZED source_episode_id=2765 global_episode_id=r000_s002765 success=True decision_rows=17
RISK_EPISODE_FINALIZED source_episode_id=2366 global_episode_id=r000_s002366 success=True decision_rows=20
RISK_EPISODE_FINALIZED source_episode_id=2944 global_episode_id=r000_s002944 success=True decision_rows=16
RISK_EPISODE_FINALIZED source_episode_id=3518 global_episode_id=r000_s003518 success=True decision_rows=18
RISK_EPISODE_FINALIZED source_episode_id=1426 global_episode_id=r000_s001426 success=True decision_rows=15
RISK_EPISODE_FINALIZED source_episode_id=2614 global_episode_id=r000_s002614 success=True decision_rows=20
RISK_EPISODE_FINALIZED source_episode_id=882 global_episode_id=r000_s000882 success=True decision_rows=22
RISK_EPISODE_FINALIZED source_episode_id=3342 global_episode_id=r000_s003342 success=True decision_rows=18
RISK_EPISODE_FINALIZED source_episode_id=464 global_episode_id=r000_s000464 success=True decision_rows=21
RISK_EPISODE_FINALIZED source_episode_id=92 global_episode_id=r000_s000092 success=True decision_rows=19
RISK_EPISODE_FINALIZED source_episode_id=3994 global_episode_id=r000_s003994 success=True decision_rows=14
RISK_EPISODE_FINALIZED source_episode_id=3966 global_episode_id=r000_s003966 success=True decision_rows=19
RISK_EPISODE_FINALIZED source_episode_id=3526 global_episode_id=r000_s003526 success=True decision_rows=19
RISK_EPISODE_FINALIZED source_episode_id=1951 global_episode_id=r000_s001951 success=True decision_rows=14
RISK_EPISODE_FINALIZED source_episode_id=715 global_episode_id=r000_s000715 success=True decision_rows=21
RISK_EPISODE_FINALIZED source_episode_id=141 global_episode_id=r000_s000141 success=True decision_rows=19
RISK_EPISODE_FINALIZED source_episode_id=2297 global_episode_id=r000_s002297 success=True decision_rows=21
RISK_EPISODE_FINALIZED source_episode_id=2609 global_episode_id=r000_s002609 success=True decision_rows=19
RISK_EPISODE_FINALIZED source_episode_id=2995 global_episode_id=r000_s002995 success=True decision_rows=15
RISK_EPISODE_FINALIZED source_episode_id=3678 global_episode_id=r000_s003678 success=True decision_rows=18
RISK_EPISODE_FINALIZED source_episode_id=3470 global_episode_id=r000_s003470 success=True decision_rows=18
RISK_EPISODE_FINALIZED source_episode_id=2746 global_episode_id=r000_s002746 success=True decision_rows=20
RISK_EPISODE_FINALIZED source_episode_id=4165 global_episode_id=r000_s004165 success=True decision_rows=19
RISK_EPISODE_FINALIZED source_episode_id=875 global_episode_id=r000_s000875 success=True decision_rows=21
RISK_EPISODE_FINALIZED source_episode_id=2727 global_episode_id=r000_s002727 success=True decision_rows=17
RISK_EPISODE_FINALIZED source_episode_id=1511 global_episode_id=r000_s001511 success=True decision_rows=19
RISK_EPISODE_FINALIZED source_episode_id=2144 global_episode_id=r000_s002144 success=True decision_rows=20
RISK_EPISODE_FINALIZED source_episode_id=1993 global_episode_id=r000_s001993 success=True decision_rows=14
RISK_EPISODE_FINALIZED source_episode_id=4034 global_episode_id=r000_s004034 success=True decision_rows=18
RISK_EPISODE_FINALIZED source_episode_id=3928 global_episode_id=r000_s003928 success=True decision_rows=23
RISK_EPISODE_FINALIZED source_episode_id=2252 global_episode_id=r000_s002252 success=True decision_rows=10
RISK_EPISODE_FINALIZED source_episode_id=1278 global_episode_id=r000_s001278 success=True decision_rows=18
RISK_EPISODE_FINALIZED source_episode_id=4193 global_episode_id=r000_s004193 success=True decision_rows=12
RISK_EPISODE_FINALIZED source_episode_id=2112 global_episode_id=r000_s002112 success=True decision_rows=15
RISK_EPISODE_FINALIZED source_episode_id=814 global_episode_id=r000_s000814 success=True decision_rows=18
RISK_EPISODE_FINALIZED source_episode_id=1104 global_episode_id=r000_s001104 success=True decision_rows=19
RISK_EPISODE_FINALIZED source_episode_id=1357 global_episode_id=r000_s001357 success=True decision_rows=18
RISK_EPISODE_FINALIZED source_episode_id=1209 global_episode_id=r000_s001209 success=False decision_rows=60
RISK_EPISODE_FINALIZED source_episode_id=820 global_episode_id=r000_s000820 success=True decision_rows=19
RISK_EPISODE_FINALIZED source_episode_id=58 global_episode_id=r000_s000058 success=True decision_rows=20
RISK_EPISODE_FINALIZED source_episode_id=3739 global_episode_id=r000_s003739 success=True decision_rows=18
RISK_EPISODE_FINALIZED source_episode_id=1267 global_episode_id=r000_s001267 success=False decision_rows=60
RISK_EPISODE_FINALIZED source_episode_id=2619 global_episode_id=r000_s002619 success=True decision_rows=9
RISK_EPISODE_FINALIZED source_episode_id=1669 global_episode_id=r000_s001669 success=True decision_rows=18
RISK_EPISODE_FINALIZED source_episode_id=621 global_episode_id=r000_s000621 success=True decision_rows=21
RISK_EPISODE_FINALIZED source_episode_id=1600 global_episode_id=r000_s001600 success=True decision_rows=10
RISK_EPISODE_FINALIZED source_episode_id=3405 global_episode_id=r000_s003405 success=True decision_rows=15
RISK_EPISODE_FINALIZED source_episode_id=1551 global_episode_id=r000_s001551 success=True decision_rows=18
RISK_EPISODE_FINALIZED source_episode_id=3838 global_episode_id=r000_s003838 success=False decision_rows=60
RISK_EPISODE_FINALIZED source_episode_id=3987 global_episode_id=r000_s003987 success=True decision_rows=13
RISK_EPISODE_FINALIZED source_episode_id=308 global_episode_id=r000_s000308 success=True decision_rows=17
RISK_EPISODE_FINALIZED source_episode_id=2725 global_episode_id=r000_s002725 success=True decision_rows=10
RISK_EPISODE_FINALIZED source_episode_id=1022 global_episode_id=r000_s001022 success=True decision_rows=18
RISK_EPISODE_FINALIZED source_episode_id=2135 global_episode_id=r000_s002135 success=True decision_rows=15
RISK_EPISODE_FINALIZED source_episode_id=1067 global_episode_id=r000_s001067 success=True decision_rows=22
RISK_EPISODE_FINALIZED source_episode_id=1575 global_episode_id=r000_s001575 success=True decision_rows=15
RISK_EPISODE_FINALIZED source_episode_id=1811 global_episode_id=r000_s001811 success=True decision_rows=19
RISK_EPISODE_FINALIZED source_episode_id=2597 global_episode_id=r000_s002597 success=True decision_rows=18
RISK_EPISODE_FINALIZED source_episode_id=3590 global_episode_id=r000_s003590 success=True decision_rows=19
RISK_EPISODE_FINALIZED source_episode_id=2352 global_episode_id=r000_s002352 success=True decision_rows=17
RISK_EPISODE_FINALIZED source_episode_id=3384 global_episode_id=r000_s003384 success=True decision_rows=19
RISK_EPISODE_FINALIZED source_episode_id=303 global_episode_id=r000_s000303 success=True decision_rows=20
RISK_EPISODE_FINALIZED source_episode_id=2362 global_episode_id=r000_s002362 success=True decision_rows=19
RISK_EPISODE_FINALIZED source_episode_id=3382 global_episode_id=r000_s003382 success=True decision_rows=21
RISK_EPISODE_FINALIZED source_episode_id=1219 global_episode_id=r000_s001219 success=True decision_rows=23
RISK_EPISODE_FINALIZED source_episode_id=268 global_episode_id=r000_s000268 success=True decision_rows=15
RISK_EPISODE_FINALIZED source_episode_id=4053 global_episode_id=r000_s004053 success=True decision_rows=16
RISK_EPISODE_FINALIZED source_episode_id=2624 global_episode_id=r000_s002624 success=True decision_rows=15
RISK_EPISODE_FINALIZED source_episode_id=2106 global_episode_id=r000_s002106 success=True decision_rows=19
RISK_EPISODE_FINALIZED source_episode_id=1019 global_episode_id=r000_s001019 success=True decision_rows=9
RISK_EPISODE_FINALIZED source_episode_id=2925 global_episode_id=r000_s002925 success=True decision_rows=15
RISK_EPISODE_FINALIZED source_episode_id=3729 global_episode_id=r000_s003729 success=True decision_rows=18
RISK_EPISODE_FINALIZED source_episode_id=4050 global_episode_id=r000_s004050 success=True decision_rows=14
RISK_EPISODE_FINALIZED source_episode_id=448 global_episode_id=r000_s000448 success=True decision_rows=17
RISK_EPISODE_FINALIZED source_episode_id=4013 global_episode_id=r000_s004013 success=True decision_rows=18
RISK_EPISODE_FINALIZED source_episode_id=987 global_episode_id=r000_s000987 success=True decision_rows=19
RISK_EPISODE_FINALIZED source_episode_id=430 global_episode_id=r000_s000430 success=True decision_rows=19
RISK_EPISODE_FINALIZED source_episode_id=953 global_episode_id=r000_s000953 success=True decision_rows=21
RISK_EPISODE_FINALIZED source_episode_id=975 global_episode_id=r000_s000975 success=True decision_rows=18
RISK_EPISODE_FINALIZED source_episode_id=2990 global_episode_id=r000_s002990 success=True decision_rows=17
RISK_EPISODE_FINALIZED source_episode_id=796 global_episode_id=r000_s000796 success=True decision_rows=19
RISK_EPISODE_FINALIZED source_episode_id=3224 global_episode_id=r000_s003224 success=True decision_rows=22
RISK_EPISODE_FINALIZED source_episode_id=3937 global_episode_id=r000_s003937 success=True decision_rows=14
RISK_EPISODE_FINALIZED source_episode_id=2188 global_episode_id=r000_s002188 success=True decision_rows=17
RISK_EPISODE_FINALIZED source_episode_id=1489 global_episode_id=r000_s001489 success=True decision_rows=21
RISK_EPISODE_FINALIZED source_episode_id=682 global_episode_id=r000_s000682 success=True decision_rows=16
RISK_EPISODE_FINALIZED source_episode_id=1417 global_episode_id=r000_s001417 success=True decision_rows=15
RISK_EPISODE_FINALIZED source_episode_id=2225 global_episode_id=r000_s002225 success=True decision_rows=13
RISK_EPISODE_FINALIZED source_episode_id=4033 global_episode_id=r000_s004033 success=True decision_rows=22
RISK_EPISODE_FINALIZED source_episode_id=287 global_episode_id=r000_s000287 success=True decision_rows=19
RISK_EPISODE_FINALIZED source_episode_id=1643 global_episode_id=r000_s001643 success=True decision_rows=23
RISK_EPISODE_FINALIZED source_episode_id=2298 global_episode_id=r000_s002298 success=True decision_rows=20
RISK_EPISODE_FINALIZED source_episode_id=3387 global_episode_id=r000_s003387 success=True decision_rows=18
RISK_EPISODE_FINALIZED source_episode_id=931 global_episode_id=r000_s000931 success=True decision_rows=21
RISK_EPISODE_FINALIZED source_episode_id=1469 global_episode_id=r000_s001469 success=True decision_rows=17
RISK_EPISODE_FINALIZED source_episode_id=1736 global_episode_id=r000_s001736 success=True decision_rows=19
RISK_EPISODE_FINALIZED source_episode_id=2207 global_episode_id=r000_s002207 success=True decision_rows=15
RISK_EPISODE_FINALIZED source_episode_id=4068 global_episode_id=r000_s004068 success=True decision_rows=21
RISK_EPISODE_FINALIZED source_episode_id=960 global_episode_id=r000_s000960 success=True decision_rows=17
RISK_EPISODE_FINALIZED source_episode_id=1999 global_episode_id=r000_s001999 success=True decision_rows=17
RISK_EPISODE_FINALIZED source_episode_id=1898 global_episode_id=r000_s001898 success=True decision_rows=19
RISK_EPISODE_FINALIZED source_episode_id=3394 global_episode_id=r000_s003394 success=True decision_rows=16
RISK_EPISODE_FINALIZED source_episode_id=106 global_episode_id=r000_s000106 success=True decision_rows=11
RISK_EPISODE_FINALIZED source_episode_id=3263 global_episode_id=r000_s003263 success=True decision_rows=11
RISK_EPISODE_FINALIZED source_episode_id=2043 global_episode_id=r000_s002043 success=True decision_rows=16
RISK_EPISODE_FINALIZED source_episode_id=711 global_episode_id=r000_s000711 success=True decision_rows=17
RISK_EPISODE_FINALIZED source_episode_id=3408 global_episode_id=r000_s003408 success=True decision_rows=22
RISK_EPISODE_FINALIZED source_episode_id=3412 global_episode_id=r000_s003412 success=True decision_rows=23
RISK_EPISODE_FINALIZED source_episode_id=437 global_episode_id=r000_s000437 success=True decision_rows=18
RISK_EPISODE_FINALIZED source_episode_id=1713 global_episode_id=r000_s001713 success=True decision_rows=15
RISK_EPISODE_FINALIZED source_episode_id=535 global_episode_id=r000_s000535 success=True decision_rows=15
RISK_EPISODE_FINALIZED source_episode_id=1959 global_episode_id=r000_s001959 success=True decision_rows=15
RISK_EPISODE_FINALIZED source_episode_id=1774 global_episode_id=r000_s001774 success=True decision_rows=19
RISK_EPISODE_FINALIZED source_episode_id=1604 global_episode_id=r000_s001604 success=True decision_rows=15
RISK_EPISODE_FINALIZED source_episode_id=3099 global_episode_id=r000_s003099 success=True decision_rows=19
RISK_EPISODE_FINALIZED source_episode_id=1486 global_episode_id=r000_s001486 success=True decision_rows=18
RISK_EPISODE_FINALIZED source_episode_id=879 global_episode_id=r000_s000879 success=False decision_rows=60
RISK_EPISODE_FINALIZED source_episode_id=2089 global_episode_id=r000_s002089 success=True decision_rows=13
RISK_EPISODE_FINALIZED source_episode_id=1651 global_episode_id=r000_s001651 success=True decision_rows=20
RISK_EPISODE_FINALIZED source_episode_id=511 global_episode_id=r000_s000511 success=True decision_rows=18
RISK_EPISODE_FINALIZED source_episode_id=3757 global_episode_id=r000_s003757 success=True decision_rows=20
RISK_EPISODE_FINALIZED source_episode_id=1828 global_episode_id=r000_s001828 success=True decision_rows=21
RISK_EPISODE_FINALIZED source_episode_id=2896 global_episode_id=r000_s002896 success=True decision_rows=21
RISK_EPISODE_FINALIZED source_episode_id=4132 global_episode_id=r000_s004132 success=True decision_rows=21
RISK_EPISODE_FINALIZED source_episode_id=4010 global_episode_id=r000_s004010 success=True decision_rows=17
RISK_EPISODE_FINALIZED source_episode_id=3410 global_episode_id=r000_s003410 success=True decision_rows=8
RISK_EPISODE_FINALIZED source_episode_id=1034 global_episode_id=r000_s001034 success=True decision_rows=20
RISK_EPISODE_FINALIZED source_episode_id=620 global_episode_id=r000_s000620 success=True decision_rows=21
RISK_EPISODE_FINALIZED source_episode_id=2464 global_episode_id=r000_s002464 success=True decision_rows=14
RISK_EPISODE_FINALIZED source_episode_id=1849 global_episode_id=r000_s001849 success=True decision_rows=14
RISK_EPISODE_FINALIZED source_episode_id=3268 global_episode_id=r000_s003268 success=True decision_rows=20
RISK_EPISODE_FINALIZED source_episode_id=1991 global_episode_id=r000_s001991 success=True decision_rows=16
RISK_EPISODE_FINALIZED source_episode_id=4047 global_episode_id=r000_s004047 success=True decision_rows=17
RISK_EPISODE_FINALIZED source_episode_id=4098 global_episode_id=r000_s004098 success=True decision_rows=17
RISK_EPISODE_FINALIZED source_episode_id=362 global_episode_id=r000_s000362 success=True decision_rows=16
RISK_EPISODE_FINALIZED source_episode_id=3505 global_episode_id=r000_s003505 success=True decision_rows=17
RISK_EPISODE_FINALIZED source_episode_id=1061 global_episode_id=r000_s001061 success=True decision_rows=15
RISK_EPISODE_FINALIZED source_episode_id=3315 global_episode_id=r000_s003315 success=True decision_rows=18
RISK_EPISODE_FINALIZED source_episode_id=1888 global_episode_id=r000_s001888 success=True decision_rows=19
RISK_EPISODE_FINALIZED source_episode_id=1005 global_episode_id=r000_s001005 success=True decision_rows=14
RISK_EPISODE_FINALIZED source_episode_id=2532 global_episode_id=r000_s002532 success=True decision_rows=20
RISK_EPISODE_FINALIZED source_episode_id=305 global_episode_id=r000_s000305 success=True decision_rows=16
RISK_EPISODE_FINALIZED source_episode_id=2291 global_episode_id=r000_s002291 success=True decision_rows=18
RISK_EPISODE_FINALIZED source_episode_id=1989 global_episode_id=r000_s001989 success=True decision_rows=20
RISK_EPISODE_FINALIZED source_episode_id=3185 global_episode_id=r000_s003185 success=True decision_rows=15
RISK_EPISODE_FINALIZED source_episode_id=3944 global_episode_id=r000_s003944 success=True decision_rows=13
RISK_EPISODE_FINALIZED source_episode_id=938 global_episode_id=r000_s000938 success=True decision_rows=18
RISK_EPISODE_FINALIZED source_episode_id=2898 global_episode_id=r000_s002898 success=True decision_rows=19
RISK_EPISODE_FINALIZED source_episode_id=3799 global_episode_id=r000_s003799 success=True decision_rows=16
RISK_EPISODE_FINALIZED source_episode_id=901 global_episode_id=r000_s000901 success=True decision_rows=18
RISK_EPISODE_FINALIZED source_episode_id=98 global_episode_id=r000_s000098 success=True decision_rows=16
RISK_EPISODE_FINALIZED source_episode_id=3169 global_episode_id=r000_s003169 success=True decision_rows=16
RISK_EPISODE_FINALIZED source_episode_id=2167 global_episode_id=r000_s002167 success=True decision_rows=13
RISK_EPISODE_FINALIZED source_episode_id=414 global_episode_id=r000_s000414 success=True decision_rows=13
RISK_EPISODE_FINALIZED source_episode_id=108 global_episode_id=r000_s000108 success=True decision_rows=16
RISK_EPISODE_FINALIZED source_episode_id=371 global_episode_id=r000_s000371 success=True decision_rows=14
RISK_EPISODE_FINALIZED source_episode_id=1857 global_episode_id=r000_s001857 success=True decision_rows=24
RISK_EPISODE_FINALIZED source_episode_id=905 global_episode_id=r000_s000905 success=True decision_rows=15
RISK_EPISODE_FINALIZED source_episode_id=3999 global_episode_id=r000_s003999 success=True decision_rows=20
RISK_EPISODE_FINALIZED source_episode_id=3100 global_episode_id=r000_s003100 success=True decision_rows=18
RISK_EPISODE_FINALIZED source_episode_id=591 global_episode_id=r000_s000591 success=True decision_rows=14
RISK_EPISODE_FINALIZED source_episode_id=2486 global_episode_id=r000_s002486 success=True decision_rows=20
RISK_EPISODE_FINALIZED source_episode_id=2055 global_episode_id=r000_s002055 success=True decision_rows=20
RISK_EPISODE_FINALIZED source_episode_id=4167 global_episode_id=r000_s004167 success=True decision_rows=21
RISK_EPISODE_FINALIZED source_episode_id=2052 global_episode_id=r000_s002052 success=True decision_rows=15
RISK_EPISODE_FINALIZED source_episode_id=3930 global_episode_id=r000_s003930 success=True decision_rows=20
RISK_EPISODE_FINALIZED source_episode_id=1536 global_episode_id=r000_s001536 success=True decision_rows=16
RISK_EPISODE_FINALIZED source_episode_id=717 global_episode_id=r000_s000717 success=True decision_rows=17
RISK_EPISODE_FINALIZED source_episode_id=2735 global_episode_id=r000_s002735 success=True decision_rows=15
RISK_EPISODE_FINALIZED source_episode_id=3568 global_episode_id=r000_s003568 success=True decision_rows=19
RISK_EPISODE_FINALIZED source_episode_id=1273 global_episode_id=r000_s001273 success=True decision_rows=20
RISK_EPISODE_FINALIZED source_episode_id=888 global_episode_id=r000_s000888 success=True decision_rows=23
RISK_EPISODE_FINALIZED source_episode_id=1749 global_episode_id=r000_s001749 success=True decision_rows=20
RISK_EPISODE_FINALIZED source_episode_id=3521 global_episode_id=r000_s003521 success=True decision_rows=18
RISK_EPISODE_FINALIZED source_episode_id=3215 global_episode_id=r000_s003215 success=True decision_rows=17
RISK_EPISODE_FINALIZED source_episode_id=1194 global_episode_id=r000_s001194 success=True decision_rows=19
RISK_EPISODE_FINALIZED source_episode_id=3492 global_episode_id=r000_s003492 success=True decision_rows=21
RISK_EPISODE_FINALIZED source_episode_id=114 global_episode_id=r000_s000114 success=True decision_rows=16
RISK_EPISODE_FINALIZED source_episode_id=582 global_episode_id=r000_s000582 success=True decision_rows=17
RISK_EPISODE_FINALIZED source_episode_id=2086 global_episode_id=r000_s002086 success=True decision_rows=20
RISK_EPISODE_FINALIZED source_episode_id=2189 global_episode_id=r000_s002189 success=True decision_rows=19
RISK_EPISODE_FINALIZED source_episode_id=3778 global_episode_id=r000_s003778 success=True decision_rows=19
RISK_EPISODE_FINALIZED source_episode_id=4015 global_episode_id=r000_s004015 success=True decision_rows=20
RISK_EPISODE_FINALIZED source_episode_id=3108 global_episode_id=r000_s003108 success=True decision_rows=21
RISK_EPISODE_FINALIZED source_episode_id=1447 global_episode_id=r000_s001447 success=True decision_rows=16
RISK_EPISODE_FINALIZED source_episode_id=4012 global_episode_id=r000_s004012 success=True decision_rows=20
RISK_EPISODE_FINALIZED source_episode_id=2648 global_episode_id=r000_s002648 success=True decision_rows=22
RISK_EPISODE_FINALIZED source_episode_id=1252 global_episode_id=r000_s001252 success=True decision_rows=21
RISK_EPISODE_FINALIZED source_episode_id=508 global_episode_id=r000_s000508 success=True decision_rows=18
RISK_EPISODE_FINALIZED source_episode_id=405 global_episode_id=r000_s000405 success=True decision_rows=21
RISK_EPISODE_FINALIZED source_episode_id=3716 global_episode_id=r000_s003716 success=True decision_rows=20
RISK_EPISODE_FINALIZED source_episode_id=191 global_episode_id=r000_s000191 success=True decision_rows=17
RISK_EPISODE_FINALIZED source_episode_id=2085 global_episode_id=r000_s002085 success=True decision_rows=13
RISK_EPISODE_FINALIZED source_episode_id=3803 global_episode_id=r000_s003803 success=True decision_rows=19
RISK_EPISODE_FINALIZED source_episode_id=104 global_episode_id=r000_s000104 success=True decision_rows=19
RISK_EPISODE_FINALIZED source_episode_id=1592 global_episode_id=r000_s001592 success=True decision_rows=23
RISK_EPISODE_FINALIZED source_episode_id=3914 global_episode_id=r000_s003914 success=True decision_rows=20
RISK_EPISODE_FINALIZED source_episode_id=2269 global_episode_id=r000_s002269 success=True decision_rows=20
RISK_EPISODE_FINALIZED source_episode_id=1274 global_episode_id=r000_s001274 success=True decision_rows=15
RISK_EPISODE_FINALIZED source_episode_id=1134 global_episode_id=r000_s001134 success=True decision_rows=13
RISK_EPISODE_FINALIZED source_episode_id=945 global_episode_id=r000_s000945 success=True decision_rows=9
RISK_EPISODE_FINALIZED source_episode_id=3572 global_episode_id=r000_s003572 success=True decision_rows=17
RISK_EPISODE_FINALIZED source_episode_id=3651 global_episode_id=r000_s003651 success=True decision_rows=19
RISK_EPISODE_FINALIZED source_episode_id=2301 global_episode_id=r000_s002301 success=True decision_rows=21
RISK_EPISODE_FINALIZED source_episode_id=1000 global_episode_id=r000_s001000 success=True decision_rows=20
RISK_EPISODE_FINALIZED source_episode_id=2650 global_episode_id=r000_s002650 success=True decision_rows=20
RISK_EPISODE_FINALIZED source_episode_id=2110 global_episode_id=r000_s002110 success=True decision_rows=20
RISK_EPISODE_FINALIZED source_episode_id=1969 global_episode_id=r000_s001969 success=True decision_rows=19
RISK_EPISODE_FINALIZED source_episode_id=2199 global_episode_id=r000_s002199 success=True decision_rows=19
RISK_EPISODE_FINALIZED source_episode_id=3267 global_episode_id=r000_s003267 success=True decision_rows=24
RISK_EPISODE_FINALIZED source_episode_id=1746 global_episode_id=r000_s001746 success=True decision_rows=19
RISK_EPISODE_FINALIZED source_episode_id=56 global_episode_id=r000_s000056 success=True decision_rows=16
RISK_EPISODE_FINALIZED source_episode_id=1113 global_episode_id=r000_s001113 success=True decision_rows=17
RISK_EPISODE_FINALIZED source_episode_id=971 global_episode_id=r000_s000971 success=True decision_rows=20
RISK_EPISODE_FINALIZED source_episode_id=881 global_episode_id=r000_s000881 success=True decision_rows=14
RISK_EPISODE_FINALIZED source_episode_id=3556 global_episode_id=r000_s003556 success=True decision_rows=22
RISK_EPISODE_FINALIZED source_episode_id=1530 global_episode_id=r000_s001530 success=True decision_rows=18
RISK_EPISODE_FINALIZED source_episode_id=3708 global_episode_id=r000_s003708 success=True decision_rows=12
RISK_EPISODE_FINALIZED source_episode_id=2886 global_episode_id=r000_s002886 success=True decision_rows=21
RISK_EPISODE_FINALIZED source_episode_id=1410 global_episode_id=r000_s001410 success=True decision_rows=13
RISK_EPISODE_FINALIZED source_episode_id=3520 global_episode_id=r000_s003520 success=True decision_rows=14
RISK_EPISODE_FINALIZED source_episode_id=845 global_episode_id=r000_s000845 success=True decision_rows=20
RISK_EPISODE_FINALIZED source_episode_id=3309 global_episode_id=r000_s003309 success=False decision_rows=60
RISK_EPISODE_FINALIZED source_episode_id=1701 global_episode_id=r000_s001701 success=True decision_rows=16
RISK_EPISODE_FINALIZED source_episode_id=358 global_episode_id=r000_s000358 success=True decision_rows=19
RISK_EPISODE_FINALIZED source_episode_id=1745 global_episode_id=r000_s001745 success=True decision_rows=20
RISK_EPISODE_FINALIZED source_episode_id=2228 global_episode_id=r000_s002228 success=True decision_rows=19
RISK_EPISODE_FINALIZED source_episode_id=728 global_episode_id=r000_s000728 success=True decision_rows=22
RISK_EPISODE_FINALIZED source_episode_id=606 global_episode_id=r000_s000606 success=True decision_rows=19
RISK_EPISODE_FINALIZED source_episode_id=3565 global_episode_id=r000_s003565 success=True decision_rows=19
RISK_EPISODE_FINALIZED source_episode_id=484 global_episode_id=r000_s000484 success=True decision_rows=20
RISK_EPISODE_FINALIZED source_episode_id=2892 global_episode_id=r000_s002892 success=True decision_rows=18
RISK_EPISODE_FINALIZED source_episode_id=3455 global_episode_id=r000_s003455 success=True decision_rows=18
RISK_EPISODE_FINALIZED source_episode_id=122 global_episode_id=r000_s000122 success=True decision_rows=20
RISK_EPISODE_FINALIZED source_episode_id=2234 global_episode_id=r000_s002234 success=True decision_rows=13
RISK_EPISODE_FINALIZED source_episode_id=1317 global_episode_id=r000_s001317 success=True decision_rows=16
RISK_EPISODE_FINALIZED source_episode_id=1199 global_episode_id=r000_s001199 success=True decision_rows=18
RISK_EPISODE_FINALIZED source_episode_id=1856 global_episode_id=r000_s001856 success=True decision_rows=10
RISK_EPISODE_FINALIZED source_episode_id=3595 global_episode_id=r000_s003595 success=True decision_rows=20
RISK_EPISODE_FINALIZED source_episode_id=2191 global_episode_id=r000_s002191 success=True decision_rows=17
RISK_EPISODE_FINALIZED source_episode_id=3792 global_episode_id=r000_s003792 success=True decision_rows=21
RISK_EPISODE_FINALIZED source_episode_id=872 global_episode_id=r000_s000872 success=True decision_rows=18
RISK_EPISODE_FINALIZED source_episode_id=2545 global_episode_id=r000_s002545 success=True decision_rows=15
RISK_EPISODE_FINALIZED source_episode_id=301 global_episode_id=r000_s000301 success=True decision_rows=19
RISK_EPISODE_FINALIZED source_episode_id=230 global_episode_id=r000_s000230 success=True decision_rows=20
RISK_EPISODE_FINALIZED source_episode_id=1470 global_episode_id=r000_s001470 success=True decision_rows=20
RISK_EPISODE_FINALIZED source_episode_id=243 global_episode_id=r000_s000243 success=True decision_rows=20
RISK_EPISODE_FINALIZED source_episode_id=2942 global_episode_id=r000_s002942 success=True decision_rows=18
RISK_EPISODE_FINALIZED source_episode_id=1572 global_episode_id=r000_s001572 success=True decision_rows=21
RISK_EPISODE_FINALIZED source_episode_id=1387 global_episode_id=r000_s001387 success=True decision_rows=22
RISK_EPISODE_FINALIZED source_episode_id=2843 global_episode_id=r000_s002843 success=True decision_rows=19
RISK_EPISODE_FINALIZED source_episode_id=2649 global_episode_id=r000_s002649 success=True decision_rows=19
RISK_EPISODE_FINALIZED source_episode_id=280 global_episode_id=r000_s000280 success=True decision_rows=23
RISK_EPISODE_FINALIZED source_episode_id=349 global_episode_id=r000_s000349 success=True decision_rows=15
RISK_EPISODE_FINALIZED source_episode_id=3294 global_episode_id=r000_s003294 success=True decision_rows=17
RISK_EPISODE_FINALIZED source_episode_id=2057 global_episode_id=r000_s002057 success=True decision_rows=14
RISK_EPISODE_FINALIZED source_episode_id=1409 global_episode_id=r000_s001409 success=True decision_rows=17
RISK_EPISODE_FINALIZED source_episode_id=751 global_episode_id=r000_s000751 success=False decision_rows=60
RISK_EPISODE_FINALIZED source_episode_id=3591 global_episode_id=r000_s003591 success=True decision_rows=21
RISK_EPISODE_FINALIZED source_episode_id=1914 global_episode_id=r000_s001914 success=False decision_rows=60
RISK_EPISODE_FINALIZED source_episode_id=1985 global_episode_id=r000_s001985 success=True decision_rows=23
RISK_EPISODE_FINALIZED source_episode_id=3101 global_episode_id=r000_s003101 success=True decision_rows=13
RISK_EPISODE_FINALIZED source_episode_id=1758 global_episode_id=r000_s001758 success=True decision_rows=18
RISK_EPISODE_FINALIZED source_episode_id=1420 global_episode_id=r000_s001420 success=True decision_rows=17
RISK_EPISODE_FINALIZED source_episode_id=1667 global_episode_id=r000_s001667 success=True decision_rows=24
RISK_EPISODE_FINALIZED source_episode_id=1660 global_episode_id=r000_s001660 success=True decision_rows=17
RISK_EPISODE_FINALIZED source_episode_id=2343 global_episode_id=r000_s002343 success=True decision_rows=17
RISK_EPISODE_FINALIZED source_episode_id=4106 global_episode_id=r000_s004106 success=True decision_rows=18
RISK_EPISODE_FINALIZED source_episode_id=3872 global_episode_id=r000_s003872 success=True decision_rows=20
RISK_EPISODE_FINALIZED source_episode_id=1729 global_episode_id=r000_s001729 success=True decision_rows=24
RISK_EPISODE_FINALIZED source_episode_id=1484 global_episode_id=r000_s001484 success=True decision_rows=16
RISK_EPISODE_FINALIZED source_episode_id=4101 global_episode_id=r000_s004101 success=True decision_rows=20
RISK_EPISODE_FINALIZED source_episode_id=4040 global_episode_id=r000_s004040 success=True decision_rows=14
RISK_EPISODE_FINALIZED source_episode_id=4173 global_episode_id=r000_s004173 success=True decision_rows=19
RISK_EPISODE_FINALIZED source_episode_id=3786 global_episode_id=r000_s003786 success=False decision_rows=60
RISK_EPISODE_FINALIZED source_episode_id=2182 global_episode_id=r000_s002182 success=True decision_rows=20
RISK_EPISODE_FINALIZED source_episode_id=2162 global_episode_id=r000_s002162 success=True decision_rows=20
RISK_EPISODE_FINALIZED source_episode_id=3998 global_episode_id=r000_s003998 success=True decision_rows=16
RISK_EPISODE_FINALIZED source_episode_id=2489 global_episode_id=r000_s002489 success=False decision_rows=60
RISK_EPISODE_FINALIZED source_episode_id=300 global_episode_id=r000_s000300 success=True decision_rows=21
RISK_EPISODE_FINALIZED source_episode_id=997 global_episode_id=r000_s000997 success=True decision_rows=16
RISK_EPISODE_FINALIZED source_episode_id=1870 global_episode_id=r000_s001870 success=True decision_rows=17
RISK_EPISODE_FINALIZED source_episode_id=1448 global_episode_id=r000_s001448 success=True decision_rows=13
RISK_EPISODE_FINALIZED source_episode_id=963 global_episode_id=r000_s000963 success=True decision_rows=22
RISK_EPISODE_FINALIZED source_episode_id=2092 global_episode_id=r000_s002092 success=True decision_rows=20
RISK_EPISODE_FINALIZED source_episode_id=896 global_episode_id=r000_s000896 success=True decision_rows=11
RISK_EPISODE_FINALIZED source_episode_id=382 global_episode_id=r000_s000382 success=True decision_rows=19
RISK_EPISODE_FINALIZED source_episode_id=3910 global_episode_id=r000_s003910 success=True decision_rows=21
RISK_EPISODE_FINALIZED source_episode_id=2264 global_episode_id=r000_s002264 success=True decision_rows=20
RISK_EPISODE_FINALIZED source_episode_id=634 global_episode_id=r000_s000634 success=True decision_rows=14
RISK_EPISODE_FINALIZED source_episode_id=2662 global_episode_id=r000_s002662 success=True decision_rows=19
RISK_EPISODE_FINALIZED source_episode_id=546 global_episode_id=r000_s000546 success=True decision_rows=16
RISK_EPISODE_FINALIZED source_episode_id=1639 global_episode_id=r000_s001639 success=True decision_rows=15
RISK_EPISODE_FINALIZED source_episode_id=2270 global_episode_id=r000_s002270 success=True decision_rows=17
RISK_EPISODE_FINALIZED source_episode_id=805 global_episode_id=r000_s000805 success=True decision_rows=16
RISK_EPISODE_FINALIZED source_episode_id=3535 global_episode_id=r000_s003535 success=True decision_rows=16
RISK_EPISODE_FINALIZED source_episode_id=2540 global_episode_id=r000_s002540 success=True decision_rows=16
RISK_EPISODE_FINALIZED source_episode_id=593 global_episode_id=r000_s000593 success=True decision_rows=20
RISK_EPISODE_FINALIZED source_episode_id=3424 global_episode_id=r000_s003424 success=True decision_rows=19
RISK_EPISODE_FINALIZED source_episode_id=754 global_episode_id=r000_s000754 success=True decision_rows=23
RISK_EPISODE_FINALIZED source_episode_id=1541 global_episode_id=r000_s001541 success=True decision_rows=20
RISK_EPISODE_FINALIZED source_episode_id=2446 global_episode_id=r000_s002446 success=True decision_rows=17
RISK_EPISODE_FINALIZED source_episode_id=1206 global_episode_id=r000_s001206 success=True decision_rows=15
RISK_EPISODE_FINALIZED source_episode_id=989 global_episode_id=r000_s000989 success=True decision_rows=13
RISK_EPISODE_FINALIZED source_episode_id=3336 global_episode_id=r000_s003336 success=True decision_rows=18
RISK_EPISODE_FINALIZED source_episode_id=1451 global_episode_id=r000_s001451 success=True decision_rows=17
RISK_EPISODE_FINALIZED source_episode_id=1405 global_episode_id=r000_s001405 success=True decision_rows=17
RISK_EPISODE_FINALIZED source_episode_id=3756 global_episode_id=r000_s003756 success=True decision_rows=19
RISK_EPISODE_FINALIZED source_episode_id=1953 global_episode_id=r000_s001953 success=True decision_rows=18
RISK_EPISODE_FINALIZED source_episode_id=1728 global_episode_id=r000_s001728 success=True decision_rows=17
RISK_EPISODE_FINALIZED source_episode_id=2520 global_episode_id=r000_s002520 success=True decision_rows=19
RISK_EPISODE_FINALIZED source_episode_id=1210 global_episode_id=r000_s001210 success=True decision_rows=20
RISK_EPISODE_FINALIZED source_episode_id=1601 global_episode_id=r000_s001601 success=True decision_rows=24
RISK_EPISODE_FINALIZED source_episode_id=293 global_episode_id=r000_s000293 success=True decision_rows=16
RISK_EPISODE_FINALIZED source_episode_id=3654 global_episode_id=r000_s003654 success=True decision_rows=19
RISK_EPISODE_FINALIZED source_episode_id=4060 global_episode_id=r000_s004060 success=True decision_rows=20
RISK_EPISODE_FINALIZED source_episode_id=843 global_episode_id=r000_s000843 success=True decision_rows=20
RISK_EPISODE_FINALIZED source_episode_id=225 global_episode_id=r000_s000225 success=True decision_rows=13
RISK_EPISODE_FINALIZED source_episode_id=456 global_episode_id=r000_s000456 success=True decision_rows=20
RISK_EPISODE_FINALIZED source_episode_id=2424 global_episode_id=r000_s002424 success=True decision_rows=23
RISK_EPISODE_FINALIZED source_episode_id=3016 global_episode_id=r000_s003016 success=True decision_rows=20
RISK_EPISODE_FINALIZED source_episode_id=3727 global_episode_id=r000_s003727 success=True decision_rows=14
RISK_EPISODE_FINALIZED source_episode_id=2417 global_episode_id=r000_s002417 success=True decision_rows=18
RISK_EPISODE_FINALIZED source_episode_id=2812 global_episode_id=r000_s002812 success=True decision_rows=17
RISK_EPISODE_FINALIZED source_episode_id=2523 global_episode_id=r000_s002523 success=True decision_rows=18
RISK_EPISODE_FINALIZED source_episode_id=1707 global_episode_id=r000_s001707 success=True decision_rows=20
RISK_EPISODE_FINALIZED source_episode_id=401 global_episode_id=r000_s000401 success=True decision_rows=21
RISK_EPISODE_FINALIZED source_episode_id=2941 global_episode_id=r000_s002941 success=True decision_rows=17
RISK_EPISODE_FINALIZED source_episode_id=3705 global_episode_id=r000_s003705 success=True decision_rows=20
RISK_EPISODE_FINALIZED source_episode_id=2121 global_episode_id=r000_s002121 success=True decision_rows=6
RISK_EPISODE_FINALIZED source_episode_id=1254 global_episode_id=r000_s001254 success=True decision_rows=20
RISK_EPISODE_FINALIZED source_episode_id=4144 global_episode_id=r000_s004144 success=True decision_rows=19
RISK_EPISODE_FINALIZED source_episode_id=3438 global_episode_id=r000_s003438 success=True decision_rows=18
RISK_EPISODE_FINALIZED source_episode_id=4153 global_episode_id=r000_s004153 success=True decision_rows=21
RISK_EPISODE_FINALIZED source_episode_id=3513 global_episode_id=r000_s003513 success=True decision_rows=22
RISK_EPISODE_FINALIZED source_episode_id=972 global_episode_id=r000_s000972 success=True decision_rows=11
RISK_EPISODE_FINALIZED source_episode_id=2257 global_episode_id=r000_s002257 success=True decision_rows=17
RISK_EPISODE_FINALIZED source_episode_id=1138 global_episode_id=r000_s001138 success=True decision_rows=22
RISK_EPISODE_FINALIZED source_episode_id=1525 global_episode_id=r000_s001525 success=True decision_rows=20
RISK_EPISODE_FINALIZED source_episode_id=488 global_episode_id=r000_s000488 success=True decision_rows=20
RISK_EPISODE_FINALIZED source_episode_id=3691 global_episode_id=r000_s003691 success=True decision_rows=20
RISK_EPISODE_FINALIZED source_episode_id=2953 global_episode_id=r000_s002953 success=True decision_rows=15
RISK_EPISODE_FINALIZED source_episode_id=3413 global_episode_id=r000_s003413 success=True decision_rows=21
RISK_EPISODE_FINALIZED source_episode_id=2791 global_episode_id=r000_s002791 success=True decision_rows=16
RISK_EPISODE_FINALIZED source_episode_id=3087 global_episode_id=r000_s003087 success=True decision_rows=17
RISK_EPISODE_FINALIZED source_episode_id=2101 global_episode_id=r000_s002101 success=True decision_rows=13
RISK_EPISODE_FINALIZED source_episode_id=2114 global_episode_id=r000_s002114 success=True decision_rows=17
RISK_EPISODE_FINALIZED source_episode_id=3434 global_episode_id=r000_s003434 success=True decision_rows=19
RISK_EPISODE_FINALIZED source_episode_id=133 global_episode_id=r000_s000133 success=True decision_rows=19
RISK_EPISODE_FINALIZED source_episode_id=3241 global_episode_id=r000_s003241 success=True decision_rows=13
RISK_EPISODE_FINALIZED source_episode_id=4147 global_episode_id=r000_s004147 success=True decision_rows=20
RISK_EPISODE_FINALIZED source_episode_id=1085 global_episode_id=r000_s001085 success=True decision_rows=21
RISK_EPISODE_FINALIZED source_episode_id=3071 global_episode_id=r000_s003071 success=True decision_rows=17
RISK_EPISODE_FINALIZED source_episode_id=3366 global_episode_id=r000_s003366 success=True decision_rows=19
RISK_EPISODE_FINALIZED source_episode_id=3707 global_episode_id=r000_s003707 success=True decision_rows=15
RISK_EPISODE_FINALIZED source_episode_id=1890 global_episode_id=r000_s001890 success=True decision_rows=16
RISK_EPISODE_FINALIZED source_episode_id=2282 global_episode_id=r000_s002282 success=True decision_rows=17
RISK_EPISODE_FINALIZED source_episode_id=2855 global_episode_id=r000_s002855 success=True decision_rows=9
RISK_EPISODE_FINALIZED source_episode_id=3631 global_episode_id=r000_s003631 success=True decision_rows=23
RISK_EPISODE_FINALIZED source_episode_id=1676 global_episode_id=r000_s001676 success=True decision_rows=10
RISK_EPISODE_FINALIZED source_episode_id=3685 global_episode_id=r000_s003685 success=True decision_rows=13
RISK_EPISODE_FINALIZED source_episode_id=2137 global_episode_id=r000_s002137 success=True decision_rows=18
RISK_EPISODE_FINALIZED source_episode_id=1222 global_episode_id=r000_s001222 success=True decision_rows=20
RISK_EPISODE_FINALIZED source_episode_id=475 global_episode_id=r000_s000475 success=True decision_rows=18
RISK_EPISODE_FINALIZED source_episode_id=825 global_episode_id=r000_s000825 success=True decision_rows=21
RISK_EPISODE_FINALIZED source_episode_id=2633 global_episode_id=r000_s002633 success=True decision_rows=17
RISK_EPISODE_FINALIZED source_episode_id=3788 global_episode_id=r000_s003788 success=True decision_rows=16
RISK_EPISODE_FINALIZED source_episode_id=115 global_episode_id=r000_s000115 success=True decision_rows=18
RISK_EPISODE_FINALIZED source_episode_id=4074 global_episode_id=r000_s004074 success=False decision_rows=60
RISK_EPISODE_FINALIZED source_episode_id=696 global_episode_id=r000_s000696 success=True decision_rows=18
RISK_EPISODE_FINALIZED source_episode_id=2606 global_episode_id=r000_s002606 success=True decision_rows=18
RISK_EPISODE_FINALIZED source_episode_id=1200 global_episode_id=r000_s001200 success=True decision_rows=17
RISK_EPISODE_FINALIZED source_episode_id=3781 global_episode_id=r000_s003781 success=True decision_rows=19
RISK_EPISODE_FINALIZED source_episode_id=2975 global_episode_id=r000_s002975 success=True decision_rows=20
RISK_EPISODE_FINALIZED source_episode_id=2664 global_episode_id=r000_s002664 success=True decision_rows=14
RISK_EPISODE_FINALIZED source_episode_id=4187 global_episode_id=r000_s004187 success=True decision_rows=20
RISK_EPISODE_FINALIZED source_episode_id=865 global_episode_id=r000_s000865 success=True decision_rows=15
RISK_EPISODE_FINALIZED source_episode_id=1270 global_episode_id=r000_s001270 success=True decision_rows=22
RISK_EPISODE_FINALIZED source_episode_id=1315 global_episode_id=r000_s001315 success=True decision_rows=19
RISK_EPISODE_FINALIZED source_episode_id=3125 global_episode_id=r000_s003125 success=True decision_rows=20
RISK_EPISODE_FINALIZED source_episode_id=3943 global_episode_id=r000_s003943 success=True decision_rows=16
RISK_EPISODE_FINALIZED source_episode_id=3603 global_episode_id=r000_s003603 success=True decision_rows=13
RISK_EPISODE_FINALIZED source_episode_id=2292 global_episode_id=r000_s002292 success=True decision_rows=12
RISK_EPISODE_FINALIZED source_episode_id=2266 global_episode_id=r000_s002266 success=True decision_rows=13
RISK_EPISODE_FINALIZED source_episode_id=2127 global_episode_id=r000_s002127 success=True decision_rows=17
RISK_EPISODE_FINALIZED source_episode_id=2271 global_episode_id=r000_s002271 success=True decision_rows=21
RISK_EPISODE_FINALIZED source_episode_id=4037 global_episode_id=r000_s004037 success=True decision_rows=19
RISK_EPISODE_FINALIZED source_episode_id=2734 global_episode_id=r000_s002734 success=True decision_rows=16
RISK_EPISODE_FINALIZED source_episode_id=2391 global_episode_id=r000_s002391 success=True decision_rows=16
RISK_EPISODE_FINALIZED source_episode_id=62 global_episode_id=r000_s000062 success=True decision_rows=19
RISK_EPISODE_FINALIZED source_episode_id=2247 global_episode_id=r000_s002247 success=True decision_rows=21
RISK_EPISODE_FINALIZED source_episode_id=3115 global_episode_id=r000_s003115 success=True decision_rows=16
RISK_EPISODE_FINALIZED source_episode_id=3934 global_episode_id=r000_s003934 success=True decision_rows=18
RISK_EPISODE_FINALIZED source_episode_id=984 global_episode_id=r000_s000984 success=True decision_rows=18
RISK_EPISODE_FINALIZED source_episode_id=477 global_episode_id=r000_s000477 success=True decision_rows=20
RISK_EPISODE_FINALIZED source_episode_id=66 global_episode_id=r000_s000066 success=True decision_rows=15
RISK_EPISODE_FINALIZED source_episode_id=941 global_episode_id=r000_s000941 success=True decision_rows=19
RISK_EPISODE_FINALIZED source_episode_id=41 global_episode_id=r000_s000041 success=True decision_rows=17
RISK_EPISODE_FINALIZED source_episode_id=1841 global_episode_id=r000_s001841 success=True decision_rows=13
RISK_EPISODE_FINALIZED source_episode_id=3935 global_episode_id=r000_s003935 success=True decision_rows=19
RISK_EPISODE_FINALIZED source_episode_id=1440 global_episode_id=r000_s001440 success=True decision_rows=21
RISK_EPISODE_FINALIZED source_episode_id=85 global_episode_id=r000_s000085 success=True decision_rows=21
RISK_EPISODE_FINALIZED source_episode_id=3880 global_episode_id=r000_s003880 success=True decision_rows=12
RISK_EPISODE_FINALIZED source_episode_id=3142 global_episode_id=r000_s003142 success=True decision_rows=19
RISK_EPISODE_FINALIZED source_episode_id=418 global_episode_id=r000_s000418 success=True decision_rows=16
RISK_EPISODE_FINALIZED source_episode_id=787 global_episode_id=r000_s000787 success=True decision_rows=18
RISK_EPISODE_FINALIZED source_episode_id=140 global_episode_id=r000_s000140 success=True decision_rows=17
RISK_EPISODE_FINALIZED source_episode_id=317 global_episode_id=r000_s000317 success=True decision_rows=21
RISK_EPISODE_FINALIZED source_episode_id=2550 global_episode_id=r000_s002550 success=True decision_rows=20
RISK_EPISODE_FINALIZED source_episode_id=1121 global_episode_id=r000_s001121 success=True decision_rows=18
RISK_EPISODE_FINALIZED source_episode_id=1901 global_episode_id=r000_s001901 success=True decision_rows=19
RISK_EPISODE_FINALIZED source_episode_id=3147 global_episode_id=r000_s003147 success=True decision_rows=20
RISK_EPISODE_FINALIZED source_episode_id=1060 global_episode_id=r000_s001060 success=True decision_rows=21
RISK_EPISODE_FINALIZED source_episode_id=1404 global_episode_id=r000_s001404 success=True decision_rows=19
RISK_EPISODE_FINALIZED source_episode_id=2338 global_episode_id=r000_s002338 success=True decision_rows=19
RISK_EPISODE_FINALIZED source_episode_id=2806 global_episode_id=r000_s002806 success=True decision_rows=21
RISK_EPISODE_FINALIZED source_episode_id=81 global_episode_id=r000_s000081 success=True decision_rows=21
RISK_EPISODE_FINALIZED source_episode_id=322 global_episode_id=r000_s000322 success=True decision_rows=9
RISK_EPISODE_FINALIZED source_episode_id=1509 global_episode_id=r000_s001509 success=True decision_rows=16
RISK_EPISODE_FINALIZED source_episode_id=1296 global_episode_id=r000_s001296 success=True decision_rows=21
RISK_EPISODE_FINALIZED source_episode_id=587 global_episode_id=r000_s000587 success=True decision_rows=20
RISK_EPISODE_FINALIZED source_episode_id=2992 global_episode_id=r000_s002992 success=True decision_rows=16
RISK_EPISODE_FINALIZED source_episode_id=1422 global_episode_id=r000_s001422 success=True decision_rows=12
RISK_EPISODE_FINALIZED source_episode_id=4175 global_episode_id=r000_s004175 success=True decision_rows=10
RISK_EPISODE_FINALIZED source_episode_id=2815 global_episode_id=r000_s002815 success=True decision_rows=15
RISK_EPISODE_FINALIZED source_episode_id=1105 global_episode_id=r000_s001105 success=True decision_rows=16
RISK_EPISODE_FINALIZED source_episode_id=831 global_episode_id=r000_s000831 success=True decision_rows=17
RISK_EPISODE_FINALIZED source_episode_id=2320 global_episode_id=r000_s002320 success=True decision_rows=21
RISK_EPISODE_FINALIZED source_episode_id=2355 global_episode_id=r000_s002355 success=True decision_rows=21
RISK_EPISODE_FINALIZED source_episode_id=3582 global_episode_id=r000_s003582 success=True decision_rows=20
RISK_EPISODE_FINALIZED source_episode_id=113 global_episode_id=r000_s000113 success=True decision_rows=19
RISK_EPISODE_FINALIZED source_episode_id=1257 global_episode_id=r000_s001257 success=True decision_rows=18
RISK_EPISODE_FINALIZED source_episode_id=3683 global_episode_id=r000_s003683 success=True decision_rows=22
RISK_EPISODE_FINALIZED source_episode_id=2164 global_episode_id=r000_s002164 success=True decision_rows=12
RISK_EPISODE_FINALIZED source_episode_id=16 global_episode_id=r000_s000016 success=True decision_rows=20
RISK_EPISODE_FINALIZED source_episode_id=2787 global_episode_id=r000_s002787 success=True decision_rows=21
RISK_EPISODE_FINALIZED source_episode_id=201 global_episode_id=r000_s000201 success=True decision_rows=14
RISK_EPISODE_FINALIZED source_episode_id=1894 global_episode_id=r000_s001894 success=True decision_rows=20
RISK_EPISODE_FINALIZED source_episode_id=908 global_episode_id=r000_s000908 success=True decision_rows=15
RISK_EPISODE_FINALIZED source_episode_id=4116 global_episode_id=r000_s004116 success=True decision_rows=18
RISK_EPISODE_FINALIZED source_episode_id=625 global_episode_id=r000_s000625 success=True decision_rows=17
RISK_EPISODE_FINALIZED source_episode_id=3168 global_episode_id=r000_s003168 success=True decision_rows=13
RISK_EPISODE_FINALIZED source_episode_id=1008 global_episode_id=r000_s001008 success=True decision_rows=16
RISK_EPISODE_FINALIZED source_episode_id=1171 global_episode_id=r000_s001171 success=True decision_rows=20
RISK_EPISODE_FINALIZED source_episode_id=2669 global_episode_id=r000_s002669 success=True decision_rows=19
RISK_EPISODE_FINALIZED source_episode_id=2661 global_episode_id=r000_s002661 success=True decision_rows=17
RISK_EPISODE_FINALIZED source_episode_id=1916 global_episode_id=r000_s001916 success=True decision_rows=17
RISK_EPISODE_FINALIZED source_episode_id=3107 global_episode_id=r000_s003107 success=True decision_rows=20
RISK_EPISODE_FINALIZED source_episode_id=2623 global_episode_id=r000_s002623 success=True decision_rows=18
RISK_EPISODE_FINALIZED source_episode_id=1176 global_episode_id=r000_s001176 success=True decision_rows=21
RISK_EPISODE_FINALIZED source_episode_id=3853 global_episode_id=r000_s003853 success=True decision_rows=20
RISK_EPISODE_FINALIZED source_episode_id=948 global_episode_id=r000_s000948 success=True decision_rows=18
RISK_EPISODE_FINALIZED source_episode_id=2482 global_episode_id=r000_s002482 success=True decision_rows=19
RISK_EPISODE_FINALIZED source_episode_id=3468 global_episode_id=r000_s003468 success=True decision_rows=19
RISK_EPISODE_FINALIZED source_episode_id=2413 global_episode_id=r000_s002413 success=True decision_rows=21
RISK_EPISODE_FINALIZED source_episode_id=506 global_episode_id=r000_s000506 success=True decision_rows=20
RISK_EPISODE_FINALIZED source_episode_id=3084 global_episode_id=r000_s003084 success=True decision_rows=14
RISK_EPISODE_FINALIZED source_episode_id=933 global_episode_id=r000_s000933 success=True decision_rows=16
RISK_EPISODE_FINALIZED source_episode_id=1855 global_episode_id=r000_s001855 success=True decision_rows=16
RISK_EPISODE_FINALIZED source_episode_id=1336 global_episode_id=r000_s001336 success=True decision_rows=23
RISK_EPISODE_FINALIZED source_episode_id=3177 global_episode_id=r000_s003177 success=True decision_rows=17
RISK_EPISODE_FINALIZED source_episode_id=619 global_episode_id=r000_s000619 success=True decision_rows=21
RISK_EPISODE_FINALIZED source_episode_id=223 global_episode_id=r000_s000223 success=True decision_rows=20
RISK_EPISODE_FINALIZED source_episode_id=1396 global_episode_id=r000_s001396 success=True decision_rows=18
RISK_EPISODE_FINALIZED source_episode_id=162 global_episode_id=r000_s000162 success=True decision_rows=16
RISK_EPISODE_FINALIZED source_episode_id=19 global_episode_id=r000_s000019 success=True decision_rows=19
RISK_EPISODE_FINALIZED source_episode_id=2963 global_episode_id=r000_s002963 success=True decision_rows=16
RISK_EPISODE_FINALIZED source_episode_id=3671 global_episode_id=r000_s003671 success=True decision_rows=15
RISK_EPISODE_FINALIZED source_episode_id=1384 global_episode_id=r000_s001384 success=True decision_rows=19
RISK_EPISODE_FINALIZED source_episode_id=3744 global_episode_id=r000_s003744 success=True decision_rows=20
RISK_EPISODE_FINALIZED source_episode_id=1318 global_episode_id=r000_s001318 success=True decision_rows=20
RISK_EPISODE_FINALIZED source_episode_id=3832 global_episode_id=r000_s003832 success=True decision_rows=24
RISK_EPISODE_FINALIZED source_episode_id=1408 global_episode_id=r000_s001408 success=True decision_rows=14
RISK_EPISODE_FINALIZED source_episode_id=689 global_episode_id=r000_s000689 success=True decision_rows=15
RISK_EPISODE_FINALIZED source_episode_id=833 global_episode_id=r000_s000833 success=True decision_rows=19
RISK_EPISODE_FINALIZED source_episode_id=2476 global_episode_id=r000_s002476 success=True decision_rows=20
RISK_EPISODE_FINALIZED source_episode_id=3102 global_episode_id=r000_s003102 success=True decision_rows=19
RISK_EPISODE_FINALIZED source_episode_id=136 global_episode_id=r000_s000136 success=False decision_rows=60
RISK_EPISODE_FINALIZED source_episode_id=1734 global_episode_id=r000_s001734 success=True decision_rows=21
RISK_EPISODE_FINALIZED source_episode_id=2522 global_episode_id=r000_s002522 success=True decision_rows=13
RISK_EPISODE_FINALIZED source_episode_id=480 global_episode_id=r000_s000480 success=True decision_rows=20
RISK_EPISODE_FINALIZED source_episode_id=2979 global_episode_id=r000_s002979 success=True decision_rows=22
RISK_EPISODE_FINALIZED source_episode_id=482 global_episode_id=r000_s000482 success=True decision_rows=16
RISK_EPISODE_FINALIZED source_episode_id=2258 global_episode_id=r000_s002258 success=True decision_rows=15
RISK_EPISODE_FINALIZED source_episode_id=2593 global_episode_id=r000_s002593 success=True decision_rows=16
RISK_EPISODE_FINALIZED source_episode_id=3656 global_episode_id=r000_s003656 success=True decision_rows=20
RISK_EPISODE_FINALIZED source_episode_id=329 global_episode_id=r000_s000329 success=True decision_rows=15
RISK_EPISODE_FINALIZED source_episode_id=2062 global_episode_id=r000_s002062 success=True decision_rows=16
RISK_EPISODE_FINALIZED source_episode_id=1151 global_episode_id=r000_s001151 success=True decision_rows=18
RISK_EPISODE_FINALIZED source_episode_id=270 global_episode_id=r000_s000270 success=True decision_rows=12
RISK_EPISODE_FINALIZED source_episode_id=1939 global_episode_id=r000_s001939 success=True decision_rows=18
RISK_EPISODE_FINALIZED source_episode_id=2194 global_episode_id=r000_s002194 success=True decision_rows=7
RISK_EPISODE_FINALIZED source_episode_id=1265 global_episode_id=r000_s001265 success=True decision_rows=15
RISK_EPISODE_FINALIZED source_episode_id=2869 global_episode_id=r000_s002869 success=True decision_rows=18
RISK_EPISODE_FINALIZED source_episode_id=2835 global_episode_id=r000_s002835 success=True decision_rows=19
RISK_EPISODE_FINALIZED source_episode_id=1957 global_episode_id=r000_s001957 success=True decision_rows=17
RISK_EPISODE_FINALIZED source_episode_id=1368 global_episode_id=r000_s001368 success=True decision_rows=23
RISK_EPISODE_FINALIZED source_episode_id=2875 global_episode_id=r000_s002875 success=True decision_rows=10
RISK_EPISODE_FINALIZED source_episode_id=3544 global_episode_id=r000_s003544 success=False decision_rows=60
RISK_EPISODE_FINALIZED source_episode_id=1917 global_episode_id=r000_s001917 success=True decision_rows=22
RISK_EPISODE_FINALIZED source_episode_id=7 global_episode_id=r000_s000007 success=True decision_rows=21
RISK_EPISODE_FINALIZED source_episode_id=1929 global_episode_id=r000_s001929 success=True decision_rows=20
RISK_EPISODE_FINALIZED source_episode_id=2501 global_episode_id=r000_s002501 success=True decision_rows=19
RISK_EPISODE_FINALIZED source_episode_id=3982 global_episode_id=r000_s003982 success=True decision_rows=13
RISK_EPISODE_FINALIZED source_episode_id=3510 global_episode_id=r000_s003510 success=True decision_rows=21
RISK_EPISODE_FINALIZED source_episode_id=1148 global_episode_id=r000_s001148 success=True decision_rows=18
RISK_EPISODE_FINALIZED source_episode_id=1505 global_episode_id=r000_s001505 success=True decision_rows=18
RISK_EPISODE_FINALIZED source_episode_id=3422 global_episode_id=r000_s003422 success=True decision_rows=17
RISK_EPISODE_FINALIZED source_episode_id=4026 global_episode_id=r000_s004026 success=True decision_rows=20
RISK_EPISODE_FINALIZED source_episode_id=1039 global_episode_id=r000_s001039 success=True decision_rows=16
RISK_EPISODE_FINALIZED source_episode_id=2612 global_episode_id=r000_s002612 success=True decision_rows=13
RISK_EPISODE_FINALIZED source_episode_id=2968 global_episode_id=r000_s002968 success=True decision_rows=21
RISK_EPISODE_FINALIZED source_episode_id=3272 global_episode_id=r000_s003272 success=True decision_rows=19
RISK_EPISODE_FINALIZED source_episode_id=2546 global_episode_id=r000_s002546 success=True decision_rows=23
RISK_EPISODE_FINALIZED source_episode_id=1539 global_episode_id=r000_s001539 success=True decision_rows=23
RISK_EPISODE_FINALIZED source_episode_id=462 global_episode_id=r000_s000462 success=True decision_rows=17
RISK_EPISODE_FINALIZED source_episode_id=3479 global_episode_id=r000_s003479 success=True decision_rows=7
RISK_EPISODE_FINALIZED source_episode_id=1003 global_episode_id=r000_s001003 success=True decision_rows=19
RISK_EPISODE_FINALIZED source_episode_id=1581 global_episode_id=r000_s001581 success=True decision_rows=15
RISK_EPISODE_FINALIZED source_episode_id=3811 global_episode_id=r000_s003811 success=True decision_rows=19
RISK_EPISODE_FINALIZED source_episode_id=221 global_episode_id=r000_s000221 success=True decision_rows=15
RISK_EPISODE_FINALIZED source_episode_id=3439 global_episode_id=r000_s003439 success=True decision_rows=18
RISK_EPISODE_FINALIZED source_episode_id=584 global_episode_id=r000_s000584 success=True decision_rows=20
RISK_EPISODE_FINALIZED source_episode_id=1585 global_episode_id=r000_s001585 success=True decision_rows=16
RISK_EPISODE_FINALIZED source_episode_id=4168 global_episode_id=r000_s004168 success=True decision_rows=19
RISK_EPISODE_FINALIZED source_episode_id=457 global_episode_id=r000_s000457 success=True decision_rows=13
RISK_EPISODE_FINALIZED source_episode_id=145 global_episode_id=r000_s000145 success=True decision_rows=22
RISK_EPISODE_FINALIZED source_episode_id=3608 global_episode_id=r000_s003608 success=True decision_rows=22
RISK_EPISODE_FINALIZED source_episode_id=2971 global_episode_id=r000_s002971 success=True decision_rows=19
RISK_EPISODE_FINALIZED source_episode_id=1516 global_episode_id=r000_s001516 success=True decision_rows=20
RISK_EPISODE_FINALIZED source_episode_id=3498 global_episode_id=r000_s003498 success=True decision_rows=16
RISK_EPISODE_FINALIZED source_episode_id=3969 global_episode_id=r000_s003969 success=True decision_rows=17
RISK_EPISODE_FINALIZED source_episode_id=494 global_episode_id=r000_s000494 success=True decision_rows=17
RISK_EPISODE_FINALIZED source_episode_id=2984 global_episode_id=r000_s002984 success=True decision_rows=19
RISK_EPISODE_FINALIZED source_episode_id=1145 global_episode_id=r000_s001145 success=True decision_rows=21
RISK_EPISODE_FINALIZED source_episode_id=4004 global_episode_id=r000_s004004 success=True decision_rows=20
RISK_EPISODE_FINALIZED source_episode_id=3203 global_episode_id=r000_s003203 success=True decision_rows=23
RISK_EPISODE_FINALIZED source_episode_id=3949 global_episode_id=r000_s003949 success=True decision_rows=17
RISK_EPISODE_FINALIZED source_episode_id=2190 global_episode_id=r000_s002190 success=True decision_rows=18
RISK_EPISODE_FINALIZED source_episode_id=2414 global_episode_id=r000_s002414 success=True decision_rows=13
RISK_EPISODE_FINALIZED source_episode_id=2212 global_episode_id=r000_s002212 success=True decision_rows=21
RISK_EPISODE_FINALIZED source_episode_id=3968 global_episode_id=r000_s003968 success=True decision_rows=18
RISK_EPISODE_FINALIZED source_episode_id=966 global_episode_id=r000_s000966 success=True decision_rows=20
RISK_EPISODE_FINALIZED source_episode_id=3114 global_episode_id=r000_s003114 success=True decision_rows=20
RISK_EPISODE_FINALIZED source_episode_id=1573 global_episode_id=r000_s001573 success=True decision_rows=10
RISK_EPISODE_FINALIZED source_episode_id=1981 global_episode_id=r000_s001981 success=True decision_rows=17
RISK_EPISODE_FINALIZED source_episode_id=2536 global_episode_id=r000_s002536 success=True decision_rows=19
RISK_EPISODE_FINALIZED source_episode_id=2985 global_episode_id=r000_s002985 success=True decision_rows=19
RISK_EPISODE_FINALIZED source_episode_id=919 global_episode_id=r000_s000919 success=True decision_rows=16
RISK_EPISODE_FINALIZED source_episode_id=1771 global_episode_id=r000_s001771 success=True decision_rows=21
RISK_EPISODE_FINALIZED source_episode_id=927 global_episode_id=r000_s000927 success=True decision_rows=20
RISK_EPISODE_FINALIZED source_episode_id=1910 global_episode_id=r000_s001910 success=True decision_rows=21
RISK_EPISODE_FINALIZED source_episode_id=2081 global_episode_id=r000_s002081 success=True decision_rows=17
RISK_EPISODE_FINALIZED source_episode_id=257 global_episode_id=r000_s000257 success=True decision_rows=23
RISK_EPISODE_FINALIZED source_episode_id=3515 global_episode_id=r000_s003515 success=True decision_rows=13
RISK_EPISODE_FINALIZED source_episode_id=3010 global_episode_id=r000_s003010 success=True decision_rows=17
RISK_EPISODE_FINALIZED source_episode_id=795 global_episode_id=r000_s000795 success=True decision_rows=18
RISK_EPISODE_FINALIZED source_episode_id=1388 global_episode_id=r000_s001388 success=True decision_rows=21
RISK_EPISODE_FINALIZED source_episode_id=4092 global_episode_id=r000_s004092 success=True decision_rows=12
RISK_EPISODE_FINALIZED source_episode_id=3888 global_episode_id=r000_s003888 success=True decision_rows=18
RISK_EPISODE_FINALIZED source_episode_id=3960 global_episode_id=r000_s003960 success=True decision_rows=23
RISK_EPISODE_FINALIZED source_episode_id=3397 global_episode_id=r000_s003397 success=True decision_rows=18
RISK_EPISODE_FINALIZED source_episode_id=572 global_episode_id=r000_s000572 success=True decision_rows=16
RISK_EPISODE_FINALIZED source_episode_id=2281 global_episode_id=r000_s002281 success=True decision_rows=18
RISK_EPISODE_FINALIZED source_episode_id=3494 global_episode_id=r000_s003494 success=True decision_rows=19
RISK_EPISODE_FINALIZED source_episode_id=1090 global_episode_id=r000_s001090 success=True decision_rows=16
RISK_EPISODE_FINALIZED source_episode_id=45 global_episode_id=r000_s000045 success=True decision_rows=21
RISK_EPISODE_FINALIZED source_episode_id=2592 global_episode_id=r000_s002592 success=True decision_rows=13
RISK_EPISODE_FINALIZED source_episode_id=3351 global_episode_id=r000_s003351 success=True decision_rows=14
RISK_EPISODE_FINALIZED source_episode_id=3334 global_episode_id=r000_s003334 success=True decision_rows=20
RISK_EPISODE_FINALIZED source_episode_id=2124 global_episode_id=r000_s002124 success=True decision_rows=16
RISK_EPISODE_FINALIZED source_episode_id=3724 global_episode_id=r000_s003724 success=True decision_rows=17
RISK_EPISODE_FINALIZED source_episode_id=2737 global_episode_id=r000_s002737 success=True decision_rows=16
RISK_EPISODE_FINALIZED source_episode_id=633 global_episode_id=r000_s000633 success=True decision_rows=20
RISK_EPISODE_FINALIZED source_episode_id=1373 global_episode_id=r000_s001373 success=True decision_rows=18
RISK_EPISODE_FINALIZED source_episode_id=3276 global_episode_id=r000_s003276 success=True decision_rows=17
RISK_EPISODE_FINALIZED source_episode_id=3857 global_episode_id=r000_s003857 success=True decision_rows=15
RISK_EPISODE_FINALIZED source_episode_id=2767 global_episode_id=r000_s002767 success=False decision_rows=60
RISK_EPISODE_FINALIZED source_episode_id=541 global_episode_id=r000_s000541 success=True decision_rows=19
RISK_EPISODE_FINALIZED source_episode_id=3373 global_episode_id=r000_s003373 success=True decision_rows=20
RISK_EPISODE_FINALIZED source_episode_id=2094 global_episode_id=r000_s002094 success=True decision_rows=18
RISK_EPISODE_FINALIZED source_episode_id=1064 global_episode_id=r000_s001064 success=True decision_rows=13
RISK_EPISODE_FINALIZED source_episode_id=1550 global_episode_id=r000_s001550 success=True decision_rows=19
RISK_EPISODE_FINALIZED source_episode_id=3204 global_episode_id=r000_s003204 success=True decision_rows=21
RISK_EPISODE_FINALIZED source_episode_id=1347 global_episode_id=r000_s001347 success=False decision_rows=60
RISK_EPISODE_FINALIZED source_episode_id=4073 global_episode_id=r000_s004073 success=True decision_rows=18
RISK_EPISODE_FINALIZED source_episode_id=1313 global_episode_id=r000_s001313 success=True decision_rows=15
RISK_EPISODE_FINALIZED source_episode_id=3025 global_episode_id=r000_s003025 success=True decision_rows=15
RISK_EPISODE_FINALIZED source_episode_id=1087 global_episode_id=r000_s001087 success=True decision_rows=18
RISK_EPISODE_FINALIZED source_episode_id=847 global_episode_id=r000_s000847 success=True decision_rows=14
RISK_EPISODE_FINALIZED source_episode_id=3307 global_episode_id=r000_s003307 success=True decision_rows=22
RISK_EPISODE_FINALIZED source_episode_id=30 global_episode_id=r000_s000030 success=True decision_rows=15
RISK_EPISODE_FINALIZED source_episode_id=1316 global_episode_id=r000_s001316 success=True decision_rows=18
RISK_EPISODE_FINALIZED source_episode_id=1976 global_episode_id=r000_s001976 success=True decision_rows=18
RISK_EPISODE_FINALIZED source_episode_id=3648 global_episode_id=r000_s003648 success=True decision_rows=19
RISK_EPISODE_FINALIZED source_episode_id=1026 global_episode_id=r000_s001026 success=True decision_rows=15
RISK_EPISODE_FINALIZED source_episode_id=447 global_episode_id=r000_s000447 success=True decision_rows=17
RISK_EPISODE_FINALIZED source_episode_id=1013 global_episode_id=r000_s001013 success=True decision_rows=19
RISK_EPISODE_FINALIZED source_episode_id=1006 global_episode_id=r000_s001006 success=True decision_rows=17
RISK_EPISODE_FINALIZED source_episode_id=206 global_episode_id=r000_s000206 success=True decision_rows=20
RISK_EPISODE_FINALIZED source_episode_id=3460 global_episode_id=r000_s003460 success=True decision_rows=20
RISK_EPISODE_FINALIZED source_episode_id=1832 global_episode_id=r000_s001832 success=True decision_rows=13
RISK_EPISODE_FINALIZED source_episode_id=1606 global_episode_id=r000_s001606 success=True decision_rows=17
RISK_EPISODE_FINALIZED source_episode_id=886 global_episode_id=r000_s000886 success=True decision_rows=21
RISK_EPISODE_FINALIZED source_episode_id=2750 global_episode_id=r000_s002750 success=True decision_rows=18
RISK_EPISODE_FINALIZED source_episode_id=1864 global_episode_id=r000_s001864 success=True decision_rows=19
RISK_EPISODE_FINALIZED source_episode_id=1867 global_episode_id=r000_s001867 success=True decision_rows=20
RISK_EPISODE_FINALIZED source_episode_id=182 global_episode_id=r000_s000182 success=True decision_rows=21
RISK_EPISODE_FINALIZED source_episode_id=255 global_episode_id=r000_s000255 success=True decision_rows=15
RISK_EPISODE_FINALIZED source_episode_id=1029 global_episode_id=r000_s001029 success=True decision_rows=18
RISK_EPISODE_FINALIZED source_episode_id=3176 global_episode_id=r000_s003176 success=True decision_rows=19
RISK_EPISODE_FINALIZED source_episode_id=565 global_episode_id=r000_s000565 success=True decision_rows=20
RISK_EPISODE_FINALIZED source_episode_id=3810 global_episode_id=r000_s003810 success=True decision_rows=18
RISK_EPISODE_FINALIZED source_episode_id=985 global_episode_id=r000_s000985 success=True decision_rows=19
RISK_EPISODE_FINALIZED source_episode_id=1155 global_episode_id=r000_s001155 success=True decision_rows=24
RISK_EPISODE_FINALIZED source_episode_id=736 global_episode_id=r000_s000736 success=True decision_rows=15
RISK_EPISODE_FINALIZED source_episode_id=570 global_episode_id=r000_s000570 success=True decision_rows=20
RISK_EPISODE_FINALIZED source_episode_id=4112 global_episode_id=r000_s004112 success=True decision_rows=21
RISK_EPISODE_FINALIZED source_episode_id=2627 global_episode_id=r000_s002627 success=True decision_rows=24
RISK_EPISODE_FINALIZED source_episode_id=797 global_episode_id=r000_s000797 success=True decision_rows=19
RISK_EPISODE_FINALIZED source_episode_id=3974 global_episode_id=r000_s003974 success=True decision_rows=15
RISK_EPISODE_FINALIZED source_episode_id=131 global_episode_id=r000_s000131 success=True decision_rows=23
RISK_EPISODE_FINALIZED source_episode_id=2348 global_episode_id=r000_s002348 success=True decision_rows=15
RISK_EPISODE_FINALIZED source_episode_id=1553 global_episode_id=r000_s001553 success=True decision_rows=20
RISK_EPISODE_FINALIZED source_episode_id=3477 global_episode_id=r000_s003477 success=True decision_rows=21
RISK_EPISODE_FINALIZED source_episode_id=1117 global_episode_id=r000_s001117 success=True decision_rows=20
RISK_EPISODE_FINALIZED source_episode_id=3407 global_episode_id=r000_s003407 success=True decision_rows=17
RISK_EPISODE_FINALIZED source_episode_id=4066 global_episode_id=r000_s004066 success=True decision_rows=18
RISK_EPISODE_FINALIZED source_episode_id=4077 global_episode_id=r000_s004077 success=True decision_rows=15
RISK_EPISODE_FINALIZED source_episode_id=1492 global_episode_id=r000_s001492 success=True decision_rows=22
RISK_EPISODE_FINALIZED source_episode_id=2303 global_episode_id=r000_s002303 success=True decision_rows=17
RISK_EPISODE_FINALIZED source_episode_id=2158 global_episode_id=r000_s002158 success=True decision_rows=18
RISK_EPISODE_FINALIZED source_episode_id=4011 global_episode_id=r000_s004011 success=True decision_rows=22
RISK_EPISODE_FINALIZED source_episode_id=761 global_episode_id=r000_s000761 success=True decision_rows=19
RISK_EPISODE_FINALIZED source_episode_id=1956 global_episode_id=r000_s001956 success=True decision_rows=17
RISK_EPISODE_FINALIZED source_episode_id=3706 global_episode_id=r000_s003706 success=True decision_rows=13
RISK_EPISODE_FINALIZED source_episode_id=320 global_episode_id=r000_s000320 success=True decision_rows=16
RISK_EPISODE_FINALIZED source_episode_id=2893 global_episode_id=r000_s002893 success=True decision_rows=19
RISK_EPISODE_FINALIZED source_episode_id=3197 global_episode_id=r000_s003197 success=True decision_rows=19
RISK_EPISODE_FINALIZED source_episode_id=3552 global_episode_id=r000_s003552 success=True decision_rows=19
RISK_EPISODE_FINALIZED source_episode_id=2235 global_episode_id=r000_s002235 success=True decision_rows=19
RISK_EPISODE_FINALIZED source_episode_id=1475 global_episode_id=r000_s001475 success=True decision_rows=22
RISK_EPISODE_FINALIZED source_episode_id=1196 global_episode_id=r000_s001196 success=True decision_rows=21
RISK_EPISODE_FINALIZED source_episode_id=2524 global_episode_id=r000_s002524 success=True decision_rows=17
RISK_EPISODE_FINALIZED source_episode_id=2302 global_episode_id=r000_s002302 success=True decision_rows=20
RISK_EPISODE_FINALIZED source_episode_id=2328 global_episode_id=r000_s002328 success=True decision_rows=22
RISK_EPISODE_FINALIZED source_episode_id=3170 global_episode_id=r000_s003170 success=True decision_rows=15
RISK_EPISODE_FINALIZED source_episode_id=1038 global_episode_id=r000_s001038 success=True decision_rows=20
RISK_EPISODE_FINALIZED source_episode_id=924 global_episode_id=r000_s000924 success=True decision_rows=19
RISK_EPISODE_FINALIZED source_episode_id=2853 global_episode_id=r000_s002853 success=True decision_rows=17
RISK_EPISODE_FINALIZED source_episode_id=4192 global_episode_id=r000_s004192 success=True decision_rows=14
RISK_EPISODE_FINALIZED source_episode_id=1407 global_episode_id=r000_s001407 success=True decision_rows=16
RISK_EPISODE_FINALIZED source_episode_id=2799 global_episode_id=r000_s002799 success=True decision_rows=20
RISK_EPISODE_FINALIZED source_episode_id=1186 global_episode_id=r000_s001186 success=True decision_rows=16
RISK_EPISODE_FINALIZED source_episode_id=1559 global_episode_id=r000_s001559 success=True decision_rows=13
RISK_EPISODE_FINALIZED source_episode_id=1473 global_episode_id=r000_s001473 success=True decision_rows=23
RISK_EPISODE_FINALIZED source_episode_id=1716 global_episode_id=r000_s001716 success=True decision_rows=18
RISK_EPISODE_FINALIZED source_episode_id=3076 global_episode_id=r000_s003076 success=True decision_rows=21
RISK_EPISODE_FINALIZED source_episode_id=2718 global_episode_id=r000_s002718 success=True decision_rows=18
RISK_EPISODE_FINALIZED source_episode_id=3911 global_episode_id=r000_s003911 success=True decision_rows=18
RISK_EPISODE_FINALIZED source_episode_id=232 global_episode_id=r000_s000232 success=True decision_rows=19
RISK_EPISODE_FINALIZED source_episode_id=226 global_episode_id=r000_s000226 success=True decision_rows=16
RISK_EPISODE_FINALIZED source_episode_id=2184 global_episode_id=r000_s002184 success=True decision_rows=20
RISK_EPISODE_FINALIZED source_episode_id=2472 global_episode_id=r000_s002472 success=True decision_rows=20
RISK_EPISODE_FINALIZED source_episode_id=65 global_episode_id=r000_s000065 success=True decision_rows=17
RISK_EPISODE_FINALIZED source_episode_id=2435 global_episode_id=r000_s002435 success=True decision_rows=24
RISK_EPISODE_FINALIZED source_episode_id=3806 global_episode_id=r000_s003806 success=True decision_rows=19
RISK_EPISODE_FINALIZED source_episode_id=3790 global_episode_id=r000_s003790 success=True decision_rows=19
RISK_EPISODE_FINALIZED source_episode_id=1167 global_episode_id=r000_s001167 success=True decision_rows=18
RISK_EPISODE_FINALIZED source_episode_id=3674 global_episode_id=r000_s003674 success=True decision_rows=14
RISK_EPISODE_FINALIZED source_episode_id=258 global_episode_id=r000_s000258 success=True decision_rows=15
RISK_EPISODE_FINALIZED source_episode_id=1379 global_episode_id=r000_s001379 success=True decision_rows=21
RISK_EPISODE_FINALIZED source_episode_id=498 global_episode_id=r000_s000498 success=True decision_rows=22
RISK_EPISODE_FINALIZED source_episode_id=1234 global_episode_id=r000_s001234 success=True decision_rows=19
RISK_EPISODE_FINALIZED source_episode_id=2336 global_episode_id=r000_s002336 success=True decision_rows=19
RISK_EPISODE_FINALIZED source_episode_id=3118 global_episode_id=r000_s003118 success=True decision_rows=19
RISK_EPISODE_FINALIZED source_episode_id=1538 global_episode_id=r000_s001538 success=True decision_rows=17
RISK_EPISODE_FINALIZED source_episode_id=2595 global_episode_id=r000_s002595 success=True decision_rows=23
RISK_EPISODE_FINALIZED source_episode_id=1466 global_episode_id=r000_s001466 success=True decision_rows=14
RISK_EPISODE_FINALIZED source_episode_id=3463 global_episode_id=r000_s003463 success=True decision_rows=20
RISK_EPISODE_FINALIZED source_episode_id=522 global_episode_id=r000_s000522 success=True decision_rows=14
RISK_EPISODE_FINALIZED source_episode_id=527 global_episode_id=r000_s000527 success=True decision_rows=17
RISK_EPISODE_FINALIZED source_episode_id=3240 global_episode_id=r000_s003240 success=True decision_rows=17
RISK_EPISODE_FINALIZED source_episode_id=1031 global_episode_id=r000_s001031 success=True decision_rows=18
RISK_EPISODE_FINALIZED source_episode_id=1529 global_episode_id=r000_s001529 success=True decision_rows=21
RISK_EPISODE_FINALIZED source_episode_id=2531 global_episode_id=r000_s002531 success=True decision_rows=22
RISK_EPISODE_FINALIZED source_episode_id=2644 global_episode_id=r000_s002644 success=True decision_rows=18
RISK_EPISODE_FINALIZED source_episode_id=1739 global_episode_id=r000_s001739 success=True decision_rows=19
RISK_EPISODE_FINALIZED source_episode_id=3759 global_episode_id=r000_s003759 success=True decision_rows=20
RISK_EPISODE_FINALIZED source_episode_id=4166 global_episode_id=r000_s004166 success=True decision_rows=21
RISK_EPISODE_FINALIZED source_episode_id=3665 global_episode_id=r000_s003665 success=True decision_rows=19
RISK_EPISODE_FINALIZED source_episode_id=3322 global_episode_id=r000_s003322 success=True decision_rows=15
RISK_EPISODE_FINALIZED source_episode_id=2965 global_episode_id=r000_s002965 success=True decision_rows=21
RISK_EPISODE_FINALIZED source_episode_id=1698 global_episode_id=r000_s001698 success=True decision_rows=17
RISK_EPISODE_FINALIZED source_episode_id=1927 global_episode_id=r000_s001927 success=True decision_rows=21
RISK_EPISODE_FINALIZED source_episode_id=2938 global_episode_id=r000_s002938 success=True decision_rows=20
RISK_EPISODE_FINALIZED source_episode_id=3249 global_episode_id=r000_s003249 success=True decision_rows=15
RISK_EPISODE_FINALIZED source_episode_id=623 global_episode_id=r000_s000623 success=True decision_rows=14
RISK_EPISODE_FINALIZED source_episode_id=88 global_episode_id=r000_s000088 success=True decision_rows=21
RISK_EPISODE_FINALIZED source_episode_id=3769 global_episode_id=r000_s003769 success=True decision_rows=21
RISK_EPISODE_FINALIZED source_episode_id=1796 global_episode_id=r000_s001796 success=True decision_rows=21
RISK_EPISODE_FINALIZED source_episode_id=2415 global_episode_id=r000_s002415 success=True decision_rows=23
RISK_EPISODE_FINALIZED source_episode_id=2126 global_episode_id=r000_s002126 success=True decision_rows=17
RISK_EPISODE_FINALIZED source_episode_id=2071 global_episode_id=r000_s002071 success=True decision_rows=7
RISK_EPISODE_FINALIZED source_episode_id=2340 global_episode_id=r000_s002340 success=False decision_rows=60
RISK_EPISODE_FINALIZED source_episode_id=4093 global_episode_id=r000_s004093 success=True decision_rows=17
RISK_EPISODE_FINALIZED source_episode_id=3823 global_episode_id=r000_s003823 success=True decision_rows=19
RISK_EPISODE_FINALIZED source_episode_id=4159 global_episode_id=r000_s004159 success=True decision_rows=16
RISK_EPISODE_FINALIZED source_episode_id=3976 global_episode_id=r000_s003976 success=True decision_rows=19
RISK_EPISODE_FINALIZED source_episode_id=239 global_episode_id=r000_s000239 success=True decision_rows=23
RISK_EPISODE_FINALIZED source_episode_id=1233 global_episode_id=r000_s001233 success=True decision_rows=21
RISK_EPISODE_FINALIZED source_episode_id=3720 global_episode_id=r000_s003720 success=True decision_rows=20
RISK_EPISODE_FINALIZED source_episode_id=2306 global_episode_id=r000_s002306 success=True decision_rows=15
RISK_EPISODE_FINALIZED source_episode_id=271 global_episode_id=r000_s000271 success=True decision_rows=13
RISK_EPISODE_FINALIZED source_episode_id=961 global_episode_id=r000_s000961 success=True decision_rows=21
RISK_EPISODE_FINALIZED source_episode_id=21 global_episode_id=r000_s000021 success=True decision_rows=21
RISK_EPISODE_FINALIZED source_episode_id=2700 global_episode_id=r000_s002700 success=True decision_rows=17
RISK_EPISODE_FINALIZED source_episode_id=516 global_episode_id=r000_s000516 success=True decision_rows=19
RISK_EPISODE_FINALIZED source_episode_id=1093 global_episode_id=r000_s001093 success=True decision_rows=19
RISK_EPISODE_FINALIZED source_episode_id=3372 global_episode_id=r000_s003372 success=True decision_rows=15
RISK_EPISODE_FINALIZED source_episode_id=1096 global_episode_id=r000_s001096 success=True decision_rows=19
RISK_EPISODE_FINALIZED source_episode_id=1714 global_episode_id=r000_s001714 success=True decision_rows=22
RISK_EPISODE_FINALIZED source_episode_id=1779 global_episode_id=r000_s001779 success=True decision_rows=21
RISK_EPISODE_FINALIZED source_episode_id=890 global_episode_id=r000_s000890 success=True decision_rows=20
RISK_EPISODE_FINALIZED source_episode_id=4162 global_episode_id=r000_s004162 success=True decision_rows=9
RISK_EPISODE_FINALIZED source_episode_id=1325 global_episode_id=r000_s001325 success=True decision_rows=17
RISK_EPISODE_FINALIZED source_episode_id=2647 global_episode_id=r000_s002647 success=True decision_rows=15
RISK_EPISODE_FINALIZED source_episode_id=1915 global_episode_id=r000_s001915 success=True decision_rows=17
RISK_EPISODE_FINALIZED source_episode_id=4055 global_episode_id=r000_s004055 success=True decision_rows=16
RISK_EPISODE_FINALIZED source_episode_id=1852 global_episode_id=r000_s001852 success=True decision_rows=15
RISK_EPISODE_FINALIZED source_episode_id=1367 global_episode_id=r000_s001367 success=True decision_rows=15
RISK_EPISODE_FINALIZED source_episode_id=929 global_episode_id=r000_s000929 success=True decision_rows=15
RISK_EPISODE_FINALIZED source_episode_id=3145 global_episode_id=r000_s003145 success=True decision_rows=20
RISK_EPISODE_FINALIZED source_episode_id=4130 global_episode_id=r000_s004130 success=True decision_rows=14
RISK_EPISODE_FINALIZED source_episode_id=1992 global_episode_id=r000_s001992 success=True decision_rows=20
RISK_EPISODE_FINALIZED source_episode_id=2233 global_episode_id=r000_s002233 success=True decision_rows=20
RISK_EPISODE_FINALIZED source_episode_id=1635 global_episode_id=r000_s001635 success=True decision_rows=22
RISK_EPISODE_FINALIZED source_episode_id=3746 global_episode_id=r000_s003746 success=True decision_rows=10
RISK_EPISODE_FINALIZED source_episode_id=157 global_episode_id=r000_s000157 success=True decision_rows=16
RISK_EPISODE_FINALIZED source_episode_id=273 global_episode_id=r000_s000273 success=True decision_rows=21
RISK_EPISODE_FINALIZED source_episode_id=529 global_episode_id=r000_s000529 success=True decision_rows=21
RISK_EPISODE_FINALIZED source_episode_id=2903 global_episode_id=r000_s002903 success=True decision_rows=13
RISK_EPISODE_FINALIZED source_episode_id=2711 global_episode_id=r000_s002711 success=True decision_rows=14
RISK_EPISODE_FINALIZED source_episode_id=4086 global_episode_id=r000_s004086 success=True decision_rows=21
RISK_EPISODE_FINALIZED source_episode_id=2824 global_episode_id=r000_s002824 success=True decision_rows=20
RISK_EPISODE_FINALIZED source_episode_id=3275 global_episode_id=r000_s003275 success=True decision_rows=20
RISK_EPISODE_FINALIZED source_episode_id=3528 global_episode_id=r000_s003528 success=True decision_rows=14
RISK_EPISODE_FINALIZED source_episode_id=3588 global_episode_id=r000_s003588 success=True decision_rows=20
RISK_EPISODE_FINALIZED source_episode_id=1286 global_episode_id=r000_s001286 success=True decision_rows=20
RISK_EPISODE_FINALIZED source_episode_id=3936 global_episode_id=r000_s003936 success=True decision_rows=19
RISK_EPISODE_FINALIZED source_episode_id=8 global_episode_id=r000_s000008 success=True decision_rows=19
RISK_EPISODE_FINALIZED source_episode_id=2817 global_episode_id=r000_s002817 success=True decision_rows=21
RISK_EPISODE_FINALIZED source_episode_id=1356 global_episode_id=r000_s001356 success=True decision_rows=15
RISK_EPISODE_FINALIZED source_episode_id=4061 global_episode_id=r000_s004061 success=True decision_rows=17
RISK_EPISODE_FINALIZED source_episode_id=2316 global_episode_id=r000_s002316 success=True decision_rows=17
RISK_EPISODE_FINALIZED source_episode_id=1948 global_episode_id=r000_s001948 success=True decision_rows=12
RISK_EPISODE_FINALIZED source_episode_id=902 global_episode_id=r000_s000902 success=True decision_rows=19
RISK_EPISODE_FINALIZED source_episode_id=2525 global_episode_id=r000_s002525 success=True decision_rows=20
RISK_EPISODE_FINALIZED source_episode_id=1605 global_episode_id=r000_s001605 success=True decision_rows=19
RISK_EPISODE_FINALIZED source_episode_id=3285 global_episode_id=r000_s003285 success=True decision_rows=17
RISK_EPISODE_FINALIZED source_episode_id=91 global_episode_id=r000_s000091 success=True decision_rows=19
RISK_EPISODE_FINALIZED source_episode_id=151 global_episode_id=r000_s000151 success=True decision_rows=16
RISK_EPISODE_FINALIZED source_episode_id=465 global_episode_id=r000_s000465 success=True decision_rows=21
RISK_EPISODE_FINALIZED source_episode_id=2236 global_episode_id=r000_s002236 success=True decision_rows=17
RISK_EPISODE_FINALIZED source_episode_id=3489 global_episode_id=r000_s003489 success=True decision_rows=17
RISK_EPISODE_FINALIZED source_episode_id=1955 global_episode_id=r000_s001955 success=True decision_rows=15
RISK_EPISODE_FINALIZED source_episode_id=645 global_episode_id=r000_s000645 success=True decision_rows=20
RISK_EPISODE_FINALIZED source_episode_id=942 global_episode_id=r000_s000942 success=True decision_rows=16
RISK_EPISODE_FINALIZED source_episode_id=1561 global_episode_id=r000_s001561 success=True decision_rows=19
RISK_EPISODE_FINALIZED source_episode_id=3981 global_episode_id=r000_s003981 success=True decision_rows=17
RISK_EPISODE_FINALIZED source_episode_id=1250 global_episode_id=r000_s001250 success=True decision_rows=9
RISK_EPISODE_FINALIZED source_episode_id=312 global_episode_id=r000_s000312 success=True decision_rows=17
RISK_EPISODE_FINALIZED source_episode_id=4125 global_episode_id=r000_s004125 success=True decision_rows=20
RISK_EPISODE_FINALIZED source_episode_id=3419 global_episode_id=r000_s003419 success=True decision_rows=18
RISK_EPISODE_FINALIZED source_episode_id=2687 global_episode_id=r000_s002687 success=True decision_rows=17
RISK_EPISODE_FINALIZED source_episode_id=2210 global_episode_id=r000_s002210 success=True decision_rows=16
RISK_EPISODE_FINALIZED source_episode_id=1679 global_episode_id=r000_s001679 success=True decision_rows=17
RISK_EPISODE_FINALIZED source_episode_id=3813 global_episode_id=r000_s003813 success=True decision_rows=18
RISK_EPISODE_FINALIZED source_episode_id=665 global_episode_id=r000_s000665 success=True decision_rows=18
RISK_EPISODE_FINALIZED source_episode_id=3317 global_episode_id=r000_s003317 success=True decision_rows=13
RISK_EPISODE_FINALIZED source_episode_id=2959 global_episode_id=r000_s002959 success=True decision_rows=16
RISK_EPISODE_FINALIZED source_episode_id=2345 global_episode_id=r000_s002345 success=True decision_rows=19
RISK_EPISODE_FINALIZED source_episode_id=2078 global_episode_id=r000_s002078 success=True decision_rows=18
RISK_EPISODE_FINALIZED source_episode_id=377 global_episode_id=r000_s000377 success=True decision_rows=20
RISK_EPISODE_FINALIZED source_episode_id=3247 global_episode_id=r000_s003247 success=True decision_rows=20
RISK_EPISODE_FINALIZED source_episode_id=3771 global_episode_id=r000_s003771 success=True decision_rows=15
RISK_EPISODE_FINALIZED source_episode_id=913 global_episode_id=r000_s000913 success=True decision_rows=20
RISK_EPISODE_FINALIZED source_episode_id=1425 global_episode_id=r000_s001425 success=True decision_rows=22
RISK_EPISODE_FINALIZED source_episode_id=1429 global_episode_id=r000_s001429 success=True decision_rows=21
RISK_EPISODE_FINALIZED source_episode_id=1980 global_episode_id=r000_s001980 success=True decision_rows=18
RISK_EPISODE_FINALIZED source_episode_id=3396 global_episode_id=r000_s003396 success=True decision_rows=21
RISK_EPISODE_FINALIZED source_episode_id=2088 global_episode_id=r000_s002088 success=True decision_rows=19
RISK_EPISODE_FINALIZED source_episode_id=2477 global_episode_id=r000_s002477 success=True decision_rows=20
RISK_EPISODE_FINALIZED source_episode_id=642 global_episode_id=r000_s000642 success=True decision_rows=9
RISK_EPISODE_FINALIZED source_episode_id=3856 global_episode_id=r000_s003856 success=True decision_rows=21
RISK_EPISODE_FINALIZED source_episode_id=1204 global_episode_id=r000_s001204 success=True decision_rows=20
RISK_EPISODE_FINALIZED source_episode_id=2496 global_episode_id=r000_s002496 success=True decision_rows=18
RISK_EPISODE_FINALIZED source_episode_id=3137 global_episode_id=r000_s003137 success=True decision_rows=20
RISK_EPISODE_FINALIZED source_episode_id=3971 global_episode_id=r000_s003971 success=True decision_rows=22
RISK_EPISODE_FINALIZED source_episode_id=2001 global_episode_id=r000_s002001 success=True decision_rows=16
RISK_EPISODE_FINALIZED source_episode_id=2232 global_episode_id=r000_s002232 success=True decision_rows=24
RISK_EPISODE_FINALIZED source_episode_id=1732 global_episode_id=r000_s001732 success=True decision_rows=21
RISK_EPISODE_FINALIZED source_episode_id=563 global_episode_id=r000_s000563 success=True decision_rows=20
RISK_EPISODE_FINALIZED source_episode_id=4127 global_episode_id=r000_s004127 success=True decision_rows=19
RISK_EPISODE_FINALIZED source_episode_id=2214 global_episode_id=r000_s002214 success=True decision_rows=19
RISK_EPISODE_FINALIZED source_episode_id=3089 global_episode_id=r000_s003089 success=True decision_rows=15
RISK_EPISODE_FINALIZED source_episode_id=1320 global_episode_id=r000_s001320 success=True decision_rows=18
RISK_EPISODE_FINALIZED source_episode_id=3206 global_episode_id=r000_s003206 success=True decision_rows=18
RISK_EPISODE_FINALIZED source_episode_id=2920 global_episode_id=r000_s002920 success=True decision_rows=20
RISK_EPISODE_FINALIZED source_episode_id=3449 global_episode_id=r000_s003449 success=True decision_rows=18
RISK_EPISODE_FINALIZED source_episode_id=187 global_episode_id=r000_s000187 success=True decision_rows=9
RISK_EPISODE_FINALIZED source_episode_id=426 global_episode_id=r000_s000426 success=True decision_rows=15
RISK_EPISODE_FINALIZED source_episode_id=3571 global_episode_id=r000_s003571 success=True decision_rows=18
RISK_EPISODE_FINALIZED source_episode_id=2503 global_episode_id=r000_s002503 success=True decision_rows=21
RISK_EPISODE_FINALIZED source_episode_id=2221 global_episode_id=r000_s002221 success=True decision_rows=18
RISK_EPISODE_FINALIZED source_episode_id=186 global_episode_id=r000_s000186 success=True decision_rows=20
RISK_EPISODE_FINALIZED source_episode_id=2000 global_episode_id=r000_s002000 success=True decision_rows=20
RISK_EPISODE_FINALIZED source_episode_id=1016 global_episode_id=r000_s001016 success=True decision_rows=21
RISK_EPISODE_FINALIZED source_episode_id=2559 global_episode_id=r000_s002559 success=True decision_rows=18
RISK_EPISODE_FINALIZED source_episode_id=2863 global_episode_id=r000_s002863 success=True decision_rows=20
RISK_EPISODE_FINALIZED source_episode_id=519 global_episode_id=r000_s000519 success=False decision_rows=60
RISK_EPISODE_FINALIZED source_episode_id=895 global_episode_id=r000_s000895 success=True decision_rows=17
RISK_EPISODE_FINALIZED source_episode_id=802 global_episode_id=r000_s000802 success=True decision_rows=16
RISK_EPISODE_FINALIZED source_episode_id=1544 global_episode_id=r000_s001544 success=True decision_rows=20
RISK_EPISODE_FINALIZED source_episode_id=344 global_episode_id=r000_s000344 success=True decision_rows=23
RISK_EPISODE_FINALIZED source_episode_id=3296 global_episode_id=r000_s003296 success=True decision_rows=20
RISK_EPISODE_FINALIZED source_episode_id=569 global_episode_id=r000_s000569 success=True decision_rows=15
RISK_EPISODE_FINALIZED source_episode_id=1260 global_episode_id=r000_s001260 success=True decision_rows=19
RISK_EPISODE_FINALIZED source_episode_id=1460 global_episode_id=r000_s001460 success=True decision_rows=19
RISK_EPISODE_FINALIZED source_episode_id=3814 global_episode_id=r000_s003814 success=True decision_rows=19
RISK_EPISODE_FINALIZED source_episode_id=2294 global_episode_id=r000_s002294 success=True decision_rows=19
RISK_EPISODE_FINALIZED source_episode_id=3913 global_episode_id=r000_s003913 success=True decision_rows=15
RISK_EPISODE_FINALIZED source_episode_id=2851 global_episode_id=r000_s002851 success=True decision_rows=21
RISK_EPISODE_FINALIZED source_episode_id=2005 global_episode_id=r000_s002005 success=True decision_rows=21
RISK_EPISODE_FINALIZED source_episode_id=839 global_episode_id=r000_s000839 success=True decision_rows=21
RISK_EPISODE_FINALIZED source_episode_id=135 global_episode_id=r000_s000135 success=True decision_rows=20
RISK_EPISODE_FINALIZED source_episode_id=936 global_episode_id=r000_s000936 success=False decision_rows=60
RISK_EPISODE_FINALIZED source_episode_id=2354 global_episode_id=r000_s002354 success=True decision_rows=22
RISK_EPISODE_FINALIZED source_episode_id=3726 global_episode_id=r000_s003726 success=True decision_rows=18
RISK_EPISODE_FINALIZED source_episode_id=1574 global_episode_id=r000_s001574 success=True decision_rows=21
RISK_EPISODE_FINALIZED source_episode_id=2049 global_episode_id=r000_s002049 success=True decision_rows=17
RISK_EPISODE_FINALIZED source_episode_id=1135 global_episode_id=r000_s001135 success=True decision_rows=20
RISK_EPISODE_FINALIZED source_episode_id=1214 global_episode_id=r000_s001214 success=True decision_rows=20
RISK_EPISODE_FINALIZED source_episode_id=1125 global_episode_id=r000_s001125 success=True decision_rows=17
RISK_EPISODE_FINALIZED source_episode_id=3977 global_episode_id=r000_s003977 success=True decision_rows=20
RISK_EPISODE_FINALIZED source_episode_id=1565 global_episode_id=r000_s001565 success=True decision_rows=14
RISK_EPISODE_FINALIZED source_episode_id=2434 global_episode_id=r000_s002434 success=True decision_rows=15
RISK_EPISODE_FINALIZED source_episode_id=2659 global_episode_id=r000_s002659 success=True decision_rows=21
RISK_EPISODE_FINALIZED source_episode_id=917 global_episode_id=r000_s000917 success=True decision_rows=21
RISK_EPISODE_FINALIZED source_episode_id=2337 global_episode_id=r000_s002337 success=True decision_rows=17
RISK_EPISODE_FINALIZED source_episode_id=2888 global_episode_id=r000_s002888 success=False decision_rows=60
RISK_EPISODE_FINALIZED source_episode_id=2630 global_episode_id=r000_s002630 success=True decision_rows=20
RISK_EPISODE_FINALIZED source_episode_id=332 global_episode_id=r000_s000332 success=True decision_rows=17
RISK_EPISODE_FINALIZED source_episode_id=2285 global_episode_id=r000_s002285 success=True decision_rows=20
RISK_EPISODE_FINALIZED source_episode_id=2405 global_episode_id=r000_s002405 success=True decision_rows=9
RISK_EPISODE_FINALIZED source_episode_id=275 global_episode_id=r000_s000275 success=True decision_rows=18
RISK_EPISODE_FINALIZED source_episode_id=2358 global_episode_id=r000_s002358 success=True decision_rows=18
RISK_EPISODE_FINALIZED source_episode_id=2686 global_episode_id=r000_s002686 success=True decision_rows=19
RISK_EPISODE_FINALIZED source_episode_id=1986 global_episode_id=r000_s001986 success=True decision_rows=16
RISK_EPISODE_FINALIZED source_episode_id=2187 global_episode_id=r000_s002187 success=True decision_rows=21
RISK_EPISODE_FINALIZED source_episode_id=3954 global_episode_id=r000_s003954 success=False decision_rows=60
RISK_EPISODE_FINALIZED source_episode_id=3380 global_episode_id=r000_s003380 success=True decision_rows=17
RISK_EPISODE_FINALIZED source_episode_id=1477 global_episode_id=r000_s001477 success=True decision_rows=19
RISK_EPISODE_FINALIZED source_episode_id=2822 global_episode_id=r000_s002822 success=True decision_rows=21
RISK_EPISODE_FINALIZED source_episode_id=17 global_episode_id=r000_s000017 success=True decision_rows=20
RISK_EPISODE_FINALIZED source_episode_id=1358 global_episode_id=r000_s001358 success=True decision_rows=12
RISK_EPISODE_FINALIZED source_episode_id=1339 global_episode_id=r000_s001339 success=True decision_rows=16
RISK_EPISODE_FINALIZED source_episode_id=1266 global_episode_id=r000_s001266 success=True decision_rows=22
RISK_EPISODE_FINALIZED source_episode_id=2937 global_episode_id=r000_s002937 success=True decision_rows=21
RISK_EPISODE_FINALIZED source_episode_id=2671 global_episode_id=r000_s002671 success=True decision_rows=15
RISK_EPISODE_FINALIZED source_episode_id=3676 global_episode_id=r000_s003676 success=True decision_rows=17
RISK_EPISODE_FINALIZED source_episode_id=2613 global_episode_id=r000_s002613 success=True decision_rows=20
RISK_EPISODE_FINALIZED source_episode_id=3019 global_episode_id=r000_s003019 success=True decision_rows=21
RISK_EPISODE_FINALIZED source_episode_id=3616 global_episode_id=r000_s003616 success=True decision_rows=19
RISK_EPISODE_FINALIZED source_episode_id=3029 global_episode_id=r000_s003029 success=True decision_rows=16
RISK_EPISODE_FINALIZED source_episode_id=1193 global_episode_id=r000_s001193 success=True decision_rows=13
RISK_EPISODE_FINALIZED source_episode_id=2392 global_episode_id=r000_s002392 success=True decision_rows=19
RISK_EPISODE_FINALIZED source_episode_id=877 global_episode_id=r000_s000877 success=True decision_rows=19
RISK_EPISODE_FINALIZED source_episode_id=1853 global_episode_id=r000_s001853 success=True decision_rows=19
RISK_EPISODE_FINALIZED source_episode_id=1563 global_episode_id=r000_s001563 success=True decision_rows=19
RISK_EPISODE_FINALIZED source_episode_id=120 global_episode_id=r000_s000120 success=False decision_rows=60
RISK_EPISODE_FINALIZED source_episode_id=3877 global_episode_id=r000_s003877 success=True decision_rows=17
RISK_EPISODE_FINALIZED source_episode_id=238 global_episode_id=r000_s000238 success=True decision_rows=13
RISK_EPISODE_FINALIZED source_episode_id=2639 global_episode_id=r000_s002639 success=True decision_rows=17
RISK_EPISODE_FINALIZED source_episode_id=1269 global_episode_id=r000_s001269 success=True decision_rows=20
RISK_EPISODE_FINALIZED source_episode_id=2242 global_episode_id=r000_s002242 success=True decision_rows=15
RISK_EPISODE_FINALIZED source_episode_id=3254 global_episode_id=r000_s003254 success=True decision_rows=20
RISK_EPISODE_FINALIZED source_episode_id=2251 global_episode_id=r000_s002251 success=True decision_rows=16
RISK_EPISODE_FINALIZED source_episode_id=2042 global_episode_id=r000_s002042 success=False decision_rows=60
RISK_EPISODE_FINALIZED source_episode_id=1978 global_episode_id=r000_s001978 success=True decision_rows=20
RISK_EPISODE_FINALIZED source_episode_id=3946 global_episode_id=r000_s003946 success=True decision_rows=10
RISK_EPISODE_FINALIZED source_episode_id=1797 global_episode_id=r000_s001797 success=True decision_rows=13
RISK_EPISODE_FINALIZED source_episode_id=3122 global_episode_id=r000_s003122 success=True decision_rows=22
RISK_EPISODE_FINALIZED source_episode_id=171 global_episode_id=r000_s000171 success=True decision_rows=22
RISK_EPISODE_FINALIZED source_episode_id=3652 global_episode_id=r000_s003652 success=True decision_rows=21
RISK_EPISODE_FINALIZED source_episode_id=1212 global_episode_id=r000_s001212 success=True decision_rows=16
RISK_EPISODE_FINALIZED source_episode_id=4008 global_episode_id=r000_s004008 success=True decision_rows=19
RISK_EPISODE_FINALIZED source_episode_id=4065 global_episode_id=r000_s004065 success=True decision_rows=16
RISK_EPISODE_FINALIZED source_episode_id=265 global_episode_id=r000_s000265 success=True decision_rows=20
RISK_EPISODE_FINALIZED source_episode_id=866 global_episode_id=r000_s000866 success=True decision_rows=13
RISK_EPISODE_FINALIZED source_episode_id=1868 global_episode_id=r000_s001868 success=True decision_rows=18
RISK_EPISODE_FINALIZED source_episode_id=142 global_episode_id=r000_s000142 success=True decision_rows=18
RISK_EPISODE_FINALIZED source_episode_id=59 global_episode_id=r000_s000059 success=True decision_rows=10
RISK_EPISODE_FINALIZED source_episode_id=3619 global_episode_id=r000_s003619 success=True decision_rows=22
RISK_EPISODE_FINALIZED source_episode_id=3211 global_episode_id=r000_s003211 success=True decision_rows=20
RISK_EPISODE_FINALIZED source_episode_id=2741 global_episode_id=r000_s002741 success=True decision_rows=20
RISK_EPISODE_FINALIZED source_episode_id=1556 global_episode_id=r000_s001556 success=True decision_rows=22
RISK_EPISODE_FINALIZED source_episode_id=196 global_episode_id=r000_s000196 success=True decision_rows=20
RISK_EPISODE_FINALIZED source_episode_id=2277 global_episode_id=r000_s002277 success=True decision_rows=17
RISK_EPISODE_FINALIZED source_episode_id=2065 global_episode_id=r000_s002065 success=True decision_rows=22
RISK_EPISODE_FINALIZED source_episode_id=160 global_episode_id=r000_s000160 success=True decision_rows=14
RISK_EPISODE_FINALIZED source_episode_id=4070 global_episode_id=r000_s004070 success=True decision_rows=19
RISK_EPISODE_FINALIZED source_episode_id=3398 global_episode_id=r000_s003398 success=True decision_rows=20
RISK_EPISODE_FINALIZED source_episode_id=2715 global_episode_id=r000_s002715 success=True decision_rows=16
RISK_EPISODE_FINALIZED source_episode_id=838 global_episode_id=r000_s000838 success=True decision_rows=17
RISK_EPISODE_FINALIZED source_episode_id=2956 global_episode_id=r000_s002956 success=True decision_rows=16
RISK_EPISODE_FINALIZED source_episode_id=3293 global_episode_id=r000_s003293 success=True decision_rows=17
RISK_EPISODE_FINALIZED source_episode_id=3484 global_episode_id=r000_s003484 success=True decision_rows=12
RISK_EPISODE_FINALIZED source_episode_id=48 global_episode_id=r000_s000048 success=True decision_rows=18
RISK_EPISODE_FINALIZED source_episode_id=2028 global_episode_id=r000_s002028 success=True decision_rows=21
RISK_EPISODE_FINALIZED source_episode_id=2852 global_episode_id=r000_s002852 success=True decision_rows=15
RISK_EPISODE_FINALIZED source_episode_id=4110 global_episode_id=r000_s004110 success=True decision_rows=18
RISK_EPISODE_FINALIZED source_episode_id=694 global_episode_id=r000_s000694 success=True decision_rows=21
RISK_EPISODE_FINALIZED source_episode_id=2763 global_episode_id=r000_s002763 success=True decision_rows=19
RISK_EPISODE_FINALIZED source_episode_id=1062 global_episode_id=r000_s001062 success=True decision_rows=20
RISK_EPISODE_FINALIZED source_episode_id=803 global_episode_id=r000_s000803 success=True decision_rows=16
RISK_EPISODE_FINALIZED source_episode_id=517 global_episode_id=r000_s000517 success=True decision_rows=19
RISK_EPISODE_FINALIZED source_episode_id=4145 global_episode_id=r000_s004145 success=True decision_rows=18
RISK_EPISODE_FINALIZED source_episode_id=2856 global_episode_id=r000_s002856 success=True decision_rows=19
RISK_EPISODE_FINALIZED source_episode_id=2334 global_episode_id=r000_s002334 success=True decision_rows=15
RISK_EPISODE_FINALIZED source_episode_id=2256 global_episode_id=r000_s002256 success=True decision_rows=16
RISK_EPISODE_FINALIZED source_episode_id=3909 global_episode_id=r000_s003909 success=True decision_rows=15
RISK_EPISODE_FINALIZED source_episode_id=3955 global_episode_id=r000_s003955 success=True decision_rows=21
RISK_EPISODE_FINALIZED source_episode_id=249 global_episode_id=r000_s000249 success=True decision_rows=21
RISK_EPISODE_FINALIZED source_episode_id=111 global_episode_id=r000_s000111 success=True decision_rows=20
RISK_EPISODE_FINALIZED source_episode_id=2468 global_episode_id=r000_s002468 success=True decision_rows=20
RISK_EPISODE_FINALIZED source_episode_id=2033 global_episode_id=r000_s002033 success=True decision_rows=19
RISK_EPISODE_FINALIZED source_episode_id=1402 global_episode_id=r000_s001402 success=True decision_rows=21
RISK_EPISODE_FINALIZED source_episode_id=1092 global_episode_id=r000_s001092 success=True decision_rows=20
RISK_EPISODE_FINALIZED source_episode_id=3797 global_episode_id=r000_s003797 success=True decision_rows=14
RISK_EPISODE_FINALIZED source_episode_id=1673 global_episode_id=r000_s001673 success=True decision_rows=18
RISK_EPISODE_FINALIZED source_episode_id=1083 global_episode_id=r000_s001083 success=True decision_rows=17
RISK_EPISODE_FINALIZED source_episode_id=2974 global_episode_id=r000_s002974 success=True decision_rows=17
RISK_EPISODE_FINALIZED source_episode_id=2050 global_episode_id=r000_s002050 success=True decision_rows=19
RISK_EPISODE_FINALIZED source_episode_id=3083 global_episode_id=r000_s003083 success=True decision_rows=20
RISK_EPISODE_FINALIZED source_episode_id=528 global_episode_id=r000_s000528 success=True decision_rows=21
RISK_EPISODE_FINALIZED source_episode_id=365 global_episode_id=r000_s000365 success=True decision_rows=19
RISK_EPISODE_FINALIZED source_episode_id=1597 global_episode_id=r000_s001597 success=True decision_rows=21
RISK_EPISODE_FINALIZED source_episode_id=2155 global_episode_id=r000_s002155 success=True decision_rows=21
RISK_EPISODE_FINALIZED source_episode_id=1449 global_episode_id=r000_s001449 success=True decision_rows=20
RISK_EPISODE_FINALIZED source_episode_id=1769 global_episode_id=r000_s001769 success=True decision_rows=20
RISK_EPISODE_FINALIZED source_episode_id=553 global_episode_id=r000_s000553 success=True decision_rows=19
RISK_EPISODE_FINALIZED source_episode_id=3736 global_episode_id=r000_s003736 success=True decision_rows=22
RISK_EPISODE_FINALIZED source_episode_id=3920 global_episode_id=r000_s003920 success=True decision_rows=21
RISK_EPISODE_FINALIZED source_episode_id=4188 global_episode_id=r000_s004188 success=True decision_rows=18
RISK_EPISODE_FINALIZED source_episode_id=2560 global_episode_id=r000_s002560 success=True decision_rows=18
RISK_EPISODE_FINALIZED source_episode_id=2040 global_episode_id=r000_s002040 success=True decision_rows=22
RISK_EPISODE_FINALIZED source_episode_id=431 global_episode_id=r000_s000431 success=True decision_rows=15
RISK_EPISODE_FINALIZED source_episode_id=2943 global_episode_id=r000_s002943 success=True decision_rows=17
RISK_EPISODE_FINALIZED source_episode_id=1385 global_episode_id=r000_s001385 success=True decision_rows=19
RISK_EPISODE_FINALIZED source_episode_id=3456 global_episode_id=r000_s003456 success=True decision_rows=18
RISK_EPISODE_FINALIZED source_episode_id=262 global_episode_id=r000_s000262 success=True decision_rows=19
RISK_EPISODE_FINALIZED source_episode_id=2934 global_episode_id=r000_s002934 success=True decision_rows=20
RISK_EPISODE_FINALIZED source_episode_id=721 global_episode_id=r000_s000721 success=True decision_rows=15
RISK_EPISODE_FINALIZED source_episode_id=1958 global_episode_id=r000_s001958 success=True decision_rows=19
RISK_EPISODE_FINALIZED source_episode_id=148 global_episode_id=r000_s000148 success=True decision_rows=23
RISK_EPISODE_FINALIZED source_episode_id=4090 global_episode_id=r000_s004090 success=True decision_rows=18
RISK_EPISODE_FINALIZED source_episode_id=153 global_episode_id=r000_s000153 success=True decision_rows=13
RISK_EPISODE_FINALIZED source_episode_id=800 global_episode_id=r000_s000800 success=True decision_rows=14
RISK_EPISODE_FINALIZED source_episode_id=1757 global_episode_id=r000_s001757 success=True decision_rows=18
RISK_EPISODE_FINALIZED source_episode_id=659 global_episode_id=r000_s000659 success=False decision_rows=60
RISK_EPISODE_FINALIZED source_episode_id=2136 global_episode_id=r000_s002136 success=True decision_rows=21
RISK_EPISODE_FINALIZED source_episode_id=1526 global_episode_id=r000_s001526 success=True decision_rows=20
RISK_EPISODE_FINALIZED source_episode_id=785 global_episode_id=r000_s000785 success=True decision_rows=20
RISK_EPISODE_FINALIZED source_episode_id=2897 global_episode_id=r000_s002897 success=True decision_rows=22
RISK_EPISODE_FINALIZED source_episode_id=995 global_episode_id=r000_s000995 success=True decision_rows=21
RISK_EPISODE_FINALIZED source_episode_id=2723 global_episode_id=r000_s002723 success=True decision_rows=21
RISK_EPISODE_FINALIZED source_episode_id=1860 global_episode_id=r000_s001860 success=True decision_rows=19
RISK_EPISODE_FINALIZED source_episode_id=731 global_episode_id=r000_s000731 success=True decision_rows=19
RISK_EPISODE_FINALIZED source_episode_id=1251 global_episode_id=r000_s001251 success=True decision_rows=22
RISK_EPISODE_FINALIZED source_episode_id=2981 global_episode_id=r000_s002981 success=True decision_rows=17
RISK_EPISODE_FINALIZED source_episode_id=3882 global_episode_id=r000_s003882 success=True decision_rows=15
RISK_EPISODE_FINALIZED source_episode_id=173 global_episode_id=r000_s000173 success=True decision_rows=18
RISK_EPISODE_FINALIZED source_episode_id=684 global_episode_id=r000_s000684 success=True decision_rows=20
RISK_EPISODE_FINALIZED source_episode_id=3689 global_episode_id=r000_s003689 success=True decision_rows=18
RISK_EPISODE_FINALIZED source_episode_id=3195 global_episode_id=r000_s003195 success=True decision_rows=15
RISK_EPISODE_FINALIZED source_episode_id=4111 global_episode_id=r000_s004111 success=True decision_rows=17
RISK_EPISODE_FINALIZED source_episode_id=3453 global_episode_id=r000_s003453 success=True decision_rows=21
RISK_EPISODE_FINALIZED source_episode_id=3925 global_episode_id=r000_s003925 success=True decision_rows=21
RISK_EPISODE_FINALIZED source_episode_id=708 global_episode_id=r000_s000708 success=True decision_rows=21
RISK_EPISODE_FINALIZED source_episode_id=4117 global_episode_id=r000_s004117 success=True decision_rows=21
RISK_EPISODE_FINALIZED source_episode_id=637 global_episode_id=r000_s000637 success=True decision_rows=22
RISK_EPISODE_FINALIZED source_episode_id=4062 global_episode_id=r000_s004062 success=True decision_rows=19
RISK_EPISODE_FINALIZED source_episode_id=2213 global_episode_id=r000_s002213 success=True decision_rows=17
RISK_EPISODE_FINALIZED source_episode_id=3078 global_episode_id=r000_s003078 success=True decision_rows=20
RISK_EPISODE_FINALIZED source_episode_id=1011 global_episode_id=r000_s001011 success=True decision_rows=14
RISK_EPISODE_FINALIZED source_episode_id=3188 global_episode_id=r000_s003188 success=True decision_rows=18
RISK_EPISODE_FINALIZED source_episode_id=3929 global_episode_id=r000_s003929 success=True decision_rows=18
RISK_EPISODE_FINALIZED source_episode_id=3361 global_episode_id=r000_s003361 success=True decision_rows=17
RISK_EPISODE_FINALIZED source_episode_id=3330 global_episode_id=r000_s003330 success=True decision_rows=15
RISK_EPISODE_FINALIZED source_episode_id=3265 global_episode_id=r000_s003265 success=True decision_rows=24
RISK_EPISODE_FINALIZED source_episode_id=505 global_episode_id=r000_s000505 success=True decision_rows=18
RISK_EPISODE_FINALIZED source_episode_id=3915 global_episode_id=r000_s003915 success=True decision_rows=21
RISK_EPISODE_FINALIZED source_episode_id=1706 global_episode_id=r000_s001706 success=True decision_rows=9
RISK_EPISODE_FINALIZED source_episode_id=3774 global_episode_id=r000_s003774 success=True decision_rows=19
RISK_EPISODE_FINALIZED source_episode_id=343 global_episode_id=r000_s000343 success=True decision_rows=16
RISK_EPISODE_FINALIZED source_episode_id=1165 global_episode_id=r000_s001165 success=True decision_rows=17
RISK_EPISODE_FINALIZED source_episode_id=3854 global_episode_id=r000_s003854 success=True decision_rows=19
RISK_EPISODE_FINALIZED source_episode_id=2699 global_episode_id=r000_s002699 success=True decision_rows=21
RISK_EPISODE_FINALIZED source_episode_id=2839 global_episode_id=r000_s002839 success=True decision_rows=7
RISK_EPISODE_FINALIZED source_episode_id=907 global_episode_id=r000_s000907 success=True decision_rows=19
RISK_EPISODE_FINALIZED source_episode_id=2563 global_episode_id=r000_s002563 success=True decision_rows=25
RISK_EPISODE_FINALIZED source_episode_id=2694 global_episode_id=r000_s002694 success=True decision_rows=21
RISK_EPISODE_FINALIZED source_episode_id=3500 global_episode_id=r000_s003500 success=True decision_rows=18
RISK_EPISODE_FINALIZED source_episode_id=1815 global_episode_id=r000_s001815 success=True decision_rows=15
RISK_EPISODE_FINALIZED source_episode_id=2172 global_episode_id=r000_s002172 success=True decision_rows=17
RISK_EPISODE_FINALIZED source_episode_id=2080 global_episode_id=r000_s002080 success=True decision_rows=21
RISK_EPISODE_FINALIZED source_episode_id=3053 global_episode_id=r000_s003053 success=True decision_rows=14
RISK_EPISODE_FINALIZED source_episode_id=3695 global_episode_id=r000_s003695 success=True decision_rows=20
RISK_EPISODE_FINALIZED source_episode_id=181 global_episode_id=r000_s000181 success=True decision_rows=20
RISK_EPISODE_FINALIZED source_episode_id=575 global_episode_id=r000_s000575 success=True decision_rows=19
RISK_EPISODE_FINALIZED source_episode_id=1800 global_episode_id=r000_s001800 success=True decision_rows=18
RISK_EPISODE_FINALIZED source_episode_id=2713 global_episode_id=r000_s002713 success=True decision_rows=28
RISK_EPISODE_FINALIZED source_episode_id=252 global_episode_id=r000_s000252 success=True decision_rows=12
RISK_EPISODE_FINALIZED source_episode_id=1827 global_episode_id=r000_s001827 success=True decision_rows=19
RISK_EPISODE_FINALIZED source_episode_id=3692 global_episode_id=r000_s003692 success=True decision_rows=19
RISK_EPISODE_FINALIZED source_episode_id=3124 global_episode_id=r000_s003124 success=True decision_rows=16
RISK_EPISODE_FINALIZED source_episode_id=3531 global_episode_id=r000_s003531 success=True decision_rows=21
RISK_EPISODE_FINALIZED source_episode_id=283 global_episode_id=r000_s000283 success=True decision_rows=19
RISK_EPISODE_FINALIZED source_episode_id=1537 global_episode_id=r000_s001537 success=True decision_rows=17
RISK_EPISODE_FINALIZED source_episode_id=969 global_episode_id=r000_s000969 success=True decision_rows=19
RISK_EPISODE_FINALIZED source_episode_id=764 global_episode_id=r000_s000764 success=True decision_rows=18
RISK_EPISODE_FINALIZED source_episode_id=1018 global_episode_id=r000_s001018 success=True decision_rows=20
RISK_EPISODE_FINALIZED source_episode_id=3106 global_episode_id=r000_s003106 success=True decision_rows=18
RISK_EPISODE_FINALIZED source_episode_id=2833 global_episode_id=r000_s002833 success=True decision_rows=17
RISK_EPISODE_FINALIZED source_episode_id=3129 global_episode_id=r000_s003129 success=True decision_rows=19
RISK_EPISODE_FINALIZED source_episode_id=4174 global_episode_id=r000_s004174 success=True decision_rows=20
RISK_EPISODE_FINALIZED source_episode_id=2315 global_episode_id=r000_s002315 success=True decision_rows=16
RISK_EPISODE_FINALIZED source_episode_id=434 global_episode_id=r000_s000434 success=True decision_rows=22
RISK_EPISODE_FINALIZED source_episode_id=955 global_episode_id=r000_s000955 success=True decision_rows=16
RISK_EPISODE_FINALIZED source_episode_id=2107 global_episode_id=r000_s002107 success=True decision_rows=17
RISK_EPISODE_FINALIZED source_episode_id=3560 global_episode_id=r000_s003560 success=True decision_rows=17
RISK_EPISODE_FINALIZED source_episode_id=3686 global_episode_id=r000_s003686 success=True decision_rows=19
RISK_EPISODE_FINALIZED source_episode_id=2255 global_episode_id=r000_s002255 success=True decision_rows=18
RISK_EPISODE_FINALIZED source_episode_id=1636 global_episode_id=r000_s001636 success=True decision_rows=16
RISK_EPISODE_FINALIZED source_episode_id=78 global_episode_id=r000_s000078 success=True decision_rows=19
RISK_EPISODE_FINALIZED source_episode_id=588 global_episode_id=r000_s000588 success=True decision_rows=17
RISK_EPISODE_FINALIZED source_episode_id=2116 global_episode_id=r000_s002116 success=True decision_rows=17
RISK_EPISODE_FINALIZED source_episode_id=3896 global_episode_id=r000_s003896 success=True decision_rows=23
RISK_EPISODE_FINALIZED source_episode_id=835 global_episode_id=r000_s000835 success=True decision_rows=23
RISK_EPISODE_FINALIZED source_episode_id=1467 global_episode_id=r000_s001467 success=True decision_rows=16
RISK_EPISODE_FINALIZED source_episode_id=791 global_episode_id=r000_s000791 success=True decision_rows=14
RISK_EPISODE_FINALIZED source_episode_id=272 global_episode_id=r000_s000272 success=True decision_rows=21
RISK_EPISODE_FINALIZED source_episode_id=2056 global_episode_id=r000_s002056 success=True decision_rows=20
RISK_EPISODE_FINALIZED source_episode_id=3537 global_episode_id=r000_s003537 success=True decision_rows=21
RISK_EPISODE_FINALIZED source_episode_id=229 global_episode_id=r000_s000229 success=True decision_rows=14
RISK_EPISODE_FINALIZED source_episode_id=1330 global_episode_id=r000_s001330 success=True decision_rows=22
RISK_EPISODE_FINALIZED source_episode_id=2764 global_episode_id=r000_s002764 success=True decision_rows=16
RISK_EPISODE_FINALIZED source_episode_id=878 global_episode_id=r000_s000878 success=True decision_rows=17
RISK_EPISODE_FINALIZED source_episode_id=2912 global_episode_id=r000_s002912 success=True decision_rows=18
RISK_EPISODE_FINALIZED source_episode_id=1411 global_episode_id=r000_s001411 success=True decision_rows=20
RISK_EPISODE_FINALIZED source_episode_id=2483 global_episode_id=r000_s002483 success=False decision_rows=60
RISK_EPISODE_FINALIZED source_episode_id=2604 global_episode_id=r000_s002604 success=True decision_rows=20
RISK_EPISODE_FINALIZED source_episode_id=1512 global_episode_id=r000_s001512 success=True decision_rows=13
RISK_EPISODE_FINALIZED source_episode_id=2254 global_episode_id=r000_s002254 success=True decision_rows=19
RISK_EPISODE_FINALIZED source_episode_id=2603 global_episode_id=r000_s002603 success=True decision_rows=22
RISK_EPISODE_FINALIZED source_episode_id=4113 global_episode_id=r000_s004113 success=True decision_rows=20
RISK_EPISODE_FINALIZED source_episode_id=4156 global_episode_id=r000_s004156 success=True decision_rows=17
RISK_EPISODE_FINALIZED source_episode_id=3375 global_episode_id=r000_s003375 success=True decision_rows=14
RISK_EPISODE_FINALIZED source_episode_id=493 global_episode_id=r000_s000493 success=True decision_rows=20
RISK_EPISODE_FINALIZED source_episode_id=2689 global_episode_id=r000_s002689 success=True decision_rows=20
RISK_EPISODE_FINALIZED source_episode_id=1813 global_episode_id=r000_s001813 success=False decision_rows=60
RISK_EPISODE_FINALIZED source_episode_id=222 global_episode_id=r000_s000222 success=True decision_rows=16
RISK_EPISODE_FINALIZED source_episode_id=592 global_episode_id=r000_s000592 success=True decision_rows=16
RISK_EPISODE_FINALIZED source_episode_id=2495 global_episode_id=r000_s002495 success=True decision_rows=13
RISK_EPISODE_FINALIZED source_episode_id=2712 global_episode_id=r000_s002712 success=True decision_rows=22
RISK_EPISODE_FINALIZED source_episode_id=1579 global_episode_id=r000_s001579 success=True decision_rows=20
RISK_EPISODE_FINALIZED source_episode_id=2511 global_episode_id=r000_s002511 success=True decision_rows=18
RISK_EPISODE_FINALIZED source_episode_id=3429 global_episode_id=r000_s003429 success=True decision_rows=18
RISK_EPISODE_FINALIZED source_episode_id=2347 global_episode_id=r000_s002347 success=True decision_rows=21
RISK_EPISODE_FINALIZED source_episode_id=1239 global_episode_id=r000_s001239 success=True decision_rows=13
RISK_EPISODE_FINALIZED source_episode_id=3663 global_episode_id=r000_s003663 success=True decision_rows=15
RISK_EPISODE_FINALIZED source_episode_id=4085 global_episode_id=r000_s004085 success=False decision_rows=60
RISK_EPISODE_FINALIZED source_episode_id=2445 global_episode_id=r000_s002445 success=True decision_rows=19
RISK_EPISODE_FINALIZED source_episode_id=1292 global_episode_id=r000_s001292 success=True decision_rows=17
RISK_EPISODE_FINALIZED source_episode_id=3583 global_episode_id=r000_s003583 success=True decision_rows=17
RISK_EPISODE_FINALIZED source_episode_id=3817 global_episode_id=r000_s003817 success=True decision_rows=18
RISK_EPISODE_FINALIZED source_episode_id=1816 global_episode_id=r000_s001816 success=True decision_rows=22
RISK_EPISODE_FINALIZED source_episode_id=1268 global_episode_id=r000_s001268 success=True decision_rows=19
RISK_EPISODE_FINALIZED source_episode_id=950 global_episode_id=r000_s000950 success=True decision_rows=20
RISK_EPISODE_FINALIZED source_episode_id=3541 global_episode_id=r000_s003541 success=False decision_rows=60
RISK_EPISODE_FINALIZED source_episode_id=1195 global_episode_id=r000_s001195 success=True decision_rows=22
RISK_EPISODE_FINALIZED source_episode_id=3644 global_episode_id=r000_s003644 success=True decision_rows=17
RISK_EPISODE_FINALIZED source_episode_id=3280 global_episode_id=r000_s003280 success=True decision_rows=21
RISK_EPISODE_FINALIZED source_episode_id=1027 global_episode_id=r000_s001027 success=True decision_rows=24
RISK_EPISODE_FINALIZED source_episode_id=179 global_episode_id=r000_s000179 success=True decision_rows=19
RISK_EPISODE_FINALIZED source_episode_id=2716 global_episode_id=r000_s002716 success=True decision_rows=17
RISK_EPISODE_FINALIZED source_episode_id=500 global_episode_id=r000_s000500 success=True decision_rows=13
RISK_EPISODE_FINALIZED source_episode_id=2385 global_episode_id=r000_s002385 success=True decision_rows=21
RISK_EPISODE_FINALIZED source_episode_id=1595 global_episode_id=r000_s001595 success=True decision_rows=16
RISK_EPISODE_FINALIZED source_episode_id=2542 global_episode_id=r000_s002542 success=True decision_rows=17
RISK_EPISODE_FINALIZED source_episode_id=2422 global_episode_id=r000_s002422 success=True decision_rows=20
RISK_EPISODE_FINALIZED source_episode_id=2019 global_episode_id=r000_s002019 success=True decision_rows=16
RISK_EPISODE_FINALIZED source_episode_id=276 global_episode_id=r000_s000276 success=True decision_rows=22
RISK_EPISODE_FINALIZED source_episode_id=2283 global_episode_id=r000_s002283 success=True decision_rows=22
RISK_EPISODE_FINALIZED source_episode_id=1666 global_episode_id=r000_s001666 success=True decision_rows=17
RISK_EPISODE_FINALIZED source_episode_id=4009 global_episode_id=r000_s004009 success=True decision_rows=12
RISK_EPISODE_FINALIZED source_episode_id=3144 global_episode_id=r000_s003144 success=True decision_rows=13
RISK_EPISODE_FINALIZED source_episode_id=4058 global_episode_id=r000_s004058 success=True decision_rows=18
RISK_EPISODE_FINALIZED source_episode_id=3996 global_episode_id=r000_s003996 success=True decision_rows=16
RISK_EPISODE_FINALIZED source_episode_id=1723 global_episode_id=r000_s001723 success=True decision_rows=18
RISK_EPISODE_FINALIZED source_episode_id=189 global_episode_id=r000_s000189 success=True decision_rows=19
RISK_EPISODE_FINALIZED source_episode_id=3331 global_episode_id=r000_s003331 success=True decision_rows=24
RISK_EPISODE_FINALIZED source_episode_id=4020 global_episode_id=r000_s004020 success=True decision_rows=18
RISK_EPISODE_FINALIZED source_episode_id=2133 global_episode_id=r000_s002133 success=True decision_rows=20
RISK_EPISODE_FINALIZED source_episode_id=165 global_episode_id=r000_s000165 success=True decision_rows=18
RISK_EPISODE_FINALIZED source_episode_id=1891 global_episode_id=r000_s001891 success=True decision_rows=22
RISK_EPISODE_FINALIZED source_episode_id=3404 global_episode_id=r000_s003404 success=True decision_rows=18
RISK_EPISODE_FINALIZED source_episode_id=2312 global_episode_id=r000_s002312 success=True decision_rows=14
RISK_EPISODE_FINALIZED source_episode_id=203 global_episode_id=r000_s000203 success=True decision_rows=19
RISK_EPISODE_FINALIZED source_episode_id=1240 global_episode_id=r000_s001240 success=True decision_rows=22
RISK_EPISODE_FINALIZED source_episode_id=374 global_episode_id=r000_s000374 success=True decision_rows=19
RISK_EPISODE_FINALIZED source_episode_id=2658 global_episode_id=r000_s002658 success=True decision_rows=15
RISK_EPISODE_FINALIZED source_episode_id=3389 global_episode_id=r000_s003389 success=True decision_rows=20
RISK_EPISODE_FINALIZED source_episode_id=4 global_episode_id=r000_s000004 success=True decision_rows=20
RISK_EPISODE_FINALIZED source_episode_id=3574 global_episode_id=r000_s003574 success=True decision_rows=21
RISK_EPISODE_FINALIZED source_episode_id=208 global_episode_id=r000_s000208 success=True decision_rows=21
RISK_EPISODE_FINALIZED source_episode_id=2204 global_episode_id=r000_s002204 success=True decision_rows=19
RISK_EPISODE_FINALIZED source_episode_id=1568 global_episode_id=r000_s001568 success=True decision_rows=19
RISK_EPISODE_FINALIZED source_episode_id=3713 global_episode_id=r000_s003713 success=True decision_rows=23
RISK_EPISODE_FINALIZED source_episode_id=765 global_episode_id=r000_s000765 success=True decision_rows=21
RISK_EPISODE_FINALIZED source_episode_id=1142 global_episode_id=r000_s001142 success=True decision_rows=21
RISK_EPISODE_FINALIZED source_episode_id=1761 global_episode_id=r000_s001761 success=True decision_rows=17
RISK_EPISODE_FINALIZED source_episode_id=2154 global_episode_id=r000_s002154 success=True decision_rows=17
RISK_EPISODE_FINALIZED source_episode_id=3598 global_episode_id=r000_s003598 success=True decision_rows=16
RISK_EPISODE_FINALIZED source_episode_id=1611 global_episode_id=r000_s001611 success=True decision_rows=21
RISK_EPISODE_FINALIZED source_episode_id=4025 global_episode_id=r000_s004025 success=True decision_rows=16
RISK_EPISODE_FINALIZED source_episode_id=531 global_episode_id=r000_s000531 success=True decision_rows=18
RISK_EPISODE_FINALIZED source_episode_id=245 global_episode_id=r000_s000245 success=True decision_rows=18
RISK_EPISODE_FINALIZED source_episode_id=3661 global_episode_id=r000_s003661 success=True decision_rows=16
RISK_EPISODE_FINALIZED source_episode_id=185 global_episode_id=r000_s000185 success=True decision_rows=21
RISK_EPISODE_FINALIZED source_episode_id=3800 global_episode_id=r000_s003800 success=True decision_rows=23
RISK_EPISODE_FINALIZED source_episode_id=3878 global_episode_id=r000_s003878 success=True decision_rows=13
RISK_EPISODE_FINALIZED source_episode_id=812 global_episode_id=r000_s000812 success=True decision_rows=19
RISK_EPISODE_FINALIZED source_episode_id=1903 global_episode_id=r000_s001903 success=True decision_rows=21
RISK_EPISODE_FINALIZED source_episode_id=1089 global_episode_id=r000_s001089 success=False decision_rows=60
RISK_EPISODE_FINALIZED source_episode_id=2749 global_episode_id=r000_s002749 success=True decision_rows=19
RISK_EPISODE_FINALIZED source_episode_id=610 global_episode_id=r000_s000610 success=True decision_rows=16
RISK_EPISODE_FINALIZED source_episode_id=763 global_episode_id=r000_s000763 success=True decision_rows=16
RISK_EPISODE_FINALIZED source_episode_id=4005 global_episode_id=r000_s004005 success=True decision_rows=17
RISK_EPISODE_FINALIZED source_episode_id=495 global_episode_id=r000_s000495 success=True decision_rows=14
RISK_EPISODE_FINALIZED source_episode_id=3036 global_episode_id=r000_s003036 success=True decision_rows=17
RISK_EPISODE_FINALIZED source_episode_id=1192 global_episode_id=r000_s001192 success=True decision_rows=20
RISK_EPISODE_FINALIZED source_episode_id=3519 global_episode_id=r000_s003519 success=True decision_rows=19
RISK_EPISODE_FINALIZED source_episode_id=718 global_episode_id=r000_s000718 success=True decision_rows=16
RISK_EPISODE_FINALIZED source_episode_id=1846 global_episode_id=r000_s001846 success=True decision_rows=15
RISK_EPISODE_FINALIZED source_episode_id=3140 global_episode_id=r000_s003140 success=True decision_rows=17
RISK_EPISODE_FINALIZED source_episode_id=11 global_episode_id=r000_s000011 success=True decision_rows=14
RISK_EPISODE_FINALIZED source_episode_id=1452 global_episode_id=r000_s001452 success=True decision_rows=18
RISK_EPISODE_FINALIZED source_episode_id=2996 global_episode_id=r000_s002996 success=True decision_rows=16
RISK_EPISODE_FINALIZED source_episode_id=3636 global_episode_id=r000_s003636 success=True decision_rows=20
RISK_EPISODE_FINALIZED source_episode_id=544 global_episode_id=r000_s000544 success=True decision_rows=20
RISK_EPISODE_FINALIZED source_episode_id=449 global_episode_id=r000_s000449 success=True decision_rows=22
RISK_EPISODE_FINALIZED source_episode_id=1936 global_episode_id=r000_s001936 success=True decision_rows=21
RISK_EPISODE_FINALIZED source_episode_id=460 global_episode_id=r000_s000460 success=True decision_rows=17
RISK_EPISODE_FINALIZED source_episode_id=1458 global_episode_id=r000_s001458 success=True decision_rows=20
RISK_EPISODE_FINALIZED source_episode_id=2129 global_episode_id=r000_s002129 success=True decision_rows=16
RISK_EPISODE_FINALIZED source_episode_id=442 global_episode_id=r000_s000442 success=True decision_rows=19
RISK_EPISODE_FINALIZED source_episode_id=2425 global_episode_id=r000_s002425 success=True decision_rows=21
RISK_EPISODE_FINALIZED source_episode_id=2051 global_episode_id=r000_s002051 success=True decision_rows=20
RISK_EPISODE_FINALIZED source_episode_id=3238 global_episode_id=r000_s003238 success=True decision_rows=19
RISK_EPISODE_FINALIZED source_episode_id=2537 global_episode_id=r000_s002537 success=True decision_rows=19
RISK_EPISODE_FINALIZED source_episode_id=3259 global_episode_id=r000_s003259 success=True decision_rows=16
RISK_EPISODE_FINALIZED source_episode_id=3499 global_episode_id=r000_s003499 success=True decision_rows=19
RISK_EPISODE_FINALIZED source_episode_id=3600 global_episode_id=r000_s003600 success=True decision_rows=21
RISK_EPISODE_FINALIZED source_episode_id=1801 global_episode_id=r000_s001801 success=True decision_rows=20
RISK_EPISODE_FINALIZED source_episode_id=1020 global_episode_id=r000_s001020 success=True decision_rows=13
RISK_EPISODE_FINALIZED source_episode_id=1445 global_episode_id=r000_s001445 success=True decision_rows=18
RISK_EPISODE_FINALIZED source_episode_id=1220 global_episode_id=r000_s001220 success=True decision_rows=16
RISK_EPISODE_FINALIZED source_episode_id=2936 global_episode_id=r000_s002936 success=False decision_rows=60
RISK_EPISODE_FINALIZED source_episode_id=1784 global_episode_id=r000_s001784 success=True decision_rows=23
RISK_EPISODE_FINALIZED source_episode_id=2022 global_episode_id=r000_s002022 success=True decision_rows=19
RISK_EPISODE_FINALIZED source_episode_id=3753 global_episode_id=r000_s003753 success=True decision_rows=18
RISK_EPISODE_FINALIZED source_episode_id=2726 global_episode_id=r000_s002726 success=True decision_rows=19
RISK_EPISODE_FINALIZED source_episode_id=654 global_episode_id=r000_s000654 success=True decision_rows=19
RISK_EPISODE_FINALIZED source_episode_id=3252 global_episode_id=r000_s003252 success=True decision_rows=20
RISK_EPISODE_FINALIZED source_episode_id=3592 global_episode_id=r000_s003592 success=True decision_rows=14
RISK_EPISODE_FINALIZED source_episode_id=3514 global_episode_id=r000_s003514 success=True decision_rows=18
RISK_EPISODE_FINALIZED source_episode_id=3785 global_episode_id=r000_s003785 success=True decision_rows=16
RISK_EPISODE_FINALIZED source_episode_id=3340 global_episode_id=r000_s003340 success=True decision_rows=15
RISK_EPISODE_FINALIZED source_episode_id=1327 global_episode_id=r000_s001327 success=True decision_rows=14
RISK_EPISODE_FINALIZED source_episode_id=2416 global_episode_id=r000_s002416 success=True decision_rows=17
RISK_EPISODE_FINALIZED source_episode_id=2552 global_episode_id=r000_s002552 success=True decision_rows=23
RISK_EPISODE_FINALIZED source_episode_id=3110 global_episode_id=r000_s003110 success=True decision_rows=15
RISK_EPISODE_FINALIZED source_episode_id=3150 global_episode_id=r000_s003150 success=True decision_rows=19
RISK_EPISODE_FINALIZED source_episode_id=1058 global_episode_id=r000_s001058 success=True decision_rows=17
RISK_EPISODE_FINALIZED source_episode_id=1644 global_episode_id=r000_s001644 success=True decision_rows=19
RISK_EPISODE_FINALIZED source_episode_id=2933 global_episode_id=r000_s002933 success=True decision_rows=20
RISK_EPISODE_FINALIZED source_episode_id=24 global_episode_id=r000_s000024 success=True decision_rows=18
RISK_EPISODE_FINALIZED source_episode_id=3779 global_episode_id=r000_s003779 success=True decision_rows=24
RISK_EPISODE_FINALIZED source_episode_id=1838 global_episode_id=r000_s001838 success=True decision_rows=17
RISK_EPISODE_FINALIZED source_episode_id=2027 global_episode_id=r000_s002027 success=True decision_rows=22
RISK_EPISODE_FINALIZED source_episode_id=473 global_episode_id=r000_s000473 success=True decision_rows=12
RISK_EPISODE_FINALIZED source_episode_id=4163 global_episode_id=r000_s004163 success=True decision_rows=16
RISK_EPISODE_FINALIZED source_episode_id=1844 global_episode_id=r000_s001844 success=True decision_rows=18
RISK_EPISODE_FINALIZED source_episode_id=3509 global_episode_id=r000_s003509 success=True decision_rows=19
RISK_EPISODE_FINALIZED source_episode_id=2310 global_episode_id=r000_s002310 success=True decision_rows=19
RISK_EPISODE_FINALIZED source_episode_id=1829 global_episode_id=r000_s001829 success=True decision_rows=18
RISK_EPISODE_FINALIZED source_episode_id=635 global_episode_id=r000_s000635 success=True decision_rows=15
RISK_EPISODE_FINALIZED source_episode_id=1403 global_episode_id=r000_s001403 success=True decision_rows=14
RISK_EPISODE_FINALIZED source_episode_id=2054 global_episode_id=r000_s002054 success=True decision_rows=17
RISK_EPISODE_FINALIZED source_episode_id=263 global_episode_id=r000_s000263 success=True decision_rows=20
RISK_EPISODE_FINALIZED source_episode_id=2021 global_episode_id=r000_s002021 success=True decision_rows=18
RISK_EPISODE_FINALIZED source_episode_id=3709 global_episode_id=r000_s003709 success=True decision_rows=21
RISK_EPISODE_FINALIZED source_episode_id=23 global_episode_id=r000_s000023 success=True decision_rows=15
RISK_EPISODE_FINALIZED source_episode_id=2095 global_episode_id=r000_s002095 success=True decision_rows=19
RISK_EPISODE_FINALIZED source_episode_id=4035 global_episode_id=r000_s004035 success=True decision_rows=24
RISK_EPISODE_FINALIZED source_episode_id=3095 global_episode_id=r000_s003095 success=True decision_rows=14
RISK_EPISODE_FINALIZED source_episode_id=3894 global_episode_id=r000_s003894 success=True decision_rows=21
RISK_EPISODE_FINALIZED source_episode_id=921 global_episode_id=r000_s000921 success=True decision_rows=20
RISK_EPISODE_FINALIZED source_episode_id=2665 global_episode_id=r000_s002665 success=True decision_rows=19
RISK_EPISODE_FINALIZED source_episode_id=452 global_episode_id=r000_s000452 success=True decision_rows=20
RISK_EPISODE_FINALIZED source_episode_id=3064 global_episode_id=r000_s003064 success=True decision_rows=24
RISK_EPISODE_FINALIZED source_episode_id=1024 global_episode_id=r000_s001024 success=True decision_rows=18
RISK_EPISODE_FINALIZED source_episode_id=1068 global_episode_id=r000_s001068 success=True decision_rows=19
RISK_EPISODE_FINALIZED source_episode_id=2356 global_episode_id=r000_s002356 success=True decision_rows=14
RISK_EPISODE_FINALIZED source_episode_id=2988 global_episode_id=r000_s002988 success=True decision_rows=20
RISK_EPISODE_FINALIZED source_episode_id=1970 global_episode_id=r000_s001970 success=True decision_rows=23
RISK_EPISODE_FINALIZED source_episode_id=719 global_episode_id=r000_s000719 success=True decision_rows=17
RISK_EPISODE_FINALIZED source_episode_id=1589 global_episode_id=r000_s001589 success=True decision_rows=19
RISK_EPISODE_FINALIZED source_episode_id=1919 global_episode_id=r000_s001919 success=True decision_rows=15
RISK_EPISODE_FINALIZED source_episode_id=1744 global_episode_id=r000_s001744 success=True decision_rows=19
RISK_EPISODE_FINALIZED source_episode_id=1188 global_episode_id=r000_s001188 success=True decision_rows=22
RISK_EPISODE_FINALIZED source_episode_id=200 global_episode_id=r000_s000200 success=True decision_rows=19
RISK_EPISODE_FINALIZED source_episode_id=3607 global_episode_id=r000_s003607 success=True decision_rows=7
RISK_EPISODE_FINALIZED source_episode_id=2858 global_episode_id=r000_s002858 success=True decision_rows=14
RISK_EPISODE_FINALIZED source_episode_id=4189 global_episode_id=r000_s004189 success=True decision_rows=16
RISK_EPISODE_FINALIZED source_episode_id=3951 global_episode_id=r000_s003951 success=True decision_rows=18
RISK_EPISODE_FINALIZED source_episode_id=3752 global_episode_id=r000_s003752 success=True decision_rows=16
RISK_EPISODE_FINALIZED source_episode_id=1436 global_episode_id=r000_s001436 success=True decision_rows=18
RISK_EPISODE_FINALIZED source_episode_id=1483 global_episode_id=r000_s001483 success=True decision_rows=20
RISK_EPISODE_FINALIZED source_episode_id=3235 global_episode_id=r000_s003235 success=True decision_rows=21
RISK_EPISODE_FINALIZED source_episode_id=3415 global_episode_id=r000_s003415 success=True decision_rows=17
RISK_EPISODE_FINALIZED source_episode_id=378 global_episode_id=r000_s000378 success=True decision_rows=20
RISK_EPISODE_FINALIZED source_episode_id=2868 global_episode_id=r000_s002868 success=True decision_rows=20
RISK_EPISODE_FINALIZED source_episode_id=741 global_episode_id=r000_s000741 success=True decision_rows=17
RISK_EPISODE_FINALIZED source_episode_id=3080 global_episode_id=r000_s003080 success=True decision_rows=14
RISK_EPISODE_FINALIZED source_episode_id=1507 global_episode_id=r000_s001507 success=True decision_rows=21
RISK_EPISODE_FINALIZED source_episode_id=596 global_episode_id=r000_s000596 success=True decision_rows=21
RISK_EPISODE_FINALIZED source_episode_id=1557 global_episode_id=r000_s001557 success=True decision_rows=21
RISK_EPISODE_FINALIZED source_episode_id=2493 global_episode_id=r000_s002493 success=True decision_rows=20
RISK_EPISODE_FINALIZED source_episode_id=2037 global_episode_id=r000_s002037 success=True decision_rows=20
RISK_EPISODE_FINALIZED source_episode_id=2263 global_episode_id=r000_s002263 success=True decision_rows=20
RISK_EPISODE_FINALIZED source_episode_id=3329 global_episode_id=r000_s003329 success=True decision_rows=23
RISK_EPISODE_FINALIZED source_episode_id=3548 global_episode_id=r000_s003548 success=True decision_rows=18
RISK_EPISODE_FINALIZED source_episode_id=409 global_episode_id=r000_s000409 success=True decision_rows=18
RISK_EPISODE_FINALIZED source_episode_id=1672 global_episode_id=r000_s001672 success=True decision_rows=18
RISK_EPISODE_FINALIZED source_episode_id=3912 global_episode_id=r000_s003912 success=True decision_rows=14
RISK_EPISODE_FINALIZED source_episode_id=3539 global_episode_id=r000_s003539 success=True decision_rows=18
RISK_EPISODE_FINALIZED source_episode_id=2521 global_episode_id=r000_s002521 success=True decision_rows=18
RISK_EPISODE_FINALIZED source_episode_id=1365 global_episode_id=r000_s001365 success=True decision_rows=16
RISK_EPISODE_FINALIZED source_episode_id=1725 global_episode_id=r000_s001725 success=True decision_rows=19
RISK_EPISODE_FINALIZED source_episode_id=965 global_episode_id=r000_s000965 success=True decision_rows=19
RISK_EPISODE_FINALIZED source_episode_id=2527 global_episode_id=r000_s002527 success=True decision_rows=20
RISK_EPISODE_FINALIZED source_episode_id=3508 global_episode_id=r000_s003508 success=True decision_rows=16
RISK_EPISODE_FINALIZED source_episode_id=2329 global_episode_id=r000_s002329 success=True decision_rows=19
RISK_EPISODE_FINALIZED source_episode_id=1812 global_episode_id=r000_s001812 success=True decision_rows=23
RISK_EPISODE_FINALIZED source_episode_id=618 global_episode_id=r000_s000618 success=True decision_rows=17
RISK_EPISODE_FINALIZED source_episode_id=564 global_episode_id=r000_s000564 success=True decision_rows=13
RISK_EPISODE_FINALIZED source_episode_id=3956 global_episode_id=r000_s003956 success=True decision_rows=17
RISK_EPISODE_FINALIZED source_episode_id=724 global_episode_id=r000_s000724 success=True decision_rows=23
RISK_EPISODE_FINALIZED source_episode_id=184 global_episode_id=r000_s000184 success=True decision_rows=23
RISK_EPISODE_FINALIZED source_episode_id=1962 global_episode_id=r000_s001962 success=True decision_rows=15
RISK_EPISODE_FINALIZED source_episode_id=2217 global_episode_id=r000_s002217 success=True decision_rows=12
RISK_EPISODE_FINALIZED source_episode_id=2261 global_episode_id=r000_s002261 success=True decision_rows=16
RISK_EPISODE_FINALIZED source_episode_id=3845 global_episode_id=r000_s003845 success=True decision_rows=12
RISK_EPISODE_FINALIZED source_episode_id=2821 global_episode_id=r000_s002821 success=True decision_rows=18
RISK_EPISODE_FINALIZED source_episode_id=2396 global_episode_id=r000_s002396 success=True decision_rows=16
RISK_EPISODE_FINALIZED source_episode_id=3723 global_episode_id=r000_s003723 success=True decision_rows=21
RISK_EPISODE_FINALIZED source_episode_id=520 global_episode_id=r000_s000520 success=True decision_rows=20
RISK_EPISODE_FINALIZED source_episode_id=550 global_episode_id=r000_s000550 success=True decision_rows=20
RISK_EPISODE_FINALIZED source_episode_id=1164 global_episode_id=r000_s001164 success=True decision_rows=17
RISK_EPISODE_FINALIZED source_episode_id=3819 global_episode_id=r000_s003819 success=True decision_rows=19
RISK_EPISODE_FINALIZED source_episode_id=2562 global_episode_id=r000_s002562 success=True decision_rows=19
RISK_EPISODE_FINALIZED source_episode_id=3406 global_episode_id=r000_s003406 success=True decision_rows=19
RISK_EPISODE_FINALIZED source_episode_id=1431 global_episode_id=r000_s001431 success=True decision_rows=15
RISK_EPISODE_FINALIZED source_episode_id=2930 global_episode_id=r000_s002930 success=False decision_rows=60
RISK_EPISODE_FINALIZED source_episode_id=745 global_episode_id=r000_s000745 success=True decision_rows=19
RISK_EPISODE_FINALIZED source_episode_id=2795 global_episode_id=r000_s002795 success=True decision_rows=19
RISK_EPISODE_FINALIZED source_episode_id=2342 global_episode_id=r000_s002342 success=True decision_rows=20
RISK_EPISODE_FINALIZED source_episode_id=3279 global_episode_id=r000_s003279 success=True decision_rows=17
RISK_EPISODE_FINALIZED source_episode_id=3196 global_episode_id=r000_s003196 success=True decision_rows=14
RISK_EPISODE_FINALIZED source_episode_id=2572 global_episode_id=r000_s002572 success=True decision_rows=17
RISK_EPISODE_FINALIZED source_episode_id=4150 global_episode_id=r000_s004150 success=True decision_rows=16
RISK_EPISODE_FINALIZED source_episode_id=3116 global_episode_id=r000_s003116 success=True decision_rows=20
RISK_EPISODE_FINALIZED source_episode_id=3320 global_episode_id=r000_s003320 success=True decision_rows=23
RISK_EPISODE_FINALIZED source_episode_id=4176 global_episode_id=r000_s004176 success=True decision_rows=20
RISK_EPISODE_FINALIZED source_episode_id=1172 global_episode_id=r000_s001172 success=True decision_rows=22
RISK_EPISODE_FINALIZED source_episode_id=617 global_episode_id=r000_s000617 success=True decision_rows=18
RISK_EPISODE_FINALIZED source_episode_id=920 global_episode_id=r000_s000920 success=True decision_rows=22
RISK_EPISODE_FINALIZED source_episode_id=3680 global_episode_id=r000_s003680 success=True decision_rows=13
RISK_EPISODE_FINALIZED source_episode_id=2075 global_episode_id=r000_s002075 success=True decision_rows=17
RISK_EPISODE_FINALIZED source_episode_id=2335 global_episode_id=r000_s002335 success=True decision_rows=17
RISK_EPISODE_FINALIZED source_episode_id=1731 global_episode_id=r000_s001731 success=True decision_rows=19
RISK_EPISODE_FINALIZED source_episode_id=3300 global_episode_id=r000_s003300 success=True decision_rows=15
RISK_EPISODE_FINALIZED source_episode_id=826 global_episode_id=r000_s000826 success=True decision_rows=21
RISK_EPISODE_FINALIZED source_episode_id=4018 global_episode_id=r000_s004018 success=True decision_rows=23
RISK_EPISODE_FINALIZED source_episode_id=2193 global_episode_id=r000_s002193 success=True decision_rows=20
RISK_EPISODE_FINALIZED source_episode_id=1065 global_episode_id=r000_s001065 success=True decision_rows=18
RISK_EPISODE_FINALIZED source_episode_id=5 global_episode_id=r000_s000005 success=True decision_rows=15
RISK_EPISODE_FINALIZED source_episode_id=2030 global_episode_id=r000_s002030 success=True decision_rows=17
RISK_EPISODE_FINALIZED source_episode_id=4181 global_episode_id=r000_s004181 success=False decision_rows=60
RISK_EPISODE_FINALIZED source_episode_id=3058 global_episode_id=r000_s003058 success=True decision_rows=18
RISK_EPISODE_FINALIZED source_episode_id=3060 global_episode_id=r000_s003060 success=True decision_rows=13
RISK_EPISODE_FINALIZED source_episode_id=3587 global_episode_id=r000_s003587 success=True decision_rows=23
RISK_EPISODE_FINALIZED source_episode_id=277 global_episode_id=r000_s000277 success=True decision_rows=20
RISK_EPISODE_FINALIZED source_episode_id=3104 global_episode_id=r000_s003104 success=True decision_rows=20
RISK_EPISODE_FINALIZED source_episode_id=1766 global_episode_id=r000_s001766 success=True decision_rows=19
RISK_EPISODE_FINALIZED source_episode_id=1851 global_episode_id=r000_s001851 success=True decision_rows=14
RISK_EPISODE_FINALIZED source_episode_id=1 global_episode_id=r000_s000001 success=True decision_rows=21
RISK_EPISODE_FINALIZED source_episode_id=2707 global_episode_id=r000_s002707 success=True decision_rows=18
RISK_EPISODE_FINALIZED source_episode_id=4133 global_episode_id=r000_s004133 success=True decision_rows=18
RISK_EPISODE_FINALIZED source_episode_id=748 global_episode_id=r000_s000748 success=True decision_rows=20
RISK_EPISODE_FINALIZED source_episode_id=3963 global_episode_id=r000_s003963 success=True decision_rows=16
RISK_EPISODE_FINALIZED source_episode_id=2332 global_episode_id=r000_s002332 success=True decision_rows=18
RISK_EPISODE_FINALIZED source_episode_id=124 global_episode_id=r000_s000124 success=True decision_rows=16
RISK_EPISODE_FINALIZED source_episode_id=3476 global_episode_id=r000_s003476 success=True decision_rows=22
RISK_EPISODE_FINALIZED source_episode_id=1963 global_episode_id=r000_s001963 success=True decision_rows=22
RISK_EPISODE_FINALIZED source_episode_id=2921 global_episode_id=r000_s002921 success=True decision_rows=18
RISK_EPISODE_FINALIZED source_episode_id=87 global_episode_id=r000_s000087 success=True decision_rows=15
RISK_EPISODE_FINALIZED source_episode_id=509 global_episode_id=r000_s000509 success=True decision_rows=22
RISK_EPISODE_FINALIZED source_episode_id=2304 global_episode_id=r000_s002304 success=True decision_rows=18
RISK_EPISODE_FINALIZED source_episode_id=1144 global_episode_id=r000_s001144 success=True decision_rows=22
RISK_EPISODE_FINALIZED source_episode_id=4084 global_episode_id=r000_s004084 success=False decision_rows=60
RISK_EPISODE_FINALIZED source_episode_id=341 global_episode_id=r000_s000341 success=True decision_rows=22
RISK_EPISODE_FINALIZED source_episode_id=79 global_episode_id=r000_s000079 success=True decision_rows=18
RISK_EPISODE_FINALIZED source_episode_id=404 global_episode_id=r000_s000404 success=True decision_rows=20
RISK_EPISODE_FINALIZED source_episode_id=3523 global_episode_id=r000_s003523 success=True decision_rows=17
RISK_EPISODE_FINALIZED source_episode_id=1988 global_episode_id=r000_s001988 success=True decision_rows=21
RISK_EPISODE_FINALIZED source_episode_id=4128 global_episode_id=r000_s004128 success=True decision_rows=19
RISK_EPISODE_FINALIZED source_episode_id=891 global_episode_id=r000_s000891 success=True decision_rows=9
RISK_EPISODE_FINALIZED source_episode_id=2504 global_episode_id=r000_s002504 success=True decision_rows=13
RISK_EPISODE_FINALIZED source_episode_id=1472 global_episode_id=r000_s001472 success=True decision_rows=15
RISK_EPISODE_FINALIZED source_episode_id=427 global_episode_id=r000_s000427 success=False decision_rows=60
RISK_EPISODE_FINALIZED source_episode_id=2243 global_episode_id=r000_s002243 success=True decision_rows=22
RISK_EPISODE_FINALIZED source_episode_id=1861 global_episode_id=r000_s001861 success=True decision_rows=19
RISK_EPISODE_FINALIZED source_episode_id=337 global_episode_id=r000_s000337 success=True decision_rows=21
RISK_EPISODE_FINALIZED source_episode_id=1768 global_episode_id=r000_s001768 success=True decision_rows=18
RISK_EPISODE_FINALIZED source_episode_id=962 global_episode_id=r000_s000962 success=True decision_rows=20
RISK_EPISODE_FINALIZED source_episode_id=813 global_episode_id=r000_s000813 success=True decision_rows=20
RISK_EPISODE_FINALIZED source_episode_id=2170 global_episode_id=r000_s002170 success=True decision_rows=20
RISK_EPISODE_FINALIZED source_episode_id=3675 global_episode_id=r000_s003675 success=True decision_rows=12
RISK_EPISODE_FINALIZED source_episode_id=1528 global_episode_id=r000_s001528 success=True decision_rows=22
RISK_EPISODE_FINALIZED source_episode_id=3067 global_episode_id=r000_s003067 success=True decision_rows=15
RISK_EPISODE_FINALIZED source_episode_id=3516 global_episode_id=r000_s003516 success=True decision_rows=16
RISK_EPISODE_FINALIZED source_episode_id=2641 global_episode_id=r000_s002641 success=True decision_rows=21
RISK_EPISODE_FINALIZED source_episode_id=2967 global_episode_id=r000_s002967 success=True decision_rows=16
RISK_EPISODE_FINALIZED source_episode_id=486 global_episode_id=r000_s000486 success=True decision_rows=20
RISK_EPISODE_FINALIZED source_episode_id=1180 global_episode_id=r000_s001180 success=True decision_rows=18
RISK_EPISODE_FINALIZED source_episode_id=1819 global_episode_id=r000_s001819 success=True decision_rows=16
RISK_EPISODE_FINALIZED source_episode_id=1438 global_episode_id=r000_s001438 success=True decision_rows=18
RISK_EPISODE_FINALIZED source_episode_id=2389 global_episode_id=r000_s002389 success=True decision_rows=18
RISK_EPISODE_FINALIZED source_episode_id=2519 global_episode_id=r000_s002519 success=True decision_rows=7
RISK_EPISODE_FINALIZED source_episode_id=2309 global_episode_id=r000_s002309 success=True decision_rows=19
RISK_EPISODE_FINALIZED source_episode_id=1709 global_episode_id=r000_s001709 success=True decision_rows=20
RISK_EPISODE_FINALIZED source_episode_id=1921 global_episode_id=r000_s001921 success=True decision_rows=23
RISK_EPISODE_FINALIZED source_episode_id=876 global_episode_id=r000_s000876 success=True decision_rows=18
RISK_EPISODE_FINALIZED source_episode_id=1126 global_episode_id=r000_s001126 success=True decision_rows=19
RISK_EPISODE_FINALIZED source_episode_id=1305 global_episode_id=r000_s001305 success=True decision_rows=18
RISK_EPISODE_FINALIZED source_episode_id=3450 global_episode_id=r000_s003450 success=True decision_rows=20
RISK_EPISODE_FINALIZED source_episode_id=259 global_episode_id=r000_s000259 success=True decision_rows=19
RISK_EPISODE_FINALIZED source_episode_id=2059 global_episode_id=r000_s002059 success=True decision_rows=20
RISK_EPISODE_FINALIZED source_episode_id=2837 global_episode_id=r000_s002837 success=True decision_rows=22
RISK_EPISODE_FINALIZED source_episode_id=2819 global_episode_id=r000_s002819 success=False decision_rows=60
RISK_EPISODE_FINALIZED source_episode_id=3801 global_episode_id=r000_s003801 success=True decision_rows=13
RISK_EPISODE_FINALIZED source_episode_id=3117 global_episode_id=r000_s003117 success=True decision_rows=14
RISK_EPISODE_FINALIZED source_episode_id=2883 global_episode_id=r000_s002883 success=True decision_rows=21
RISK_EPISODE_FINALIZED source_episode_id=2200 global_episode_id=r000_s002200 success=True decision_rows=19
RISK_EPISODE_FINALIZED source_episode_id=47 global_episode_id=r000_s000047 success=True decision_rows=23
RISK_EPISODE_FINALIZED source_episode_id=76 global_episode_id=r000_s000076 success=True decision_rows=17
RISK_EPISODE_FINALIZED source_episode_id=444 global_episode_id=r000_s000444 success=True decision_rows=18
RISK_EPISODE_FINALIZED source_episode_id=1755 global_episode_id=r000_s001755 success=True decision_rows=19
RISK_EPISODE_FINALIZED source_episode_id=3012 global_episode_id=r000_s003012 success=True decision_rows=19
RISK_EPISODE_FINALIZED source_episode_id=3321 global_episode_id=r000_s003321 success=True decision_rows=20
RISK_EPISODE_FINALIZED source_episode_id=1952 global_episode_id=r000_s001952 success=True decision_rows=20
RISK_EPISODE_FINALIZED source_episode_id=3861 global_episode_id=r000_s003861 success=True decision_rows=21
RISK_EPISODE_FINALIZED source_episode_id=1284 global_episode_id=r000_s001284 success=True decision_rows=21
RISK_EPISODE_FINALIZED source_episode_id=164 global_episode_id=r000_s000164 success=True decision_rows=22
RISK_EPISODE_FINALIZED source_episode_id=2674 global_episode_id=r000_s002674 success=True decision_rows=19
RISK_EPISODE_FINALIZED source_episode_id=693 global_episode_id=r000_s000693 success=True decision_rows=20
RISK_EPISODE_FINALIZED source_episode_id=2862 global_episode_id=r000_s002862 success=True decision_rows=20
RISK_EPISODE_FINALIZED source_episode_id=4052 global_episode_id=r000_s004052 success=True decision_rows=16
RISK_EPISODE_FINALIZED source_episode_id=1934 global_episode_id=r000_s001934 success=True decision_rows=18
RISK_EPISODE_FINALIZED source_episode_id=3225 global_episode_id=r000_s003225 success=True decision_rows=13
RISK_EPISODE_FINALIZED source_episode_id=664 global_episode_id=r000_s000664 success=True decision_rows=22
RISK_EPISODE_FINALIZED source_episode_id=899 global_episode_id=r000_s000899 success=True decision_rows=24
RISK_EPISODE_FINALIZED source_episode_id=2421 global_episode_id=r000_s002421 success=True decision_rows=19
RISK_EPISODE_FINALIZED source_episode_id=178 global_episode_id=r000_s000178 success=True decision_rows=22
RISK_EPISODE_FINALIZED source_episode_id=2102 global_episode_id=r000_s002102 success=True decision_rows=21
RISK_EPISODE_FINALIZED source_episode_id=3787 global_episode_id=r000_s003787 success=True decision_rows=20
RISK_EPISODE_FINALIZED source_episode_id=3365 global_episode_id=r000_s003365 success=True decision_rows=14
RISK_EPISODE_FINALIZED source_episode_id=3641 global_episode_id=r000_s003641 success=True decision_rows=18
RISK_EPISODE_FINALIZED source_episode_id=2185 global_episode_id=r000_s002185 success=True decision_rows=17
RISK_EPISODE_FINALIZED source_episode_id=4076 global_episode_id=r000_s004076 success=True decision_rows=16
RISK_EPISODE_FINALIZED source_episode_id=2594 global_episode_id=r000_s002594 success=True decision_rows=14
RISK_EPISODE_FINALIZED source_episode_id=1283 global_episode_id=r000_s001283 success=False decision_rows=60
RISK_EPISODE_FINALIZED source_episode_id=1552 global_episode_id=r000_s001552 success=True decision_rows=21
RISK_EPISODE_FINALIZED source_episode_id=3141 global_episode_id=r000_s003141 success=True decision_rows=15
RISK_EPISODE_FINALIZED source_episode_id=2447 global_episode_id=r000_s002447 success=True decision_rows=15
RISK_EPISODE_FINALIZED source_episode_id=38 global_episode_id=r000_s000038 success=True decision_rows=19
RISK_EPISODE_FINALIZED source_episode_id=2738 global_episode_id=r000_s002738 success=True decision_rows=17
RISK_EPISODE_FINALIZED source_episode_id=3420 global_episode_id=r000_s003420 success=True decision_rows=14
RISK_EPISODE_FINALIZED source_episode_id=1163 global_episode_id=r000_s001163 success=True decision_rows=20
RISK_EPISODE_FINALIZED source_episode_id=4036 global_episode_id=r000_s004036 success=True decision_rows=19
RISK_EPISODE_FINALIZED source_episode_id=3833 global_episode_id=r000_s003833 success=True decision_rows=21
RISK_EPISODE_FINALIZED source_episode_id=1654 global_episode_id=r000_s001654 success=True decision_rows=20
RISK_EPISODE_FINALIZED source_episode_id=1369 global_episode_id=r000_s001369 success=True decision_rows=14
RISK_EPISODE_FINALIZED source_episode_id=1457 global_episode_id=r000_s001457 success=True decision_rows=18
RISK_EPISODE_FINALIZED source_episode_id=1612 global_episode_id=r000_s001612 success=True decision_rows=17
RISK_EPISODE_FINALIZED source_episode_id=429 global_episode_id=r000_s000429 success=True decision_rows=20
RISK_EPISODE_FINALIZED source_episode_id=1961 global_episode_id=r000_s001961 success=True decision_rows=19
RISK_EPISODE_FINALIZED source_episode_id=1789 global_episode_id=r000_s001789 success=True decision_rows=21
RISK_EPISODE_FINALIZED source_episode_id=1476 global_episode_id=r000_s001476 success=True decision_rows=20
RISK_EPISODE_FINALIZED source_episode_id=2084 global_episode_id=r000_s002084 success=True decision_rows=21
RISK_EPISODE_FINALIZED source_episode_id=2876 global_episode_id=r000_s002876 success=True decision_rows=18
RISK_EPISODE_FINALIZED source_episode_id=25 global_episode_id=r000_s000025 success=True decision_rows=18
RISK_EPISODE_FINALIZED source_episode_id=36 global_episode_id=r000_s000036 success=True decision_rows=21
RISK_EPISODE_FINALIZED source_episode_id=244 global_episode_id=r000_s000244 success=True decision_rows=18
RISK_EPISODE_FINALIZED source_episode_id=3248 global_episode_id=r000_s003248 success=True decision_rows=18
RISK_EPISODE_FINALIZED source_episode_id=2571 global_episode_id=r000_s002571 success=True decision_rows=19
RISK_EPISODE_FINALIZED source_episode_id=3180 global_episode_id=r000_s003180 success=True decision_rows=15
RISK_EPISODE_FINALIZED source_episode_id=469 global_episode_id=r000_s000469 success=True decision_rows=21
RISK_EPISODE_FINALIZED source_episode_id=3057 global_episode_id=r000_s003057 success=True decision_rows=19
RISK_EPISODE_FINALIZED source_episode_id=2788 global_episode_id=r000_s002788 success=True decision_rows=20
RISK_EPISODE_FINALIZED source_episode_id=3007 global_episode_id=r000_s003007 success=True decision_rows=15
RISK_EPISODE_FINALIZED source_episode_id=2678 global_episode_id=r000_s002678 success=True decision_rows=21
RISK_EPISODE_FINALIZED source_episode_id=3941 global_episode_id=r000_s003941 success=True decision_rows=17
RISK_EPISODE_FINALIZED source_episode_id=3344 global_episode_id=r000_s003344 success=True decision_rows=17
RISK_EPISODE_FINALIZED source_episode_id=2828 global_episode_id=r000_s002828 success=True decision_rows=14
RISK_EPISODE_FINALIZED source_episode_id=3236 global_episode_id=r000_s003236 success=True decision_rows=20
RISK_EPISODE_FINALIZED source_episode_id=3907 global_episode_id=r000_s003907 success=True decision_rows=22
RISK_EPISODE_FINALIZED source_episode_id=3491 global_episode_id=r000_s003491 success=True decision_rows=22
RISK_EPISODE_FINALIZED source_episode_id=2924 global_episode_id=r000_s002924 success=True decision_rows=20
RISK_EPISODE_FINALIZED source_episode_id=117 global_episode_id=r000_s000117 success=True decision_rows=18
RISK_EPISODE_FINALIZED source_episode_id=450 global_episode_id=r000_s000450 success=True decision_rows=20
RISK_EPISODE_FINALIZED source_episode_id=2607 global_episode_id=r000_s002607 success=True decision_rows=21
RISK_EPISODE_FINALIZED source_episode_id=2139 global_episode_id=r000_s002139 success=True decision_rows=12
RISK_EPISODE_FINALIZED source_episode_id=767 global_episode_id=r000_s000767 success=True decision_rows=16
RISK_EPISODE_FINALIZED source_episode_id=4134 global_episode_id=r000_s004134 success=True decision_rows=19
RISK_EPISODE_FINALIZED source_episode_id=740 global_episode_id=r000_s000740 success=True decision_rows=21
RISK_EPISODE_FINALIZED source_episode_id=3311 global_episode_id=r000_s003311 success=True decision_rows=19
RISK_EPISODE_FINALIZED source_episode_id=2900 global_episode_id=r000_s002900 success=True decision_rows=22
RISK_EPISODE_FINALIZED source_episode_id=2293 global_episode_id=r000_s002293 success=True decision_rows=21
RISK_EPISODE_FINALIZED source_episode_id=1464 global_episode_id=r000_s001464 success=True decision_rows=23
RISK_EPISODE_FINALIZED source_episode_id=677 global_episode_id=r000_s000677 success=True decision_rows=16
RISK_EPISODE_FINALIZED source_episode_id=2573 global_episode_id=r000_s002573 success=True decision_rows=19
RISK_EPISODE_FINALIZED source_episode_id=2470 global_episode_id=r000_s002470 success=True decision_rows=18
RISK_EPISODE_FINALIZED source_episode_id=3835 global_episode_id=r000_s003835 success=True decision_rows=9
RISK_EPISODE_FINALIZED source_episode_id=632 global_episode_id=r000_s000632 success=True decision_rows=21
RISK_EPISODE_FINALIZED source_episode_id=4143 global_episode_id=r000_s004143 success=True decision_rows=21
RISK_EPISODE_FINALIZED source_episode_id=2758 global_episode_id=r000_s002758 success=True decision_rows=21
RISK_EPISODE_FINALIZED source_episode_id=3820 global_episode_id=r000_s003820 success=True decision_rows=18
RISK_EPISODE_FINALIZED source_episode_id=3349 global_episode_id=r000_s003349 success=True decision_rows=21
RISK_EPISODE_FINALIZED source_episode_id=3446 global_episode_id=r000_s003446 success=True decision_rows=21
RISK_EPISODE_FINALIZED source_episode_id=1243 global_episode_id=r000_s001243 success=True decision_rows=19
RISK_EPISODE_FINALIZED source_episode_id=1132 global_episode_id=r000_s001132 success=True decision_rows=15
RISK_EPISODE_FINALIZED source_episode_id=3363 global_episode_id=r000_s003363 success=True decision_rows=21
RISK_EPISODE_FINALIZED source_episode_id=1069 global_episode_id=r000_s001069 success=True decision_rows=21
RISK_EPISODE_FINALIZED source_episode_id=580 global_episode_id=r000_s000580 success=True decision_rows=16
RISK_EPISODE_FINALIZED source_episode_id=3775 global_episode_id=r000_s003775 success=True decision_rows=11
RISK_EPISODE_FINALIZED source_episode_id=3043 global_episode_id=r000_s003043 success=True decision_rows=19
RISK_EPISODE_FINALIZED source_episode_id=152 global_episode_id=r000_s000152 success=True decision_rows=19
RISK_EPISODE_FINALIZED source_episode_id=472 global_episode_id=r000_s000472 success=True decision_rows=22
RISK_EPISODE_FINALIZED source_episode_id=2946 global_episode_id=r000_s002946 success=True decision_rows=17
RISK_EPISODE_FINALIZED source_episode_id=3796 global_episode_id=r000_s003796 success=True decision_rows=22
RISK_EPISODE_FINALIZED source_episode_id=613 global_episode_id=r000_s000613 success=True decision_rows=16
RISK_EPISODE_FINALIZED source_episode_id=2978 global_episode_id=r000_s002978 success=True decision_rows=18
RISK_EPISODE_FINALIZED source_episode_id=4089 global_episode_id=r000_s004089 success=True decision_rows=20
RISK_EPISODE_FINALIZED source_episode_id=421 global_episode_id=r000_s000421 success=True decision_rows=18
RISK_EPISODE_FINALIZED source_episode_id=836 global_episode_id=r000_s000836 success=False decision_rows=60
RISK_EPISODE_FINALIZED source_episode_id=80 global_episode_id=r000_s000080 success=True decision_rows=21
RISK_EPISODE_FINALIZED source_episode_id=678 global_episode_id=r000_s000678 success=True decision_rows=21
RISK_EPISODE_FINALIZED source_episode_id=1945 global_episode_id=r000_s001945 success=True decision_rows=17
RISK_EPISODE_FINALIZED source_episode_id=809 global_episode_id=r000_s000809 success=True decision_rows=19
RISK_EPISODE_FINALIZED source_episode_id=2742 global_episode_id=r000_s002742 success=True decision_rows=15
RISK_EPISODE_FINALIZED source_episode_id=1893 global_episode_id=r000_s001893 success=True decision_rows=18
RISK_EPISODE_FINALIZED source_episode_id=2036 global_episode_id=r000_s002036 success=True decision_rows=19
RISK_EPISODE_FINALIZED source_episode_id=1983 global_episode_id=r000_s001983 success=True decision_rows=17
RISK_EPISODE_FINALIZED source_episode_id=2278 global_episode_id=r000_s002278 success=True decision_rows=18
RISK_EPISODE_FINALIZED source_episode_id=1650 global_episode_id=r000_s001650 success=True decision_rows=22
RISK_EPISODE_FINALIZED source_episode_id=89 global_episode_id=r000_s000089 success=True decision_rows=18
RISK_EPISODE_FINALIZED source_episode_id=1699 global_episode_id=r000_s001699 success=False decision_rows=60
RISK_EPISODE_FINALIZED source_episode_id=3208 global_episode_id=r000_s003208 success=True decision_rows=13
RISK_EPISODE_FINALIZED source_episode_id=844 global_episode_id=r000_s000844 success=True decision_rows=16
RISK_EPISODE_FINALIZED source_episode_id=1865 global_episode_id=r000_s001865 success=True decision_rows=18
RISK_EPISODE_FINALIZED source_episode_id=3139 global_episode_id=r000_s003139 success=True decision_rows=19
RISK_EPISODE_FINALIZED source_episode_id=3570 global_episode_id=r000_s003570 success=True decision_rows=16
RISK_EPISODE_FINALIZED source_episode_id=453 global_episode_id=r000_s000453 success=True decision_rows=19
RISK_EPISODE_FINALIZED source_episode_id=3088 global_episode_id=r000_s003088 success=True decision_rows=21
RISK_EPISODE_FINALIZED source_episode_id=1500 global_episode_id=r000_s001500 success=True decision_rows=15
RISK_EPISODE_FINALIZED source_episode_id=2865 global_episode_id=r000_s002865 success=True decision_rows=15
RISK_EPISODE_FINALIZED source_episode_id=4146 global_episode_id=r000_s004146 success=True decision_rows=22
RISK_EPISODE_FINALIZED source_episode_id=1468 global_episode_id=r000_s001468 success=True decision_rows=10
RISK_EPISODE_FINALIZED source_episode_id=3459 global_episode_id=r000_s003459 success=True decision_rows=17
RISK_EPISODE_FINALIZED source_episode_id=3766 global_episode_id=r000_s003766 success=True decision_rows=19
RISK_EPISODE_FINALIZED source_episode_id=3898 global_episode_id=r000_s003898 success=True decision_rows=21
RISK_EPISODE_FINALIZED source_episode_id=2596 global_episode_id=r000_s002596 success=True decision_rows=15
RISK_EPISODE_FINALIZED source_episode_id=2794 global_episode_id=r000_s002794 success=True decision_rows=19
RISK_EPISODE_FINALIZED source_episode_id=2685 global_episode_id=r000_s002685 success=True decision_rows=21
RISK_EPISODE_FINALIZED source_episode_id=3368 global_episode_id=r000_s003368 success=True decision_rows=18
RISK_EPISODE_FINALIZED source_episode_id=1596 global_episode_id=r000_s001596 success=True decision_rows=17
RISK_EPISODE_FINALIZED source_episode_id=3253 global_episode_id=r000_s003253 success=True decision_rows=21
RISK_EPISODE_FINALIZED source_episode_id=2998 global_episode_id=r000_s002998 success=True decision_rows=21
RISK_EPISODE_FINALIZED source_episode_id=537 global_episode_id=r000_s000537 success=True decision_rows=18
RISK_EPISODE_FINALIZED source_episode_id=1763 global_episode_id=r000_s001763 success=True decision_rows=22
RISK_EPISODE_FINALIZED source_episode_id=2732 global_episode_id=r000_s002732 success=True decision_rows=19
RISK_EPISODE_FINALIZED source_episode_id=1704 global_episode_id=r000_s001704 success=True decision_rows=19
RISK_EPISODE_FINALIZED source_episode_id=533 global_episode_id=r000_s000533 success=True decision_rows=19
RISK_EPISODE_FINALIZED source_episode_id=1912 global_episode_id=r000_s001912 success=True decision_rows=16
RISK_EPISODE_FINALIZED source_episode_id=555 global_episode_id=r000_s000555 success=True decision_rows=22
RISK_EPISODE_FINALIZED source_episode_id=2026 global_episode_id=r000_s002026 success=True decision_rows=18
RISK_EPISODE_FINALIZED source_episode_id=3220 global_episode_id=r000_s003220 success=True decision_rows=19
RISK_EPISODE_FINALIZED source_episode_id=3266 global_episode_id=r000_s003266 success=True decision_rows=14
RISK_EPISODE_FINALIZED source_episode_id=3605 global_episode_id=r000_s003605 success=True decision_rows=20
RISK_EPISODE_FINALIZED source_episode_id=3645 global_episode_id=r000_s003645 success=True decision_rows=20
RISK_EPISODE_FINALIZED source_episode_id=2635 global_episode_id=r000_s002635 success=True decision_rows=20
RISK_EPISODE_FINALIZED source_episode_id=3837 global_episode_id=r000_s003837 success=True decision_rows=20
RISK_EPISODE_FINALIZED source_episode_id=3031 global_episode_id=r000_s003031 success=True decision_rows=17
RISK_EPISODE_FINALIZED source_episode_id=3834 global_episode_id=r000_s003834 success=True decision_rows=20
RISK_EPISODE_FINALIZED source_episode_id=3851 global_episode_id=r000_s003851 success=True decision_rows=21
RISK_EPISODE_FINALIZED source_episode_id=4138 global_episode_id=r000_s004138 success=True decision_rows=15
RISK_EPISODE_FINALIZED source_episode_id=1711 global_episode_id=r000_s001711 success=True decision_rows=20
RISK_EPISODE_FINALIZED source_episode_id=3131 global_episode_id=r000_s003131 success=True decision_rows=14
RISK_EPISODE_FINALIZED source_episode_id=3199 global_episode_id=r000_s003199 success=True decision_rows=17
RISK_EPISODE_FINALIZED source_episode_id=1168 global_episode_id=r000_s001168 success=True decision_rows=21
RISK_EPISODE_FINALIZED source_episode_id=601 global_episode_id=r000_s000601 success=True decision_rows=19
RISK_EPISODE_FINALIZED source_episode_id=3715 global_episode_id=r000_s003715 success=True decision_rows=23
RISK_EPISODE_FINALIZED source_episode_id=2618 global_episode_id=r000_s002618 success=True decision_rows=18
RISK_EPISODE_FINALIZED source_episode_id=118 global_episode_id=r000_s000118 success=True decision_rows=18
RISK_EPISODE_FINALIZED source_episode_id=1122 global_episode_id=r000_s001122 success=True decision_rows=9
RISK_EPISODE_FINALIZED source_episode_id=515 global_episode_id=r000_s000515 success=True decision_rows=22
RISK_EPISODE_FINALIZED source_episode_id=2156 global_episode_id=r000_s002156 success=True decision_rows=20
RISK_EPISODE_FINALIZED source_episode_id=3374 global_episode_id=r000_s003374 success=True decision_rows=19
RISK_EPISODE_FINALIZED source_episode_id=1564 global_episode_id=r000_s001564 success=True decision_rows=16
RISK_EPISODE_FINALIZED source_episode_id=309 global_episode_id=r000_s000309 success=True decision_rows=20
RISK_EPISODE_FINALIZED source_episode_id=3620 global_episode_id=r000_s003620 success=True decision_rows=22
RISK_EPISODE_FINALIZED source_episode_id=3557 global_episode_id=r000_s003557 success=True decision_rows=16
RISK_EPISODE_FINALIZED source_episode_id=2223 global_episode_id=r000_s002223 success=True decision_rows=23
RISK_EPISODE_FINALIZED source_episode_id=1444 global_episode_id=r000_s001444 success=True decision_rows=16
RISK_EPISODE_FINALIZED source_episode_id=504 global_episode_id=r000_s000504 success=True decision_rows=21
RISK_EPISODE_FINALIZED source_episode_id=1076 global_episode_id=r000_s001076 success=True decision_rows=17
RISK_EPISODE_FINALIZED source_episode_id=2100 global_episode_id=r000_s002100 success=True decision_rows=20
RISK_EPISODE_FINALIZED source_episode_id=2395 global_episode_id=r000_s002395 success=True decision_rows=19
RISK_EPISODE_FINALIZED source_episode_id=900 global_episode_id=r000_s000900 success=True decision_rows=20
RISK_EPISODE_FINALIZED source_episode_id=626 global_episode_id=r000_s000626 success=True decision_rows=21
RISK_EPISODE_FINALIZED source_episode_id=2508 global_episode_id=r000_s002508 success=True decision_rows=18
RISK_EPISODE_FINALIZED source_episode_id=1120 global_episode_id=r000_s001120 success=True decision_rows=20
RISK_EPISODE_FINALIZED source_episode_id=2793 global_episode_id=r000_s002793 success=True decision_rows=18
RISK_EPISODE_FINALIZED source_episode_id=40 global_episode_id=r000_s000040 success=True decision_rows=19
RISK_EPISODE_FINALIZED source_episode_id=2564 global_episode_id=r000_s002564 success=True decision_rows=21
RISK_EPISODE_FINALIZED source_episode_id=1586 global_episode_id=r000_s001586 success=True decision_rows=21
RISK_EPISODE_FINALIZED source_episode_id=1382 global_episode_id=r000_s001382 success=True decision_rows=20
RISK_EPISODE_FINALIZED source_episode_id=296 global_episode_id=r000_s000296 success=True decision_rows=12
RISK_EPISODE_FINALIZED source_episode_id=3754 global_episode_id=r000_s003754 success=True decision_rows=19
RISK_EPISODE_FINALIZED source_episode_id=2429 global_episode_id=r000_s002429 success=True decision_rows=21
RISK_EPISODE_FINALIZED source_episode_id=2684 global_episode_id=r000_s002684 success=True decision_rows=17
RISK_EPISODE_FINALIZED source_episode_id=360 global_episode_id=r000_s000360 success=True decision_rows=18
RISK_EPISODE_FINALIZED source_episode_id=994 global_episode_id=r000_s000994 success=True decision_rows=15
RISK_EPISODE_FINALIZED source_episode_id=692 global_episode_id=r000_s000692 success=True decision_rows=20
RISK_EPISODE_FINALIZED source_episode_id=1224 global_episode_id=r000_s001224 success=True decision_rows=13
RISK_EPISODE_FINALIZED source_episode_id=608 global_episode_id=r000_s000608 success=True decision_rows=19
RISK_EPISODE_FINALIZED source_episode_id=1823 global_episode_id=r000_s001823 success=True decision_rows=19
RISK_EPISODE_FINALIZED source_episode_id=3503 global_episode_id=r000_s003503 success=True decision_rows=15
RISK_EPISODE_FINALIZED source_episode_id=3093 global_episode_id=r000_s003093 success=True decision_rows=14
RISK_EPISODE_FINALIZED source_episode_id=2239 global_episode_id=r000_s002239 success=True decision_rows=19
RISK_EPISODE_FINALIZED source_episode_id=2115 global_episode_id=r000_s002115 success=True decision_rows=17
RISK_EPISODE_FINALIZED source_episode_id=1289 global_episode_id=r000_s001289 success=True decision_rows=17
RISK_EPISODE_FINALIZED source_episode_id=4139 global_episode_id=r000_s004139 success=True decision_rows=17
RISK_EPISODE_FINALIZED source_episode_id=2565 global_episode_id=r000_s002565 success=True decision_rows=15
RISK_EPISODE_FINALIZED source_episode_id=892 global_episode_id=r000_s000892 success=True decision_rows=16
RISK_EPISODE_FINALIZED source_episode_id=298 global_episode_id=r000_s000298 success=True decision_rows=19
RISK_EPISODE_FINALIZED source_episode_id=102 global_episode_id=r000_s000102 success=True decision_rows=13
RISK_EPISODE_FINALIZED source_episode_id=27 global_episode_id=r000_s000027 success=True decision_rows=18
RISK_EPISODE_FINALIZED source_episode_id=1133 global_episode_id=r000_s001133 success=True decision_rows=20
RISK_EPISODE_FINALIZED source_episode_id=3563 global_episode_id=r000_s003563 success=True decision_rows=22
RISK_EPISODE_FINALIZED source_episode_id=2620 global_episode_id=r000_s002620 success=True decision_rows=16
RISK_EPISODE_FINALIZED source_episode_id=930 global_episode_id=r000_s000930 success=True decision_rows=18
RISK_EPISODE_FINALIZED source_episode_id=2069 global_episode_id=r000_s002069 success=True decision_rows=21
RISK_EPISODE_FINALIZED source_episode_id=2708 global_episode_id=r000_s002708 success=True decision_rows=23
RISK_EPISODE_FINALIZED source_episode_id=139 global_episode_id=r000_s000139 success=True decision_rows=20
RISK_EPISODE_FINALIZED source_episode_id=1496 global_episode_id=r000_s001496 success=True decision_rows=21
RISK_EPISODE_FINALIZED source_episode_id=821 global_episode_id=r000_s000821 success=True decision_rows=21
RISK_EPISODE_FINALIZED source_episode_id=123 global_episode_id=r000_s000123 success=True decision_rows=18
RISK_EPISODE_FINALIZED source_episode_id=1080 global_episode_id=r000_s001080 success=True decision_rows=17
RISK_EPISODE_FINALIZED source_episode_id=3051 global_episode_id=r000_s003051 success=True decision_rows=22
RISK_EPISODE_FINALIZED source_episode_id=1824 global_episode_id=r000_s001824 success=True decision_rows=17
RISK_EPISODE_FINALIZED source_episode_id=441 global_episode_id=r000_s000441 success=True decision_rows=15
RISK_EPISODE_FINALIZED source_episode_id=3304 global_episode_id=r000_s003304 success=True decision_rows=18
RISK_EPISODE_FINALIZED source_episode_id=1547 global_episode_id=r000_s001547 success=True decision_rows=19
RISK_EPISODE_FINALIZED source_episode_id=376 global_episode_id=r000_s000376 success=True decision_rows=23
RISK_EPISODE_FINALIZED source_episode_id=1833 global_episode_id=r000_s001833 success=True decision_rows=18
RISK_EPISODE_FINALIZED source_episode_id=2361 global_episode_id=r000_s002361 success=True decision_rows=21
RISK_EPISODE_FINALIZED source_episode_id=1099 global_episode_id=r000_s001099 success=True decision_rows=21
RISK_EPISODE_FINALIZED source_episode_id=2666 global_episode_id=r000_s002666 success=True decision_rows=13
RISK_EPISODE_FINALIZED source_episode_id=3325 global_episode_id=r000_s003325 success=True decision_rows=20
RISK_EPISODE_FINALIZED source_episode_id=1010 global_episode_id=r000_s001010 success=True decision_rows=22
RISK_EPISODE_FINALIZED source_episode_id=3228 global_episode_id=r000_s003228 success=True decision_rows=18
RISK_EPISODE_FINALIZED source_episode_id=3942 global_episode_id=r000_s003942 success=True decision_rows=20
RISK_EPISODE_FINALIZED source_episode_id=1576 global_episode_id=r000_s001576 success=True decision_rows=20
RISK_EPISODE_FINALIZED source_episode_id=3740 global_episode_id=r000_s003740 success=True decision_rows=18
RISK_EPISODE_FINALIZED source_episode_id=1258 global_episode_id=r000_s001258 success=True decision_rows=16
RISK_EPISODE_FINALIZED source_episode_id=3049 global_episode_id=r000_s003049 success=True decision_rows=17
RISK_EPISODE_FINALIZED source_episode_id=3284 global_episode_id=r000_s003284 success=True decision_rows=18
RISK_EPISODE_FINALIZED source_episode_id=3628 global_episode_id=r000_s003628 success=True decision_rows=18
RISK_EPISODE_FINALIZED source_episode_id=2991 global_episode_id=r000_s002991 success=True decision_rows=20
RISK_EPISODE_FINALIZED source_episode_id=2109 global_episode_id=r000_s002109 success=True decision_rows=18
RISK_EPISODE_FINALIZED source_episode_id=2244 global_episode_id=r000_s002244 success=True decision_rows=21
RISK_EPISODE_FINALIZED source_episode_id=4059 global_episode_id=r000_s004059 success=True decision_rows=18
RISK_EPISODE_FINALIZED source_episode_id=1343 global_episode_id=r000_s001343 success=True decision_rows=19
RISK_EPISODE_FINALIZED source_episode_id=1348 global_episode_id=r000_s001348 success=True decision_rows=15
RISK_EPISODE_FINALIZED source_episode_id=2947 global_episode_id=r000_s002947 success=True decision_rows=22
RISK_EPISODE_FINALIZED source_episode_id=284 global_episode_id=r000_s000284 success=True decision_rows=16
RISK_EPISODE_FINALIZED source_episode_id=2877 global_episode_id=r000_s002877 success=True decision_rows=21
RISK_EPISODE_FINALIZED source_episode_id=746 global_episode_id=r000_s000746 success=True decision_rows=18
RISK_EPISODE_FINALIZED source_episode_id=956 global_episode_id=r000_s000956 success=True decision_rows=17
RISK_EPISODE_FINALIZED source_episode_id=2388 global_episode_id=r000_s002388 success=True decision_rows=20
RISK_EPISODE_FINALIZED source_episode_id=3385 global_episode_id=r000_s003385 success=True decision_rows=20
RISK_EPISODE_FINALIZED source_episode_id=3918 global_episode_id=r000_s003918 success=True decision_rows=20
RISK_EPISODE_FINALIZED source_episode_id=1954 global_episode_id=r000_s001954 success=True decision_rows=16
RISK_EPISODE_FINALIZED source_episode_id=1577 global_episode_id=r000_s001577 success=True decision_rows=19
RISK_EPISODE_FINALIZED source_episode_id=3881 global_episode_id=r000_s003881 success=True decision_rows=19
RISK_EPISODE_FINALIZED source_episode_id=2724 global_episode_id=r000_s002724 success=True decision_rows=18
RISK_EPISODE_FINALIZED source_episode_id=3003 global_episode_id=r000_s003003 success=True decision_rows=16
RISK_EPISODE_FINALIZED source_episode_id=2325 global_episode_id=r000_s002325 success=True decision_rows=14
RISK_EPISODE_FINALIZED source_episode_id=1381 global_episode_id=r000_s001381 success=True decision_rows=18
RISK_EPISODE_FINALIZED source_episode_id=2484 global_episode_id=r000_s002484 success=True decision_rows=18
RISK_EPISODE_FINALIZED source_episode_id=60 global_episode_id=r000_s000060 success=True decision_rows=16
RISK_EPISODE_FINALIZED source_episode_id=1314 global_episode_id=r000_s001314 success=True decision_rows=15
RISK_EPISODE_FINALIZED source_episode_id=811 global_episode_id=r000_s000811 success=True decision_rows=21
RISK_EPISODE_FINALIZED source_episode_id=364 global_episode_id=r000_s000364 success=True decision_rows=21
RISK_EPISODE_FINALIZED source_episode_id=3193 global_episode_id=r000_s003193 success=True decision_rows=15
RISK_EPISODE_FINALIZED source_episode_id=1179 global_episode_id=r000_s001179 success=True decision_rows=17
RISK_EPISODE_FINALIZED source_episode_id=1389 global_episode_id=r000_s001389 success=True decision_rows=14
RISK_EPISODE_FINALIZED source_episode_id=1236 global_episode_id=r000_s001236 success=True decision_rows=16
RISK_EPISODE_FINALIZED source_episode_id=1297 global_episode_id=r000_s001297 success=True decision_rows=20
RISK_EPISODE_FINALIZED source_episode_id=2287 global_episode_id=r000_s002287 success=True decision_rows=15
RISK_EPISODE_FINALIZED source_episode_id=241 global_episode_id=r000_s000241 success=True decision_rows=16
RISK_EPISODE_FINALIZED source_episode_id=2260 global_episode_id=r000_s002260 success=True decision_rows=18
RISK_EPISODE_FINALIZED source_episode_id=1756 global_episode_id=r000_s001756 success=True decision_rows=13
RISK_EPISODE_FINALIZED source_episode_id=3755 global_episode_id=r000_s003755 success=True decision_rows=21
RISK_EPISODE_FINALIZED source_episode_id=1248 global_episode_id=r000_s001248 success=True decision_rows=20
RISK_EPISODE_FINALIZED source_episode_id=105 global_episode_id=r000_s000105 success=True decision_rows=15
RISK_EPISODE_FINALIZED source_episode_id=3237 global_episode_id=r000_s003237 success=True decision_rows=19
RISK_EPISODE_FINALIZED source_episode_id=4140 global_episode_id=r000_s004140 success=True decision_rows=20
RISK_EPISODE_FINALIZED source_episode_id=3289 global_episode_id=r000_s003289 success=True decision_rows=18
RISK_EPISODE_FINALIZED source_episode_id=3780 global_episode_id=r000_s003780 success=True decision_rows=21
RISK_EPISODE_FINALIZED source_episode_id=188 global_episode_id=r000_s000188 success=True decision_rows=18
RISK_EPISODE_FINALIZED source_episode_id=4031 global_episode_id=r000_s004031 success=True decision_rows=15
RISK_EPISODE_FINALIZED source_episode_id=3172 global_episode_id=r000_s003172 success=True decision_rows=21
RISK_EPISODE_FINALIZED source_episode_id=2517 global_episode_id=r000_s002517 success=True decision_rows=18
RISK_EPISODE_FINALIZED source_episode_id=977 global_episode_id=r000_s000977 success=True decision_rows=15
RISK_EPISODE_FINALIZED source_episode_id=3472 global_episode_id=r000_s003472 success=True decision_rows=21
RISK_EPISODE_FINALIZED source_episode_id=716 global_episode_id=r000_s000716 success=True decision_rows=16
RISK_EPISODE_FINALIZED source_episode_id=3202 global_episode_id=r000_s003202 success=True decision_rows=13
RISK_EPISODE_FINALIZED source_episode_id=674 global_episode_id=r000_s000674 success=True decision_rows=18
RISK_EPISODE_FINALIZED source_episode_id=3892 global_episode_id=r000_s003892 success=True decision_rows=18
RISK_EPISODE_FINALIZED source_episode_id=643 global_episode_id=r000_s000643 success=True decision_rows=23
RISK_EPISODE_FINALIZED source_episode_id=2964 global_episode_id=r000_s002964 success=True decision_rows=21
RISK_EPISODE_FINALIZED source_episode_id=2574 global_episode_id=r000_s002574 success=True decision_rows=19
RISK_EPISODE_FINALIZED source_episode_id=1221 global_episode_id=r000_s001221 success=True decision_rows=20
RISK_EPISODE_FINALIZED source_episode_id=2178 global_episode_id=r000_s002178 success=True decision_rows=14
RISK_EPISODE_FINALIZED source_episode_id=2548 global_episode_id=r000_s002548 success=True decision_rows=17
RISK_EPISODE_FINALIZED source_episode_id=2516 global_episode_id=r000_s002516 success=True decision_rows=21
RISK_EPISODE_FINALIZED source_episode_id=2949 global_episode_id=r000_s002949 success=True decision_rows=18
RISK_EPISODE_FINALIZED source_episode_id=3046 global_episode_id=r000_s003046 success=True decision_rows=20
RISK_EPISODE_FINALIZED source_episode_id=4021 global_episode_id=r000_s004021 success=True decision_rows=20
RISK_EPISODE_FINALIZED source_episode_id=3306 global_episode_id=r000_s003306 success=True decision_rows=16
RISK_EPISODE_FINALIZED source_episode_id=1653 global_episode_id=r000_s001653 success=True decision_rows=17
RISK_EPISODE_FINALIZED source_episode_id=1380 global_episode_id=r000_s001380 success=True decision_rows=17
RISK_EPISODE_FINALIZED source_episode_id=2403 global_episode_id=r000_s002403 success=True decision_rows=20
RISK_EPISODE_FINALIZED source_episode_id=209 global_episode_id=r000_s000209 success=True decision_rows=22
RISK_EPISODE_FINALIZED source_episode_id=628 global_episode_id=r000_s000628 success=True decision_rows=16
RISK_EPISODE_FINALIZED source_episode_id=864 global_episode_id=r000_s000864 success=True decision_rows=20
RISK_EPISODE_FINALIZED source_episode_id=3183 global_episode_id=r000_s003183 success=True decision_rows=24
RISK_EPISODE_FINALIZED source_episode_id=3865 global_episode_id=r000_s003865 success=True decision_rows=13
RISK_EPISODE_FINALIZED source_episode_id=4131 global_episode_id=r000_s004131 success=True decision_rows=20
RISK_EPISODE_FINALIZED source_episode_id=3932 global_episode_id=r000_s003932 success=True decision_rows=16
RISK_EPISODE_FINALIZED source_episode_id=581 global_episode_id=r000_s000581 success=True decision_rows=20
RISK_EPISODE_FINALIZED source_episode_id=3044 global_episode_id=r000_s003044 success=True decision_rows=22
RISK_EPISODE_FINALIZED source_episode_id=443 global_episode_id=r000_s000443 success=True decision_rows=18
RISK_EPISODE_FINALIZED source_episode_id=204 global_episode_id=r000_s000204 success=True decision_rows=17
RISK_EPISODE_FINALIZED source_episode_id=2952 global_episode_id=r000_s002952 success=True decision_rows=20
RISK_EPISODE_FINALIZED source_episode_id=3348 global_episode_id=r000_s003348 success=True decision_rows=22
RISK_EPISODE_FINALIZED source_episode_id=1764 global_episode_id=r000_s001764 success=True decision_rows=22
RISK_EPISODE_FINALIZED source_episode_id=3580 global_episode_id=r000_s003580 success=True decision_rows=17
RISK_EPISODE_FINALIZED source_episode_id=3737 global_episode_id=r000_s003737 success=True decision_rows=16
RISK_EPISODE_FINALIZED source_episode_id=1973 global_episode_id=r000_s001973 success=True decision_rows=20
RISK_EPISODE_FINALIZED source_episode_id=3426 global_episode_id=r000_s003426 success=True decision_rows=13
RISK_EPISODE_FINALIZED source_episode_id=2410 global_episode_id=r000_s002410 success=True decision_rows=19
RISK_EPISODE_FINALIZED source_episode_id=3435 global_episode_id=r000_s003435 success=True decision_rows=21
RISK_EPISODE_FINALIZED source_episode_id=937 global_episode_id=r000_s000937 success=True decision_rows=18
RISK_EPISODE_FINALIZED source_episode_id=2104 global_episode_id=r000_s002104 success=True decision_rows=23
RISK_EPISODE_FINALIZED source_episode_id=539 global_episode_id=r000_s000539 success=True decision_rows=17
RISK_EPISODE_FINALIZED source_episode_id=3579 global_episode_id=r000_s003579 success=True decision_rows=13
RISK_EPISODE_FINALIZED source_episode_id=2083 global_episode_id=r000_s002083 success=True decision_rows=20
RISK_EPISODE_FINALIZED source_episode_id=1140 global_episode_id=r000_s001140 success=True decision_rows=12
RISK_EPISODE_FINALIZED source_episode_id=2831 global_episode_id=r000_s002831 success=True decision_rows=15
RISK_EPISODE_FINALIZED source_episode_id=2507 global_episode_id=r000_s002507 success=True decision_rows=16
RISK_EPISODE_FINALIZED source_episode_id=4069 global_episode_id=r000_s004069 success=True decision_rows=18
RISK_EPISODE_FINALIZED source_episode_id=532 global_episode_id=r000_s000532 success=True decision_rows=16
RISK_EPISODE_FINALIZED source_episode_id=121 global_episode_id=r000_s000121 success=True decision_rows=20
RISK_EPISODE_FINALIZED source_episode_id=2299 global_episode_id=r000_s002299 success=True decision_rows=15
RISK_EPISODE_FINALIZED source_episode_id=2216 global_episode_id=r000_s002216 success=True decision_rows=20
RISK_EPISODE_FINALIZED source_episode_id=566 global_episode_id=r000_s000566 success=True decision_rows=21
RISK_EPISODE_FINALIZED source_episode_id=3096 global_episode_id=r000_s003096 success=True decision_rows=22
RISK_EPISODE_FINALIZED source_episode_id=2916 global_episode_id=r000_s002916 success=True decision_rows=22
RISK_EPISODE_FINALIZED source_episode_id=3417 global_episode_id=r000_s003417 success=True decision_rows=16
RISK_EPISODE_FINALIZED source_episode_id=2652 global_episode_id=r000_s002652 success=True decision_rows=14
RISK_EPISODE_FINALIZED source_episode_id=939 global_episode_id=r000_s000939 success=True decision_rows=22
RISK_EPISODE_FINALIZED source_episode_id=4000 global_episode_id=r000_s004000 success=True decision_rows=18
RISK_EPISODE_FINALIZED source_episode_id=3493 global_episode_id=r000_s003493 success=True decision_rows=15
RISK_EPISODE_FINALIZED source_episode_id=2549 global_episode_id=r000_s002549 success=True decision_rows=19
RISK_EPISODE_FINALIZED source_episode_id=3589 global_episode_id=r000_s003589 success=True decision_rows=22
RISK_EPISODE_FINALIZED source_episode_id=1128 global_episode_id=r000_s001128 success=True decision_rows=16
RISK_EPISODE_FINALIZED source_episode_id=1661 global_episode_id=r000_s001661 success=True decision_rows=21
RISK_EPISODE_FINALIZED source_episode_id=648 global_episode_id=r000_s000648 success=True decision_rows=13
RISK_EPISODE_FINALIZED source_episode_id=824 global_episode_id=r000_s000824 success=True decision_rows=22
RISK_EPISODE_FINALIZED source_episode_id=3899 global_episode_id=r000_s003899 success=True decision_rows=15
RISK_EPISODE_FINALIZED source_episode_id=2053 global_episode_id=r000_s002053 success=True decision_rows=18
RISK_EPISODE_FINALIZED source_episode_id=1638 global_episode_id=r000_s001638 success=True decision_rows=20
RISK_EPISODE_FINALIZED source_episode_id=2677 global_episode_id=r000_s002677 success=True decision_rows=20
RISK_EPISODE_FINALIZED source_episode_id=3702 global_episode_id=r000_s003702 success=True decision_rows=18
RISK_EPISODE_FINALIZED source_episode_id=3216 global_episode_id=r000_s003216 success=True decision_rows=16
RISK_EPISODE_FINALIZED source_episode_id=3828 global_episode_id=r000_s003828 success=True decision_rows=17
RISK_EPISODE_FINALIZED source_episode_id=236 global_episode_id=r000_s000236 success=True decision_rows=20
RISK_EPISODE_FINALIZED source_episode_id=483 global_episode_id=r000_s000483 success=True decision_rows=19
RISK_EPISODE_FINALIZED source_episode_id=2175 global_episode_id=r000_s002175 success=True decision_rows=19
RISK_EPISODE_FINALIZED source_episode_id=2969 global_episode_id=r000_s002969 success=True decision_rows=13
RISK_EPISODE_FINALIZED source_episode_id=1035 global_episode_id=r000_s001035 success=True decision_rows=18
RISK_EPISODE_FINALIZED source_episode_id=2797 global_episode_id=r000_s002797 success=True decision_rows=17
RISK_EPISODE_FINALIZED source_episode_id=1157 global_episode_id=r000_s001157 success=True decision_rows=21
RISK_EPISODE_FINALIZED source_episode_id=681 global_episode_id=r000_s000681 success=True decision_rows=19
RISK_EPISODE_FINALIZED source_episode_id=1906 global_episode_id=r000_s001906 success=True decision_rows=21
RISK_EPISODE_FINALIZED source_episode_id=1765 global_episode_id=r000_s001765 success=True decision_rows=18
RISK_EPISODE_FINALIZED source_episode_id=524 global_episode_id=r000_s000524 success=True decision_rows=18
RISK_EPISODE_FINALIZED source_episode_id=3627 global_episode_id=r000_s003627 success=True decision_rows=21
RISK_EPISODE_FINALIZED source_episode_id=2987 global_episode_id=r000_s002987 success=True decision_rows=19
RISK_EPISODE_FINALIZED source_episode_id=806 global_episode_id=r000_s000806 success=True decision_rows=19
RISK_EPISODE_FINALIZED source_episode_id=3024 global_episode_id=r000_s003024 success=True decision_rows=15
RISK_EPISODE_FINALIZED source_episode_id=155 global_episode_id=r000_s000155 success=True decision_rows=18
RISK_EPISODE_FINALIZED source_episode_id=3984 global_episode_id=r000_s003984 success=True decision_rows=21
RISK_EPISODE_FINALIZED source_episode_id=237 global_episode_id=r000_s000237 success=True decision_rows=21
RISK_EPISODE_FINALIZED source_episode_id=352 global_episode_id=r000_s000352 success=True decision_rows=19
RISK_EPISODE_FINALIZED source_episode_id=1897 global_episode_id=r000_s001897 success=True decision_rows=15
RISK_EPISODE_FINALIZED source_episode_id=687 global_episode_id=r000_s000687 success=True decision_rows=18
RISK_EPISODE_FINALIZED source_episode_id=4056 global_episode_id=r000_s004056 success=True decision_rows=15
RISK_EPISODE_FINALIZED source_episode_id=1798 global_episode_id=r000_s001798 success=True decision_rows=19
RISK_EPISODE_FINALIZED source_episode_id=1571 global_episode_id=r000_s001571 success=True decision_rows=16
RISK_EPISODE_FINALIZED source_episode_id=96 global_episode_id=r000_s000096 success=True decision_rows=21
RISK_EPISODE_FINALIZED source_episode_id=804 global_episode_id=r000_s000804 success=True decision_rows=15
RISK_EPISODE_FINALIZED source_episode_id=246 global_episode_id=r000_s000246 success=True decision_rows=21
RISK_EPISODE_FINALIZED source_episode_id=3250 global_episode_id=r000_s003250 success=True decision_rows=22
RISK_EPISODE_FINALIZED source_episode_id=324 global_episode_id=r000_s000324 success=False decision_rows=60
RISK_EPISODE_FINALIZED source_episode_id=3957 global_episode_id=r000_s003957 success=True decision_rows=19
RISK_EPISODE_FINALIZED source_episode_id=2157 global_episode_id=r000_s002157 success=True decision_rows=13
RISK_EPISODE_FINALIZED source_episode_id=3302 global_episode_id=r000_s003302 success=True decision_rows=20
RISK_EPISODE_FINALIZED source_episode_id=3784 global_episode_id=r000_s003784 success=True decision_rows=13
RISK_EPISODE_FINALIZED source_episode_id=3638 global_episode_id=r000_s003638 success=True decision_rows=20
RISK_EPISODE_FINALIZED source_episode_id=383 global_episode_id=r000_s000383 success=True decision_rows=19
RISK_EPISODE_FINALIZED source_episode_id=2841 global_episode_id=r000_s002841 success=True decision_rows=16
RISK_EPISODE_FINALIZED source_episode_id=675 global_episode_id=r000_s000675 success=True decision_rows=22
RISK_EPISODE_FINALIZED source_episode_id=3965 global_episode_id=r000_s003965 success=True decision_rows=20
RISK_EPISODE_FINALIZED source_episode_id=2861 global_episode_id=r000_s002861 success=True decision_rows=19
RISK_EPISODE_FINALIZED source_episode_id=3189 global_episode_id=r000_s003189 success=True decision_rows=20
RISK_EPISODE_FINALIZED source_episode_id=3452 global_episode_id=r000_s003452 success=True decision_rows=14
RISK_EPISODE_FINALIZED source_episode_id=536 global_episode_id=r000_s000536 success=True decision_rows=20
RISK_EPISODE_FINALIZED source_episode_id=3640 global_episode_id=r000_s003640 success=True decision_rows=24
RISK_EPISODE_FINALIZED source_episode_id=2733 global_episode_id=r000_s002733 success=True decision_rows=17
RISK_EPISODE_FINALIZED source_episode_id=2437 global_episode_id=r000_s002437 success=True decision_rows=20
RISK_EPISODE_FINALIZED source_episode_id=612 global_episode_id=r000_s000612 success=True decision_rows=17
RISK_EPISODE_FINALIZED source_episode_id=1836 global_episode_id=r000_s001836 success=True decision_rows=18
RISK_EPISODE_FINALIZED source_episode_id=195 global_episode_id=r000_s000195 success=True decision_rows=22
RISK_EPISODE_FINALIZED source_episode_id=4003 global_episode_id=r000_s004003 success=True decision_rows=22
RISK_EPISODE_FINALIZED source_episode_id=363 global_episode_id=r000_s000363 success=True decision_rows=22
RISK_EPISODE_FINALIZED source_episode_id=3481 global_episode_id=r000_s003481 success=True decision_rows=16
RISK_EPISODE_FINALIZED source_episode_id=3547 global_episode_id=r000_s003547 success=True decision_rows=20
RISK_EPISODE_FINALIZED source_episode_id=3324 global_episode_id=r000_s003324 success=True decision_rows=17
RISK_EPISODE_FINALIZED source_episode_id=630 global_episode_id=r000_s000630 success=True decision_rows=18
RISK_EPISODE_FINALIZED source_episode_id=3028 global_episode_id=r000_s003028 success=True decision_rows=22
RISK_EPISODE_FINALIZED source_episode_id=1303 global_episode_id=r000_s001303 success=True decision_rows=13
RISK_EPISODE_FINALIZED source_episode_id=3749 global_episode_id=r000_s003749 success=True decision_rows=18
RISK_EPISODE_FINALIZED source_episode_id=1588 global_episode_id=r000_s001588 success=True decision_rows=20
RISK_EPISODE_FINALIZED source_episode_id=2894 global_episode_id=r000_s002894 success=True decision_rows=17
RISK_EPISODE_FINALIZED source_episode_id=4082 global_episode_id=r000_s004082 success=True decision_rows=16
RISK_EPISODE_FINALIZED source_episode_id=2616 global_episode_id=r000_s002616 success=True decision_rows=21
RISK_EPISODE_FINALIZED source_episode_id=2296 global_episode_id=r000_s002296 success=True decision_rows=17
RISK_EPISODE_FINALIZED source_episode_id=1094 global_episode_id=r000_s001094 success=True decision_rows=18
RISK_EPISODE_FINALIZED source_episode_id=3444 global_episode_id=r000_s003444 success=True decision_rows=13
RISK_EPISODE_FINALIZED source_episode_id=3772 global_episode_id=r000_s003772 success=True decision_rows=13
RISK_EPISODE_FINALIZED source_episode_id=2610 global_episode_id=r000_s002610 success=True decision_rows=22
RISK_EPISODE_FINALIZED source_episode_id=1360 global_episode_id=r000_s001360 success=True decision_rows=21
RISK_EPISODE_FINALIZED source_episode_id=1979 global_episode_id=r000_s001979 success=True decision_rows=17
RISK_EPISODE_FINALIZED source_episode_id=2792 global_episode_id=r000_s002792 success=True decision_rows=18
RISK_EPISODE_FINALIZED source_episode_id=1263 global_episode_id=r000_s001263 success=True decision_rows=14
RISK_EPISODE_FINALIZED source_episode_id=1130 global_episode_id=r000_s001130 success=True decision_rows=16
RISK_EPISODE_FINALIZED source_episode_id=1909 global_episode_id=r000_s001909 success=True decision_rows=17
RISK_EPISODE_FINALIZED source_episode_id=3269 global_episode_id=r000_s003269 success=True decision_rows=18
RISK_EPISODE_FINALIZED source_episode_id=1124 global_episode_id=r000_s001124 success=True decision_rows=18
RISK_EPISODE_FINALIZED source_episode_id=2808 global_episode_id=r000_s002808 success=True decision_rows=24
RISK_EPISODE_FINALIZED source_episode_id=1752 global_episode_id=r000_s001752 success=True decision_rows=21
RISK_EPISODE_FINALIZED source_episode_id=1817 global_episode_id=r000_s001817 success=True decision_rows=19
RISK_EPISODE_FINALIZED source_episode_id=683 global_episode_id=r000_s000683 success=True decision_rows=19
RISK_EPISODE_FINALIZED source_episode_id=367 global_episode_id=r000_s000367 success=True decision_rows=20
RISK_EPISODE_FINALIZED source_episode_id=2360 global_episode_id=r000_s002360 success=True decision_rows=23
RISK_EPISODE_FINALIZED source_episode_id=4024 global_episode_id=r000_s004024 success=False decision_rows=60
RISK_EPISODE_FINALIZED source_episode_id=709 global_episode_id=r000_s000709 success=True decision_rows=20
RISK_EPISODE_FINALIZED source_episode_id=3011 global_episode_id=r000_s003011 success=True decision_rows=21
RISK_EPISODE_FINALIZED source_episode_id=3256 global_episode_id=r000_s003256 success=True decision_rows=20
RISK_EPISODE_FINALIZED source_episode_id=3973 global_episode_id=r000_s003973 success=True decision_rows=20
RISK_EPISODE_FINALIZED source_episode_id=2512 global_episode_id=r000_s002512 success=True decision_rows=20
RISK_EPISODE_FINALIZED source_episode_id=2538 global_episode_id=r000_s002538 success=True decision_rows=19
RISK_EPISODE_FINALIZED source_episode_id=2994 global_episode_id=r000_s002994 success=True decision_rows=22
RISK_EPISODE_FINALIZED source_episode_id=3287 global_episode_id=r000_s003287 success=True decision_rows=18
RISK_EPISODE_FINALIZED source_episode_id=793 global_episode_id=r000_s000793 success=True decision_rows=13
RISK_EPISODE_FINALIZED source_episode_id=1187 global_episode_id=r000_s001187 success=True decision_rows=22
RISK_EPISODE_FINALIZED source_episode_id=1232 global_episode_id=r000_s001232 success=True decision_rows=15
RISK_EPISODE_FINALIZED source_episode_id=1645 global_episode_id=r000_s001645 success=True decision_rows=19
RISK_EPISODE_FINALIZED source_episode_id=323 global_episode_id=r000_s000323 success=True decision_rows=17
RISK_EPISODE_FINALIZED source_episode_id=3717 global_episode_id=r000_s003717 success=True decision_rows=15
RISK_EPISODE_FINALIZED source_episode_id=34 global_episode_id=r000_s000034 success=True decision_rows=13
RISK_EPISODE_FINALIZED source_episode_id=1751 global_episode_id=r000_s001751 success=True decision_rows=20
RISK_EPISODE_FINALIZED source_episode_id=1077 global_episode_id=r000_s001077 success=True decision_rows=21
RISK_EPISODE_FINALIZED source_episode_id=3545 global_episode_id=r000_s003545 success=True decision_rows=18
RISK_EPISODE_FINALIZED source_episode_id=4141 global_episode_id=r000_s004141 success=True decision_rows=13
RISK_EPISODE_FINALIZED source_episode_id=2917 global_episode_id=r000_s002917 success=True decision_rows=13
RISK_EPISODE_FINALIZED source_episode_id=345 global_episode_id=r000_s000345 success=True decision_rows=16
RISK_EPISODE_FINALIZED source_episode_id=3339 global_episode_id=r000_s003339 success=False decision_rows=60
RISK_EPISODE_FINALIZED source_episode_id=1960 global_episode_id=r000_s001960 success=True decision_rows=18
RISK_EPISODE_FINALIZED source_episode_id=3428 global_episode_id=r000_s003428 success=True decision_rows=22
RISK_EPISODE_FINALIZED source_episode_id=2628 global_episode_id=r000_s002628 success=True decision_rows=19
RISK_EPISODE_FINALIZED source_episode_id=4067 global_episode_id=r000_s004067 success=True decision_rows=20
RISK_EPISODE_FINALIZED source_episode_id=3948 global_episode_id=r000_s003948 success=True decision_rows=18
RISK_EPISODE_FINALIZED source_episode_id=3245 global_episode_id=r000_s003245 success=True decision_rows=21
RISK_EPISODE_FINALIZED source_episode_id=540 global_episode_id=r000_s000540 success=True decision_rows=18
RISK_EPISODE_FINALIZED source_episode_id=3032 global_episode_id=r000_s003032 success=True decision_rows=21
RISK_EPISODE_FINALIZED source_episode_id=4124 global_episode_id=r000_s004124 success=True decision_rows=20
RISK_EPISODE_FINALIZED source_episode_id=2850 global_episode_id=r000_s002850 success=True decision_rows=18
RISK_EPISODE_FINALIZED source_episode_id=3179 global_episode_id=r000_s003179 success=True decision_rows=21
RISK_EPISODE_FINALIZED source_episode_id=2645 global_episode_id=r000_s002645 success=True decision_rows=18
RISK_EPISODE_FINALIZED source_episode_id=2786 global_episode_id=r000_s002786 success=True decision_rows=14
RISK_EPISODE_FINALIZED source_episode_id=3672 global_episode_id=r000_s003672 success=True decision_rows=22
RISK_EPISODE_FINALIZED source_episode_id=1940 global_episode_id=r000_s001940 success=True decision_rows=16
RISK_EPISODE_FINALIZED source_episode_id=2827 global_episode_id=r000_s002827 success=True decision_rows=19
RISK_EPISODE_FINALIZED source_episode_id=4095 global_episode_id=r000_s004095 success=True decision_rows=13
RISK_EPISODE_FINALIZED source_episode_id=2844 global_episode_id=r000_s002844 success=True decision_rows=15
RISK_EPISODE_FINALIZED source_episode_id=744 global_episode_id=r000_s000744 success=True decision_rows=13
RISK_EPISODE_FINALIZED source_episode_id=571 global_episode_id=r000_s000571 success=True decision_rows=18
RISK_EPISODE_FINALIZED source_episode_id=1156 global_episode_id=r000_s001156 success=True decision_rows=21
RISK_EPISODE_FINALIZED source_episode_id=3430 global_episode_id=r000_s003430 success=True decision_rows=19
RISK_EPISODE_FINALIZED source_episode_id=3773 global_episode_id=r000_s003773 success=True decision_rows=15
RISK_EPISODE_FINALIZED source_episode_id=2986 global_episode_id=r000_s002986 success=True decision_rows=15
RISK_EPISODE_FINALIZED source_episode_id=2201 global_episode_id=r000_s002201 success=True decision_rows=18
RISK_EPISODE_FINALIZED source_episode_id=1023 global_episode_id=r000_s001023 success=True decision_rows=19
RISK_EPISODE_FINALIZED source_episode_id=2709 global_episode_id=r000_s002709 success=True decision_rows=18
RISK_EPISODE_FINALIZED source_episode_id=169 global_episode_id=r000_s000169 success=True decision_rows=20
RISK_EPISODE_FINALIZED source_episode_id=2408 global_episode_id=r000_s002408 success=True decision_rows=18
RISK_EPISODE_FINALIZED source_episode_id=1599 global_episode_id=r000_s001599 success=True decision_rows=19
RISK_EPISODE_FINALIZED source_episode_id=2367 global_episode_id=r000_s002367 success=True decision_rows=17
RISK_EPISODE_FINALIZED source_episode_id=1908 global_episode_id=r000_s001908 success=True decision_rows=20
RISK_EPISODE_FINALIZED source_episode_id=1279 global_episode_id=r000_s001279 success=True decision_rows=17
RISK_EPISODE_FINALIZED source_episode_id=3804 global_episode_id=r000_s003804 success=True decision_rows=15
RISK_EPISODE_FINALIZED source_episode_id=639 global_episode_id=r000_s000639 success=True decision_rows=19
RISK_EPISODE_FINALIZED source_episode_id=2091 global_episode_id=r000_s002091 success=True decision_rows=20
RISK_EPISODE_FINALIZED source_episode_id=1762 global_episode_id=r000_s001762 success=True decision_rows=17
RISK_EPISODE_FINALIZED source_episode_id=1074 global_episode_id=r000_s001074 success=True decision_rows=17
RISK_EPISODE_FINALIZED source_episode_id=1215 global_episode_id=r000_s001215 success=True decision_rows=18
RISK_EPISODE_FINALIZED source_episode_id=1718 global_episode_id=r000_s001718 success=True decision_rows=15
RISK_EPISODE_FINALIZED source_episode_id=2031 global_episode_id=r000_s002031 success=True decision_rows=20
RISK_EPISODE_FINALIZED source_episode_id=2029 global_episode_id=r000_s002029 success=True decision_rows=13
RISK_EPISODE_FINALIZED source_episode_id=3205 global_episode_id=r000_s003205 success=True decision_rows=15
RISK_EPISODE_FINALIZED source_episode_id=1237 global_episode_id=r000_s001237 success=True decision_rows=15
RISK_EPISODE_FINALIZED source_episode_id=3260 global_episode_id=r000_s003260 success=True decision_rows=19
RISK_EPISODE_FINALIZED source_episode_id=3033 global_episode_id=r000_s003033 success=True decision_rows=19
RISK_EPISODE_FINALIZED source_episode_id=2802 global_episode_id=r000_s002802 success=True decision_rows=20
RISK_EPISODE_FINALIZED source_episode_id=3345 global_episode_id=r000_s003345 success=True decision_rows=15
RISK_EPISODE_FINALIZED source_episode_id=712 global_episode_id=r000_s000712 success=True decision_rows=13
RISK_EPISODE_FINALIZED source_episode_id=2870 global_episode_id=r000_s002870 success=True decision_rows=20
RISK_EPISODE_FINALIZED source_episode_id=3000 global_episode_id=r000_s003000 success=True decision_rows=21
RISK_EPISODE_FINALIZED source_episode_id=2683 global_episode_id=r000_s002683 success=True decision_rows=17
RISK_EPISODE_FINALIZED source_episode_id=3836 global_episode_id=r000_s003836 success=True decision_rows=19
RISK_EPISODE_FINALIZED source_episode_id=3113 global_episode_id=r000_s003113 success=True decision_rows=16
RISK_EPISODE_FINALIZED source_episode_id=3128 global_episode_id=r000_s003128 success=True decision_rows=21
RISK_EPISODE_FINALIZED source_episode_id=579 global_episode_id=r000_s000579 success=True decision_rows=22
RISK_EPISODE_FINALIZED source_episode_id=3281 global_episode_id=r000_s003281 success=True decision_rows=19
RISK_EPISODE_FINALIZED source_episode_id=1803 global_episode_id=r000_s001803 success=True decision_rows=21
RISK_EPISODE_FINALIZED source_episode_id=3062 global_episode_id=r000_s003062 success=True decision_rows=20
RISK_EPISODE_FINALIZED source_episode_id=3860 global_episode_id=r000_s003860 success=True decision_rows=20
RISK_EPISODE_FINALIZED source_episode_id=3643 global_episode_id=r000_s003643 success=True decision_rows=13
RISK_EPISODE_FINALIZED source_episode_id=957 global_episode_id=r000_s000957 success=True decision_rows=21
RISK_EPISODE_FINALIZED source_episode_id=3938 global_episode_id=r000_s003938 success=True decision_rows=14
RISK_EPISODE_FINALIZED source_episode_id=2908 global_episode_id=r000_s002908 success=True decision_rows=18
RISK_EPISODE_FINALIZED source_episode_id=227 global_episode_id=r000_s000227 success=True decision_rows=17
RISK_EPISODE_FINALIZED source_episode_id=28 global_episode_id=r000_s000028 success=True decision_rows=13
RISK_EPISODE_FINALIZED source_episode_id=292 global_episode_id=r000_s000292 success=True decision_rows=16
RISK_EPISODE_FINALIZED source_episode_id=3573 global_episode_id=r000_s003573 success=True decision_rows=20
RISK_EPISODE_FINALIZED source_episode_id=228 global_episode_id=r000_s000228 success=True decision_rows=22
RISK_EPISODE_FINALIZED source_episode_id=1111 global_episode_id=r000_s001111 success=True decision_rows=19
RISK_EPISODE_FINALIZED source_episode_id=3316 global_episode_id=r000_s003316 success=True decision_rows=14
RISK_EPISODE_FINALIZED source_episode_id=356 global_episode_id=r000_s000356 success=True decision_rows=20
RISK_EPISODE_FINALIZED source_episode_id=1845 global_episode_id=r000_s001845 success=True decision_rows=18
RISK_EPISODE_FINALIZED source_episode_id=4180 global_episode_id=r000_s004180 success=True decision_rows=22
RISK_EPISODE_FINALIZED source_episode_id=3004 global_episode_id=r000_s003004 success=True decision_rows=15
RISK_EPISODE_FINALIZED source_episode_id=253 global_episode_id=r000_s000253 success=True decision_rows=20
RISK_EPISODE_FINALIZED source_episode_id=2072 global_episode_id=r000_s002072 success=True decision_rows=21
RISK_EPISODE_FINALIZED source_episode_id=1859 global_episode_id=r000_s001859 success=True decision_rows=22
RISK_EPISODE_FINALIZED source_episode_id=3875 global_episode_id=r000_s003875 success=False decision_rows=60
RISK_EPISODE_FINALIZED source_episode_id=1321 global_episode_id=r000_s001321 success=True decision_rows=18
RISK_EPISODE_FINALIZED source_episode_id=2539 global_episode_id=r000_s002539 success=True decision_rows=20
RISK_EPISODE_FINALIZED source_episode_id=946 global_episode_id=r000_s000946 success=True decision_rows=16
RISK_EPISODE_FINALIZED source_episode_id=2275 global_episode_id=r000_s002275 success=True decision_rows=22
RISK_EPISODE_FINALIZED source_episode_id=998 global_episode_id=r000_s000998 success=True decision_rows=14
RISK_EPISODE_FINALIZED source_episode_id=2047 global_episode_id=r000_s002047 success=True decision_rows=19
RISK_EPISODE_FINALIZED source_episode_id=1471 global_episode_id=r000_s001471 success=True decision_rows=13
RISK_EPISODE_FINALIZED source_episode_id=4099 global_episode_id=r000_s004099 success=True decision_rows=17
RISK_EPISODE_FINALIZED source_episode_id=599 global_episode_id=r000_s000599 success=True decision_rows=13
RISK_EPISODE_FINALIZED source_episode_id=1461 global_episode_id=r000_s001461 success=False decision_rows=60
RISK_EPISODE_FINALIZED source_episode_id=2859 global_episode_id=r000_s002859 success=True decision_rows=21
RISK_EPISODE_FINALIZED source_episode_id=699 global_episode_id=r000_s000699 success=True decision_rows=19
RISK_EPISODE_FINALIZED source_episode_id=1291 global_episode_id=r000_s001291 success=True decision_rows=13
RISK_EPISODE_FINALIZED source_episode_id=1515 global_episode_id=r000_s001515 success=True decision_rows=20
RISK_EPISODE_FINALIZED source_episode_id=2748 global_episode_id=r000_s002748 success=True decision_rows=14
RISK_EPISODE_FINALIZED source_episode_id=1590 global_episode_id=r000_s001590 success=True decision_rows=21
RISK_EPISODE_FINALIZED source_episode_id=2836 global_episode_id=r000_s002836 success=True decision_rows=20
RISK_EPISODE_FINALIZED source_episode_id=556 global_episode_id=r000_s000556 success=True decision_rows=19
RISK_EPISODE_FINALIZED source_episode_id=1560 global_episode_id=r000_s001560 success=True decision_rows=21
RISK_EPISODE_FINALIZED source_episode_id=668 global_episode_id=r000_s000668 success=True decision_rows=17
RISK_EPISODE_FINALIZED source_episode_id=1272 global_episode_id=r000_s001272 success=True decision_rows=23
RISK_EPISODE_FINALIZED source_episode_id=4119 global_episode_id=r000_s004119 success=True decision_rows=19
RISK_EPISODE_FINALIZED source_episode_id=1424 global_episode_id=r000_s001424 success=True decision_rows=18
RISK_EPISODE_FINALIZED source_episode_id=2473 global_episode_id=r000_s002473 success=True decision_rows=14
RISK_EPISODE_FINALIZED source_episode_id=372 global_episode_id=r000_s000372 success=True decision_rows=13
RISK_EPISODE_FINALIZED source_episode_id=2513 global_episode_id=r000_s002513 success=True decision_rows=17
RISK_EPISODE_FINALIZED source_episode_id=1340 global_episode_id=r000_s001340 success=True decision_rows=13
RISK_EPISODE_FINALIZED source_episode_id=2436 global_episode_id=r000_s002436 success=True decision_rows=21
RISK_EPISODE_FINALIZED source_episode_id=1640 global_episode_id=r000_s001640 success=True decision_rows=19
RISK_EPISODE_FINALIZED source_episode_id=676 global_episode_id=r000_s000676 success=True decision_rows=20
RISK_EPISODE_FINALIZED source_episode_id=2012 global_episode_id=r000_s002012 success=True decision_rows=14
RISK_EPISODE_FINALIZED source_episode_id=1378 global_episode_id=r000_s001378 success=True decision_rows=18
RISK_EPISODE_FINALIZED source_episode_id=2038 global_episode_id=r000_s002038 success=True decision_rows=19
RISK_EPISODE_FINALIZED source_episode_id=3543 global_episode_id=r000_s003543 success=True decision_rows=20
RISK_EPISODE_FINALIZED source_episode_id=3947 global_episode_id=r000_s003947 success=True decision_rows=19
RISK_EPISODE_FINALIZED source_episode_id=1091 global_episode_id=r000_s001091 success=True decision_rows=21
RISK_EPISODE_FINALIZED source_episode_id=3843 global_episode_id=r000_s003843 success=True decision_rows=21
RISK_EPISODE_FINALIZED source_episode_id=1753 global_episode_id=r000_s001753 success=True decision_rows=18
RISK_EPISODE_FINALIZED source_episode_id=3561 global_episode_id=r000_s003561 success=True decision_rows=16
RISK_EPISODE_FINALIZED source_episode_id=242 global_episode_id=r000_s000242 success=True decision_rows=16
RISK_EPISODE_FINALIZED source_episode_id=3052 global_episode_id=r000_s003052 success=True decision_rows=15
RISK_EPISODE_FINALIZED source_episode_id=99 global_episode_id=r000_s000099 success=True decision_rows=15
RISK_EPISODE_FINALIZED source_episode_id=2300 global_episode_id=r000_s002300 success=True decision_rows=13
RISK_EPISODE_FINALIZED source_episode_id=2034 global_episode_id=r000_s002034 success=True decision_rows=22
RISK_EPISODE_FINALIZED source_episode_id=2393 global_episode_id=r000_s002393 success=True decision_rows=19
RISK_EPISODE_FINALIZED source_episode_id=3634 global_episode_id=r000_s003634 success=True decision_rows=20
RISK_EPISODE_FINALIZED source_episode_id=1059 global_episode_id=r000_s001059 success=True decision_rows=16
RISK_EPISODE_FINALIZED source_episode_id=3536 global_episode_id=r000_s003536 success=True decision_rows=20
RISK_EPISODE_FINALIZED source_episode_id=1641 global_episode_id=r000_s001641 success=True decision_rows=16
RISK_EPISODE_FINALIZED source_episode_id=3844 global_episode_id=r000_s003844 success=True decision_rows=21
RISK_EPISODE_FINALIZED source_episode_id=729 global_episode_id=r000_s000729 success=True decision_rows=16
RISK_EPISODE_FINALIZED source_episode_id=2168 global_episode_id=r000_s002168 success=True decision_rows=21
RISK_EPISODE_FINALIZED source_episode_id=1413 global_episode_id=r000_s001413 success=True decision_rows=16
RISK_EPISODE_FINALIZED source_episode_id=2601 global_episode_id=r000_s002601 success=True decision_rows=18
RISK_EPISODE_FINALIZED source_episode_id=3332 global_episode_id=r000_s003332 success=True decision_rows=18
RISK_EPISODE_FINALIZED source_episode_id=2500 global_episode_id=r000_s002500 success=True decision_rows=15
RISK_EPISODE_FINALIZED source_episode_id=3979 global_episode_id=r000_s003979 success=True decision_rows=13
RISK_EPISODE_FINALIZED source_episode_id=2961 global_episode_id=r000_s002961 success=True decision_rows=15
RISK_EPISODE_FINALIZED source_episode_id=1202 global_episode_id=r000_s001202 success=True decision_rows=16
RISK_EPISODE_FINALIZED source_episode_id=1488 global_episode_id=r000_s001488 success=True decision_rows=21
RISK_EPISODE_FINALIZED source_episode_id=1924 global_episode_id=r000_s001924 success=True decision_rows=19
RISK_EPISODE_FINALIZED source_episode_id=4079 global_episode_id=r000_s004079 success=True decision_rows=16
RISK_EPISODE_FINALIZED source_episode_id=2884 global_episode_id=r000_s002884 success=True decision_rows=19
RISK_EPISODE_FINALIZED source_episode_id=3126 global_episode_id=r000_s003126 success=True decision_rows=18
RISK_EPISODE_FINALIZED source_episode_id=1129 global_episode_id=r000_s001129 success=True decision_rows=20
RISK_EPISODE_FINALIZED source_episode_id=4022 global_episode_id=r000_s004022 success=True decision_rows=19
RISK_EPISODE_FINALIZED source_episode_id=2045 global_episode_id=r000_s002045 success=True decision_rows=19
RISK_EPISODE_FINALIZED source_episode_id=348 global_episode_id=r000_s000348 success=True decision_rows=16
RISK_EPISODE_FINALIZED source_episode_id=3733 global_episode_id=r000_s003733 success=True decision_rows=19
RISK_EPISODE_FINALIZED source_episode_id=3698 global_episode_id=r000_s003698 success=True decision_rows=20
RISK_EPISODE_FINALIZED source_episode_id=2905 global_episode_id=r000_s002905 success=True decision_rows=13
RISK_EPISODE_FINALIZED source_episode_id=557 global_episode_id=r000_s000557 success=True decision_rows=14
RISK_EPISODE_FINALIZED source_episode_id=701 global_episode_id=r000_s000701 success=True decision_rows=15
RISK_EPISODE_FINALIZED source_episode_id=934 global_episode_id=r000_s000934 success=True decision_rows=15
RISK_EPISODE_FINALIZED source_episode_id=1842 global_episode_id=r000_s001842 success=True decision_rows=22
RISK_EPISODE_FINALIZED source_episode_id=2418 global_episode_id=r000_s002418 success=True decision_rows=21
RISK_EPISODE_FINALIZED source_episode_id=568 global_episode_id=r000_s000568 success=True decision_rows=16
RISK_EPISODE_FINALIZED source_episode_id=233 global_episode_id=r000_s000233 success=True decision_rows=18
RISK_EPISODE_FINALIZED source_episode_id=1705 global_episode_id=r000_s001705 success=True decision_rows=17
RISK_EPISODE_FINALIZED source_episode_id=2152 global_episode_id=r000_s002152 success=True decision_rows=20
RISK_EPISODE_FINALIZED source_episode_id=354 global_episode_id=r000_s000354 success=True decision_rows=16
RISK_EPISODE_FINALIZED source_episode_id=2740 global_episode_id=r000_s002740 success=True decision_rows=17
RISK_EPISODE_FINALIZED source_episode_id=867 global_episode_id=r000_s000867 success=True decision_rows=20
RISK_EPISODE_FINALIZED source_episode_id=873 global_episode_id=r000_s000873 success=True decision_rows=18
RISK_EPISODE_FINALIZED source_episode_id=4091 global_episode_id=r000_s004091 success=True decision_rows=16
RISK_EPISODE_FINALIZED source_episode_id=3540 global_episode_id=r000_s003540 success=True decision_rows=16
RISK_EPISODE_FINALIZED source_episode_id=408 global_episode_id=r000_s000408 success=True decision_rows=16
RISK_EPISODE_FINALIZED source_episode_id=3684 global_episode_id=r000_s003684 success=True decision_rows=15
RISK_EPISODE_FINALIZED source_episode_id=4028 global_episode_id=r000_s004028 success=True decision_rows=19
RISK_EPISODE_FINALIZED source_episode_id=3624 global_episode_id=r000_s003624 success=True decision_rows=18
RISK_EPISODE_FINALIZED source_episode_id=604 global_episode_id=r000_s000604 success=True decision_rows=15
RISK_EPISODE_FINALIZED source_episode_id=2098 global_episode_id=r000_s002098 success=True decision_rows=21
RISK_EPISODE_FINALIZED source_episode_id=3381 global_episode_id=r000_s003381 success=True decision_rows=19
RISK_EPISODE_FINALIZED source_episode_id=166 global_episode_id=r000_s000166 success=True decision_rows=20
RISK_EPISODE_FINALIZED source_episode_id=2820 global_episode_id=r000_s002820 success=True decision_rows=19
RISK_EPISODE_FINALIZED source_episode_id=2412 global_episode_id=r000_s002412 success=True decision_rows=18
RISK_EPISODE_FINALIZED source_episode_id=1259 global_episode_id=r000_s001259 success=True decision_rows=20
RISK_EPISODE_FINALIZED source_episode_id=663 global_episode_id=r000_s000663 success=True decision_rows=18
RISK_EPISODE_FINALIZED source_episode_id=1570 global_episode_id=r000_s001570 success=True decision_rows=13
RISK_EPISODE_FINALIZED source_episode_id=2018 global_episode_id=r000_s002018 success=True decision_rows=15
RISK_EPISODE_FINALIZED source_episode_id=1001 global_episode_id=r000_s001001 success=True decision_rows=20
RISK_EPISODE_FINALIZED source_episode_id=1190 global_episode_id=r000_s001190 success=True decision_rows=19
RISK_EPISODE_FINALIZED source_episode_id=1304 global_episode_id=r000_s001304 success=True decision_rows=18
RISK_EPISODE_FINALIZED source_episode_id=2960 global_episode_id=r000_s002960 success=True decision_rows=20
RISK_EPISODE_FINALIZED source_episode_id=168 global_episode_id=r000_s000168 success=True decision_rows=19
RISK_EPISODE_FINALIZED source_episode_id=3732 global_episode_id=r000_s003732 success=False decision_rows=60
RISK_EPISODE_FINALIZED source_episode_id=4002 global_episode_id=r000_s004002 success=True decision_rows=17
RISK_EPISODE_FINALIZED source_episode_id=690 global_episode_id=r000_s000690 success=True decision_rows=21
RISK_EPISODE_FINALIZED source_episode_id=828 global_episode_id=r000_s000828 success=True decision_rows=13
RISK_EPISODE_FINALIZED source_episode_id=597 global_episode_id=r000_s000597 success=True decision_rows=14
RISK_EPISODE_FINALIZED source_episode_id=3432 global_episode_id=r000_s003432 success=True decision_rows=20
RISK_EPISODE_FINALIZED source_episode_id=2171 global_episode_id=r000_s002171 success=True decision_rows=18
RISK_EPISODE_FINALIZED source_episode_id=3812 global_episode_id=r000_s003812 success=True decision_rows=20
RISK_EPISODE_FINALIZED source_episode_id=1540 global_episode_id=r000_s001540 success=True decision_rows=17
RISK_EPISODE_FINALIZED source_episode_id=2308 global_episode_id=r000_s002308 success=True decision_rows=21
RISK_EPISODE_FINALIZED source_episode_id=425 global_episode_id=r000_s000425 success=True decision_rows=17
RISK_EPISODE_FINALIZED source_episode_id=2914 global_episode_id=r000_s002914 success=True decision_rows=15
RISK_EPISODE_FINALIZED source_episode_id=2404 global_episode_id=r000_s002404 success=True decision_rows=15
RISK_EPISODE_FINALIZED source_episode_id=507 global_episode_id=r000_s000507 success=True decision_rows=14
RISK_EPISODE_FINALIZED source_episode_id=370 global_episode_id=r000_s000370 success=True decision_rows=22
RISK_EPISODE_FINALIZED source_episode_id=2692 global_episode_id=r000_s002692 success=True decision_rows=19
RISK_EPISODE_FINALIZED source_episode_id=725 global_episode_id=r000_s000725 success=True decision_rows=19
RISK_EPISODE_FINALIZED source_episode_id=720 global_episode_id=r000_s000720 success=True decision_rows=18
RISK_EPISODE_FINALIZED source_episode_id=2997 global_episode_id=r000_s002997 success=True decision_rows=20
RISK_EPISODE_FINALIZED source_episode_id=2530 global_episode_id=r000_s002530 success=True decision_rows=15
RISK_EPISODE_FINALIZED source_episode_id=1892 global_episode_id=r000_s001892 success=True decision_rows=20
RISK_EPISODE_FINALIZED source_episode_id=1241 global_episode_id=r000_s001241 success=True decision_rows=14
RISK_EPISODE_FINALIZED source_episode_id=2832 global_episode_id=r000_s002832 success=True decision_rows=21
RISK_EPISODE_FINALIZED source_episode_id=808 global_episode_id=r000_s000808 success=True decision_rows=18
RISK_EPISODE_FINALIZED source_episode_id=54 global_episode_id=r000_s000054 success=True decision_rows=20
RISK_EPISODE_FINALIZED source_episode_id=3609 global_episode_id=r000_s003609 success=True decision_rows=18
RISK_EPISODE_FINALIZED source_episode_id=2229 global_episode_id=r000_s002229 success=True decision_rows=21
RISK_EPISODE_FINALIZED source_episode_id=3765 global_episode_id=r000_s003765 success=True decision_rows=19
RISK_EPISODE_FINALIZED source_episode_id=2132 global_episode_id=r000_s002132 success=True decision_rows=21
RISK_EPISODE_FINALIZED source_episode_id=4048 global_episode_id=r000_s004048 success=True decision_rows=15
RISK_EPISODE_FINALIZED source_episode_id=2276 global_episode_id=r000_s002276 success=True decision_rows=21
RISK_EPISODE_FINALIZED source_episode_id=1634 global_episode_id=r000_s001634 success=True decision_rows=18
RISK_EPISODE_FINALIZED source_episode_id=4196 global_episode_id=r000_s004196 success=True decision_rows=21
RISK_EPISODE_FINALIZED source_episode_id=3092 global_episode_id=r000_s003092 success=True decision_rows=19
RISK_EPISODE_FINALIZED source_episode_id=3688 global_episode_id=r000_s003688 success=True decision_rows=16
RISK_EPISODE_FINALIZED source_episode_id=1896 global_episode_id=r000_s001896 success=True decision_rows=13
RISK_EPISODE_FINALIZED source_episode_id=2192 global_episode_id=r000_s002192 success=True decision_rows=21
RISK_EPISODE_FINALIZED source_episode_id=1513 global_episode_id=r000_s001513 success=True decision_rows=19
RISK_EPISODE_FINALIZED source_episode_id=1508 global_episode_id=r000_s001508 success=True decision_rows=22
RISK_EPISODE_FINALIZED source_episode_id=2600 global_episode_id=r000_s002600 success=True decision_rows=18
RISK_EPISODE_FINALIZED source_episode_id=2025 global_episode_id=r000_s002025 success=True decision_rows=17
RISK_EPISODE_FINALIZED source_episode_id=3826 global_episode_id=r000_s003826 success=True decision_rows=16
RISK_EPISODE_FINALIZED source_episode_id=1364 global_episode_id=r000_s001364 success=True decision_rows=22
RISK_EPISODE_FINALIZED source_episode_id=1830 global_episode_id=r000_s001830 success=True decision_rows=19
RISK_EPISODE_FINALIZED source_episode_id=1941 global_episode_id=r000_s001941 success=True decision_rows=20
RISK_EPISODE_FINALIZED source_episode_id=400 global_episode_id=r000_s000400 success=True decision_rows=21
RISK_EPISODE_FINALIZED source_episode_id=1446 global_episode_id=r000_s001446 success=True decision_rows=19
RISK_EPISODE_FINALIZED source_episode_id=1717 global_episode_id=r000_s001717 success=True decision_rows=17
RISK_EPISODE_FINALIZED source_episode_id=1702 global_episode_id=r000_s001702 success=True decision_rows=20
RISK_EPISODE_FINALIZED source_episode_id=3735 global_episode_id=r000_s003735 success=True decision_rows=16
RISK_EPISODE_FINALIZED source_episode_id=2485 global_episode_id=r000_s002485 success=True decision_rows=20
RISK_EPISODE_FINALIZED source_episode_id=1668 global_episode_id=r000_s001668 success=False decision_rows=60
RISK_EPISODE_FINALIZED source_episode_id=3305 global_episode_id=r000_s003305 success=True decision_rows=20
RISK_EPISODE_FINALIZED source_episode_id=4057 global_episode_id=r000_s004057 success=True decision_rows=19
RISK_EPISODE_FINALIZED source_episode_id=1522 global_episode_id=r000_s001522 success=True decision_rows=22
